<?xml version="1.0" encoding="ISO-8859-1"?>

<record pid="york:819162">
   <solr>
      <response>
         <lst name="responseHeader">
            <int name="status">0</int>
            <int name="QTime">551</int>
            <lst name="params">
               <str name="q">PID:york?819162</str>
            </lst>
         </lst>
         <result name="response" numfound="1" start="0">
            <doc>
               <str name="PID">york:819162</str>
               <arr name="dc.creator">
                  <str>King, Jim</str>
               </arr>
               <arr name="dc.date">
                  <str>2013</str>
                  <str>2013</str>
               </arr>
               <arr name="dc.format">
                  <str>English</str>
               </arr>
               <arr name="dc.subject">
                  <str>Speaking / Oral production</str>
               </arr>
               <str name="dc.title">Classroom Oral Participation Scheme (COPS)</str>
               <str name="dc.title.sort">Classroom Oral Participation Scheme (COPS)</str>
               <arr name="dc.type">
                  <str>Observation protocol/schedule</str>
                  <str>http://www.iris-database.org/Instruments</str>
               </arr>
               <arr name="dc2.creator">
                  <str>King, Jim</str>
               </arr>
               <arr name="dc2.date">
                  <str>2013</str>
                  <str>2013</str>
               </arr>
               <arr name="dc2.format">
                  <str>English</str>
               </arr>
               <arr name="dc2.subject">
                  <str>Speaking / Oral production</str>
               </arr>
               <str name="dc2.title">Classroom Oral Participation Scheme (COPS)</str>
               <arr name="dc2.type">
                  <str>Observation protocol/schedule</str>
                  <str>http://www.iris-database.org/Instruments</str>
               </arr>
               <arr name="dc3.creator">
                  <str>King, Jim</str>
               </arr>
               <arr name="dc3.subject">
                  <str>Speaking / Oral production</str>
               </arr>
               <str name="dc3.title">Classroom Oral Participation Scheme (COPS)</str>
               <date name="fgs.createdDate">2013-12-16T14:42:15.281Z</date>
               <date name="fgs.dateCreated.sort">2013-12-16T14:42:15.281Z</date>
               <str name="fgs.label">IRIS Instrument created by YODL workflow.</str>
               <date name="fgs.lastModifiedDate">2017-09-29T05:47:40.983Z</date>
               <str name="fgs.ownerId">iris-580a9f0f-ed9e-4f5f-be7e-877243bddfd0</str>
               <str name="fgs.state">Active</str>
               <arr name="iris.email">
                  <str>jk249@leicester.ac.uk</str>
               </arr>
               <arr name="iris.feedback.count">
                  <str>0</str>
               </arr>
               <str name="iris.hasmaterials">Records with materials</str>
               <arr name="iris.instrument.author">
                  <str>King, Jim</str>
               </arr>
               <arr name="iris.instrument.funder">
                  <str>Japan Society for Promotion of Science</str>
               </arr>
               <arr name="iris.instrument.instrumentType">
                  <str>Observation protocol / schedule</str>
               </arr>
               <str name="iris.instrument.instrumentType.alltypes">observation protocol / schedule observation protocol / schedule observation schedule,observation protocol </str>
               <arr name="iris.instrument.licence">
                  <str>Attribution-NonCommercial-ShareAlike</str>
               </arr>
               <str name="iris.instrument.primaryInstrumentType">Observation protocol / schedule</str>
               <arr name="iris.instrument.researchArea">
                  <str>Speaking / Oral production</str>
               </arr>
               <arr name="iris.instrument.sourceLanguage">
                  <str>English</str>
               </arr>
               <arr name="iris.instrument.title">
                  <str>Classroom Oral Participation Scheme (COPS)</str>
               </arr>
               <arr name="iris.instrument.typeOfFile">
                  <str>Text</str>
               </arr>
               <arr name="iris.participants.firstLanguage">
                  <str>Japanese</str>
               </arr>
               <arr name="iris.participants.gender">
                  <str>mixed</str>
               </arr>
               <arr name="iris.participants.participantType">
                  <str>Foreign language learners</str>
               </arr>
               <arr name="iris.participants.proficiencyLearner">
                  <str>Mixed</str>
               </arr>
               <arr name="iris.participants.targetLanguage">
                  <str>English</str>
               </arr>
               <arr name="iris.referenceid">
                  <str>2013_King_Silence in the second language classroom</str>
                  <str>2013_King_Silence in the second language classrooms of Japanese universities</str>
               </arr>
               <str name="iris.references.allauthors">King (2013); King (2013)</str>
               <arr name="iris.references.author">
                  <str>King, Jim</str>
                  <str>King, Jim</str>
               </arr>
               <str name="iris.references.author.lastnames">kingking</str>
               <arr name="iris.references.author.noack">
                  <str>King, Jim</str>
                  <str>King, Jim</str>
               </arr>
               <arr name="iris.references.journal">
                  <str>Applied Linguistics</str>
               </arr>
               <arr name="iris.references.placeOfPublication">
                  <str>Basingstoke</str>
               </arr>
               <arr name="iris.references.publicationDate">
                  <str>2013</str>
                  <str>2013</str>
               </arr>
               <arr name="iris.references.publicationDateStr">
                  <str>2013</str>
                  <str>2013</str>
               </arr>
               <arr name="iris.references.publicationType">
                  <str>Book</str>
                  <str>Journal Article</str>
               </arr>
               <arr name="iris.references.publisher">
                  <str>Palgrave Macmillan</str>
               </arr>
               <arr name="iris2.email">
                  <str>jk249@leicester.ac.uk</str>
               </arr>
               <arr name="iris2.feedback.count">
                  <str>0</str>
               </arr>
               <str name="iris2.hasmaterials">Records with materials</str>
               <arr name="iris2.instrument.author">
                  <str>King, Jim</str>
               </arr>
               <arr name="iris2.instrument.funder">
                  <str>Japan Society for Promotion of Science</str>
               </arr>
               <arr name="iris2.instrument.instrumentType">
                  <str>Observation protocol / schedule</str>
               </arr>
               <str name="iris2.instrument.instrumentType.alltypes">observation protocol / schedule observation protocol / schedule observation schedule,observation protocol </str>
               <arr name="iris2.instrument.licence">
                  <str>Attribution-NonCommercial-ShareAlike</str>
               </arr>
               <str name="iris2.instrument.primaryInstrumentType">Observation protocol / schedule</str>
               <arr name="iris2.instrument.researchArea">
                  <str>Speaking / Oral production</str>
               </arr>
               <arr name="iris2.instrument.sourceLanguage">
                  <str>English</str>
               </arr>
               <arr name="iris2.instrument.typeOfFile">
                  <str>Text</str>
               </arr>
               <arr name="iris2.participants.firstLanguage">
                  <str>Japanese</str>
               </arr>
               <arr name="iris2.participants.gender">
                  <str>mixed</str>
               </arr>
               <arr name="iris2.participants.participantType">
                  <str>Foreign language learners</str>
               </arr>
               <arr name="iris2.participants.proficiencyLearner">
                  <str>Mixed</str>
               </arr>
               <arr name="iris2.participants.targetLanguage">
                  <str>English</str>
               </arr>
               <arr name="iris2.referenceid">
                  <str>2013_King_Silence in the second language classroom</str>
                  <str>2013_King_Silence in the second language classrooms of Japanese universities</str>
               </arr>
               <str name="iris2.references.allauthors">King (2013); King (2013)</str>
               <arr name="iris2.references.author">
                  <str>King, Jim</str>
                  <str>King, Jim</str>
               </arr>
               <str name="iris2.references.author.lastnames">kingking</str>
               <arr name="iris2.references.journal">
                  <str>Applied Linguistics</str>
               </arr>
               <arr name="iris2.references.placeOfPublication">
                  <str>Basingstoke</str>
               </arr>
               <arr name="iris2.references.publicationDate">
                  <str>2013</str>
                  <str>2013</str>
               </arr>
               <arr name="iris2.references.publicationDateStr">
                  <str>2013</str>
                  <str>2013</str>
               </arr>
               <arr name="iris2.references.publicationLatestDate">
                  <str>2013</str>
               </arr>
               <arr name="iris2.references.publicationType">
                  <str>Book</str>
                  <str>Journal Article</str>
               </arr>
               <arr name="iris2.references.publisher">
                  <str>Palgrave Macmillan</str>
               </arr>
               <arr name="oai_dc.dc_xsi:schemaLocation">
                  <str>http://www.openarchives.org/OAI/2.0/oai_dc/ http://www.openarchives.org/OAI/2.0/oai_dc.xsd</str>
               </arr>
            </doc>
         </result>
      </response>
   </solr>
   <files>
      <file id="INSTRUMENT" mime="application/pdf" url="https://www.iris-database.org/iris/api/resource/york:819162/asset/INSTRUMENT?download=true"/>
   </files>
</record>
