<?xml version="1.0" encoding="ISO-8859-1"?>

<record pid="york:814542">
   <solr>
      <response>
         <lst name="responseHeader">
            <int name="status">0</int>
            <int name="QTime">495</int>
            <lst name="params">
               <str name="q">PID:york?814542</str>
            </lst>
         </lst>
         <result name="response" numfound="1" start="0">
            <doc>
               <str name="PID">york:814542</str>
               <arr name="dc.creator">
                  <str>Bouchhioua, Nadia</str>
               </arr>
               <arr name="dc.date">
                  <str>2008</str>
                  <str>2008</str>
               </arr>
               <arr name="dc.format">
                  <str>English</str>
                  <str>Arabic</str>
               </arr>
               <arr name="dc.subject">
                  <str>Prosody</str>
                  <str>Pronunciation</str>
               </arr>
               <arr name="dc.type">
                  <str>Stimuli for laboratory studies (visual - verbal)</str>
                  <str>http://www.iris-database.org/Instruments</str>
               </arr>
               <arr name="dc2.creator">
                  <str>Bouchhioua, Nadia</str>
               </arr>
               <arr name="dc2.date">
                  <str>2008</str>
                  <str>2008</str>
               </arr>
               <arr name="dc2.format">
                  <str>English</str>
                  <str>Arabic</str>
               </arr>
               <arr name="dc2.subject">
                  <str>Prosody</str>
                  <str>Pronunciation</str>
               </arr>
               <arr name="dc2.type">
                  <str>Stimuli for laboratory studies (visual - verbal)</str>
                  <str>http://www.iris-database.org/Instruments</str>
               </arr>
               <arr name="dc3.creator">
                  <str>Bouchhioua, Nadia</str>
               </arr>
               <arr name="dc3.subject">
                  <str>Prosody</str>
                  <str>Pronunciation</str>
               </arr>
               <date name="fgs.createdDate">2013-07-14T14:27:58.745Z</date>
               <date name="fgs.dateCreated.sort">2013-07-14T14:27:58.745Z</date>
               <str name="fgs.label">IRIS Instrument created by YODL workflow.</str>
               <date name="fgs.lastModifiedDate">2017-09-21T22:29:00.813Z</date>
               <str name="fgs.ownerId">iris-a1ab29a8-d318-48cc-bc8b-46ae0eb6a144</str>
               <str name="fgs.state">Active</str>
               <arr name="iris.email">
                  <str>bouchhioua_nadu@yahoo.fr</str>
               </arr>
               <arr name="iris.feedback.count">
                  <str>0</str>
               </arr>
               <str name="iris.hasmaterials">Records with materials</str>
               <arr name="iris.instrument.author">
                  <str>Bouchhioua, Nadia</str>
               </arr>
               <arr name="iris.instrument.dataType">
                  <str>Oral production</str>
               </arr>
               <arr name="iris.instrument.dataType.alternate">
                  <str/>
               </arr>
               <arr name="iris.instrument.instrumentType">
                  <str>Stimuli for laboratory studies</str>
                  <str>Visual</str>
                  <str>Verbal</str>
               </arr>
               <str name="iris.instrument.instrumentType.alltypes">verbal stimuli for laboratory studies (visual - verbal)  </str>
               <arr name="iris.instrument.licence">
                  <str>Attribution-NonCommercial-ShareAlike</str>
               </arr>
               <arr name="iris.instrument.linguisticTarget">
                  <str>Stress</str>
               </arr>
               <str name="iris.instrument.primaryInstrumentType">Stimuli for laboratory studies &gt; Visual &gt; Verbal</str>
               <arr name="iris.instrument.researchArea">
                  <str>Prosody</str>
                  <str>Pronunciation</str>
               </arr>
               <arr name="iris.instrument.sourceLanguage">
                  <str>English</str>
                  <str>Arabic</str>
               </arr>
               <arr name="iris.instrument.typeOfFile">
                  <str>Text</str>
               </arr>
               <arr name="iris.participants.firstLanguage">
                  <str>Arabic</str>
               </arr>
               <arr name="iris.participants.participantType">
                  <str>Second language learners</str>
                  <str>Native speakers</str>
               </arr>
               <arr name="iris.participants.targetLanguage">
                  <str>English</str>
               </arr>
               <arr name="iris.referenceid">
                  <str>Bouchhioua_The acoustic correlates of stress and accent in Tunisian Arabic: A comparative study with English</str>
                  <str>2008_Bouchhioua_Duration as a cue to stress and accent in Tunisian Arabic, native English and L2 English</str>
                  <str>2008_Bouchhioua_The role of vowel quality in cuing stress and accent in Tunisian Arabic, native English and L2 English</str>
               </arr>
               <str name="iris.references.allauthors">Bouchhioua (2008); Bouchhioua (2008); Bouchhioua (2008)</str>
               <arr name="iris.references.author">
                  <str>Bouchhioua, Nadia</str>
                  <str>Bouchhioua, Nadia</str>
                  <str>Bouchhioua, Nadia</str>
               </arr>
               <str name="iris.references.author.lastnames">bouchhiouabouchhiouabouchhioua</str>
               <arr name="iris.references.author.noack">
                  <str>Bouchhioua, Nadia</str>
                  <str>Bouchhioua, Nadia</str>
                  <str>Bouchhioua, Nadia</str>
               </arr>
               <arr name="iris.references.conferenceName">
                  <str>Proceedings of Speech Prosody 2008 (535-538)</str>
                  <str>Proceedings of Speech Prosody 2008 (539-542)</str>
               </arr>
               <arr name="iris.references.editor">
                  <str>Barbosa, Plinio A.</str>
                  <str>Madureira, Sandra</str>
                  <str>Reis, Cesar</str>
                  <str>Barbosa, Plinio A.</str>
                  <str>Madureira, Sandra</str>
                  <str>Reis, Cesar</str>
               </arr>
               <arr name="iris.references.publicationDate">
                  <str>2008</str>
                  <str>2008</str>
                  <str>2008</str>
               </arr>
               <arr name="iris.references.publicationDateStr">
                  <str>2008</str>
                  <str>2008</str>
                  <str>2008</str>
               </arr>
               <arr name="iris.references.publicationType">
                  <str>Thesis</str>
                  <str>Proceedings</str>
                  <str>Proceedings</str>
               </arr>
               <arr name="iris2.email">
                  <str>bouchhioua_nadu@yahoo.fr</str>
               </arr>
               <arr name="iris2.feedback.count">
                  <str>0</str>
               </arr>
               <str name="iris2.hasmaterials">Records with materials</str>
               <arr name="iris2.instrument.author">
                  <str>Bouchhioua, Nadia</str>
               </arr>
               <arr name="iris2.instrument.dataType">
                  <str>Oral production</str>
               </arr>
               <arr name="iris2.instrument.instrumentType">
                  <str>Stimuli for laboratory studies</str>
                  <str>Visual</str>
                  <str>Verbal</str>
               </arr>
               <str name="iris2.instrument.instrumentType.alltypes">verbal stimuli for laboratory studies (visual - verbal)  </str>
               <arr name="iris2.instrument.licence">
                  <str>Attribution-NonCommercial-ShareAlike</str>
               </arr>
               <arr name="iris2.instrument.linguisticTarget">
                  <str>Stress</str>
               </arr>
               <str name="iris2.instrument.primaryInstrumentType">Stimuli for laboratory studies &gt; Visual &gt; Verbal</str>
               <arr name="iris2.instrument.researchArea">
                  <str>Prosody</str>
                  <str>Pronunciation</str>
               </arr>
               <arr name="iris2.instrument.sourceLanguage">
                  <str>English</str>
                  <str>Arabic</str>
               </arr>
               <arr name="iris2.instrument.typeOfFile">
                  <str>Text</str>
               </arr>
               <arr name="iris2.participants.firstLanguage">
                  <str>Arabic</str>
               </arr>
               <arr name="iris2.participants.participantType">
                  <str>Second language learners</str>
                  <str>Native speakers</str>
               </arr>
               <arr name="iris2.participants.targetLanguage">
                  <str>English</str>
               </arr>
               <arr name="iris2.referenceid">
                  <str>Bouchhioua_The acoustic correlates of stress and accent in Tunisian Arabic: A comparative study with English</str>
                  <str>2008_Bouchhioua_Duration as a cue to stress and accent in Tunisian Arabic, native English and L2 English</str>
                  <str>2008_Bouchhioua_The role of vowel quality in cuing stress and accent in Tunisian Arabic, native English and L2 English</str>
               </arr>
               <str name="iris2.references.allauthors">Bouchhioua (2008); Bouchhioua (2008); Bouchhioua (2008)</str>
               <arr name="iris2.references.author">
                  <str>Bouchhioua, Nadia</str>
                  <str>Bouchhioua, Nadia</str>
                  <str>Bouchhioua, Nadia</str>
               </arr>
               <str name="iris2.references.author.lastnames">bouchhiouabouchhiouabouchhioua</str>
               <arr name="iris2.references.conferenceName">
                  <str>Proceedings of Speech Prosody 2008 (535-538)</str>
                  <str>Proceedings of Speech Prosody 2008 (539-542)</str>
               </arr>
               <arr name="iris2.references.editor">
                  <str>Barbosa, Plinio A.</str>
                  <str>Madureira, Sandra</str>
                  <str>Reis, Cesar</str>
                  <str>Barbosa, Plinio A.</str>
                  <str>Madureira, Sandra</str>
                  <str>Reis, Cesar</str>
               </arr>
               <arr name="iris2.references.publicationDate">
                  <str>2008</str>
                  <str>2008</str>
                  <str>2008</str>
               </arr>
               <arr name="iris2.references.publicationDateStr">
                  <str>2008</str>
                  <str>2008</str>
                  <str>2008</str>
               </arr>
               <arr name="iris2.references.publicationLatestDate">
                  <str>2008</str>
               </arr>
               <arr name="iris2.references.publicationType">
                  <str>Thesis</str>
                  <str>Proceedings</str>
                  <str>Proceedings</str>
               </arr>
               <arr name="oai_dc.dc_xsi:schemaLocation">
                  <str>http://www.openarchives.org/OAI/2.0/oai_dc/ http://www.openarchives.org/OAI/2.0/oai_dc.xsd</str>
               </arr>
            </doc>
         </result>
      </response>
   </solr>
   <files>
      <file id="INSTRUMENT" mime="application/pdf" url="https://www.iris-database.org/iris/api/resource/york:814542/asset/INSTRUMENT?download=true"/>
      <file id="INSTRUMENT1" mime="application/pdf" url="https://www.iris-database.org/iris/api/resource/york:814542/asset/INSTRUMENT1?download=true"/>
   </files>
</record>
