<?xml version="1.0" encoding="ISO-8859-1"?>

<record pid="york:790793">
   <solr>
      <response>
         <lst name="responseHeader">
            <int name="status">0</int>
            <int name="QTime">453</int>
            <lst name="params">
               <str name="q">PID:york?790793</str>
            </lst>
         </lst>
         <result name="response" numfound="1" start="0">
            <doc>
               <str name="PID">york:790793</str>
               <arr name="dc.creator">
                  <str>Chen, Hsin-Ying</str>
                  <str>Marsden, Emma</str>
               </arr>
               <arr name="dc.date">
                  <str>2011</str>
               </arr>
               <arr name="dc.description">
                  <str>Please see Chen (2009) and Marsden &amp; Chen (2011) for details.</str>
               </arr>
               <arr name="dc.format">
                  <str>Chinese</str>
               </arr>
               <arr name="dc.identifier">
                  <str>york:790793</str>
               </arr>
               <arr name="dc.type">
                  <str>Grammaticality / Acceptability judgement test</str>
                  <str>http://www.iris-database.org/Instruments</str>
               </arr>
               <arr name="dc2.creator">
                  <str>Chen, Hsin-Ying</str>
                  <str>Marsden, Emma</str>
               </arr>
               <arr name="dc2.date">
                  <str>2011</str>
               </arr>
               <arr name="dc2.description">
                  <str>Please see Chen (2009) and Marsden &amp; Chen (2011) for details.</str>
               </arr>
               <arr name="dc2.format">
                  <str>Chinese</str>
               </arr>
               <arr name="dc2.identifier">
                  <str>york:790793</str>
               </arr>
               <arr name="dc2.type">
                  <str>Grammaticality / Acceptability judgement test</str>
                  <str>http://www.iris-database.org/Instruments</str>
               </arr>
               <arr name="dc3.creator">
                  <str>Chen, Hsin-Ying</str>
                  <str>Marsden, Emma</str>
               </arr>
               <date name="fgs.createdDate">2012-03-22T15:07:18.653Z</date>
               <date name="fgs.dateCreated.sort">2012-03-22T15:07:18.653Z</date>
               <str name="fgs.label">IRIS Instrument created by YODL workflow.</str>
               <date name="fgs.lastModifiedDate">2017-11-08T13:12:03.494Z</date>
               <str name="fgs.ownerId">iris-cf0e435a-b839-436b-b870-789b06a436ba</str>
               <str name="fgs.state">Active</str>
               <arr name="iris.email">
                  <str>emma.marsden@york.ac.uk</str>
               </arr>
               <arr name="iris.feedback.count">
                  <str>0</str>
               </arr>
               <str name="iris.hasmaterials">Records with materials</str>
               <arr name="iris.instrument.author">
                  <str>Chen, Hsin-Ying</str>
                  <str>Marsden, Emma</str>
               </arr>
               <arr name="iris.instrument.dataType">
                  <str>Judgements</str>
               </arr>
               <arr name="iris.instrument.dataType.alternate">
                  <str/>
               </arr>
               <arr name="iris.instrument.instrumentType">
                  <str>Grammaticality / Acceptability judgement test</str>
               </arr>
               <str name="iris.instrument.instrumentType.alltypes">grammaticality / acceptability judgement test grammaticality / acceptability judgement test grammaticality judgement sentences,grammaticality judgement test,acceptability judgement test,gjt,grammaticality judgment test </str>
               <arr name="iris.instrument.licence">
                  <str>Attribution-NonCommercial-ShareAlike</str>
               </arr>
               <arr name="iris.instrument.linguisticTarget">
                  <str>Tense</str>
               </arr>
               <str name="iris.instrument.notes">Please see Chen (2009) and Marsden &amp; Chen (2011) for details.</str>
               <str name="iris.instrument.primaryInstrumentType">Grammaticality / Acceptability judgement test</str>
               <arr name="iris.instrument.researchArea">
                  <str>Effectiveness of teaching</str>
                  <str>Morphosyntax (grammar)</str>
                  <str>Speaking / Oral production</str>
                  <str>Processing instruction</str>
               </arr>
               <arr name="iris.instrument.sourceLanguage">
                  <str>Chinese</str>
               </arr>
               <arr name="iris.instrument.typeOfFile">
                  <str>Text</str>
               </arr>
               <arr name="iris.participants.firstLanguage">
                  <str>Chinese</str>
               </arr>
               <arr name="iris.participants.participantType">
                  <str>Foreign language learners</str>
               </arr>
               <arr name="iris.participants.targetLanguage">
                  <str>English</str>
               </arr>
               <arr name="iris.referenceid">
                  <str>Chen_A classroom quasi-experimental study to explore processing instruction</str>
                  <str>2011_Marsden_Chen_The roles of structured input activities in processing instruction and the kinds of knowledge they promote</str>
               </arr>
               <str name="iris.references.allauthors">Chen (2009); Marsden &amp; Chen (2011)</str>
               <arr name="iris.references.author">
                  <str>Chen, Hsin-Ying</str>
                  <str>Marsden, Emma</str>
                  <str>Chen, Hsin-Ying</str>
               </arr>
               <str name="iris.references.author.lastnames">chenmarsdenchen</str>
               <arr name="iris.references.author.noack">
                  <str>Chen, Hsin-Ying</str>
                  <str>Marsden, Emma</str>
                  <str>Chen, Hsin-Ying</str>
               </arr>
               <arr name="iris.references.journal">
                  <str>Language Learning</str>
               </arr>
               <arr name="iris.references.publicationDate">
                  <str>2011</str>
                  <str>2009</str>
               </arr>
               <arr name="iris.references.publicationDateStr">
                  <str>2011</str>
                  <str>2009</str>
               </arr>
               <arr name="iris.references.publicationType">
                  <str>Thesis</str>
                  <str>Journal Article</str>
               </arr>
               <arr name="iris2.email">
                  <str>emma.marsden@york.ac.uk</str>
               </arr>
               <arr name="iris2.feedback.count">
                  <str>0</str>
               </arr>
               <str name="iris2.hasmaterials">Records with materials</str>
               <arr name="iris2.instrument.author">
                  <str>Chen, Hsin-Ying</str>
                  <str>Marsden, Emma</str>
               </arr>
               <arr name="iris2.instrument.dataType">
                  <str>Judgements</str>
               </arr>
               <arr name="iris2.instrument.instrumentType">
                  <str>Grammaticality / Acceptability judgement test</str>
               </arr>
               <str name="iris2.instrument.instrumentType.alltypes">grammaticality / acceptability judgement test grammaticality / acceptability judgement test grammaticality judgement sentences,grammaticality judgement test,acceptability judgement test,gjt,grammaticality judgment test </str>
               <arr name="iris2.instrument.licence">
                  <str>Attribution-NonCommercial-ShareAlike</str>
               </arr>
               <arr name="iris2.instrument.linguisticTarget">
                  <str>Tense</str>
               </arr>
               <str name="iris2.instrument.primaryInstrumentType">Grammaticality / Acceptability judgement test</str>
               <arr name="iris2.instrument.researchArea">
                  <str>Effectiveness of teaching</str>
                  <str>Morphosyntax (grammar)</str>
                  <str>Speaking / Oral production</str>
                  <str>Processing instruction</str>
               </arr>
               <arr name="iris2.instrument.sourceLanguage">
                  <str>Chinese</str>
               </arr>
               <arr name="iris2.instrument.typeOfFile">
                  <str>Text</str>
               </arr>
               <arr name="iris2.participants.firstLanguage">
                  <str>Chinese</str>
               </arr>
               <arr name="iris2.participants.participantType">
                  <str>Foreign language learners</str>
               </arr>
               <arr name="iris2.participants.targetLanguage">
                  <str>English</str>
               </arr>
               <arr name="iris2.referenceid">
                  <str>Chen_A classroom quasi-experimental study to explore processing instruction</str>
                  <str>2011_Marsden_Chen_The roles of structured input activities in processing instruction and the kinds of knowledge they promote</str>
               </arr>
               <str name="iris2.references.allauthors">Chen (2009); Marsden &amp; Chen (2011)</str>
               <arr name="iris2.references.author">
                  <str>Chen, Hsin-Ying</str>
                  <str>Marsden, Emma</str>
                  <str>Chen, Hsin-Ying</str>
               </arr>
               <str name="iris2.references.author.lastnames">chenmarsdenchen</str>
               <arr name="iris2.references.journal">
                  <str>Language Learning</str>
               </arr>
               <arr name="iris2.references.publicationDate">
                  <str>2011</str>
                  <str>2009</str>
               </arr>
               <arr name="iris2.references.publicationDateStr">
                  <str>2011</str>
                  <str>2009</str>
               </arr>
               <arr name="iris2.references.publicationLatestDate">
                  <str>2011</str>
               </arr>
               <arr name="iris2.references.publicationType">
                  <str>Thesis</str>
                  <str>Journal Article</str>
               </arr>
               <arr name="oai_dc.dc_xsi:schemaLocation">
                  <str>http://www.openarchives.org/OAI/2.0/oai_dc/ http://www.openarchives.org/OAI/2.0/oai_dc.xsd</str>
                  <str>http://www.openarchives.org/OAI/2.0/oai_dc/ http://www.openarchives.org/OAI/2.0/oai_dc.xsd</str>
               </arr>
            </doc>
         </result>
      </response>
   </solr>
   <files>
      <file id="INSTRUMENT" mime="application/vnd.ms-powerpoint" url="https://www.iris-database.org/iris/api/resource/york:790793/asset/INSTRUMENT?download=true"/>
      <file id="INSTRUMENT1" mime="application/octet-stream" url="https://www.iris-database.org/iris/api/resource/york:790793/asset/INSTRUMENT1?download=true"/>
      <file id="INSTRUMENT2" mime="application/vnd.ms-powerpoint" url="https://www.iris-database.org/iris/api/resource/york:790793/asset/INSTRUMENT2?download=true"/>
   </files>
</record>
