<?xml version="1.0" encoding="ISO-8859-1"?>

<record pid="york:805198">
   <solr>
      <response>
         <lst name="responseHeader">
            <int name="status">0</int>
            <int name="QTime">468</int>
            <lst name="params">
               <str name="q">PID:york?805198</str>
            </lst>
         </lst>
         <result name="response" numfound="1" start="0">
            <doc>
               <str name="PID">york:805198</str>
               <arr name="dc.creator">
                  <str>Macrory, Gee</str>
                  <str>Mclachlan, Angela</str>
               </arr>
               <arr name="dc.date">
                  <str>2009</str>
               </arr>
               <arr name="dc.subject">
                  <str>Teacher education</str>
               </arr>
               <arr name="dc.type">
                  <str>Attitude questionnaire</str>
                  <str>Language Awareness questionnaire</str>
                  <str>Language background questionnaire</str>
                  <str>Interview protocol</str>
                  <str>Questionnaire</str>
                  <str>http://www.iris-database.org/Instruments</str>
               </arr>
               <arr name="dc2.creator">
                  <str>Macrory, Gee</str>
                  <str>Mclachlan, Angela</str>
               </arr>
               <arr name="dc2.date">
                  <str>2009</str>
               </arr>
               <arr name="dc2.subject">
                  <str>Teacher education</str>
               </arr>
               <arr name="dc2.type">
                  <str>Attitude questionnaire</str>
                  <str>Language Awareness questionnaire</str>
                  <str>Language background questionnaire</str>
                  <str>Interview protocol</str>
                  <str>Questionnaire</str>
                  <str>http://www.iris-database.org/Instruments</str>
               </arr>
               <arr name="dc3.creator">
                  <str>Macrory, Gee</str>
                  <str>Mclachlan, Angela</str>
               </arr>
               <arr name="dc3.subject">
                  <str>Teacher education</str>
               </arr>
               <date name="fgs.createdDate">2012-08-23T15:03:08.007Z</date>
               <date name="fgs.dateCreated.sort">2012-08-23T15:03:08.007Z</date>
               <str name="fgs.label">IRIS Instrument created by YODL workflow.</str>
               <date name="fgs.lastModifiedDate">2017-09-29T22:47:58.328Z</date>
               <str name="fgs.ownerId">fedoraAdmin</str>
               <str name="fgs.state">Active</str>
               <arr name="iris.email">
                  <str>g.macrory@mmu.ac.uk</str>
               </arr>
               <arr name="iris.feedback.count">
                  <str>0</str>
               </arr>
               <str name="iris.hasmaterials">Records with materials</str>
               <arr name="iris.instrument.author">
                  <str>Macrory, Gee</str>
                  <str>Mclachlan, Angela</str>
               </arr>
               <arr name="iris.instrument.instrumentType">
                  <str>Questionnaire</str>
                  <str>Attitude questionnaire</str>
                  <str>Questionnaire</str>
                  <str>Language awareness questionnaire</str>
                  <str>Questionnaire</str>
                  <str>Language background questionnaire</str>
                  <str>Interview protocol / schedule</str>
                  <str>Questionnaire</str>
                  <str>Other questionnaire</str>
               </arr>
               <str name="iris.instrument.instrumentType.alltypes">attitude questionnaire attitude questionnaire  language awareness questionnaire language awareness questionnaire  language background questionnaire language background questionnaire  interview protocol / schedule interview protocol / schedule interview schedule other questionnaire questionnaire  </str>
               <arr name="iris.instrument.licence">
                  <str>Attribution-NonCommercial-ShareAlike</str>
               </arr>
               <str name="iris.instrument.primaryInstrumentType">Questionnaire &gt; Attitude questionnaire</str>
               <arr name="iris.instrument.researchArea">
                  <str>Teacher education</str>
               </arr>
               <arr name="iris.instrument.secondaryInstrumentType">
                  <str>Questionnaire &gt; Language awareness questionnaire</str>
                  <str>Questionnaire &gt; Language background questionnaire</str>
                  <str>Interview protocol / schedule</str>
                  <str>Questionnaire &gt; Other questionnaire</str>
               </arr>
               <arr name="iris.instrument.typeOfFile">
                  <str>Text</str>
               </arr>
               <arr name="iris.participants.firstLanguage">
                  <str>English</str>
               </arr>
               <arr name="iris.participants.participantType">
                  <str>Teacher trainees</str>
               </arr>
               <arr name="iris.referenceid">
                  <str>2009_Macrory_Mclachlan_Bringing modern languages into the primary curriculum in England: Investigating effective practice in teacher education</str>
               </arr>
               <str name="iris.references.allauthors">Macrory &amp; Mclachlan (2009)</str>
               <arr name="iris.references.author">
                  <str>Macrory, Gee</str>
                  <str>Mclachlan, Angela</str>
               </arr>
               <str name="iris.references.author.lastnames">macrorymclachlan</str>
               <arr name="iris.references.author.noack">
                  <str>Macrory, Gee</str>
                  <str>Mclachlan, Angela</str>
               </arr>
               <arr name="iris.references.journal">
                  <str>European Journal of Teacher Education</str>
               </arr>
               <arr name="iris.references.publicationDate">
                  <str>2009</str>
               </arr>
               <arr name="iris.references.publicationDateStr">
                  <str>2009</str>
               </arr>
               <arr name="iris.references.publicationType">
                  <str>Journal Article</str>
               </arr>
               <arr name="iris2.email">
                  <str>g.macrory@mmu.ac.uk</str>
               </arr>
               <arr name="iris2.feedback.count">
                  <str>0</str>
               </arr>
               <str name="iris2.hasmaterials">Records with materials</str>
               <arr name="iris2.instrument.author">
                  <str>Macrory, Gee</str>
                  <str>Mclachlan, Angela</str>
               </arr>
               <arr name="iris2.instrument.instrumentType">
                  <str>Questionnaire</str>
                  <str>Attitude questionnaire</str>
                  <str>Questionnaire</str>
                  <str>Language awareness questionnaire</str>
                  <str>Questionnaire</str>
                  <str>Language background questionnaire</str>
                  <str>Interview protocol / schedule</str>
                  <str>Questionnaire</str>
                  <str>Other questionnaire</str>
               </arr>
               <str name="iris2.instrument.instrumentType.alltypes">attitude questionnaire attitude questionnaire  language awareness questionnaire language awareness questionnaire  language background questionnaire language background questionnaire  interview protocol / schedule interview protocol / schedule interview schedule other questionnaire questionnaire  </str>
               <arr name="iris2.instrument.licence">
                  <str>Attribution-NonCommercial-ShareAlike</str>
               </arr>
               <str name="iris2.instrument.primaryInstrumentType">Questionnaire &gt; Attitude questionnaire</str>
               <arr name="iris2.instrument.researchArea">
                  <str>Teacher education</str>
               </arr>
               <arr name="iris2.instrument.secondaryInstrumentType">
                  <str>Questionnaire &gt; Language awareness questionnaire</str>
                  <str>Questionnaire &gt; Language background questionnaire</str>
                  <str>Interview protocol / schedule</str>
                  <str>Questionnaire &gt; Other questionnaire</str>
               </arr>
               <arr name="iris2.instrument.typeOfFile">
                  <str>Text</str>
               </arr>
               <arr name="iris2.participants.firstLanguage">
                  <str>English</str>
               </arr>
               <arr name="iris2.participants.participantType">
                  <str>Teacher trainees</str>
               </arr>
               <arr name="iris2.referenceid">
                  <str>2009_Macrory_Mclachlan_Bringing modern languages into the primary curriculum in England: Investigating effective practice in teacher education</str>
               </arr>
               <str name="iris2.references.allauthors">Macrory &amp; Mclachlan (2009)</str>
               <arr name="iris2.references.author">
                  <str>Macrory, Gee</str>
                  <str>Mclachlan, Angela</str>
               </arr>
               <str name="iris2.references.author.lastnames">macrorymclachlan</str>
               <arr name="iris2.references.journal">
                  <str>European Journal of Teacher Education</str>
               </arr>
               <arr name="iris2.references.publicationDate">
                  <str>2009</str>
               </arr>
               <arr name="iris2.references.publicationDateStr">
                  <str>2009</str>
               </arr>
               <arr name="iris2.references.publicationLatestDate">
                  <str>2009</str>
               </arr>
               <arr name="iris2.references.publicationType">
                  <str>Journal Article</str>
               </arr>
               <arr name="oai_dc.dc_xsi:schemaLocation">
                  <str>http://www.openarchives.org/OAI/2.0/oai_dc/ http://www.openarchives.org/OAI/2.0/oai_dc.xsd</str>
               </arr>
            </doc>
         </result>
      </response>
   </solr>
   <files>
      <file id="INSTRUMENT" mime="application/msword" url="https://www.iris-database.org/iris/api/resource/york:805198/asset/INSTRUMENT?download=true"/>
      <file id="INSTRUMENT1" mime="application/msword" url="https://www.iris-database.org/iris/api/resource/york:805198/asset/INSTRUMENT1?download=true"/>
   </files>
</record>
