<?xml version="1.0" encoding="ISO-8859-1"?>

<record pid="york:819334">
   <solr>
      <response>
         <lst name="responseHeader">
            <int name="status">0</int>
            <int name="QTime">481</int>
            <lst name="params">
               <str name="q">PID:york?819334</str>
            </lst>
         </lst>
         <result name="response" numfound="1" start="0">
            <doc>
               <str name="PID">york:819334</str>
               <arr name="dc.creator">
                  <str>Seibert Hanson, Aroline</str>
                  <str>Carlson, Matthew</str>
               </arr>
               <arr name="dc.date">
                  <str>2014</str>
               </arr>
               <arr name="dc.format">
                  <str>English</str>
                  <str>Spanish</str>
               </arr>
               <arr name="dc.identifier">
                  <str>york:819334</str>
               </arr>
               <arr name="dc.subject">
                  <str>Acquisition</str>
               </arr>
               <str name="dc.title">Spanish Proficiency Test and Vocabulary Test</str>
               <str name="dc.title.sort">Spanish Proficiency Test and Vocabulary Test</str>
               <arr name="dc.type">
                  <str>Vocabulary test (receptive)</str>
                  <str>Receptive grammar test</str>
                  <str>http://www.iris-database.org/Instruments</str>
               </arr>
               <arr name="dc2.creator">
                  <str>Seibert Hanson, Aroline</str>
                  <str>Carlson, Matthew</str>
               </arr>
               <arr name="dc2.date">
                  <str>2014</str>
               </arr>
               <arr name="dc2.format">
                  <str>English</str>
                  <str>Spanish</str>
               </arr>
               <arr name="dc2.identifier">
                  <str>york:819334</str>
               </arr>
               <arr name="dc2.subject">
                  <str>Acquisition</str>
               </arr>
               <str name="dc2.title">Spanish Proficiency Test and Vocabulary Test</str>
               <arr name="dc2.type">
                  <str>Vocabulary test (receptive)</str>
                  <str>Receptive grammar test</str>
                  <str>http://www.iris-database.org/Instruments</str>
               </arr>
               <arr name="dc3.creator">
                  <str>Seibert Hanson, Aroline</str>
                  <str>Carlson, Matthew</str>
               </arr>
               <arr name="dc3.subject">
                  <str>Acquisition</str>
               </arr>
               <str name="dc3.title">Spanish Proficiency Test and Vocabulary Test</str>
               <date name="fgs.createdDate">2014-02-03T16:14:27.348Z</date>
               <date name="fgs.dateCreated.sort">2014-02-03T16:14:27.348Z</date>
               <str name="fgs.label">IRIS Instrument created by YODL workflow.</str>
               <date name="fgs.lastModifiedDate">2017-10-21T18:26:55.699Z</date>
               <str name="fgs.ownerId">iris-095e2a2f-4dbc-4c61-aba9-20ce1c042e16</str>
               <str name="fgs.state">Active</str>
               <arr name="iris.email">
                  <str>arolinhanson@gmail.com</str>
               </arr>
               <arr name="iris.feedback.count">
                  <str>0</str>
               </arr>
               <str name="iris.hasmaterials">Records with materials</str>
               <arr name="iris.instrument.author">
                  <str>Seibert Hanson, Aroline</str>
                  <str>Carlson, Matthew</str>
               </arr>
               <arr name="iris.instrument.instrumentType">
                  <str>Vocabulary test</str>
                  <str>Receptive</str>
                  <str>Grammar test / Morphosyntax test</str>
                  <str>Receptive</str>
               </arr>
               <str name="iris.instrument.instrumentType.alltypes">receptive vocabulary test (receptive)  receptive receptive grammar test  </str>
               <arr name="iris.instrument.licence">
                  <str>Attribution-NonCommercial-ShareAlike</str>
               </arr>
               <arr name="iris.instrument.linguisticTarget">
                  <str>Pronouns</str>
                  <str>Syntax</str>
               </arr>
               <str name="iris.instrument.primaryInstrumentType">Vocabulary test &gt; Receptive</str>
               <arr name="iris.instrument.researchArea">
                  <str>Acquisition</str>
               </arr>
               <arr name="iris.instrument.secondaryInstrumentType">
                  <str>Grammar test / Morphosyntax test &gt; Receptive</str>
               </arr>
               <arr name="iris.instrument.sourceLanguage">
                  <str>English</str>
                  <str>Spanish</str>
               </arr>
               <arr name="iris.instrument.title">
                  <str>Spanish Proficiency Test and Vocabulary Test</str>
               </arr>
               <arr name="iris.instrument.typeOfFile">
                  <str>Text</str>
               </arr>
               <arr name="iris.participants.firstLanguage">
                  <str>English</str>
                  <str>Romanian</str>
               </arr>
               <arr name="iris.participants.gender">
                  <str>mixed</str>
               </arr>
               <arr name="iris.participants.participantType">
                  <str/>
                  <str>Second language learners</str>
               </arr>
               <arr name="iris.participants.proficiencyLearner">
                  <str>Pre-intermediate</str>
                  <str>Intermediate</str>
                  <str>Intermediate/advanced</str>
                  <str>Advanced</str>
                  <str>Near native</str>
               </arr>
               <arr name="iris.participants.targetLanguage">
                  <str>Spanish</str>
               </arr>
               <arr name="iris.referenceid">
                  <str>2014_Seibert Hanson_Carlson_The roles of first language and proficiency in L2 processing of Spanish clitics: Global effects</str>
               </arr>
               <str name="iris.references.allauthors">Seibert Hanson &amp; Carlson (2014)</str>
               <arr name="iris.references.author">
                  <str>Seibert Hanson, Aroline</str>
                  <str>Carlson, Matthew</str>
               </arr>
               <str name="iris.references.author.lastnames">seibert hansoncarlson</str>
               <arr name="iris.references.author.noack">
                  <str>Seibert Hanson, Aroline</str>
                  <str>Carlson, Matthew</str>
               </arr>
               <arr name="iris.references.journal">
                  <str>Language Learning</str>
               </arr>
               <arr name="iris.references.publicationDate">
                  <str>2014</str>
               </arr>
               <arr name="iris.references.publicationDateStr">
                  <str>2014</str>
               </arr>
               <arr name="iris.references.publicationType">
                  <str>Journal Article</str>
               </arr>
               <arr name="iris2.email">
                  <str>arolinhanson@gmail.com</str>
               </arr>
               <arr name="iris2.feedback.count">
                  <str>0</str>
               </arr>
               <str name="iris2.hasmaterials">Records with materials</str>
               <arr name="iris2.instrument.author">
                  <str>Seibert Hanson, Aroline</str>
                  <str>Carlson, Matthew</str>
               </arr>
               <arr name="iris2.instrument.instrumentType">
                  <str>Vocabulary test</str>
                  <str>Receptive</str>
                  <str>Grammar test / Morphosyntax test</str>
                  <str>Receptive</str>
               </arr>
               <str name="iris2.instrument.instrumentType.alltypes">receptive vocabulary test (receptive)  receptive receptive grammar test  </str>
               <arr name="iris2.instrument.licence">
                  <str>Attribution-NonCommercial-ShareAlike</str>
               </arr>
               <arr name="iris2.instrument.linguisticTarget">
                  <str>Pronouns</str>
                  <str>Syntax</str>
               </arr>
               <str name="iris2.instrument.primaryInstrumentType">Vocabulary test &gt; Receptive</str>
               <arr name="iris2.instrument.researchArea">
                  <str>Acquisition</str>
               </arr>
               <arr name="iris2.instrument.secondaryInstrumentType">
                  <str>Grammar test / Morphosyntax test &gt; Receptive</str>
               </arr>
               <arr name="iris2.instrument.sourceLanguage">
                  <str>English</str>
                  <str>Spanish</str>
               </arr>
               <arr name="iris2.instrument.typeOfFile">
                  <str>Text</str>
               </arr>
               <arr name="iris2.participants.firstLanguage">
                  <str>English</str>
                  <str>Romanian</str>
               </arr>
               <arr name="iris2.participants.gender">
                  <str>mixed</str>
               </arr>
               <arr name="iris2.participants.participantType">
                  <str/>
                  <str>Second language learners</str>
               </arr>
               <arr name="iris2.participants.proficiencyLearner">
                  <str>Pre-intermediate</str>
                  <str>Intermediate</str>
                  <str>Intermediate/advanced</str>
                  <str>Advanced</str>
                  <str>Near native</str>
               </arr>
               <arr name="iris2.participants.targetLanguage">
                  <str>Spanish</str>
               </arr>
               <arr name="iris2.referenceid">
                  <str>2014_Seibert Hanson_Carlson_The roles of first language and proficiency in L2 processing of Spanish clitics: Global effects</str>
               </arr>
               <str name="iris2.references.allauthors">Seibert Hanson &amp; Carlson (2014)</str>
               <arr name="iris2.references.author">
                  <str>Seibert Hanson, Aroline</str>
                  <str>Carlson, Matthew</str>
               </arr>
               <str name="iris2.references.author.lastnames">seibert hansoncarlson</str>
               <arr name="iris2.references.journal">
                  <str>Language Learning</str>
               </arr>
               <arr name="iris2.references.publicationDate">
                  <str>2014</str>
               </arr>
               <arr name="iris2.references.publicationDateStr">
                  <str>2014</str>
               </arr>
               <arr name="iris2.references.publicationLatestDate">
                  <str>2014</str>
               </arr>
               <arr name="iris2.references.publicationType">
                  <str>Journal Article</str>
               </arr>
               <arr name="oai_dc.dc_xsi:schemaLocation">
                  <str>http://www.openarchives.org/OAI/2.0/oai_dc/ http://www.openarchives.org/OAI/2.0/oai_dc.xsd</str>
                  <str>http://www.openarchives.org/OAI/2.0/oai_dc/ http://www.openarchives.org/OAI/2.0/oai_dc.xsd</str>
               </arr>
            </doc>
         </result>
      </response>
   </solr>
   <files>
      <file id="INSTRUMENT" mime="application/vnd.openxmlformats-officedocument.wordprocessingml.document" url="https://www.iris-database.org/iris/api/resource/york:819334/asset/INSTRUMENT?download=true"/>
      <file id="INSTRUMENT1" mime="application/vnd.openxmlformats-officedocument.wordprocessingml.document" url="https://www.iris-database.org/iris/api/resource/york:819334/asset/INSTRUMENT1?download=true"/>
   </files>
</record>
