<?xml version="1.0" encoding="ISO-8859-1"?>

<record pid="york:822284">
   <solr>
      <response>
         <lst name="responseHeader">
            <int name="status">0</int>
            <int name="QTime">502</int>
            <lst name="params">
               <str name="q">PID:york?822284</str>
            </lst>
         </lst>
         <result name="response" numfound="1" start="0">
            <doc>
               <str name="PID">york:822284</str>
               <arr name="dc.creator">
                  <str>Morgan-Short, Kara</str>
                  <str>Heil, Jeanne</str>
                  <str>Botero-Moriarty, Andrea</str>
                  <str>Ebert, Shane</str>
               </arr>
               <arr name="dc.date">
                  <str>2008</str>
                  <str>2012</str>
               </arr>
               <arr name="dc.description">
                  <str>All materials were adopted directly from: Leow, R. P., Hsieh, H., &amp; Moreno, N. (2008). Attention to form and meaning revisited. Language Learning, 58(3), 665-695.</str>
               </arr>
               <str name="dc.title">Comprehension test</str>
               <str name="dc.title.sort">Comprehension test</str>
               <arr name="dc.type">
                  <str>Reading comprehension test</str>
                  <str>Gap-fill / Cloze test</str>
                  <str>Reading test</str>
                  <str>http://www.iris-database.org/Instruments</str>
               </arr>
               <arr name="dc2.creator">
                  <str>Morgan-Short, Kara</str>
                  <str>Heil, Jeanne</str>
                  <str>Botero-Moriarty, Andrea</str>
                  <str>Ebert, Shane</str>
               </arr>
               <arr name="dc2.date">
                  <str>2008</str>
                  <str>2012</str>
               </arr>
               <arr name="dc2.description">
                  <str>All materials were adopted directly from: Leow, R. P., Hsieh, H., &amp; Moreno, N. (2008). Attention to form and meaning revisited. Language Learning, 58(3), 665-695.</str>
               </arr>
               <str name="dc2.title">Comprehension test</str>
               <arr name="dc2.type">
                  <str>Reading comprehension test</str>
                  <str>Gap-fill / Cloze test</str>
                  <str>Reading test</str>
                  <str>http://www.iris-database.org/Instruments</str>
               </arr>
               <arr name="dc3.creator">
                  <str>Morgan-Short, Kara</str>
                  <str>Heil, Jeanne</str>
                  <str>Botero-Moriarty, Andrea</str>
                  <str>Ebert, Shane</str>
               </arr>
               <str name="dc3.title">Comprehension test</str>
               <date name="fgs.createdDate">2014-05-08T14:53:42.881Z</date>
               <date name="fgs.dateCreated.sort">2014-05-08T14:53:42.881Z</date>
               <str name="fgs.label">IRIS Instrument created by YODL workflow.</str>
               <date name="fgs.lastModifiedDate">2017-10-20T20:06:02.293Z</date>
               <str name="fgs.ownerId">iris-580a9f0f-ed9e-4f5f-be7e-877243bddfd0</str>
               <str name="fgs.state">Active</str>
               <arr name="iris.email">
                  <str>karams@uic.edu</str>
               </arr>
               <arr name="iris.feedback.count">
                  <str>0</str>
               </arr>
               <str name="iris.hasmaterials">Records with materials</str>
               <arr name="iris.instrument.author">
                  <str>Morgan-Short, Kara</str>
                  <str>Heil, Jeanne</str>
                  <str>Botero-Moriarty, Andrea</str>
                  <str>Ebert, Shane</str>
               </arr>
               <arr name="iris.instrument.instrumentType">
                  <str>Comprehension test</str>
                  <str>Reading</str>
                  <str>Gap-fill / Cloze test / Fill in the blank</str>
                  <str>Reading test</str>
               </arr>
               <str name="iris.instrument.instrumentType.alltypes">reading reading comprehension test  gap-fill / cloze test / fill in the blank gap-fill / cloze test / fill in the blank fill in the blank, cloze,gap fill reading test reading test  </str>
               <arr name="iris.instrument.licence">
                  <str>Attribution-NonCommercial-ShareAlike</str>
               </arr>
               <arr name="iris.instrument.linguisticTarget">
                  <str>Nouns</str>
                  <str>Verbs</str>
                  <str>Articles</str>
                  <str>Pronouns</str>
                  <str>Morphology</str>
               </arr>
               <str name="iris.instrument.notes">All materials were adopted directly from: Leow, R. P., Hsieh, H., &amp; Moreno, N. (2008). Attention to form and meaning revisited. Language Learning, 58(3), 665-695.</str>
               <str name="iris.instrument.primaryInstrumentType">Comprehension test &gt; Reading</str>
               <arr name="iris.instrument.researchArea">
                  <str>Acquisition</str>
                  <str>Learner strategies</str>
                  <str>Processing</str>
                  <str>Morphosyntax (grammar)</str>
                  <str>Comprehension</str>
               </arr>
               <arr name="iris.instrument.secondaryInstrumentType">
                  <str>Gap-fill / Cloze test / Fill in the blank</str>
                  <str>Reading test</str>
               </arr>
               <arr name="iris.instrument.title">
                  <str>Comprehension test</str>
               </arr>
               <arr name="iris.instrument.typeOfFile">
                  <str>Text</str>
               </arr>
               <arr name="iris.participants.firstLanguage">
                  <str>English</str>
               </arr>
               <arr name="iris.participants.participantType">
                  <str>Foreign language learners</str>
                  <str/>
               </arr>
               <arr name="iris.participants.targetLanguage">
                  <str>Spanish</str>
               </arr>
               <arr name="iris.referenceid">
                  <str>2008_Leow_Hsieh_Moreno_Attention to form and meaning revisited</str>
                  <str>2012_Morgan-Short_Heil_Botero-Moriarty_Ebert_Allocation of attention to second language form and meaning: Issues of think-alouds and depth of processing</str>
               </arr>
               <str name="iris.references.allauthors">Morgan-Short, Heil, et al. (2012)</str>
               <arr name="iris.references.author">
                  <str>Leow, R.</str>
                  <str>Hsieh, H.</str>
                  <str>Moreno, N.</str>
                  <str>Morgan-Short, Kara</str>
                  <str>Heil, Jeanne</str>
                  <str>Botero-Moriarty, Andrea</str>
                  <str>Ebert, Shane</str>
               </arr>
               <str name="iris.references.author.lastnames">leowhsiehmorenomorgan-shortheilbotero-moriartyebert</str>
               <arr name="iris.references.author.noack">
                  <str>Morgan-Short, Kara</str>
                  <str>Heil, Jeanne</str>
                  <str>Botero-Moriarty, Andrea</str>
                  <str>Ebert, Shane</str>
               </arr>
               <arr name="iris.references.journal">
                  <str>Studies in Second Language Acquisition</str>
               </arr>
               <arr name="iris.references.publicationDate">
                  <str>2008</str>
                  <str>2012</str>
               </arr>
               <arr name="iris.references.publicationDateStr">
                  <str>2008</str>
                  <str>2012</str>
               </arr>
               <arr name="iris.references.publicationType">
                  <str>Journal Article</str>
                  <str>Journal Article</str>
               </arr>
               <arr name="iris2.email">
                  <str>karams@uic.edu</str>
               </arr>
               <arr name="iris2.feedback.count">
                  <str>0</str>
               </arr>
               <str name="iris2.hasmaterials">Records with materials</str>
               <arr name="iris2.instrument.author">
                  <str>Morgan-Short, Kara</str>
                  <str>Heil, Jeanne</str>
                  <str>Botero-Moriarty, Andrea</str>
                  <str>Ebert, Shane</str>
               </arr>
               <arr name="iris2.instrument.instrumentType">
                  <str>Comprehension test</str>
                  <str>Reading</str>
                  <str>Gap-fill / Cloze test / Fill in the blank</str>
                  <str>Reading test</str>
               </arr>
               <str name="iris2.instrument.instrumentType.alltypes">reading reading comprehension test  gap-fill / cloze test / fill in the blank gap-fill / cloze test / fill in the blank fill in the blank, cloze,gap fill reading test reading test  </str>
               <arr name="iris2.instrument.licence">
                  <str>Attribution-NonCommercial-ShareAlike</str>
               </arr>
               <arr name="iris2.instrument.linguisticTarget">
                  <str>Nouns</str>
                  <str>Verbs</str>
                  <str>Articles</str>
                  <str>Pronouns</str>
                  <str>Morphology</str>
               </arr>
               <str name="iris2.instrument.primaryInstrumentType">Comprehension test &gt; Reading</str>
               <arr name="iris2.instrument.researchArea">
                  <str>Acquisition</str>
                  <str>Learner strategies</str>
                  <str>Processing</str>
                  <str>Morphosyntax (grammar)</str>
                  <str>Comprehension</str>
               </arr>
               <arr name="iris2.instrument.secondaryInstrumentType">
                  <str>Gap-fill / Cloze test / Fill in the blank</str>
                  <str>Reading test</str>
               </arr>
               <arr name="iris2.instrument.typeOfFile">
                  <str>Text</str>
               </arr>
               <arr name="iris2.participants.firstLanguage">
                  <str>English</str>
               </arr>
               <arr name="iris2.participants.participantType">
                  <str>Foreign language learners</str>
                  <str/>
               </arr>
               <arr name="iris2.participants.targetLanguage">
                  <str>Spanish</str>
               </arr>
               <arr name="iris2.referenceid">
                  <str>2008_Leow_Hsieh_Moreno_Attention to form and meaning revisited</str>
                  <str>2012_Morgan-Short_Heil_Botero-Moriarty_Ebert_Allocation of attention to second language form and meaning: Issues of think-alouds and depth of processing</str>
               </arr>
               <str name="iris2.references.allauthors">Morgan-Short, Heil, et al. (2012)</str>
               <arr name="iris2.references.author">
                  <str>Leow, R.</str>
                  <str>Hsieh, H.</str>
                  <str>Moreno, N.</str>
                  <str>Morgan-Short, Kara</str>
                  <str>Heil, Jeanne</str>
                  <str>Botero-Moriarty, Andrea</str>
                  <str>Ebert, Shane</str>
               </arr>
               <str name="iris2.references.author.lastnames">leowhsiehmorenomorgan-shortheilbotero-moriartyebert</str>
               <arr name="iris2.references.journal">
                  <str>Studies in Second Language Acquisition</str>
               </arr>
               <arr name="iris2.references.publicationDate">
                  <str>2008</str>
                  <str>2012</str>
               </arr>
               <arr name="iris2.references.publicationDateStr">
                  <str>2008</str>
                  <str>2012</str>
               </arr>
               <arr name="iris2.references.publicationLatestDate">
                  <str>2012</str>
               </arr>
               <arr name="iris2.references.publicationType">
                  <str>Journal Article</str>
                  <str>Journal Article</str>
               </arr>
               <arr name="oai_dc.dc_xsi:schemaLocation">
                  <str>http://www.openarchives.org/OAI/2.0/oai_dc/ http://www.openarchives.org/OAI/2.0/oai_dc.xsd</str>
               </arr>
            </doc>
         </result>
      </response>
   </solr>
   <files>
      <file id="INSTRUMENT" mime="application/vnd.openxmlformats-officedocument.wordprocessingml.document" url="https://www.iris-database.org/iris/api/resource/york:822284/asset/INSTRUMENT?download=true"/>
      <file id="INSTRUMENT1" mime="application/vnd.openxmlformats-officedocument.wordprocessingml.document" url="https://www.iris-database.org/iris/api/resource/york:822284/asset/INSTRUMENT1?download=true"/>
      <file id="INSTRUMENT2" mime="application/vnd.openxmlformats-officedocument.wordprocessingml.document" url="https://www.iris-database.org/iris/api/resource/york:822284/asset/INSTRUMENT2?download=true"/>
      <file id="INSTRUMENT3" mime="application/msword" url="https://www.iris-database.org/iris/api/resource/york:822284/asset/INSTRUMENT3?download=true"/>
   </files>
</record>
