<?xml version="1.0" encoding="ISO-8859-1"?>

<record pid="york:852723">
   <solr>
      <response>
         <lst name="responseHeader">
            <int name="status">0</int>
            <int name="QTime">547</int>
            <lst name="params">
               <str name="q">PID:york?852723</str>
            </lst>
         </lst>
         <result name="response" numfound="1" start="0">
            <doc>
               <str name="PID">york:852723</str>
               <arr name="dc.creator">
                  <str>Tracy-Ventura, Nicole</str>
                  <str>McManus, Kevin</str>
                  <str>Norris, John</str>
                  <str>Ortega, Lourdes</str>
               </arr>
               <arr name="dc.date">
                  <str>2002</str>
                  <str>2014</str>
               </arr>
               <arr name="dc.identifier">
                  <str>york:852723</str>
               </arr>
               <str name="dc.title">EIT French</str>
               <str name="dc.title.sort">EIT French</str>
               <arr name="dc.type">
                  <str>Proficiency test</str>
                  <str>Vocabulary test (productive)</str>
                  <str>Listening / Aural test</str>
                  <str>Productive grammar test</str>
                  <str>Elicited imitation protocol / Sentence repetition task</str>
                  <str>Rating guidelines / Criteria</str>
                  <str>Other speaking test / oral production test</str>
                  <str>http://www.iris-database.org/Instruments</str>
               </arr>
               <arr name="dc2.creator">
                  <str>Tracy-Ventura, Nicole</str>
                  <str>McManus, Kevin</str>
                  <str>Norris, John</str>
                  <str>Ortega, Lourdes</str>
               </arr>
               <arr name="dc2.date">
                  <str>2002</str>
                  <str>2014</str>
               </arr>
               <arr name="dc2.identifier">
                  <str>york:852723</str>
               </arr>
               <str name="dc2.title">EIT French</str>
               <arr name="dc2.type">
                  <str>Proficiency test</str>
                  <str>Vocabulary test (productive)</str>
                  <str>Listening / Aural test</str>
                  <str>Productive grammar test</str>
                  <str>Elicited imitation protocol / Sentence repetition task</str>
                  <str>Rating guidelines / Criteria</str>
                  <str>Other speaking test / oral production test</str>
                  <str>http://www.iris-database.org/Instruments</str>
               </arr>
               <arr name="dc3.creator">
                  <str>Tracy-Ventura, Nicole</str>
                  <str>McManus, Kevin</str>
                  <str>Norris, John</str>
                  <str>Ortega, Lourdes</str>
               </arr>
               <str name="dc3.title">EIT French</str>
               <date name="fgs.createdDate">2015-04-29T14:28:21.926Z</date>
               <date name="fgs.dateCreated.sort">2015-04-29T14:28:21.926Z</date>
               <str name="fgs.label">IRIS Instrument created by YODL workflow.</str>
               <date name="fgs.lastModifiedDate">2017-10-31T13:02:25.528Z</date>
               <str name="fgs.ownerId">iris-ce9f7bc3-da6b-43d0-aa72-6a00503b339f</str>
               <str name="fgs.state">Active</str>
               <arr name="iris.email">
                  <str>lourdes.ortega@georgetown.edu</str>
               </arr>
               <arr name="iris.feedback.count">
                  <str>0</str>
               </arr>
               <str name="iris.hasmaterials">Records with materials</str>
               <arr name="iris.instrument.author">
                  <str>Tracy-Ventura, Nicole</str>
                  <str>McManus, Kevin</str>
                  <str>Norris, John</str>
                  <str>Ortega, Lourdes</str>
               </arr>
               <arr name="iris.instrument.instrumentType">
                  <str>Proficiency test</str>
                  <str>Vocabulary test</str>
                  <str>Productive</str>
                  <str>Listening / Aural test</str>
                  <str>Grammar test / Morphosyntax test</str>
                  <str>Productive</str>
                  <str>Elicited imitation protocol / Sentence repetition task</str>
                  <str>Speaking test / Oral production test</str>
                  <str>Rating guidelines / Criteria</str>
                  <str>Speaking test / Oral production test</str>
                  <str>Other speaking test / oral production test</str>
               </arr>
               <str name="iris.instrument.instrumentType.alltypes">proficiency test proficiency test  productive vocabulary test (productive)  listening / aural test listening / aural test aural test productive productive grammar test  elicited imitation protocol / sentence repetition task elicited imitation protocol / sentence repetition task elicited imitation rating guidelines / criteria rating guidelines / criteria  other speaking test / oral production test other speaking test / oral production test  </str>
               <arr name="iris.instrument.licence">
                  <str>Attribution-NonCommercial-ShareAlike</str>
               </arr>
               <str name="iris.instrument.primaryInstrumentType">Elicited imitation protocol / Sentence repetition task</str>
               <arr name="iris.instrument.researchArea">
                  <str>Proficiency</str>
                  <str>Speaking / Oral production</str>
                  <str>Fluency</str>
                  <str>Listening</str>
                  <str>Morphosyntax (grammar)</str>
                  <str>Lexicon (vocabulary)</str>
               </arr>
               <arr name="iris.instrument.secondaryInstrumentType">
                  <str>Proficiency test</str>
                  <str>Vocabulary test &gt; Productive</str>
                  <str>Listening / Aural test</str>
                  <str>Grammar test / Morphosyntax test &gt; Productive</str>
                  <str>Speaking test / Oral production test &gt; Rating guidelines / Criteria</str>
                  <str>Speaking test / Oral production test &gt; Other speaking test / oral production test</str>
               </arr>
               <arr name="iris.instrument.title">
                  <str>EIT French</str>
               </arr>
               <arr name="iris.instrument.typeOfFile">
                  <str>Text</str>
                  <str>Sound</str>
               </arr>
               <arr name="iris.participants.participantType">
                  <str>Foreign language learners</str>
               </arr>
               <arr name="iris.participants.targetLanguage">
                  <str>French</str>
               </arr>
               <arr name="iris.referenceid">
                  <str>2002_Ortega_Iwashita_Rabie_Norris_An investigation of elicited imitation tasks in crosslinguistic SLA research.</str>
                  <str>2014_Tracy-Ventura_McManus_Norris_Ortega_"Repeat as much as you can": Elicited imitation as a measure of oral proficiency in L2 French</str>
               </arr>
               <str name="iris.references.allauthors">Tracy-Ventura, McManus, et al. (2014)</str>
               <arr name="iris.references.author">
                  <str>Ortega, Lourdes</str>
                  <str>Iwashita, Noriko</str>
                  <str>Rabie, S.</str>
                  <str>Norris, J.M</str>
                  <str>Tracy-Ventura, Nicole</str>
                  <str>McManus, Kevin</str>
                  <str>Norris, John</str>
                  <str>Ortega, Lourdes</str>
               </arr>
               <str name="iris.references.author.lastnames">ortegaiwashitarabienorristracy-venturamcmanusnorrisortega</str>
               <arr name="iris.references.author.noack">
                  <str>Tracy-Ventura, Nicole</str>
                  <str>McManus, Kevin</str>
                  <str>Norris, John</str>
                  <str>Ortega, Lourdes</str>
               </arr>
               <arr name="iris.references.booktitle">
                  <str>"Repeat as much as you can": Elicited imitation as a measure of oral proficiency in L2 French</str>
                  <str>Measuring L2 proficiency: Perspectives from SLA</str>
               </arr>
               <arr name="iris.references.conferenceName">
                  <str>Second Language Research Forum, Toronto</str>
               </arr>
               <arr name="iris.references.editor">
                  <str>Leclercq, P.</str>
                  <str>Edmonds, A.</str>
                  <str>Hilton, H.</str>
               </arr>
               <arr name="iris.references.publicationDate">
                  <str>2002</str>
                  <str>2014</str>
               </arr>
               <arr name="iris.references.publicationDateStr">
                  <str>2002</str>
                  <str>2014</str>
               </arr>
               <arr name="iris.references.publicationType">
                  <str>Proceedings</str>
                  <str>Chapter</str>
               </arr>
               <arr name="iris2.email">
                  <str>lourdes.ortega@georgetown.edu</str>
               </arr>
               <arr name="iris2.feedback.count">
                  <str>0</str>
               </arr>
               <str name="iris2.hasmaterials">Records with materials</str>
               <arr name="iris2.instrument.author">
                  <str>Tracy-Ventura, Nicole</str>
                  <str>McManus, Kevin</str>
                  <str>Norris, John</str>
                  <str>Ortega, Lourdes</str>
               </arr>
               <arr name="iris2.instrument.instrumentType">
                  <str>Proficiency test</str>
                  <str>Vocabulary test</str>
                  <str>Productive</str>
                  <str>Listening / Aural test</str>
                  <str>Grammar test / Morphosyntax test</str>
                  <str>Productive</str>
                  <str>Elicited imitation protocol / Sentence repetition task</str>
                  <str>Speaking test / Oral production test</str>
                  <str>Rating guidelines / Criteria</str>
                  <str>Speaking test / Oral production test</str>
                  <str>Other speaking test / oral production test</str>
               </arr>
               <str name="iris2.instrument.instrumentType.alltypes">proficiency test proficiency test  productive vocabulary test (productive)  listening / aural test listening / aural test aural test productive productive grammar test  elicited imitation protocol / sentence repetition task elicited imitation protocol / sentence repetition task elicited imitation rating guidelines / criteria rating guidelines / criteria  other speaking test / oral production test other speaking test / oral production test  </str>
               <arr name="iris2.instrument.licence">
                  <str>Attribution-NonCommercial-ShareAlike</str>
               </arr>
               <str name="iris2.instrument.primaryInstrumentType">Elicited imitation protocol / Sentence repetition task</str>
               <arr name="iris2.instrument.researchArea">
                  <str>Proficiency</str>
                  <str>Speaking / Oral production</str>
                  <str>Fluency</str>
                  <str>Listening</str>
                  <str>Morphosyntax (grammar)</str>
                  <str>Lexicon (vocabulary)</str>
               </arr>
               <arr name="iris2.instrument.secondaryInstrumentType">
                  <str>Proficiency test</str>
                  <str>Vocabulary test &gt; Productive</str>
                  <str>Listening / Aural test</str>
                  <str>Grammar test / Morphosyntax test &gt; Productive</str>
                  <str>Speaking test / Oral production test &gt; Rating guidelines / Criteria</str>
                  <str>Speaking test / Oral production test &gt; Other speaking test / oral production test</str>
               </arr>
               <arr name="iris2.instrument.typeOfFile">
                  <str>Text</str>
                  <str>Sound</str>
               </arr>
               <arr name="iris2.participants.participantType">
                  <str>Foreign language learners</str>
               </arr>
               <arr name="iris2.participants.targetLanguage">
                  <str>French</str>
               </arr>
               <arr name="iris2.referenceid">
                  <str>2002_Ortega_Iwashita_Rabie_Norris_An investigation of elicited imitation tasks in crosslinguistic SLA research.</str>
                  <str>2014_Tracy-Ventura_McManus_Norris_Ortega_"Repeat as much as you can": Elicited imitation as a measure of oral proficiency in L2 French</str>
               </arr>
               <str name="iris2.references.allauthors">Tracy-Ventura, McManus, et al. (2014)</str>
               <arr name="iris2.references.author">
                  <str>Ortega, Lourdes</str>
                  <str>Iwashita, Noriko</str>
                  <str>Rabie, S.</str>
                  <str>Norris, J.M</str>
                  <str>Tracy-Ventura, Nicole</str>
                  <str>McManus, Kevin</str>
                  <str>Norris, John</str>
                  <str>Ortega, Lourdes</str>
               </arr>
               <str name="iris2.references.author.lastnames">ortegaiwashitarabienorristracy-venturamcmanusnorrisortega</str>
               <arr name="iris2.references.booktitle">
                  <str>"Repeat as much as you can": Elicited imitation as a measure of oral proficiency in L2 French</str>
                  <str>Measuring L2 proficiency: Perspectives from SLA</str>
               </arr>
               <arr name="iris2.references.conferenceName">
                  <str>Second Language Research Forum, Toronto</str>
               </arr>
               <arr name="iris2.references.editor">
                  <str>Leclercq, P.</str>
                  <str>Edmonds, A.</str>
                  <str>Hilton, H.</str>
               </arr>
               <arr name="iris2.references.publicationDate">
                  <str>2002</str>
                  <str>2014</str>
               </arr>
               <arr name="iris2.references.publicationDateStr">
                  <str>2002</str>
                  <str>2014</str>
               </arr>
               <arr name="iris2.references.publicationLatestDate">
                  <str>2014</str>
               </arr>
               <arr name="iris2.references.publicationType">
                  <str>Proceedings</str>
                  <str>Chapter</str>
               </arr>
               <arr name="oai_dc.dc_xsi:schemaLocation">
                  <str>http://www.openarchives.org/OAI/2.0/oai_dc/ http://www.openarchives.org/OAI/2.0/oai_dc.xsd</str>
                  <str>http://www.openarchives.org/OAI/2.0/oai_dc/ http://www.openarchives.org/OAI/2.0/oai_dc.xsd</str>
                  <str>http://www.openarchives.org/OAI/2.0/oai_dc/ http://www.openarchives.org/OAI/2.0/oai_dc.xsd</str>
                  <str>http://www.openarchives.org/OAI/2.0/oai_dc/ http://www.openarchives.org/OAI/2.0/oai_dc.xsd</str>
                  <str>http://www.openarchives.org/OAI/2.0/oai_dc/ http://www.openarchives.org/OAI/2.0/oai_dc.xsd</str>
                  <str>http://www.openarchives.org/OAI/2.0/oai_dc/ http://www.openarchives.org/OAI/2.0/oai_dc.xsd</str>
               </arr>
            </doc>
         </result>
      </response>
   </solr>
   <files>
      <file id="INSTRUMENT" mime="audio/mpeg" url="https://www.iris-database.org/iris/api/resource/york:852723/asset/INSTRUMENT?download=true"/>
      <file id="INSTRUMENT1" mime="application/vnd.openxmlformats-officedocument.wordprocessingml.document" url="https://www.iris-database.org/iris/api/resource/york:852723/asset/INSTRUMENT1?download=true"/>
      <file id="INSTRUMENT2" mime="application/msword" url="https://www.iris-database.org/iris/api/resource/york:852723/asset/INSTRUMENT2?download=true"/>
      <file id="INSTRUMENT3" mime="application/msword" url="https://www.iris-database.org/iris/api/resource/york:852723/asset/INSTRUMENT3?download=true"/>
      <file id="INSTRUMENT4" mime="application/msword" url="https://www.iris-database.org/iris/api/resource/york:852723/asset/INSTRUMENT4?download=true"/>
      <file id="INSTRUMENT5" mime="application/vnd.openxmlformats-officedocument.wordprocessingml.document" url="https://www.iris-database.org/iris/api/resource/york:852723/asset/INSTRUMENT5?download=true"/>
   </files>
</record>
