<?xml version="1.0" encoding="ISO-8859-1"?>

<record pid="york:841174">
   <solr>
      <response>
         <lst name="responseHeader">
            <int name="status">0</int>
            <int name="QTime">535</int>
            <lst name="params">
               <str name="q">PID:york?841174</str>
            </lst>
         </lst>
         <result name="response" numfound="1" start="0">
            <doc>
               <str name="PID">york:841174</str>
               <arr name="dc.creator">
                  <str>Wang, Xin</str>
               </arr>
               <arr name="dc.date">
                  <str>2004</str>
                  <str>2004</str>
                  <str>2013</str>
                  <str>2010</str>
                  <str>in press</str>
                  <str>2004</str>
               </arr>
               <arr name="dc.description">
                  <str>The materials are named according to the study in which they were used. For Wang (2013), three hundred pairs of English-Chinese translation equivalents were selected from Wang and Forster (2010).</str>
               </arr>
               <arr name="dc.identifier">
                  <str>york:841174</str>
               </arr>
               <arr name="dc.type">
                  <str>Stimuli for laboratory studies (visual - verbal)</str>
                  <str>Word list; Identification form</str>
                  <str>http://www.iris-database.org/Instruments</str>
               </arr>
               <arr name="dc2.creator">
                  <str>Wang, Xin</str>
               </arr>
               <arr name="dc2.date">
                  <str>2004</str>
                  <str>2004</str>
                  <str>2013</str>
                  <str>2010</str>
                  <str>in press</str>
                  <str>2004</str>
               </arr>
               <arr name="dc2.description">
                  <str>The materials are named according to the study in which they were used. For Wang (2013), three hundred pairs of English-Chinese translation equivalents were selected from Wang and Forster (2010).</str>
               </arr>
               <arr name="dc2.identifier">
                  <str>york:841174</str>
               </arr>
               <arr name="dc2.type">
                  <str>Stimuli for laboratory studies (visual - verbal)</str>
                  <str>Word list; Identification form</str>
                  <str>http://www.iris-database.org/Instruments</str>
               </arr>
               <arr name="dc3.creator">
                  <str>Wang, Xin</str>
               </arr>
               <date name="fgs.createdDate">2014-12-11T15:13:47.068Z</date>
               <date name="fgs.dateCreated.sort">2014-12-11T15:13:47.068Z</date>
               <str name="fgs.label">IRIS Instrument created by YODL workflow.</str>
               <date name="fgs.lastModifiedDate">2017-11-11T22:00:24.914Z</date>
               <str name="fgs.ownerId">iris-580a9f0f-ed9e-4f5f-be7e-877243bddfd0</str>
               <str name="fgs.state">Active</str>
               <arr name="iris.email">
                  <str>xin.wang@education.ox.ac.uk</str>
               </arr>
               <arr name="iris.feedback.count">
                  <str>0</str>
               </arr>
               <str name="iris.hasmaterials">Records with materials</str>
               <arr name="iris.instrument.author">
                  <str>Wang, Xin</str>
               </arr>
               <arr name="iris.instrument.instrumentType">
                  <str>Stimuli for laboratory studies</str>
                  <str>Visual</str>
                  <str>Verbal</str>
                  <str>Word list</str>
               </arr>
               <str name="iris.instrument.instrumentType.alltypes">verbal stimuli for laboratory studies (visual - verbal)  word list word list  </str>
               <arr name="iris.instrument.licence">
                  <str>Attribution-NonCommercial-ShareAlike</str>
               </arr>
               <str name="iris.instrument.notes">The materials are named according to the study in which they were used. For Wang (2013), three hundred pairs of English-Chinese translation equivalents were selected from Wang and Forster (2010).</str>
               <str name="iris.instrument.primaryInstrumentType">Stimuli for laboratory studies &gt; Visual &gt; Verbal</str>
               <arr name="iris.instrument.researchArea">
                  <str>Cross-linguistic influence</str>
                  <str>Processing</str>
               </arr>
               <arr name="iris.instrument.secondaryInstrumentType">
                  <str>Word list</str>
               </arr>
               <arr name="iris.instrument.software">
                  <str>DMDX</str>
               </arr>
               <arr name="iris.instrument.typeOfFile">
                  <str>Text</str>
                  <str>Software</str>
               </arr>
               <arr name="iris.participants.firstLanguage">
                  <str>Chinese</str>
               </arr>
               <arr name="iris.participants.participantType">
                  <str>Second language learners</str>
                  <str>Foreign language learners</str>
               </arr>
               <arr name="iris.participants.targetLanguage">
                  <str>English</str>
               </arr>
               <arr name="iris.referenceid">
                  <str>2004_Finkbeiner_Forster_Nicol_Nakamura_The role of polysemy in masked semantic and translation priming</str>
                  <str>2004_Forster_Forster_DMDX: A windows display program with millisecond accuracy</str>
                  <str>2013_Wang_Language dominance in translation priming: Evidence from balanced and unbalanced Chinese-English bilinguals</str>
                  <str>2010_Wang_Forster_Masked translation priming in semantic categorization: Testing the sense model</str>
                  <str>in press_Wang_Forster_Is translation priming asymmetry due to partial awareness?</str>
                  <str>2004_Yoon_Feinberg_Hu_Gutchess_Heddon_Chen_Jing_Cui_Park_Category norms as a function of age: Comparisons of items responses to 105 categories by American and Chinese adults</str>
               </arr>
               <str name="iris.references.allauthors">Wang (2013); Wang &amp; Forster (2010); Wang &amp; Forster (in press)</str>
               <arr name="iris.references.author">
                  <str>Finkbeiner, M.</str>
                  <str>Forster, Kenneth I.</str>
                  <str>Nicol, J.</str>
                  <str>Nakamura, K.</str>
                  <str>Forster, Kenneth I.</str>
                  <str>Forster, J. C.</str>
                  <str>Wang, Xin</str>
                  <str>Wang, Xin</str>
                  <str>Forster, Kenneth I.</str>
                  <str>Wang, Xin</str>
                  <str>Forster, Kenneth I.</str>
                  <str>Yoon, C.</str>
                  <str>Feinberg, F.</str>
                  <str>Hu, P.</str>
                  <str>Gutchess, A. H.</str>
                  <str>Heddon, T.</str>
                  <str>Chen, H.-Y.</str>
                  <str>Jing, Q.</str>
                  <str>Cui, Y.</str>
                  <str>Park, D. C.</str>
               </arr>
               <str name="iris.references.author.lastnames">finkbeinerforsternicolnakamuraforsterforsterwangwangforsterwangforsteryoonfeinberghugutchessheddonchenjingcuipark</str>
               <arr name="iris.references.author.noack">
                  <str>Wang, Xin</str>
                  <str>Wang, Xin</str>
                  <str>Forster, Kenneth I.</str>
                  <str>Wang, Xin</str>
                  <str>Forster, Kenneth I.</str>
               </arr>
               <arr name="iris.references.journal">
                  <str>The Quarterly Journal of Experimental Psychology</str>
                  <str>Bilingualism: Language and Cognition</str>
                  <str>Bilingualism: Language and Cognition</str>
               </arr>
               <arr name="iris.references.publicationDate">
                  <str>2004</str>
                  <str>2004</str>
                  <str>2013</str>
                  <str>2010</str>
                  <str>in press</str>
                  <str>2004</str>
               </arr>
               <arr name="iris.references.publicationDateStr">
                  <str>2004</str>
                  <str>2004</str>
                  <str>2013</str>
                  <str>2010</str>
                  <str>in press</str>
                  <str>2004</str>
               </arr>
               <arr name="iris.references.publicationType">
                  <str>Electronic Resource</str>
                  <str>Electronic Resource</str>
                  <str>Journal Article</str>
                  <str>Journal Article</str>
                  <str>Journal Article</str>
                  <str>Journal Article</str>
                  <str>Journal Article</str>
                  <str>Journal Article</str>
               </arr>
               <arr name="iris2.email">
                  <str>xin.wang@education.ox.ac.uk</str>
               </arr>
               <arr name="iris2.feedback.count">
                  <str>0</str>
               </arr>
               <str name="iris2.hasmaterials">Records with materials</str>
               <arr name="iris2.instrument.author">
                  <str>Wang, Xin</str>
               </arr>
               <arr name="iris2.instrument.instrumentType">
                  <str>Stimuli for laboratory studies</str>
                  <str>Visual</str>
                  <str>Verbal</str>
                  <str>Word list</str>
               </arr>
               <str name="iris2.instrument.instrumentType.alltypes">verbal stimuli for laboratory studies (visual - verbal)  word list word list  </str>
               <arr name="iris2.instrument.licence">
                  <str>Attribution-NonCommercial-ShareAlike</str>
               </arr>
               <str name="iris2.instrument.primaryInstrumentType">Stimuli for laboratory studies &gt; Visual &gt; Verbal</str>
               <arr name="iris2.instrument.researchArea">
                  <str>Cross-linguistic influence</str>
                  <str>Processing</str>
               </arr>
               <arr name="iris2.instrument.secondaryInstrumentType">
                  <str>Word list</str>
               </arr>
               <arr name="iris2.instrument.software">
                  <str>DMDX</str>
               </arr>
               <arr name="iris2.instrument.typeOfFile">
                  <str>Text</str>
                  <str>Software</str>
               </arr>
               <arr name="iris2.participants.firstLanguage">
                  <str>Chinese</str>
               </arr>
               <arr name="iris2.participants.participantType">
                  <str>Second language learners</str>
                  <str>Foreign language learners</str>
               </arr>
               <arr name="iris2.participants.targetLanguage">
                  <str>English</str>
               </arr>
               <arr name="iris2.referenceid">
                  <str>2004_Finkbeiner_Forster_Nicol_Nakamura_The role of polysemy in masked semantic and translation priming</str>
                  <str>2004_Forster_Forster_DMDX: A windows display program with millisecond accuracy</str>
                  <str>2013_Wang_Language dominance in translation priming: Evidence from balanced and unbalanced Chinese-English bilinguals</str>
                  <str>2010_Wang_Forster_Masked translation priming in semantic categorization: Testing the sense model</str>
                  <str>in press_Wang_Forster_Is translation priming asymmetry due to partial awareness?</str>
                  <str>2004_Yoon_Feinberg_Hu_Gutchess_Heddon_Chen_Jing_Cui_Park_Category norms as a function of age: Comparisons of items responses to 105 categories by American and Chinese adults</str>
               </arr>
               <str name="iris2.references.allauthors">Wang (2013); Wang &amp; Forster (2010); Wang &amp; Forster (in press)</str>
               <arr name="iris2.references.author">
                  <str>Finkbeiner, M.</str>
                  <str>Forster, Kenneth I.</str>
                  <str>Nicol, J.</str>
                  <str>Nakamura, K.</str>
                  <str>Forster, Kenneth I.</str>
                  <str>Forster, J. C.</str>
                  <str>Wang, Xin</str>
                  <str>Wang, Xin</str>
                  <str>Forster, Kenneth I.</str>
                  <str>Wang, Xin</str>
                  <str>Forster, Kenneth I.</str>
                  <str>Yoon, C.</str>
                  <str>Feinberg, F.</str>
                  <str>Hu, P.</str>
                  <str>Gutchess, A. H.</str>
                  <str>Heddon, T.</str>
                  <str>Chen, H.-Y.</str>
                  <str>Jing, Q.</str>
                  <str>Cui, Y.</str>
                  <str>Park, D. C.</str>
               </arr>
               <str name="iris2.references.author.lastnames">finkbeinerforsternicolnakamuraforsterforsterwangwangforsterwangforsteryoonfeinberghugutchessheddonchenjingcuipark</str>
               <arr name="iris2.references.journal">
                  <str>The Quarterly Journal of Experimental Psychology</str>
                  <str>Bilingualism: Language and Cognition</str>
                  <str>Bilingualism: Language and Cognition</str>
               </arr>
               <arr name="iris2.references.publicationDate">
                  <str>2004</str>
                  <str>2004</str>
                  <str>2013</str>
                  <str>2010</str>
                  <str>in press</str>
                  <str>2004</str>
               </arr>
               <arr name="iris2.references.publicationDateStr">
                  <str>2004</str>
                  <str>2004</str>
                  <str>2013</str>
                  <str>2010</str>
                  <str>in press</str>
                  <str>2004</str>
               </arr>
               <arr name="iris2.references.publicationLatestDate">
                  <str>2013</str>
               </arr>
               <arr name="iris2.references.publicationType">
                  <str>Electronic Resource</str>
                  <str>Electronic Resource</str>
                  <str>Journal Article</str>
                  <str>Journal Article</str>
                  <str>Journal Article</str>
                  <str>Journal Article</str>
                  <str>Journal Article</str>
                  <str>Journal Article</str>
               </arr>
               <arr name="oai_dc.dc_xsi:schemaLocation">
                  <str>http://www.openarchives.org/OAI/2.0/oai_dc/ http://www.openarchives.org/OAI/2.0/oai_dc.xsd</str>
                  <str>http://www.openarchives.org/OAI/2.0/oai_dc/ http://www.openarchives.org/OAI/2.0/oai_dc.xsd</str>
                  <str>http://www.openarchives.org/OAI/2.0/oai_dc/ http://www.openarchives.org/OAI/2.0/oai_dc.xsd</str>
               </arr>
            </doc>
         </result>
      </response>
   </solr>
   <files>
      <file id="INSTRUMENT" mime="application/pdf" url="https://www.iris-database.org/iris/api/resource/york:841174/asset/INSTRUMENT?download=true"/>
      <file id="INSTRUMENT1" mime="application/vnd.openxmlformats-officedocument.wordprocessingml.document" url="https://www.iris-database.org/iris/api/resource/york:841174/asset/INSTRUMENT1?download=true"/>
      <file id="INSTRUMENT4" mime="application/vnd.openxmlformats-officedocument.wordprocessingml.document" url="https://www.iris-database.org/iris/api/resource/york:841174/asset/INSTRUMENT4?download=true"/>
   </files>
</record>
