<?xml version="1.0" encoding="ISO-8859-1"?>

<record pid="york:852308">
   <solr>
      <response>
         <lst name="responseHeader">
            <int name="status">0</int>
            <int name="QTime">493</int>
            <lst name="params">
               <str name="q">PID:york?852308</str>
            </lst>
         </lst>
         <result name="response" numfound="1" start="0">
            <doc>
               <str name="PID">york:852308</str>
               <arr name="dc.creator">
                  <str>Cheng, A.C.</str>
               </arr>
               <arr name="dc.date">
                  <str>2004</str>
               </arr>
               <arr name="dc.identifier">
                  <str>york:852308</str>
               </arr>
               <arr name="dc.type">
                  <str>Instructional material / Intervention activities / Teaching activities</str>
                  <str>http://www.iris-database.org/Instruments</str>
               </arr>
               <arr name="dc2.creator">
                  <str>Cheng, A.C.</str>
               </arr>
               <arr name="dc2.date">
                  <str>2004</str>
               </arr>
               <arr name="dc2.identifier">
                  <str>york:852308</str>
               </arr>
               <arr name="dc2.type">
                  <str>Instructional material / Intervention activities / Teaching activities</str>
                  <str>http://www.iris-database.org/Instruments</str>
               </arr>
               <arr name="dc3.creator">
                  <str>Cheng, A.C.</str>
               </arr>
               <date name="fgs.createdDate">2015-03-25T16:07:43.454Z</date>
               <date name="fgs.dateCreated.sort">2015-03-25T16:07:43.454Z</date>
               <str name="fgs.label">IRIS Instrument created by YODL workflow.</str>
               <date name="fgs.lastModifiedDate">2015-03-25T16:07:49.736Z</date>
               <str name="fgs.ownerId">iris-a24a89bf-4c33-4fde-99ff-5f2121a5ba0f</str>
               <str name="fgs.state">Active</str>
               <arr name="iris.email">
                  <str>anchung.cheng@utoledo.edu</str>
               </arr>
               <arr name="iris.feedback.count">
                  <str>0</str>
               </arr>
               <str name="iris.hasmaterials">Records with information only (materials not yet held)</str>
               <arr name="iris.instrument.author">
                  <str>Cheng, A.C.</str>
               </arr>
               <arr name="iris.instrument.instrumentType">
                  <str>Instructional / Intervention / Teaching / Training materials</str>
               </arr>
               <str name="iris.instrument.instrumentType.alltypes">instructional / intervention / teaching / training materials instructional / intervention / teaching / training materials intervention materials,experimental teaching,experimental tasks,training tasks,intervention tasks </str>
               <arr name="iris.instrument.licence">
                  <str>Attribution-NonCommercial-ShareAlike</str>
               </arr>
               <arr name="iris.instrument.linguisticTarget">
                  <str>Verbs</str>
               </arr>
               <str name="iris.instrument.primaryInstrumentType">Instructional / Intervention / Teaching / Training materials</str>
               <arr name="iris.instrument.researchArea">
                  <str>Acquisition</str>
                  <str>Processing instruction</str>
                  <str>Teaching methods (style, approach, technique)</str>
               </arr>
               <arr name="iris.instrument.typeOfFile">
                  <str>Text</str>
               </arr>
               <arr name="iris.participants.participantType">
                  <str>Foreign language learners</str>
               </arr>
               <arr name="iris.participants.targetLanguage">
                  <str>Spanish</str>
               </arr>
               <arr name="iris.referenceid">
                  <str>2004_Cheng_Processing instruction and Spanish ser and estar: Forms with semantic-aspectual values</str>
               </arr>
               <str name="iris.references.allauthors">Cheng (2004)</str>
               <arr name="iris.references.author">
                  <str>Cheng, A.C.</str>
               </arr>
               <str name="iris.references.author.lastnames">cheng</str>
               <arr name="iris.references.author.noack">
                  <str>Cheng, A.C.</str>
               </arr>
               <arr name="iris.references.booktitle">
                  <str>Processing instruction and Spanish ser and estar: Forms with semantic-aspectual values</str>
                  <str>Processing instruction: Theory, research, and commentary</str>
               </arr>
               <arr name="iris.references.editor">
                  <str>VanPatten, B.</str>
               </arr>
               <arr name="iris.references.publicationDate">
                  <str>2004</str>
               </arr>
               <arr name="iris.references.publicationDateStr">
                  <str>2004</str>
               </arr>
               <arr name="iris.references.publicationType">
                  <str>Chapter</str>
               </arr>
               <arr name="iris2.email">
                  <str>anchung.cheng@utoledo.edu</str>
               </arr>
               <arr name="iris2.feedback.count">
                  <str>0</str>
               </arr>
               <str name="iris2.hasmaterials">Records with information only (materials not yet held)</str>
               <arr name="iris2.instrument.author">
                  <str>Cheng, A.C.</str>
               </arr>
               <arr name="iris2.instrument.instrumentType">
                  <str>Instructional / Intervention / Teaching / Training materials</str>
               </arr>
               <str name="iris2.instrument.instrumentType.alltypes">instructional / intervention / teaching / training materials instructional / intervention / teaching / training materials intervention materials,experimental teaching,experimental tasks,training tasks,intervention tasks </str>
               <arr name="iris2.instrument.licence">
                  <str>Attribution-NonCommercial-ShareAlike</str>
               </arr>
               <arr name="iris2.instrument.linguisticTarget">
                  <str>Verbs</str>
               </arr>
               <str name="iris2.instrument.primaryInstrumentType">Instructional / Intervention / Teaching / Training materials</str>
               <arr name="iris2.instrument.researchArea">
                  <str>Acquisition</str>
                  <str>Processing instruction</str>
                  <str>Teaching methods (style, approach, technique)</str>
               </arr>
               <arr name="iris2.instrument.typeOfFile">
                  <str>Text</str>
               </arr>
               <arr name="iris2.participants.participantType">
                  <str>Foreign language learners</str>
               </arr>
               <arr name="iris2.participants.targetLanguage">
                  <str>Spanish</str>
               </arr>
               <arr name="iris2.referenceid">
                  <str>2004_Cheng_Processing instruction and Spanish ser and estar: Forms with semantic-aspectual values</str>
               </arr>
               <str name="iris2.references.allauthors">Cheng (2004)</str>
               <arr name="iris2.references.author">
                  <str>Cheng, A.C.</str>
               </arr>
               <str name="iris2.references.author.lastnames">cheng</str>
               <arr name="iris2.references.booktitle">
                  <str>Processing instruction and Spanish ser and estar: Forms with semantic-aspectual values</str>
                  <str>Processing instruction: Theory, research, and commentary</str>
               </arr>
               <arr name="iris2.references.editor">
                  <str>VanPatten, B.</str>
               </arr>
               <arr name="iris2.references.publicationDate">
                  <str>2004</str>
               </arr>
               <arr name="iris2.references.publicationDateStr">
                  <str>2004</str>
               </arr>
               <arr name="iris2.references.publicationLatestDate">
                  <str>2004</str>
               </arr>
               <arr name="iris2.references.publicationType">
                  <str>Chapter</str>
               </arr>
               <arr name="oai_dc.dc_xsi:schemaLocation">
                  <str>http://www.openarchives.org/OAI/2.0/oai_dc/ http://www.openarchives.org/OAI/2.0/oai_dc.xsd</str>
                  <str>http://www.openarchives.org/OAI/2.0/oai_dc/ http://www.openarchives.org/OAI/2.0/oai_dc.xsd</str>
               </arr>
            </doc>
         </result>
      </response>
   </solr>
   <files/>
</record>
