<?xml version="1.0" encoding="ISO-8859-1"?>

<record pid="york:838936">
   <solr>
      <response>
         <lst name="responseHeader">
            <int name="status">0</int>
            <int name="QTime">493</int>
            <lst name="params">
               <str name="q">PID:york?838936</str>
            </lst>
         </lst>
         <result name="response" numfound="1" start="0">
            <doc>
               <str name="PID">york:838936</str>
               <arr name="dc.creator">
                  <str>Williams, J</str>
                  <str>Leung, Janny H. C.</str>
               </arr>
               <arr name="dc.date">
                  <str>2014</str>
               </arr>
               <arr name="dc.identifier">
                  <str>york:838936</str>
               </arr>
               <arr name="dc.type">
                  <str>Stimuli for laboratory studies (visual - verbal)</str>
                  <str>http://www.iris-database.org/Instruments</str>
               </arr>
               <arr name="dc2.creator">
                  <str>Williams, J</str>
                  <str>Leung, Janny H. C.</str>
               </arr>
               <arr name="dc2.date">
                  <str>2014</str>
               </arr>
               <arr name="dc2.identifier">
                  <str>york:838936</str>
               </arr>
               <arr name="dc2.type">
                  <str>Stimuli for laboratory studies (visual - verbal)</str>
                  <str>http://www.iris-database.org/Instruments</str>
               </arr>
               <arr name="dc3.creator">
                  <str>Williams, J</str>
                  <str>Leung, Janny H. C.</str>
               </arr>
               <date name="fgs.createdDate">2014-12-02T15:22:59.339Z</date>
               <date name="fgs.dateCreated.sort">2014-12-02T15:22:59.339Z</date>
               <str name="fgs.label">IRIS Instrument created by YODL workflow.</str>
               <date name="fgs.lastModifiedDate">2017-06-10T15:11:35.744Z</date>
               <str name="fgs.ownerId">iris-8bd2866a-b695-4317-9567-4a4502303952</str>
               <str name="fgs.state">Active</str>
               <arr name="iris.email">
                  <str>jnw12@cam.ac.uk</str>
               </arr>
               <arr name="iris.feedback.count">
                  <str>0</str>
               </arr>
               <str name="iris.hasmaterials">Records with materials</str>
               <arr name="iris.instrument.author">
                  <str>Williams, J</str>
                  <str>Leung, Janny H. C.</str>
               </arr>
               <arr name="iris.instrument.instrumentType">
                  <str>Stimuli for laboratory studies</str>
                  <str>Visual</str>
                  <str>Verbal</str>
               </arr>
               <str name="iris.instrument.instrumentType.alltypes">verbal stimuli for laboratory studies (visual - verbal)  </str>
               <arr name="iris.instrument.licence">
                  <str>Attribution-NonCommercial-ShareAlike</str>
               </arr>
               <arr name="iris.instrument.linguisticTarget">
                  <str>Animacy</str>
                  <str>Articles</str>
               </arr>
               <str name="iris.instrument.primaryInstrumentType">Stimuli for laboratory studies &gt; Visual &gt; Verbal</str>
               <arr name="iris.instrument.researchArea">
                  <str>Acquisition</str>
                  <str>Cross-linguistic influence</str>
                  <str>Morphosyntax (grammar)</str>
                  <str>Implicit learning</str>
               </arr>
               <arr name="iris.instrument.software">
                  <str>EPrime</str>
                  <str>SuperLab</str>
               </arr>
               <arr name="iris.instrument.typeOfFile">
                  <str>Software</str>
               </arr>
               <arr name="iris.participants.firstLanguage">
                  <str>English</str>
                  <str>Chinese</str>
               </arr>
               <arr name="iris.participants.participantType">
                  <str>Native speakers</str>
               </arr>
               <arr name="iris.referenceid">
                  <str>2014_Leung_Williams_Crosslinguistic differences in implicit language learning</str>
               </arr>
               <str name="iris.references.allauthors">Leung &amp; Williams (2014)</str>
               <arr name="iris.references.author">
                  <str>Leung, Janny H. C.</str>
                  <str>Williams, J</str>
               </arr>
               <str name="iris.references.author.lastnames">leungwilliams</str>
               <arr name="iris.references.author.noack">
                  <str>Leung, Janny H. C.</str>
                  <str>Williams, J</str>
               </arr>
               <arr name="iris.references.journal">
                  <str>Studies in Second Language Acquisition</str>
               </arr>
               <arr name="iris.references.publicationDate">
                  <str>2014</str>
               </arr>
               <arr name="iris.references.publicationDateStr">
                  <str>2014</str>
               </arr>
               <arr name="iris.references.publicationType">
                  <str>Journal Article</str>
               </arr>
               <arr name="iris2.email">
                  <str>jnw12@cam.ac.uk</str>
               </arr>
               <arr name="iris2.feedback.count">
                  <str>0</str>
               </arr>
               <str name="iris2.hasmaterials">Records with materials</str>
               <arr name="iris2.instrument.author">
                  <str>Williams, J</str>
                  <str>Leung, Janny H. C.</str>
               </arr>
               <arr name="iris2.instrument.instrumentType">
                  <str>Stimuli for laboratory studies</str>
                  <str>Visual</str>
                  <str>Verbal</str>
               </arr>
               <str name="iris2.instrument.instrumentType.alltypes">verbal stimuli for laboratory studies (visual - verbal)  </str>
               <arr name="iris2.instrument.licence">
                  <str>Attribution-NonCommercial-ShareAlike</str>
               </arr>
               <arr name="iris2.instrument.linguisticTarget">
                  <str>Animacy</str>
                  <str>Articles</str>
               </arr>
               <str name="iris2.instrument.primaryInstrumentType">Stimuli for laboratory studies &gt; Visual &gt; Verbal</str>
               <arr name="iris2.instrument.researchArea">
                  <str>Acquisition</str>
                  <str>Cross-linguistic influence</str>
                  <str>Morphosyntax (grammar)</str>
                  <str>Implicit learning</str>
               </arr>
               <arr name="iris2.instrument.software">
                  <str>EPrime</str>
                  <str>SuperLab</str>
               </arr>
               <arr name="iris2.instrument.typeOfFile">
                  <str>Software</str>
               </arr>
               <arr name="iris2.participants.firstLanguage">
                  <str>English</str>
                  <str>Chinese</str>
               </arr>
               <arr name="iris2.participants.participantType">
                  <str>Native speakers</str>
               </arr>
               <arr name="iris2.referenceid">
                  <str>2014_Leung_Williams_Crosslinguistic differences in implicit language learning</str>
               </arr>
               <str name="iris2.references.allauthors">Leung &amp; Williams (2014)</str>
               <arr name="iris2.references.author">
                  <str>Leung, Janny H. C.</str>
                  <str>Williams, J</str>
               </arr>
               <str name="iris2.references.author.lastnames">leungwilliams</str>
               <arr name="iris2.references.journal">
                  <str>Studies in Second Language Acquisition</str>
               </arr>
               <arr name="iris2.references.publicationDate">
                  <str>2014</str>
               </arr>
               <arr name="iris2.references.publicationDateStr">
                  <str>2014</str>
               </arr>
               <arr name="iris2.references.publicationLatestDate">
                  <str>2014</str>
               </arr>
               <arr name="iris2.references.publicationType">
                  <str>Journal Article</str>
               </arr>
               <arr name="oai_dc.dc_xsi:schemaLocation">
                  <str>http://www.openarchives.org/OAI/2.0/oai_dc/ http://www.openarchives.org/OAI/2.0/oai_dc.xsd</str>
                  <str>http://www.openarchives.org/OAI/2.0/oai_dc/ http://www.openarchives.org/OAI/2.0/oai_dc.xsd</str>
                  <str>http://www.openarchives.org/OAI/2.0/oai_dc/ http://www.openarchives.org/OAI/2.0/oai_dc.xsd</str>
                  <str>http://www.openarchives.org/OAI/2.0/oai_dc/ http://www.openarchives.org/OAI/2.0/oai_dc.xsd</str>
                  <str>http://www.openarchives.org/OAI/2.0/oai_dc/ http://www.openarchives.org/OAI/2.0/oai_dc.xsd</str>
                  <str>http://www.openarchives.org/OAI/2.0/oai_dc/ http://www.openarchives.org/OAI/2.0/oai_dc.xsd</str>
               </arr>
            </doc>
         </result>
      </response>
   </solr>
   <files>
      <file id="INSTRUMENT" mime="application/octet-stream" url="https://www.iris-database.org/iris/api/resource/york:838936/asset/INSTRUMENT?download=true"/>
   </files>
</record>
