<?xml version="1.0" encoding="ISO-8859-1"?>

<record pid="york:807077">
   <solr>
      <response>
         <lst name="responseHeader">
            <int name="status">0</int>
            <int name="QTime">555</int>
            <lst name="params">
               <str name="q">PID:york?807077</str>
            </lst>
         </lst>
         <result name="response" numfound="1" start="0">
            <doc>
               <str name="PID">york:807077</str>
               <arr name="dc.creator">
                  <str>Kuzborska, Irena</str>
               </arr>
               <arr name="dc.date">
                  <str>2011</str>
               </arr>
               <str name="dc.title">A conceptual framework for a study of teacher practices and beliefs about reading</str>
               <str name="dc.title.sort">A conceptual framework for a study of teacher practices and beliefs about reading</str>
               <arr name="dc.type">
                  <str>Stimulated recall</str>
                  <str>Observation protocol/schedule</str>
                  <str>http://www.iris-database.org/Instruments</str>
               </arr>
               <arr name="dc2.creator">
                  <str>Kuzborska, Irena</str>
               </arr>
               <arr name="dc2.date">
                  <str>2011</str>
               </arr>
               <str name="dc2.title">A conceptual framework for a study of teacher practices and beliefs about reading</str>
               <arr name="dc2.type">
                  <str>Stimulated recall</str>
                  <str>Observation protocol/schedule</str>
                  <str>http://www.iris-database.org/Instruments</str>
               </arr>
               <arr name="dc3.creator">
                  <str>Kuzborska, Irena</str>
               </arr>
               <str name="dc3.title">A conceptual framework for a study of teacher practices and beliefs about reading</str>
               <date name="fgs.createdDate">2012-11-19T12:01:00.78Z</date>
               <date name="fgs.dateCreated.sort">2012-11-19T12:01:00.78Z</date>
               <str name="fgs.label">IRIS Instrument created by YODL workflow.</str>
               <date name="fgs.lastModifiedDate">2017-09-05T08:50:05.765Z</date>
               <str name="fgs.ownerId">iris-580a9f0f-ed9e-4f5f-be7e-877243bddfd0</str>
               <str name="fgs.state">Active</str>
               <arr name="iris.email">
                  <str>irkuzi@gmail.com</str>
               </arr>
               <arr name="iris.feedback.count">
                  <str>2</str>
               </arr>
               <arr name="iris.feedback.email_1">
                  <str>devayasg@hotmail.com</str>
               </arr>
               <arr name="iris.feedback.email_2">
                  <str>devayasg@hotmail.com</str>
               </arr>
               <arr name="iris.feedback.published_1">
                  <str>false</str>
               </arr>
               <arr name="iris.feedback.published_2">
                  <str>false</str>
               </arr>
               <arr name="iris.feedback.time_1">
                  <str>18 Jun 2013 19:57:31 GMT</str>
               </arr>
               <arr name="iris.feedback.time_2">
                  <str>18 Jun 2013 19:57:54 GMT</str>
               </arr>
               <str name="iris.hasmaterials">Records with materials</str>
               <arr name="iris.instrument.author">
                  <str>Kuzborska, Irena</str>
               </arr>
               <arr name="iris.instrument.funder">
                  <str>Economic and Social Research Council (ESRC)</str>
               </arr>
               <arr name="iris.instrument.instrumentType">
                  <str>Stimulated recall</str>
                  <str>Observation protocol / schedule</str>
               </arr>
               <str name="iris.instrument.instrumentType.alltypes">stimulated recall stimulated recall  observation protocol / schedule observation protocol / schedule observation schedule,observation protocol </str>
               <arr name="iris.instrument.licence">
                  <str>Attribution-NonCommercial-ShareAlike</str>
               </arr>
               <str name="iris.instrument.primaryInstrumentType">Observation protocol / schedule</str>
               <arr name="iris.instrument.researchArea">
                  <str>Teacher cognition</str>
                  <str>Teaching methods (style, approach, technique)</str>
               </arr>
               <arr name="iris.instrument.secondaryInstrumentType">
                  <str>Stimulated recall</str>
               </arr>
               <arr name="iris.instrument.title">
                  <str>A conceptual framework for a study of teacher practices and beliefs about reading</str>
               </arr>
               <arr name="iris.instrument.typeOfFile">
                  <str>Text</str>
               </arr>
               <arr name="iris.participants.participantType">
                  <str>Teachers</str>
               </arr>
               <arr name="iris.referenceid">
                  <str>2011_Kuzborska_Links between teachers&#8217; beliefs and practices and research on reading</str>
               </arr>
               <str name="iris.references.allauthors">Kuzborska (2011)</str>
               <arr name="iris.references.author">
                  <str>Kuzborska, Irena</str>
               </arr>
               <str name="iris.references.author.lastnames">kuzborska</str>
               <arr name="iris.references.author.noack">
                  <str>Kuzborska, Irena</str>
               </arr>
               <arr name="iris.references.journal">
                  <str>Reading in a Foreign Language</str>
               </arr>
               <arr name="iris.references.publicationDate">
                  <str>2011</str>
               </arr>
               <arr name="iris.references.publicationDateStr">
                  <str>2011</str>
               </arr>
               <arr name="iris.references.publicationType">
                  <str>Journal Article</str>
               </arr>
               <arr name="iris2.email">
                  <str>irkuzi@gmail.com</str>
               </arr>
               <arr name="iris2.feedback.count">
                  <str>2</str>
               </arr>
               <arr name="iris2.feedback.email_1">
                  <str>devayasg@hotmail.com</str>
               </arr>
               <arr name="iris2.feedback.email_2">
                  <str>devayasg@hotmail.com</str>
               </arr>
               <arr name="iris2.feedback.published_1">
                  <str>false</str>
               </arr>
               <arr name="iris2.feedback.published_2">
                  <str>false</str>
               </arr>
               <arr name="iris2.feedback.time_1">
                  <str>18 Jun 2013 19:57:31 GMT</str>
               </arr>
               <arr name="iris2.feedback.time_2">
                  <str>18 Jun 2013 19:57:54 GMT</str>
               </arr>
               <str name="iris2.hasmaterials">Records with materials</str>
               <arr name="iris2.instrument.author">
                  <str>Kuzborska, Irena</str>
               </arr>
               <arr name="iris2.instrument.funder">
                  <str>Economic and Social Research Council (ESRC)</str>
               </arr>
               <arr name="iris2.instrument.instrumentType">
                  <str>Stimulated recall</str>
                  <str>Observation protocol / schedule</str>
               </arr>
               <str name="iris2.instrument.instrumentType.alltypes">stimulated recall stimulated recall  observation protocol / schedule observation protocol / schedule observation schedule,observation protocol </str>
               <arr name="iris2.instrument.licence">
                  <str>Attribution-NonCommercial-ShareAlike</str>
               </arr>
               <str name="iris2.instrument.primaryInstrumentType">Observation protocol / schedule</str>
               <arr name="iris2.instrument.researchArea">
                  <str>Teacher cognition</str>
                  <str>Teaching methods (style, approach, technique)</str>
               </arr>
               <arr name="iris2.instrument.secondaryInstrumentType">
                  <str>Stimulated recall</str>
               </arr>
               <arr name="iris2.instrument.typeOfFile">
                  <str>Text</str>
               </arr>
               <arr name="iris2.participants.participantType">
                  <str>Teachers</str>
               </arr>
               <arr name="iris2.referenceid">
                  <str>2011_Kuzborska_Links between teachers&#8217; beliefs and practices and research on reading</str>
               </arr>
               <str name="iris2.references.allauthors">Kuzborska (2011)</str>
               <arr name="iris2.references.author">
                  <str>Kuzborska, Irena</str>
               </arr>
               <str name="iris2.references.author.lastnames">kuzborska</str>
               <arr name="iris2.references.journal">
                  <str>Reading in a Foreign Language</str>
               </arr>
               <arr name="iris2.references.publicationDate">
                  <str>2011</str>
               </arr>
               <arr name="iris2.references.publicationDateStr">
                  <str>2011</str>
               </arr>
               <arr name="iris2.references.publicationLatestDate">
                  <str>2011</str>
               </arr>
               <arr name="iris2.references.publicationType">
                  <str>Journal Article</str>
               </arr>
               <arr name="oai_dc.dc_xsi:schemaLocation">
                  <str>http://www.openarchives.org/OAI/2.0/oai_dc/ http://www.openarchives.org/OAI/2.0/oai_dc.xsd</str>
               </arr>
            </doc>
         </result>
      </response>
   </solr>
   <files>
      <file id="INSTRUMENT" mime="application/vnd.openxmlformats-officedocument.wordprocessingml.document" url="https://www.iris-database.org/iris/api/resource/york:807077/asset/INSTRUMENT?download=true"/>
   </files>
</record>
