<?xml version="1.0" encoding="ISO-8859-1"?>

<record pid="york:832568">
   <solr>
      <response>
         <lst name="responseHeader">
            <int name="status">0</int>
            <int name="QTime">475</int>
            <lst name="params">
               <str name="q">PID:york?832568</str>
            </lst>
         </lst>
         <result name="response" numfound="1" start="0">
            <doc>
               <str name="PID">york:832568</str>
               <arr name="dc.creator">
                  <str>Crosthwaite, P.</str>
               </arr>
               <arr name="dc.date">
                  <str>2014</str>
                  <str>1979</str>
               </arr>
               <arr name="dc.identifier">
                  <str>york:832568</str>
               </arr>
               <arr name="dc.type">
                  <str>Narration / Story retelling</str>
                  <str>Picture description</str>
                  <str>http://www.iris-database.org/Instruments</str>
               </arr>
               <arr name="dc2.creator">
                  <str>Crosthwaite, P.</str>
               </arr>
               <arr name="dc2.date">
                  <str>2014</str>
                  <str>1979</str>
               </arr>
               <arr name="dc2.identifier">
                  <str>york:832568</str>
               </arr>
               <arr name="dc2.type">
                  <str>Narration / Story retelling</str>
                  <str>Picture description</str>
                  <str>http://www.iris-database.org/Instruments</str>
               </arr>
               <arr name="dc3.creator">
                  <str>Crosthwaite, P.</str>
               </arr>
               <date name="fgs.createdDate">2014-10-15T11:52:32.297Z</date>
               <date name="fgs.dateCreated.sort">2014-10-15T11:52:32.297Z</date>
               <str name="fgs.label">IRIS Instrument created by YODL workflow.</str>
               <date name="fgs.lastModifiedDate">2017-11-02T14:32:08.754Z</date>
               <str name="fgs.ownerId">iris-580a9f0f-ed9e-4f5f-be7e-877243bddfd0</str>
               <str name="fgs.state">Active</str>
               <arr name="iris.email">
                  <str>drprc80@gmail.com</str>
               </arr>
               <arr name="iris.feedback.count">
                  <str>0</str>
               </arr>
               <str name="iris.hasmaterials">Records with materials</str>
               <arr name="iris.instrument.author">
                  <str>Crosthwaite, P.</str>
               </arr>
               <arr name="iris.instrument.instrumentType">
                  <str>Speaking test / Oral production test</str>
                  <str>Narration / Story retelling </str>
                  <str>Speaking test / Oral production test</str>
                  <str>Picture description</str>
               </arr>
               <str name="iris.instrument.instrumentType.alltypes">narration / story retelling  narration / story retelling   picture description picture description  </str>
               <arr name="iris.instrument.licence">
                  <str>Attribution-NonCommercial-ShareAlike</str>
               </arr>
               <arr name="iris.instrument.linguisticTarget">
                  <str>Articles</str>
               </arr>
               <str name="iris.instrument.primaryInstrumentType">Speaking test / Oral production test &gt; Narration / Story retelling </str>
               <arr name="iris.instrument.researchArea">
                  <str>Discourse</str>
                  <str>Cross-linguistic influence</str>
                  <str>Morphosyntax (grammar)</str>
                  <str>Native / Non-native</str>
                  <str>Acquisition</str>
               </arr>
               <arr name="iris.instrument.secondaryInstrumentType">
                  <str>Speaking test / Oral production test &gt; Picture description</str>
               </arr>
               <arr name="iris.instrument.typeOfFile">
                  <str>Still Image</str>
               </arr>
               <arr name="iris.participants.firstLanguage">
                  <str>Korean</str>
                  <str>Chinese</str>
               </arr>
               <arr name="iris.participants.participantType">
                  <str>Foreign language learners</str>
                  <str>Native speakers</str>
                  <str>Second language learners</str>
               </arr>
               <arr name="iris.participants.targetLanguage">
                  <str>English</str>
               </arr>
               <arr name="iris.referenceid">
                  <str>2014_Crosthwaite_Definite discourse - New reference in L1 and L2: A study of bridging in Mandarin, Korean, and English</str>
                  <str>1979_Stein_Glenn_An analysis of story comprehension in elementary school children</str>
               </arr>
               <str name="iris.references.allauthors">Crosthwaite (2014)</str>
               <arr name="iris.references.author">
                  <str>Crosthwaite, P.</str>
                  <str>Stein, N.</str>
                  <str>Glenn, C.</str>
               </arr>
               <str name="iris.references.author.lastnames">crosthwaitesteinglenn</str>
               <arr name="iris.references.author.noack">
                  <str>Crosthwaite, P.</str>
               </arr>
               <arr name="iris.references.journal">
                  <str>Language Learning</str>
               </arr>
               <arr name="iris.references.publicationDate">
                  <str>2014</str>
                  <str>1979</str>
               </arr>
               <arr name="iris.references.publicationDateStr">
                  <str>2014</str>
                  <str>1979</str>
               </arr>
               <arr name="iris.references.publicationType">
                  <str>Journal Article</str>
                  <str>Journal Article</str>
               </arr>
               <arr name="iris2.email">
                  <str>drprc80@gmail.com</str>
               </arr>
               <arr name="iris2.feedback.count">
                  <str>0</str>
               </arr>
               <str name="iris2.hasmaterials">Records with materials</str>
               <arr name="iris2.instrument.author">
                  <str>Crosthwaite, P.</str>
               </arr>
               <arr name="iris2.instrument.instrumentType">
                  <str>Speaking test / Oral production test</str>
                  <str>Narration / Story retelling </str>
                  <str>Speaking test / Oral production test</str>
                  <str>Picture description</str>
               </arr>
               <str name="iris2.instrument.instrumentType.alltypes">narration / story retelling  narration / story retelling   picture description picture description  </str>
               <arr name="iris2.instrument.licence">
                  <str>Attribution-NonCommercial-ShareAlike</str>
               </arr>
               <arr name="iris2.instrument.linguisticTarget">
                  <str>Articles</str>
               </arr>
               <str name="iris2.instrument.primaryInstrumentType">Speaking test / Oral production test &gt; Narration / Story retelling </str>
               <arr name="iris2.instrument.researchArea">
                  <str>Discourse</str>
                  <str>Cross-linguistic influence</str>
                  <str>Morphosyntax (grammar)</str>
                  <str>Native / Non-native</str>
                  <str>Acquisition</str>
               </arr>
               <arr name="iris2.instrument.secondaryInstrumentType">
                  <str>Speaking test / Oral production test &gt; Picture description</str>
               </arr>
               <arr name="iris2.instrument.typeOfFile">
                  <str>Still Image</str>
               </arr>
               <arr name="iris2.participants.firstLanguage">
                  <str>Korean</str>
                  <str>Chinese</str>
               </arr>
               <arr name="iris2.participants.participantType">
                  <str>Foreign language learners</str>
                  <str>Native speakers</str>
                  <str>Second language learners</str>
               </arr>
               <arr name="iris2.participants.targetLanguage">
                  <str>English</str>
               </arr>
               <arr name="iris2.referenceid">
                  <str>2014_Crosthwaite_Definite discourse - New reference in L1 and L2: A study of bridging in Mandarin, Korean, and English</str>
                  <str>1979_Stein_Glenn_An analysis of story comprehension in elementary school children</str>
               </arr>
               <str name="iris2.references.allauthors">Crosthwaite (2014)</str>
               <arr name="iris2.references.author">
                  <str>Crosthwaite, P.</str>
                  <str>Stein, N.</str>
                  <str>Glenn, C.</str>
               </arr>
               <str name="iris2.references.author.lastnames">crosthwaitesteinglenn</str>
               <arr name="iris2.references.journal">
                  <str>Language Learning</str>
               </arr>
               <arr name="iris2.references.publicationDate">
                  <str>2014</str>
                  <str>1979</str>
               </arr>
               <arr name="iris2.references.publicationDateStr">
                  <str>2014</str>
                  <str>1979</str>
               </arr>
               <arr name="iris2.references.publicationLatestDate">
                  <str>2014</str>
               </arr>
               <arr name="iris2.references.publicationType">
                  <str>Journal Article</str>
                  <str>Journal Article</str>
               </arr>
               <arr name="oai_dc.dc_xsi:schemaLocation">
                  <str>http://www.openarchives.org/OAI/2.0/oai_dc/ http://www.openarchives.org/OAI/2.0/oai_dc.xsd</str>
                  <str>http://www.openarchives.org/OAI/2.0/oai_dc/ http://www.openarchives.org/OAI/2.0/oai_dc.xsd</str>
                  <str>http://www.openarchives.org/OAI/2.0/oai_dc/ http://www.openarchives.org/OAI/2.0/oai_dc.xsd</str>
                  <str>http://www.openarchives.org/OAI/2.0/oai_dc/ http://www.openarchives.org/OAI/2.0/oai_dc.xsd</str>
                  <str>http://www.openarchives.org/OAI/2.0/oai_dc/ http://www.openarchives.org/OAI/2.0/oai_dc.xsd</str>
               </arr>
            </doc>
         </result>
      </response>
   </solr>
   <files>
      <file id="INSTRUMENT" mime="image/jpg" url="https://www.iris-database.org/iris/api/resource/york:832568/asset/INSTRUMENT?download=true"/>
   </files>
</record>
