<?xml version="1.0" encoding="ISO-8859-1"?>

<record pid="york:814964">
   <solr>
      <response>
         <lst name="responseHeader">
            <int name="status">0</int>
            <int name="QTime">475</int>
            <lst name="params">
               <str name="q">PID:york?814964</str>
            </lst>
         </lst>
         <result name="response" numfound="1" start="0">
            <doc>
               <str name="PID">york:814964</str>
               <arr name="dc.creator">
                  <str>Zuanazzi, Arianna</str>
               </arr>
               <arr name="dc.date">
                  <str>2013</str>
               </arr>
               <arr name="dc.description">
                  <str>Please note, these sentences are part of a pilot version of the study.</str>
               </arr>
               <arr name="dc.subject">
                  <str>Processing</str>
               </arr>
               <arr name="dc.type">
                  <str>Listening test</str>
                  <str>Picture matching test</str>
                  <str>Sentence manipulation test</str>
                  <str>http://www.iris-database.org/Instruments</str>
               </arr>
               <arr name="dc2.creator">
                  <str>Zuanazzi, Arianna</str>
               </arr>
               <arr name="dc2.date">
                  <str>2013</str>
               </arr>
               <arr name="dc2.description">
                  <str>Please note, these sentences are part of a pilot version of the study.</str>
               </arr>
               <arr name="dc2.subject">
                  <str>Processing</str>
               </arr>
               <arr name="dc2.type">
                  <str>Listening test</str>
                  <str>Picture matching test</str>
                  <str>Sentence manipulation test</str>
                  <str>http://www.iris-database.org/Instruments</str>
               </arr>
               <arr name="dc3.creator">
                  <str>Zuanazzi, Arianna</str>
               </arr>
               <arr name="dc3.subject">
                  <str>Processing</str>
               </arr>
               <date name="fgs.createdDate">2013-07-31T07:50:28.504Z</date>
               <date name="fgs.dateCreated.sort">2013-07-31T07:50:28.504Z</date>
               <str name="fgs.label">IRIS Instrument created by YODL workflow.</str>
               <date name="fgs.lastModifiedDate">2017-04-05T14:53:06.738Z</date>
               <str name="fgs.ownerId">iris-7e6eb449-6151-4459-b136-95916ca9b26b</str>
               <str name="fgs.state">Active</str>
               <arr name="iris.email">
                  <str>arianna.zuanazzi@gmail.com</str>
               </arr>
               <arr name="iris.feedback.count">
                  <str>0</str>
               </arr>
               <str name="iris.hasmaterials">Records with materials</str>
               <arr name="iris.instrument.author">
                  <str>Zuanazzi, Arianna</str>
               </arr>
               <arr name="iris.instrument.instrumentType">
                  <str>Listening / Aural test</str>
                  <str>Picture matching test</str>
                  <str>Sentence manipulation test</str>
               </arr>
               <str name="iris.instrument.instrumentType.alltypes">listening / aural test listening / aural test aural test picture matching test picture matching test  sentence manipulation test sentence manipulation test  </str>
               <arr name="iris.instrument.licence">
                  <str>Attribution-NonCommercial-ShareAlike</str>
               </arr>
               <str name="iris.instrument.notes">Please note, these sentences are part of a pilot version of the study.</str>
               <str name="iris.instrument.primaryInstrumentType">Sentence manipulation test</str>
               <arr name="iris.instrument.researchArea">
                  <str>Processing</str>
               </arr>
               <arr name="iris.instrument.secondaryInstrumentType">
                  <str>Listening / Aural test</str>
                  <str>Picture matching test</str>
               </arr>
               <arr name="iris.instrument.typeOfFile">
                  <str>Text</str>
               </arr>
               <arr name="iris.participants.firstLanguage">
                  <str>Chinese</str>
               </arr>
               <arr name="iris.participants.participantType">
                  <str>Second language learners</str>
               </arr>
               <arr name="iris.participants.targetLanguage">
                  <str>Italian</str>
               </arr>
               <arr name="iris.referenceid">
                  <str>2013_Zuanazzi_Rastelli_Il processing nella seconda lingua: teorie, dati sperimentali, didattica</str>
               </arr>
               <str name="iris.references.allauthors">Zuanazzi &amp; Rastelli (2013)</str>
               <arr name="iris.references.author">
                  <str>Zuanazzi, Arianna</str>
                  <str>Rastelli, Stefano</str>
               </arr>
               <str name="iris.references.author.lastnames">zuanazzirastelli</str>
               <arr name="iris.references.author.noack">
                  <str>Zuanazzi, Arianna</str>
                  <str>Rastelli, Stefano</str>
               </arr>
               <arr name="iris.references.placeOfPublication">
                  <str>Roma</str>
               </arr>
               <arr name="iris.references.publicationDate">
                  <str>2013</str>
               </arr>
               <arr name="iris.references.publicationDateStr">
                  <str>2013</str>
               </arr>
               <arr name="iris.references.publicationType">
                  <str>Book</str>
               </arr>
               <arr name="iris.references.publisher">
                  <str>Carocci</str>
               </arr>
               <arr name="iris2.email">
                  <str>arianna.zuanazzi@gmail.com</str>
               </arr>
               <arr name="iris2.feedback.count">
                  <str>0</str>
               </arr>
               <str name="iris2.hasmaterials">Records with materials</str>
               <arr name="iris2.instrument.author">
                  <str>Zuanazzi, Arianna</str>
               </arr>
               <arr name="iris2.instrument.instrumentType">
                  <str>Listening / Aural test</str>
                  <str>Picture matching test</str>
                  <str>Sentence manipulation test</str>
               </arr>
               <str name="iris2.instrument.instrumentType.alltypes">listening / aural test listening / aural test aural test picture matching test picture matching test  sentence manipulation test sentence manipulation test  </str>
               <arr name="iris2.instrument.licence">
                  <str>Attribution-NonCommercial-ShareAlike</str>
               </arr>
               <str name="iris2.instrument.primaryInstrumentType">Sentence manipulation test</str>
               <arr name="iris2.instrument.researchArea">
                  <str>Processing</str>
               </arr>
               <arr name="iris2.instrument.secondaryInstrumentType">
                  <str>Listening / Aural test</str>
                  <str>Picture matching test</str>
               </arr>
               <arr name="iris2.instrument.typeOfFile">
                  <str>Text</str>
               </arr>
               <arr name="iris2.participants.firstLanguage">
                  <str>Chinese</str>
               </arr>
               <arr name="iris2.participants.participantType">
                  <str>Second language learners</str>
               </arr>
               <arr name="iris2.participants.targetLanguage">
                  <str>Italian</str>
               </arr>
               <arr name="iris2.referenceid">
                  <str>2013_Zuanazzi_Rastelli_Il processing nella seconda lingua: teorie, dati sperimentali, didattica</str>
               </arr>
               <str name="iris2.references.allauthors">Zuanazzi &amp; Rastelli (2013)</str>
               <arr name="iris2.references.author">
                  <str>Zuanazzi, Arianna</str>
                  <str>Rastelli, Stefano</str>
               </arr>
               <str name="iris2.references.author.lastnames">zuanazzirastelli</str>
               <arr name="iris2.references.placeOfPublication">
                  <str>Roma</str>
               </arr>
               <arr name="iris2.references.publicationDate">
                  <str>2013</str>
               </arr>
               <arr name="iris2.references.publicationDateStr">
                  <str>2013</str>
               </arr>
               <arr name="iris2.references.publicationLatestDate">
                  <str>2013</str>
               </arr>
               <arr name="iris2.references.publicationType">
                  <str>Book</str>
               </arr>
               <arr name="iris2.references.publisher">
                  <str>Carocci</str>
               </arr>
               <arr name="oai_dc.dc_xsi:schemaLocation">
                  <str>http://www.openarchives.org/OAI/2.0/oai_dc/ http://www.openarchives.org/OAI/2.0/oai_dc.xsd</str>
               </arr>
            </doc>
         </result>
      </response>
   </solr>
   <files>
      <file id="INSTRUMENT" mime="application/pdf" url="https://www.iris-database.org/iris/api/resource/york:814964/asset/INSTRUMENT?download=true"/>
   </files>
</record>
