<?xml version="1.0" encoding="ISO-8859-1"?>

<record pid="york:29267">
   <solr>
      <response>
         <lst name="responseHeader">
            <int name="status">0</int>
            <int name="QTime">0</int>
            <lst name="params">
               <str name="q">PID:york?29267</str>
            </lst>
         </lst>
         <result name="response" numfound="1" start="0">
            <doc>
               <str name="PID">york:29267</str>
               <arr name="dc.creator">
                  <str>Mackey, Alison</str>
               </arr>
               <arr name="dc.date">
                  <str>2001</str>
               </arr>
               <arr name="dc.format">
                  <str>English</str>
               </arr>
               <arr name="dc.subject">
                  <str>Learner strategies</str>
                  <str>Learning style</str>
                  <str>Learner cognition</str>
               </arr>
               <arr name="dc.type">
                  <str>Observation protocol/schedule</str>
                  <str>http://www.iris-database.org/Instruments</str>
               </arr>
               <arr name="dc2.creator">
                  <str>Mackey, Alison</str>
               </arr>
               <arr name="dc2.date">
                  <str>2001</str>
               </arr>
               <arr name="dc2.format">
                  <str>English</str>
               </arr>
               <arr name="dc2.subject">
                  <str>Learner strategies</str>
                  <str>Learning style</str>
                  <str>Learner cognition</str>
               </arr>
               <arr name="dc2.type">
                  <str>Observation protocol/schedule</str>
                  <str>http://www.iris-database.org/Instruments</str>
               </arr>
               <arr name="dc3.creator">
                  <str>Mackey, Alison</str>
               </arr>
               <arr name="dc3.subject">
                  <str>Learner strategies</str>
                  <str>Learning style</str>
                  <str>Learner cognition</str>
               </arr>
               <date name="fgs.createdDate">2012-01-11T11:52:19.922Z</date>
               <date name="fgs.dateCreated.sort">2012-01-11T11:52:19.922Z</date>
               <str name="fgs.label">IRIS Instrument created by YODL workflow.</str>
               <date name="fgs.lastModifiedDate">2017-10-20T17:04:28.476Z</date>
               <str name="fgs.ownerId">fedoraAdmin</str>
               <str name="fgs.state">Active</str>
               <arr name="iris.email">
                  <str>mackeya@georgetown.edu</str>
               </arr>
               <arr name="iris.feedback.count">
                  <str>0</str>
               </arr>
               <str name="iris.hasmaterials">Records with materials</str>
               <arr name="iris.instrument.author">
                  <str>Mackey, Alison</str>
               </arr>
               <arr name="iris.instrument.instrumentType">
                  <str>Observation protocol / schedule</str>
               </arr>
               <str name="iris.instrument.instrumentType.alltypes">observation protocol / schedule observation protocol / schedule observation schedule,observation protocol </str>
               <arr name="iris.instrument.licence">
                  <str>Attribution-NonCommercial-ShareAlike</str>
               </arr>
               <str name="iris.instrument.primaryInstrumentType">Observation protocol / schedule</str>
               <arr name="iris.instrument.researchArea">
                  <str>Learner strategies</str>
                  <str>Learning style</str>
                  <str>Learner cognition</str>
               </arr>
               <arr name="iris.instrument.sourceLanguage">
                  <str>English</str>
               </arr>
               <arr name="iris.instrument.typeOfFile">
                  <str>Text</str>
               </arr>
               <arr name="iris.participants.gender">
                  <str>mixed</str>
               </arr>
               <arr name="iris.participants.participantType">
                  <str>Foreign language learners</str>
                  <str>Second language learners</str>
               </arr>
               <arr name="iris.participants.targetLanguage">
                  <str>English</str>
               </arr>
               <arr name="iris.referenceid">
                  <str>2001_Fujii_Mackey_McDonough_Tatsumi_Investigating learners&#8217; reports about the L2 classroom</str>
               </arr>
               <str name="iris.references.allauthors">Fujii, Mackey, et al. (2001)</str>
               <arr name="iris.references.author">
                  <str>Fujii, Akiko</str>
                  <str>Mackey, Alison</str>
                  <str>McDonough, Kim</str>
                  <str>Tatsumi, Tomoaki</str>
               </arr>
               <str name="iris.references.author.lastnames">fujiimackeymcdonoughtatsumi</str>
               <arr name="iris.references.author.noack">
                  <str>Fujii, Akiko</str>
                  <str>Mackey, Alison</str>
                  <str>McDonough, Kim</str>
                  <str>Tatsumi, Tomoaki</str>
               </arr>
               <arr name="iris.references.journal">
                  <str>International Review of Applied Linguistics</str>
               </arr>
               <arr name="iris.references.publicationDate">
                  <str>2001</str>
               </arr>
               <arr name="iris.references.publicationDateStr">
                  <str>2001</str>
               </arr>
               <arr name="iris.references.publicationType">
                  <str>Journal Article</str>
               </arr>
               <arr name="iris2.email">
                  <str>mackeya@georgetown.edu</str>
               </arr>
               <arr name="iris2.feedback.count">
                  <str>0</str>
               </arr>
               <str name="iris2.hasmaterials">Records with materials</str>
               <arr name="iris2.instrument.author">
                  <str>Mackey, Alison</str>
               </arr>
               <arr name="iris2.instrument.instrumentType">
                  <str>Observation protocol / schedule</str>
               </arr>
               <str name="iris2.instrument.instrumentType.alltypes">observation protocol / schedule observation protocol / schedule observation schedule,observation protocol </str>
               <arr name="iris2.instrument.licence">
                  <str>Attribution-NonCommercial-ShareAlike</str>
               </arr>
               <str name="iris2.instrument.primaryInstrumentType">Observation protocol / schedule</str>
               <arr name="iris2.instrument.researchArea">
                  <str>Learner strategies</str>
                  <str>Learning style</str>
                  <str>Learner cognition</str>
               </arr>
               <arr name="iris2.instrument.sourceLanguage">
                  <str>English</str>
               </arr>
               <arr name="iris2.instrument.typeOfFile">
                  <str>Text</str>
               </arr>
               <arr name="iris2.participants.gender">
                  <str>mixed</str>
               </arr>
               <arr name="iris2.participants.participantType">
                  <str>Foreign language learners</str>
                  <str>Second language learners</str>
               </arr>
               <arr name="iris2.participants.targetLanguage">
                  <str>English</str>
               </arr>
               <arr name="iris2.referenceid">
                  <str>2001_Fujii_Mackey_McDonough_Tatsumi_Investigating learners&#8217; reports about the L2 classroom</str>
               </arr>
               <str name="iris2.references.allauthors">Fujii, Mackey, et al. (2001)</str>
               <arr name="iris2.references.author">
                  <str>Fujii, Akiko</str>
                  <str>Mackey, Alison</str>
                  <str>McDonough, Kim</str>
                  <str>Tatsumi, Tomoaki</str>
               </arr>
               <str name="iris2.references.author.lastnames">fujiimackeymcdonoughtatsumi</str>
               <arr name="iris2.references.journal">
                  <str>International Review of Applied Linguistics</str>
               </arr>
               <arr name="iris2.references.publicationDate">
                  <str>2001</str>
               </arr>
               <arr name="iris2.references.publicationDateStr">
                  <str>2001</str>
               </arr>
               <arr name="iris2.references.publicationLatestDate">
                  <str>2001</str>
               </arr>
               <arr name="iris2.references.publicationType">
                  <str>Journal Article</str>
               </arr>
               <arr name="oai_dc.dc_xsi:schemaLocation">
                  <str>http://www.openarchives.org/OAI/2.0/oai_dc/ http://www.openarchives.org/OAI/2.0/oai_dc.xsd</str>
               </arr>
            </doc>
         </result>
      </response>
   </solr>
   <files>
      <file id="INSTRUMENT" mime="image/jpg" url="https://www.iris-database.org/iris/api/resource/york:29267/asset/INSTRUMENT?download=true"/>
      <file id="INSTRUMENT1" mime="image/jpg" url="https://www.iris-database.org/iris/api/resource/york:29267/asset/INSTRUMENT1?download=true"/>
      <file id="INSTRUMENT2" mime="image/jpg" url="https://www.iris-database.org/iris/api/resource/york:29267/asset/INSTRUMENT2?download=true"/>
   </files>
</record>
