<?xml version="1.0" encoding="ISO-8859-1"?>

<record pid="york:847425">
   <solr>
      <response>
         <lst name="responseHeader">
            <int name="status">0</int>
            <int name="QTime">528</int>
            <lst name="params">
               <str name="q">PID:york?847425</str>
            </lst>
         </lst>
         <result name="response" numfound="1" start="0">
            <doc>
               <str name="PID">york:847425</str>
               <arr name="dc.creator">
                  <str>Horwitz, Elaine</str>
               </arr>
               <arr name="dc.date">
                  <str>1988</str>
                  <str>1999</str>
                  <str>2012</str>
               </arr>
               <arr name="dc.identifier">
                  <str>york:847425</str>
               </arr>
               <str name="dc.title">BALLI questionnaire</str>
               <str name="dc.title.sort">BALLI questionnaire</str>
               <arr name="dc.type">
                  <str>Attitude questionnaire</str>
                  <str>http://www.iris-database.org/Instruments</str>
               </arr>
               <arr name="dc2.creator">
                  <str>Horwitz, Elaine</str>
               </arr>
               <arr name="dc2.date">
                  <str>1988</str>
                  <str>1999</str>
                  <str>2012</str>
               </arr>
               <arr name="dc2.identifier">
                  <str>york:847425</str>
               </arr>
               <str name="dc2.title">BALLI questionnaire</str>
               <arr name="dc2.type">
                  <str>Attitude questionnaire</str>
                  <str>http://www.iris-database.org/Instruments</str>
               </arr>
               <arr name="dc3.creator">
                  <str>Horwitz, Elaine</str>
               </arr>
               <str name="dc3.title">BALLI questionnaire</str>
               <date name="fgs.createdDate">2015-01-14T13:05:40.683Z</date>
               <date name="fgs.dateCreated.sort">2015-01-14T13:05:40.683Z</date>
               <str name="fgs.label">IRIS Instrument created by YODL workflow.</str>
               <date name="fgs.lastModifiedDate">2015-05-03T19:18:01.839Z</date>
               <str name="fgs.ownerId">iris-580a9f0f-ed9e-4f5f-be7e-877243bddfd0</str>
               <str name="fgs.state">Active</str>
               <arr name="iris.feedback.count">
                  <str>0</str>
               </arr>
               <str name="iris.hasmaterials">Records with information only (materials not yet held)</str>
               <arr name="iris.instrument.author">
                  <str>Horwitz, Elaine</str>
               </arr>
               <arr name="iris.instrument.dataType">
                  <str>Closed response format</str>
                  <str>Judgements</str>
               </arr>
               <arr name="iris.instrument.dataType.alternate">
                  <str/>
                  <str/>
               </arr>
               <arr name="iris.instrument.instrumentType">
                  <str>Questionnaire</str>
                  <str>Attitude questionnaire</str>
               </arr>
               <str name="iris.instrument.instrumentType.alltypes">attitude questionnaire attitude questionnaire  </str>
               <arr name="iris.instrument.licence">
                  <str>Attribution-NonCommercial-ShareAlike</str>
               </arr>
               <str name="iris.instrument.primaryInstrumentType">Questionnaire &gt; Attitude questionnaire</str>
               <arr name="iris.instrument.researchArea">
                  <str>Learner attitudes</str>
                  <str>Motivation</str>
               </arr>
               <arr name="iris.instrument.title">
                  <str>BALLI questionnaire</str>
               </arr>
               <arr name="iris.instrument.typeOfFile">
                  <str>Text</str>
               </arr>
               <arr name="iris.participants.participantType">
                  <str>Foreign language learners</str>
                  <str/>
               </arr>
               <arr name="iris.participants.targetLanguage">
                  <str>English</str>
               </arr>
               <arr name="iris.referenceid">
                  <str>1988_Horwitz_The beliefs about language learning of beginning university foreign language students</str>
                  <str>1999_Horwitz_Cultural and situational influences on foreign language learners' beliefs about language learning: A review of BALLI studies</str>
                  <str>2012_Jafari_Shokrpour_The beliefs of Iranian ESP students about language learning</str>
               </arr>
               <str name="iris.references.allauthors">Horwitz (1988); Horwitz (1999); Jafari &amp; Shokrpour (2012)</str>
               <arr name="iris.references.author">
                  <str>Horwitz, Elaine</str>
                  <str>Horwitz, Elaine</str>
                  <str>Jafari, Seyed Mohammad</str>
                  <str>Shokrpour, Nasrin</str>
               </arr>
               <str name="iris.references.author.lastnames">horwitzhorwitzjafarishokrpour</str>
               <arr name="iris.references.author.noack">
                  <str>Horwitz, Elaine</str>
                  <str>Horwitz, Elaine</str>
                  <str>Jafari, Seyed Mohammad</str>
                  <str>Shokrpour, Nasrin</str>
               </arr>
               <arr name="iris.references.journal">
                  <str>The Modern Language Journal</str>
                  <str>System</str>
                  <str>Journal of Educational and Social Research</str>
               </arr>
               <arr name="iris.references.publicationDate">
                  <str>1988</str>
                  <str>1999</str>
                  <str>2012</str>
               </arr>
               <arr name="iris.references.publicationDateStr">
                  <str>1988</str>
                  <str>1999</str>
                  <str>2012</str>
               </arr>
               <arr name="iris.references.publicationType">
                  <str>Journal Article</str>
                  <str>Journal Article</str>
                  <str>Journal Article</str>
               </arr>
               <arr name="iris2.feedback.count">
                  <str>0</str>
               </arr>
               <str name="iris2.hasmaterials">Records with information only (materials not yet held)</str>
               <arr name="iris2.instrument.author">
                  <str>Horwitz, Elaine</str>
               </arr>
               <arr name="iris2.instrument.dataType">
                  <str>Closed response format</str>
                  <str>Judgements</str>
               </arr>
               <arr name="iris2.instrument.instrumentType">
                  <str>Questionnaire</str>
                  <str>Attitude questionnaire</str>
               </arr>
               <str name="iris2.instrument.instrumentType.alltypes">attitude questionnaire attitude questionnaire  </str>
               <arr name="iris2.instrument.licence">
                  <str>Attribution-NonCommercial-ShareAlike</str>
               </arr>
               <str name="iris2.instrument.primaryInstrumentType">Questionnaire &gt; Attitude questionnaire</str>
               <arr name="iris2.instrument.researchArea">
                  <str>Learner attitudes</str>
                  <str>Motivation</str>
               </arr>
               <arr name="iris2.instrument.typeOfFile">
                  <str>Text</str>
               </arr>
               <arr name="iris2.participants.participantType">
                  <str>Foreign language learners</str>
                  <str/>
               </arr>
               <arr name="iris2.participants.targetLanguage">
                  <str>English</str>
               </arr>
               <arr name="iris2.referenceid">
                  <str>1988_Horwitz_The beliefs about language learning of beginning university foreign language students</str>
                  <str>1999_Horwitz_Cultural and situational influences on foreign language learners' beliefs about language learning: A review of BALLI studies</str>
                  <str>2012_Jafari_Shokrpour_The beliefs of Iranian ESP students about language learning</str>
               </arr>
               <str name="iris2.references.allauthors">Horwitz (1988); Horwitz (1999); Jafari &amp; Shokrpour (2012)</str>
               <arr name="iris2.references.author">
                  <str>Horwitz, Elaine</str>
                  <str>Horwitz, Elaine</str>
                  <str>Jafari, Seyed Mohammad</str>
                  <str>Shokrpour, Nasrin</str>
               </arr>
               <str name="iris2.references.author.lastnames">horwitzhorwitzjafarishokrpour</str>
               <arr name="iris2.references.journal">
                  <str>The Modern Language Journal</str>
                  <str>System</str>
                  <str>Journal of Educational and Social Research</str>
               </arr>
               <arr name="iris2.references.publicationDate">
                  <str>1988</str>
                  <str>1999</str>
                  <str>2012</str>
               </arr>
               <arr name="iris2.references.publicationDateStr">
                  <str>1988</str>
                  <str>1999</str>
                  <str>2012</str>
               </arr>
               <arr name="iris2.references.publicationLatestDate">
                  <str>2012</str>
               </arr>
               <arr name="iris2.references.publicationType">
                  <str>Journal Article</str>
                  <str>Journal Article</str>
                  <str>Journal Article</str>
               </arr>
               <arr name="oai_dc.dc_xsi:schemaLocation">
                  <str>http://www.openarchives.org/OAI/2.0/oai_dc/ http://www.openarchives.org/OAI/2.0/oai_dc.xsd</str>
                  <str>http://www.openarchives.org/OAI/2.0/oai_dc/ http://www.openarchives.org/OAI/2.0/oai_dc.xsd</str>
                  <str>http://www.openarchives.org/OAI/2.0/oai_dc/ http://www.openarchives.org/OAI/2.0/oai_dc.xsd</str>
               </arr>
            </doc>
         </result>
      </response>
   </solr>
   <files/>
</record>
