<?xml version="1.0" encoding="ISO-8859-1"?>

<record pid="york:815064">
   <solr>
      <response>
         <lst name="responseHeader">
            <int name="status">0</int>
            <int name="QTime">587</int>
            <lst name="params">
               <str name="q">PID:york?815064</str>
            </lst>
         </lst>
         <result name="response" numfound="1" start="0">
            <doc>
               <str name="PID">york:815064</str>
               <arr name="dc.creator">
                  <str>Shehadeh, Ali</str>
               </arr>
               <arr name="dc.date">
                  <str>1999</str>
                  <str>2001</str>
               </arr>
               <arr name="dc.subject">
                  <str>Acquisition</str>
               </arr>
               <arr name="dc.type">
                  <str>Communicative task</str>
                  <str>Communicative task</str>
                  <str>Information exchange tasks</str>
                  <str>Information gap tasks (e.g. spot difference, map task)</str>
                  <str>http://www.iris-database.org/Instruments</str>
               </arr>
               <arr name="dc2.creator">
                  <str>Shehadeh, Ali</str>
               </arr>
               <arr name="dc2.date">
                  <str>1999</str>
                  <str>2001</str>
               </arr>
               <arr name="dc2.subject">
                  <str>Acquisition</str>
               </arr>
               <arr name="dc2.type">
                  <str>Communicative task</str>
                  <str>Communicative task</str>
                  <str>Information exchange tasks</str>
                  <str>Information gap tasks (e.g. spot difference, map task)</str>
                  <str>http://www.iris-database.org/Instruments</str>
               </arr>
               <arr name="dc3.creator">
                  <str>Shehadeh, Ali</str>
               </arr>
               <arr name="dc3.subject">
                  <str>Acquisition</str>
               </arr>
               <date name="fgs.createdDate">2013-07-31T20:01:11.865Z</date>
               <date name="fgs.dateCreated.sort">2013-07-31T20:01:11.865Z</date>
               <str name="fgs.label">IRIS Instrument created by YODL workflow.</str>
               <date name="fgs.lastModifiedDate">2017-10-18T20:55:44.655Z</date>
               <str name="fgs.ownerId">iris-549e0ceb-c860-406b-9ed3-3ea9e472408e</str>
               <str name="fgs.state">Active</str>
               <arr name="iris.email">
                  <str>ali-shehadeh@uaeu.ac.ae</str>
               </arr>
               <arr name="iris.feedback.count">
                  <str>0</str>
               </arr>
               <str name="iris.hasmaterials">Records with materials</str>
               <arr name="iris.instrument.author">
                  <str>Shehadeh, Ali</str>
               </arr>
               <arr name="iris.instrument.instrumentType">
                  <str>Communicative / Interactive task</str>
                  <str>Communicative / Interactive task</str>
                  <str>Other task</str>
                  <str>Communicative / Interactive task</str>
                  <str>Information exchange</str>
                  <str>Communicative / Interactive task</str>
                  <str>Information gap</str>
               </arr>
               <str name="iris.instrument.instrumentType.alltypes">communicative / interactive task communicative / interactive task  other task communicative task  information exchange information exchange tasks  information gap information gap tasks (e.g. spot difference, map task)  </str>
               <arr name="iris.instrument.licence">
                  <str>Attribution-NonCommercial-ShareAlike</str>
               </arr>
               <str name="iris.instrument.primaryInstrumentType">Communicative / Interactive task</str>
               <arr name="iris.instrument.researchArea">
                  <str>Acquisition</str>
               </arr>
               <arr name="iris.instrument.secondaryInstrumentType">
                  <str>Communicative / Interactive task &gt; Other task</str>
                  <str>Communicative / Interactive task &gt; Information exchange</str>
                  <str>Communicative / Interactive task &gt; Information gap</str>
               </arr>
               <arr name="iris.instrument.typeOfFile">
                  <str>Sound</str>
                  <str>Video</str>
               </arr>
               <arr name="iris.participants.gender">
                  <str>mixed</str>
               </arr>
               <arr name="iris.participants.participantType">
                  <str>Foreign language learners</str>
               </arr>
               <arr name="iris.participants.proficiencyLearner">
                  <str>Intermediate</str>
               </arr>
               <arr name="iris.referenceid">
                  <str>1999_Shehadeh_Non-native speakers&#8217; production of modified comprehensible output and second language learning</str>
                  <str>2001_Shehadeh_Self- and other-initiated modified output during task-based interaction</str>
               </arr>
               <str name="iris.references.allauthors">Shehadeh (1999); Shehadeh (2001)</str>
               <arr name="iris.references.author">
                  <str>Shehadeh, Ali</str>
                  <str>Shehadeh, Ali</str>
               </arr>
               <str name="iris.references.author.lastnames">shehadehshehadeh</str>
               <arr name="iris.references.author.noack">
                  <str>Shehadeh, Ali</str>
                  <str>Shehadeh, Ali</str>
               </arr>
               <arr name="iris.references.journal">
                  <str>Language Learning</str>
                  <str>TESOL Quarterly</str>
               </arr>
               <arr name="iris.references.publicationDate">
                  <str>1999</str>
                  <str>2001</str>
               </arr>
               <arr name="iris.references.publicationDateStr">
                  <str>1999</str>
                  <str>2001</str>
               </arr>
               <arr name="iris.references.publicationType">
                  <str>Journal Article</str>
                  <str>Journal Article</str>
               </arr>
               <arr name="iris2.email">
                  <str>ali-shehadeh@uaeu.ac.ae</str>
               </arr>
               <arr name="iris2.feedback.count">
                  <str>0</str>
               </arr>
               <str name="iris2.hasmaterials">Records with materials</str>
               <arr name="iris2.instrument.author">
                  <str>Shehadeh, Ali</str>
               </arr>
               <arr name="iris2.instrument.instrumentType">
                  <str>Communicative / Interactive task</str>
                  <str>Communicative / Interactive task</str>
                  <str>Other task</str>
                  <str>Communicative / Interactive task</str>
                  <str>Information exchange</str>
                  <str>Communicative / Interactive task</str>
                  <str>Information gap</str>
               </arr>
               <str name="iris2.instrument.instrumentType.alltypes">communicative / interactive task communicative / interactive task  other task communicative task  information exchange information exchange tasks  information gap information gap tasks (e.g. spot difference, map task)  </str>
               <arr name="iris2.instrument.licence">
                  <str>Attribution-NonCommercial-ShareAlike</str>
               </arr>
               <str name="iris2.instrument.primaryInstrumentType">Communicative / Interactive task</str>
               <arr name="iris2.instrument.researchArea">
                  <str>Acquisition</str>
               </arr>
               <arr name="iris2.instrument.secondaryInstrumentType">
                  <str>Communicative / Interactive task &gt; Other task</str>
                  <str>Communicative / Interactive task &gt; Information exchange</str>
                  <str>Communicative / Interactive task &gt; Information gap</str>
               </arr>
               <arr name="iris2.instrument.typeOfFile">
                  <str>Sound</str>
                  <str>Video</str>
               </arr>
               <arr name="iris2.participants.gender">
                  <str>mixed</str>
               </arr>
               <arr name="iris2.participants.participantType">
                  <str>Foreign language learners</str>
               </arr>
               <arr name="iris2.participants.proficiencyLearner">
                  <str>Intermediate</str>
               </arr>
               <arr name="iris2.referenceid">
                  <str>1999_Shehadeh_Non-native speakers&#8217; production of modified comprehensible output and second language learning</str>
                  <str>2001_Shehadeh_Self- and other-initiated modified output during task-based interaction</str>
               </arr>
               <str name="iris2.references.allauthors">Shehadeh (1999); Shehadeh (2001)</str>
               <arr name="iris2.references.author">
                  <str>Shehadeh, Ali</str>
                  <str>Shehadeh, Ali</str>
               </arr>
               <str name="iris2.references.author.lastnames">shehadehshehadeh</str>
               <arr name="iris2.references.journal">
                  <str>Language Learning</str>
                  <str>TESOL Quarterly</str>
               </arr>
               <arr name="iris2.references.publicationDate">
                  <str>1999</str>
                  <str>2001</str>
               </arr>
               <arr name="iris2.references.publicationDateStr">
                  <str>1999</str>
                  <str>2001</str>
               </arr>
               <arr name="iris2.references.publicationLatestDate">
                  <str>2001</str>
               </arr>
               <arr name="iris2.references.publicationType">
                  <str>Journal Article</str>
                  <str>Journal Article</str>
               </arr>
               <arr name="oai_dc.dc_xsi:schemaLocation">
                  <str>http://www.openarchives.org/OAI/2.0/oai_dc/ http://www.openarchives.org/OAI/2.0/oai_dc.xsd</str>
               </arr>
            </doc>
         </result>
      </response>
   </solr>
   <files>
      <file id="INSTRUMENT" mime="application/pdf" url="https://www.iris-database.org/iris/api/resource/york:815064/asset/INSTRUMENT?download=true"/>
      <file id="INSTRUMENT1" mime="application/pdf" url="https://www.iris-database.org/iris/api/resource/york:815064/asset/INSTRUMENT1?download=true"/>
   </files>
</record>
