<?xml version="1.0" encoding="ISO-8859-1"?>

<record pid="york:822655">
   <solr>
      <response>
         <lst name="responseHeader">
            <int name="status">0</int>
            <int name="QTime">505</int>
            <lst name="params">
               <str name="q">PID:york?822655</str>
            </lst>
         </lst>
         <result name="response" numfound="1" start="0">
            <doc>
               <str name="PID">york:822655</str>
               <arr name="dc.creator">
                  <str>Kim, Youjin</str>
               </arr>
               <arr name="dc.date">
                  <str>2008</str>
               </arr>
               <arr name="dc.description">
                  <str>The text for the dictogloss task was adapted from a supplementary reading textbook for sixth-grade learners in South Korea. The text is based on the biography of Butterfly scholar 'Jumyong Suk'.</str>
               </arr>
               <arr name="dc.identifier">
                  <str>york:822655</str>
               </arr>
               <str name="dc.title">Dictogloss task</str>
               <str name="dc.title.sort">Dictogloss task</str>
               <arr name="dc.type">
                  <str>Dictogloss task</str>
                  <str>Concurrent think aloud</str>
                  <str>http://www.iris-database.org/Instruments</str>
               </arr>
               <arr name="dc2.creator">
                  <str>Kim, Youjin</str>
               </arr>
               <arr name="dc2.date">
                  <str>2008</str>
               </arr>
               <arr name="dc2.description">
                  <str>The text for the dictogloss task was adapted from a supplementary reading textbook for sixth-grade learners in South Korea. The text is based on the biography of Butterfly scholar 'Jumyong Suk'.</str>
               </arr>
               <arr name="dc2.identifier">
                  <str>york:822655</str>
               </arr>
               <str name="dc2.title">Dictogloss task</str>
               <arr name="dc2.type">
                  <str>Dictogloss task</str>
                  <str>Concurrent think aloud</str>
                  <str>http://www.iris-database.org/Instruments</str>
               </arr>
               <arr name="dc3.creator">
                  <str>Kim, Youjin</str>
               </arr>
               <str name="dc3.title">Dictogloss task</str>
               <date name="fgs.createdDate">2014-06-13T09:44:40.305Z</date>
               <date name="fgs.dateCreated.sort">2014-06-13T09:44:40.305Z</date>
               <str name="fgs.label">IRIS Instrument created by YODL workflow.</str>
               <date name="fgs.lastModifiedDate">2015-02-27T18:12:53.834Z</date>
               <str name="fgs.ownerId">iris-580a9f0f-ed9e-4f5f-be7e-877243bddfd0</str>
               <str name="fgs.state">Active</str>
               <arr name="iris.email">
                  <str>youjin.kim@nau.edu</str>
               </arr>
               <arr name="iris.feedback.count">
                  <str>0</str>
               </arr>
               <str name="iris.hasmaterials">Records with information only (materials not yet held)</str>
               <arr name="iris.instrument.author">
                  <str>Kim, Youjin</str>
               </arr>
               <arr name="iris.instrument.instrumentType">
                  <str>Dictogloss task</str>
                  <str>Introspective technique / Think-aloud protocol / Self-report</str>
                  <str>Concurrent think-aloud</str>
               </arr>
               <str name="iris.instrument.instrumentType.alltypes">dictogloss task dictogloss task  concurrent think-aloud concurrent think-aloud  </str>
               <arr name="iris.instrument.licence">
                  <str>Attribution-NonCommercial-ShareAlike</str>
               </arr>
               <str name="iris.instrument.notes">The text for the dictogloss task was adapted from a supplementary reading textbook for sixth-grade learners in South Korea. The text is based on the biography of Butterfly scholar 'Jumyong Suk'.</str>
               <str name="iris.instrument.primaryInstrumentType">Dictogloss task</str>
               <arr name="iris.instrument.researchArea">
                  <str>Acquisition</str>
                  <str>Effectiveness of teaching</str>
                  <str>Teaching methods (style, approach, technique)</str>
               </arr>
               <arr name="iris.instrument.secondaryInstrumentType">
                  <str>Introspective technique / Think-aloud protocol / Self-report &gt; Concurrent think-aloud</str>
               </arr>
               <arr name="iris.instrument.title">
                  <str>Dictogloss task</str>
               </arr>
               <arr name="iris.instrument.typeOfFile">
                  <str>Text</str>
               </arr>
               <arr name="iris.participants.firstLanguage">
                  <str>Chinese</str>
                  <str>Japanese</str>
                  <str>Kazakh</str>
                  <str>Nepali</str>
                  <str>Ukrainian</str>
                  <str>Vietnamese</str>
               </arr>
               <arr name="iris.participants.participantType">
                  <str>Second language learners</str>
                  <str/>
               </arr>
               <arr name="iris.participants.targetLanguage">
                  <str>Korean</str>
               </arr>
               <arr name="iris.referenceid">
                  <str>2008_Kim_The contribution of collaborative and individual tasks to the acquisition of L2 vocabulary</str>
               </arr>
               <str name="iris.references.allauthors">Kim (2008)</str>
               <arr name="iris.references.author">
                  <str>Kim, Youjin</str>
               </arr>
               <str name="iris.references.author.lastnames">kim</str>
               <arr name="iris.references.author.noack">
                  <str>Kim, Youjin</str>
               </arr>
               <arr name="iris.references.journal">
                  <str>The Modern Language Journal</str>
               </arr>
               <arr name="iris.references.publicationDate">
                  <str>2008</str>
               </arr>
               <arr name="iris.references.publicationDateStr">
                  <str>2008</str>
               </arr>
               <arr name="iris.references.publicationType">
                  <str>Journal Article</str>
               </arr>
               <arr name="iris2.email">
                  <str>youjin.kim@nau.edu</str>
               </arr>
               <arr name="iris2.feedback.count">
                  <str>0</str>
               </arr>
               <str name="iris2.hasmaterials">Records with information only (materials not yet held)</str>
               <arr name="iris2.instrument.author">
                  <str>Kim, Youjin</str>
               </arr>
               <arr name="iris2.instrument.instrumentType">
                  <str>Dictogloss task</str>
                  <str>Introspective technique / Think-aloud protocol / Self-report</str>
                  <str>Concurrent think-aloud</str>
               </arr>
               <str name="iris2.instrument.instrumentType.alltypes">dictogloss task dictogloss task  concurrent think-aloud concurrent think-aloud  </str>
               <arr name="iris2.instrument.licence">
                  <str>Attribution-NonCommercial-ShareAlike</str>
               </arr>
               <str name="iris2.instrument.primaryInstrumentType">Dictogloss task</str>
               <arr name="iris2.instrument.researchArea">
                  <str>Acquisition</str>
                  <str>Effectiveness of teaching</str>
                  <str>Teaching methods (style, approach, technique)</str>
               </arr>
               <arr name="iris2.instrument.secondaryInstrumentType">
                  <str>Introspective technique / Think-aloud protocol / Self-report &gt; Concurrent think-aloud</str>
               </arr>
               <arr name="iris2.instrument.typeOfFile">
                  <str>Text</str>
               </arr>
               <arr name="iris2.participants.firstLanguage">
                  <str>Chinese</str>
                  <str>Japanese</str>
                  <str>Kazakh</str>
                  <str>Nepali</str>
                  <str>Ukrainian</str>
                  <str>Vietnamese</str>
               </arr>
               <arr name="iris2.participants.participantType">
                  <str>Second language learners</str>
                  <str/>
               </arr>
               <arr name="iris2.participants.targetLanguage">
                  <str>Korean</str>
               </arr>
               <arr name="iris2.referenceid">
                  <str>2008_Kim_The contribution of collaborative and individual tasks to the acquisition of L2 vocabulary</str>
               </arr>
               <str name="iris2.references.allauthors">Kim (2008)</str>
               <arr name="iris2.references.author">
                  <str>Kim, Youjin</str>
               </arr>
               <str name="iris2.references.author.lastnames">kim</str>
               <arr name="iris2.references.journal">
                  <str>The Modern Language Journal</str>
               </arr>
               <arr name="iris2.references.publicationDate">
                  <str>2008</str>
               </arr>
               <arr name="iris2.references.publicationDateStr">
                  <str>2008</str>
               </arr>
               <arr name="iris2.references.publicationLatestDate">
                  <str>2008</str>
               </arr>
               <arr name="iris2.references.publicationType">
                  <str>Journal Article</str>
               </arr>
               <arr name="oai_dc.dc_xsi:schemaLocation">
                  <str>http://www.openarchives.org/OAI/2.0/oai_dc/ http://www.openarchives.org/OAI/2.0/oai_dc.xsd</str>
                  <str>http://www.openarchives.org/OAI/2.0/oai_dc/ http://www.openarchives.org/OAI/2.0/oai_dc.xsd</str>
                  <str>http://www.openarchives.org/OAI/2.0/oai_dc/ http://www.openarchives.org/OAI/2.0/oai_dc.xsd</str>
               </arr>
            </doc>
         </result>
      </response>
   </solr>
   <files/>
</record>
