<?xml version="1.0" encoding="ISO-8859-1"?>

<record pid="york:808917">
   <solr>
      <response>
         <lst name="responseHeader">
            <int name="status">0</int>
            <int name="QTime">534</int>
            <lst name="params">
               <str name="q">PID:york?808917</str>
            </lst>
         </lst>
         <result name="response" numfound="1" start="0">
            <doc>
               <str name="PID">york:808917</str>
               <arr name="dc.creator">
                  <str>Oliver, Rhonda</str>
                  <str>Purdie, Nola</str>
               </arr>
               <arr name="dc.date">
                  <str>2002</str>
               </arr>
               <arr name="dc.format">
                  <str>English</str>
               </arr>
               <arr name="dc.identifier">
                  <str>york:808917</str>
               </arr>
               <arr name="dc.type">
                  <str>Self-efficacy questionnaire</str>
                  <str>Attitude questionnaire</str>
                  <str>http://www.iris-database.org/Instruments</str>
               </arr>
               <arr name="dc2.creator">
                  <str>Oliver, Rhonda</str>
                  <str>Purdie, Nola</str>
               </arr>
               <arr name="dc2.date">
                  <str>2002</str>
               </arr>
               <arr name="dc2.format">
                  <str>English</str>
               </arr>
               <arr name="dc2.identifier">
                  <str>york:808917</str>
               </arr>
               <arr name="dc2.type">
                  <str>Self-efficacy questionnaire</str>
                  <str>Attitude questionnaire</str>
                  <str>http://www.iris-database.org/Instruments</str>
               </arr>
               <arr name="dc3.creator">
                  <str>Oliver, Rhonda</str>
                  <str>Purdie, Nola</str>
               </arr>
               <date name="fgs.createdDate">2013-03-19T08:20:10.265Z</date>
               <date name="fgs.dateCreated.sort">2013-03-19T08:20:10.265Z</date>
               <str name="fgs.label">IRIS Instrument created by YODL workflow.</str>
               <date name="fgs.lastModifiedDate">2017-11-13T02:05:50.662Z</date>
               <str name="fgs.ownerId">iris-580a9f0f-ed9e-4f5f-be7e-877243bddfd0</str>
               <str name="fgs.state">Active</str>
               <arr name="iris.feedback.count">
                  <str>0</str>
               </arr>
               <str name="iris.hasmaterials">Records with materials</str>
               <arr name="iris.instrument.author">
                  <str>Oliver, Rhonda</str>
                  <str>Purdie, Nola</str>
               </arr>
               <arr name="iris.instrument.dataType">
                  <str>Closed response format</str>
               </arr>
               <arr name="iris.instrument.dataType.alternate">
                  <str/>
               </arr>
               <arr name="iris.instrument.instrumentType">
                  <str>Questionnaire</str>
                  <str>Self-efficacy questionnaire</str>
                  <str>Questionnaire</str>
                  <str>Attitude questionnaire</str>
               </arr>
               <str name="iris.instrument.instrumentType.alltypes">self-efficacy questionnaire self-efficacy questionnaire  attitude questionnaire attitude questionnaire  </str>
               <arr name="iris.instrument.licence">
                  <str>Attribution-NonCommercial-ShareAlike</str>
               </arr>
               <str name="iris.instrument.primaryInstrumentType">Questionnaire &gt; Attitude questionnaire</str>
               <arr name="iris.instrument.researchArea">
                  <str>Learner attitudes</str>
                  <str>Self-efficacy</str>
               </arr>
               <arr name="iris.instrument.secondaryInstrumentType">
                  <str>Questionnaire &gt; Self-efficacy questionnaire</str>
               </arr>
               <arr name="iris.instrument.sourceLanguage">
                  <str>English</str>
               </arr>
               <arr name="iris.instrument.typeOfFile">
                  <str>Text</str>
               </arr>
               <arr name="iris.participants.participantType">
                  <str>Bi-dialectal learners</str>
               </arr>
               <arr name="iris.referenceid">
                  <str>2002_Purdie_Oliver_Collard_Rochecouste_Attitudes of primary school Australian Aboriginal children to their linguistic codes</str>
               </arr>
               <str name="iris.references.allauthors">Purdie, Oliver, et al. (2002)</str>
               <arr name="iris.references.author">
                  <str>Purdie, Nola</str>
                  <str>Oliver, Rhonda</str>
                  <str>Collard, Glenys</str>
                  <str>Rochecouste, Judith</str>
               </arr>
               <str name="iris.references.author.lastnames">purdieolivercollardrochecouste</str>
               <arr name="iris.references.author.noack">
                  <str>Purdie, Nola</str>
                  <str>Oliver, Rhonda</str>
                  <str>Collard, Glenys</str>
                  <str>Rochecouste, Judith</str>
               </arr>
               <arr name="iris.references.journal">
                  <str>Journal of Language and Social Psychology</str>
               </arr>
               <arr name="iris.references.publicationDate">
                  <str>2002</str>
               </arr>
               <arr name="iris.references.publicationDateStr">
                  <str>2002</str>
               </arr>
               <arr name="iris.references.publicationType">
                  <str>Journal Article</str>
               </arr>
               <arr name="iris2.feedback.count">
                  <str>0</str>
               </arr>
               <str name="iris2.hasmaterials">Records with materials</str>
               <arr name="iris2.instrument.author">
                  <str>Oliver, Rhonda</str>
                  <str>Purdie, Nola</str>
               </arr>
               <arr name="iris2.instrument.dataType">
                  <str>Closed response format</str>
               </arr>
               <arr name="iris2.instrument.instrumentType">
                  <str>Questionnaire</str>
                  <str>Self-efficacy questionnaire</str>
                  <str>Questionnaire</str>
                  <str>Attitude questionnaire</str>
               </arr>
               <str name="iris2.instrument.instrumentType.alltypes">self-efficacy questionnaire self-efficacy questionnaire  attitude questionnaire attitude questionnaire  </str>
               <arr name="iris2.instrument.licence">
                  <str>Attribution-NonCommercial-ShareAlike</str>
               </arr>
               <str name="iris2.instrument.primaryInstrumentType">Questionnaire &gt; Attitude questionnaire</str>
               <arr name="iris2.instrument.researchArea">
                  <str>Learner attitudes</str>
                  <str>Self-efficacy</str>
               </arr>
               <arr name="iris2.instrument.secondaryInstrumentType">
                  <str>Questionnaire &gt; Self-efficacy questionnaire</str>
               </arr>
               <arr name="iris2.instrument.sourceLanguage">
                  <str>English</str>
               </arr>
               <arr name="iris2.instrument.typeOfFile">
                  <str>Text</str>
               </arr>
               <arr name="iris2.participants.participantType">
                  <str>Bi-dialectal learners</str>
               </arr>
               <arr name="iris2.referenceid">
                  <str>2002_Purdie_Oliver_Collard_Rochecouste_Attitudes of primary school Australian Aboriginal children to their linguistic codes</str>
               </arr>
               <str name="iris2.references.allauthors">Purdie, Oliver, et al. (2002)</str>
               <arr name="iris2.references.author">
                  <str>Purdie, Nola</str>
                  <str>Oliver, Rhonda</str>
                  <str>Collard, Glenys</str>
                  <str>Rochecouste, Judith</str>
               </arr>
               <str name="iris2.references.author.lastnames">purdieolivercollardrochecouste</str>
               <arr name="iris2.references.journal">
                  <str>Journal of Language and Social Psychology</str>
               </arr>
               <arr name="iris2.references.publicationDate">
                  <str>2002</str>
               </arr>
               <arr name="iris2.references.publicationDateStr">
                  <str>2002</str>
               </arr>
               <arr name="iris2.references.publicationLatestDate">
                  <str>2002</str>
               </arr>
               <arr name="iris2.references.publicationType">
                  <str>Journal Article</str>
               </arr>
               <arr name="oai_dc.dc_xsi:schemaLocation">
                  <str>http://www.openarchives.org/OAI/2.0/oai_dc/ http://www.openarchives.org/OAI/2.0/oai_dc.xsd</str>
                  <str>http://www.openarchives.org/OAI/2.0/oai_dc/ http://www.openarchives.org/OAI/2.0/oai_dc.xsd</str>
               </arr>
            </doc>
         </result>
      </response>
   </solr>
   <files>
      <file id="INSTRUMENT" mime="application/octet-stream" url="https://www.iris-database.org/iris/api/resource/york:808917/asset/INSTRUMENT?download=true"/>
   </files>
</record>
