<?xml version="1.0" encoding="ISO-8859-1"?>

<record pid="york:847403">
   <solr>
      <response>
         <lst name="responseHeader">
            <int name="status">0</int>
            <int name="QTime">469</int>
            <lst name="params">
               <str name="q">PID:york?847403</str>
            </lst>
         </lst>
         <result name="response" numfound="1" start="0">
            <doc>
               <str name="PID">york:847403</str>
               <arr name="dc.creator">
                  <str>Kahng, Jimin</str>
               </arr>
               <arr name="dc.date">
                  <str>2014</str>
               </arr>
               <arr name="dc.description">
                  <str>The spontaneous speech elicitation questions and language background questionnaire used in this study are linked in IRIS. A stimulated recall task was also conducted within this study.</str>
               </arr>
               <arr name="dc.identifier">
                  <str>york:847403</str>
               </arr>
               <str name="dc.title">L2 learning background questionnaire</str>
               <str name="dc.title.sort">L2 learning background questionnaire</str>
               <arr name="dc.type">
                  <str>Language background questionnaire</str>
                  <str>http://www.iris-database.org/Instruments</str>
               </arr>
               <arr name="dc2.creator">
                  <str>Kahng, Jimin</str>
               </arr>
               <arr name="dc2.date">
                  <str>2014</str>
               </arr>
               <arr name="dc2.description">
                  <str>The spontaneous speech elicitation questions and language background questionnaire used in this study are linked in IRIS. A stimulated recall task was also conducted within this study.</str>
               </arr>
               <arr name="dc2.identifier">
                  <str>york:847403</str>
               </arr>
               <str name="dc2.title">L2 learning background questionnaire</str>
               <arr name="dc2.type">
                  <str>Language background questionnaire</str>
                  <str>http://www.iris-database.org/Instruments</str>
               </arr>
               <arr name="dc3.creator">
                  <str>Kahng, Jimin</str>
               </arr>
               <str name="dc3.title">L2 learning background questionnaire</str>
               <date name="fgs.createdDate">2015-01-08T14:35:28.04Z</date>
               <date name="fgs.dateCreated.sort">2015-01-08T14:35:28.04Z</date>
               <str name="fgs.label">IRIS Instrument created by YODL workflow.</str>
               <date name="fgs.lastModifiedDate">2015-01-08T14:35:37.988Z</date>
               <str name="fgs.ownerId">iris-5a53f875-7488-4f75-b2eb-73d764f00b4e</str>
               <str name="fgs.state">Active</str>
               <arr name="iris.email">
                  <str>J-Kahng@neiu.edu</str>
               </arr>
               <arr name="iris.feedback.count">
                  <str>0</str>
               </arr>
               <str name="iris.hasmaterials">Records with information only (materials not yet held)</str>
               <arr name="iris.instrument.author">
                  <str>Kahng, Jimin</str>
               </arr>
               <arr name="iris.instrument.instrumentType">
                  <str>Questionnaire</str>
                  <str>Language background questionnaire</str>
               </arr>
               <str name="iris.instrument.instrumentType.alltypes">language background questionnaire language background questionnaire  </str>
               <arr name="iris.instrument.licence">
                  <str>Attribution-NonCommercial-ShareAlike</str>
               </arr>
               <str name="iris.instrument.notes">The spontaneous speech elicitation questions and language background questionnaire used in this study are linked in IRIS. A stimulated recall task was also conducted within this study.</str>
               <str name="iris.instrument.primaryInstrumentType">Questionnaire &gt; Language background questionnaire</str>
               <arr name="iris.instrument.researchArea">
                  <str>Fluency</str>
                  <str>Proficiency</str>
                  <str>Speaking / Oral production</str>
               </arr>
               <arr name="iris.instrument.title">
                  <str>L2 learning background questionnaire</str>
               </arr>
               <arr name="iris.instrument.typeOfFile">
                  <str>Text</str>
               </arr>
               <arr name="iris.participants.firstLanguage">
                  <str>Korean</str>
               </arr>
               <arr name="iris.participants.participantType">
                  <str/>
                  <str>Second language learners</str>
               </arr>
               <arr name="iris.participants.targetLanguage">
                  <str>English</str>
               </arr>
               <arr name="iris.referenceid">
                  <str>2014_Kahng_Exploring utterance and cognitive fluency of L1 and L2 English speakers: Temporal measures and stimulated recall</str>
               </arr>
               <str name="iris.references.allauthors">Kahng (2014)</str>
               <arr name="iris.references.author">
                  <str>Kahng, Jimin</str>
               </arr>
               <str name="iris.references.author.lastnames">kahng</str>
               <arr name="iris.references.author.noack">
                  <str>Kahng, Jimin</str>
               </arr>
               <arr name="iris.references.journal">
                  <str>Language Learning</str>
               </arr>
               <arr name="iris.references.publicationDate">
                  <str>2014</str>
               </arr>
               <arr name="iris.references.publicationDateStr">
                  <str>2014</str>
               </arr>
               <arr name="iris.references.publicationType">
                  <str>Journal Article</str>
               </arr>
               <arr name="iris2.email">
                  <str>J-Kahng@neiu.edu</str>
               </arr>
               <arr name="iris2.feedback.count">
                  <str>0</str>
               </arr>
               <str name="iris2.hasmaterials">Records with information only (materials not yet held)</str>
               <arr name="iris2.instrument.author">
                  <str>Kahng, Jimin</str>
               </arr>
               <arr name="iris2.instrument.instrumentType">
                  <str>Questionnaire</str>
                  <str>Language background questionnaire</str>
               </arr>
               <str name="iris2.instrument.instrumentType.alltypes">language background questionnaire language background questionnaire  </str>
               <arr name="iris2.instrument.licence">
                  <str>Attribution-NonCommercial-ShareAlike</str>
               </arr>
               <str name="iris2.instrument.primaryInstrumentType">Questionnaire &gt; Language background questionnaire</str>
               <arr name="iris2.instrument.researchArea">
                  <str>Fluency</str>
                  <str>Proficiency</str>
                  <str>Speaking / Oral production</str>
               </arr>
               <arr name="iris2.instrument.typeOfFile">
                  <str>Text</str>
               </arr>
               <arr name="iris2.participants.firstLanguage">
                  <str>Korean</str>
               </arr>
               <arr name="iris2.participants.participantType">
                  <str/>
                  <str>Second language learners</str>
               </arr>
               <arr name="iris2.participants.targetLanguage">
                  <str>English</str>
               </arr>
               <arr name="iris2.referenceid">
                  <str>2014_Kahng_Exploring utterance and cognitive fluency of L1 and L2 English speakers: Temporal measures and stimulated recall</str>
               </arr>
               <str name="iris2.references.allauthors">Kahng (2014)</str>
               <arr name="iris2.references.author">
                  <str>Kahng, Jimin</str>
               </arr>
               <str name="iris2.references.author.lastnames">kahng</str>
               <arr name="iris2.references.journal">
                  <str>Language Learning</str>
               </arr>
               <arr name="iris2.references.publicationDate">
                  <str>2014</str>
               </arr>
               <arr name="iris2.references.publicationDateStr">
                  <str>2014</str>
               </arr>
               <arr name="iris2.references.publicationLatestDate">
                  <str>2014</str>
               </arr>
               <arr name="iris2.references.publicationType">
                  <str>Journal Article</str>
               </arr>
               <arr name="oai_dc.dc_xsi:schemaLocation">
                  <str>http://www.openarchives.org/OAI/2.0/oai_dc/ http://www.openarchives.org/OAI/2.0/oai_dc.xsd</str>
                  <str>http://www.openarchives.org/OAI/2.0/oai_dc/ http://www.openarchives.org/OAI/2.0/oai_dc.xsd</str>
               </arr>
            </doc>
         </result>
      </response>
   </solr>
   <files/>
</record>
