<?xml version="1.0" encoding="ISO-8859-1"?>

<record pid="york:816711">
   <solr>
      <response>
         <lst name="responseHeader">
            <int name="status">0</int>
            <int name="QTime">480</int>
            <lst name="params">
               <str name="q">PID:york?816711</str>
            </lst>
         </lst>
         <result name="response" numfound="1" start="0">
            <doc>
               <str name="PID">york:816711</str>
               <arr name="dc.creator">
                  <str>Jacobsen, Natalia</str>
               </arr>
               <arr name="dc.date">
                  <str>2008</str>
               </arr>
               <arr name="dc.format">
                  <str>English</str>
               </arr>
               <arr name="dc.type">
                  <str>Instructional material / Intervention activities / Teaching activities</str>
                  <str>http://www.iris-database.org/Instruments</str>
               </arr>
               <arr name="dc2.creator">
                  <str>Jacobsen, Natalia</str>
               </arr>
               <arr name="dc2.date">
                  <str>2008</str>
               </arr>
               <arr name="dc2.format">
                  <str>English</str>
               </arr>
               <arr name="dc2.type">
                  <str>Instructional material / Intervention activities / Teaching activities</str>
                  <str>http://www.iris-database.org/Instruments</str>
               </arr>
               <arr name="dc3.creator">
                  <str>Jacobsen, Natalia</str>
               </arr>
               <date name="fgs.createdDate">2013-10-11T16:40:24.188Z</date>
               <date name="fgs.dateCreated.sort">2013-10-11T16:40:24.188Z</date>
               <str name="fgs.label">IRIS Instrument created by YODL workflow.</str>
               <date name="fgs.lastModifiedDate">2017-10-18T16:47:46.493Z</date>
               <str name="fgs.ownerId">iris-9a1087a4-0988-4ed2-9d25-f1356669a49b</str>
               <str name="fgs.state">Active</str>
               <arr name="iris.email">
                  <str>ndj5@georgetown.edu</str>
               </arr>
               <arr name="iris.feedback.count">
                  <str>0</str>
               </arr>
               <str name="iris.hasmaterials">Records with materials</str>
               <arr name="iris.instrument.author">
                  <str>Jacobsen, Natalia</str>
               </arr>
               <arr name="iris.instrument.instrumentType">
                  <str>Instructional / Intervention / Teaching / Training materials</str>
               </arr>
               <str name="iris.instrument.instrumentType.alltypes">instructional / intervention / teaching / training materials instructional / intervention / teaching / training materials intervention materials,experimental teaching,experimental tasks,training tasks,intervention tasks </str>
               <arr name="iris.instrument.licence">
                  <str>Attribution-NonCommercial-ShareAlike</str>
               </arr>
               <arr name="iris.instrument.linguisticTarget">
                  <str>Tense</str>
                  <str>Syntax</str>
               </arr>
               <str name="iris.instrument.primaryInstrumentType">Instructional / Intervention / Teaching / Training materials</str>
               <arr name="iris.instrument.researchArea">
                  <str>Effectiveness of teaching</str>
                  <str>Teaching methods (style, approach, technique)</str>
                  <str>Acquisition</str>
               </arr>
               <arr name="iris.instrument.sourceLanguage">
                  <str>English</str>
               </arr>
               <arr name="iris.instrument.typeOfFile">
                  <str>Text</str>
               </arr>
               <arr name="iris.participants.participantType">
                  <str>Second language learners</str>
               </arr>
               <arr name="iris.referenceid">
                  <str>2008_Eckerth_Investigating consciousness-raising tasks: Pedagogically-targeted and non-targeted learning gains</str>
                  <str>Jacobsen_Applying cognitive linguistics and task-supported language teaching to instruction of English conditional phrases</str>
               </arr>
               <str name="iris.references.allauthors">Jacobsen (2012)</str>
               <arr name="iris.references.author">
                  <str>Eckerth, J.</str>
                  <str>Jacobsen, Natalia</str>
               </arr>
               <str name="iris.references.author.lastnames">eckerthjacobsen</str>
               <arr name="iris.references.author.noack">
                  <str>Jacobsen, Natalia</str>
               </arr>
               <arr name="iris.references.publicationDate">
                  <str>2008</str>
                  <str>2012</str>
               </arr>
               <arr name="iris.references.publicationDateStr">
                  <str>2008</str>
                  <str>2012</str>
               </arr>
               <arr name="iris.references.publicationType">
                  <str>Journal Article</str>
                  <str>Thesis</str>
               </arr>
               <arr name="iris2.email">
                  <str>ndj5@georgetown.edu</str>
               </arr>
               <arr name="iris2.feedback.count">
                  <str>0</str>
               </arr>
               <str name="iris2.hasmaterials">Records with materials</str>
               <arr name="iris2.instrument.author">
                  <str>Jacobsen, Natalia</str>
               </arr>
               <arr name="iris2.instrument.instrumentType">
                  <str>Instructional / Intervention / Teaching / Training materials</str>
               </arr>
               <str name="iris2.instrument.instrumentType.alltypes">instructional / intervention / teaching / training materials instructional / intervention / teaching / training materials intervention materials,experimental teaching,experimental tasks,training tasks,intervention tasks </str>
               <arr name="iris2.instrument.licence">
                  <str>Attribution-NonCommercial-ShareAlike</str>
               </arr>
               <arr name="iris2.instrument.linguisticTarget">
                  <str>Tense</str>
                  <str>Syntax</str>
               </arr>
               <str name="iris2.instrument.primaryInstrumentType">Instructional / Intervention / Teaching / Training materials</str>
               <arr name="iris2.instrument.researchArea">
                  <str>Effectiveness of teaching</str>
                  <str>Teaching methods (style, approach, technique)</str>
                  <str>Acquisition</str>
               </arr>
               <arr name="iris2.instrument.sourceLanguage">
                  <str>English</str>
               </arr>
               <arr name="iris2.instrument.typeOfFile">
                  <str>Text</str>
               </arr>
               <arr name="iris2.participants.participantType">
                  <str>Second language learners</str>
               </arr>
               <arr name="iris2.referenceid">
                  <str>2008_Eckerth_Investigating consciousness-raising tasks: Pedagogically-targeted and non-targeted learning gains</str>
                  <str>Jacobsen_Applying cognitive linguistics and task-supported language teaching to instruction of English conditional phrases</str>
               </arr>
               <str name="iris2.references.allauthors">Jacobsen (2012)</str>
               <arr name="iris2.references.author">
                  <str>Eckerth, J.</str>
                  <str>Jacobsen, Natalia</str>
               </arr>
               <str name="iris2.references.author.lastnames">eckerthjacobsen</str>
               <arr name="iris2.references.publicationDate">
                  <str>2008</str>
                  <str>2012</str>
               </arr>
               <arr name="iris2.references.publicationDateStr">
                  <str>2008</str>
                  <str>2012</str>
               </arr>
               <arr name="iris2.references.publicationLatestDate">
                  <str/>
               </arr>
               <arr name="iris2.references.publicationType">
                  <str>Journal Article</str>
                  <str>Thesis</str>
               </arr>
               <arr name="oai_dc.dc_xsi:schemaLocation">
                  <str>http://www.openarchives.org/OAI/2.0/oai_dc/ http://www.openarchives.org/OAI/2.0/oai_dc.xsd</str>
               </arr>
            </doc>
         </result>
      </response>
   </solr>
   <files>
      <file id="INSTRUMENT" mime="application/pdf" url="https://www.iris-database.org/iris/api/resource/york:816711/asset/INSTRUMENT?download=true"/>
   </files>
</record>
