<?xml version="1.0" encoding="ISO-8859-1"?>

<record pid="york:851538">
   <solr>
      <response>
         <lst name="responseHeader">
            <int name="status">0</int>
            <int name="QTime">457</int>
            <lst name="params">
               <str name="q">PID:york?851538</str>
            </lst>
         </lst>
         <result name="response" numfound="1" start="0">
            <doc>
               <str name="PID">york:851538</str>
               <arr name="dc.creator">
                  <str>Lim, Hyojung</str>
                  <str>Godfroid, Aline</str>
               </arr>
               <arr name="dc.date">
                  <str>2014</str>
               </arr>
               <arr name="dc.description">
                  <str>The semantic classification task, Sentence construction task, Sentence verification task and Language background questionnaire used in the referenced article are linked in IRIS. Please note that the stimuli held in IRIS also contain lists of any items that were ultimately removed from the data set because they were not performing well (as listed in Appendix C of the article).</str>
               </arr>
               <arr name="dc.identifier">
                  <str>york:851538</str>
               </arr>
               <str name="dc.title">Language background questionnaire</str>
               <str name="dc.title.sort">Language background questionnaire</str>
               <arr name="dc.type">
                  <str>Language background questionnaire</str>
                  <str>http://www.iris-database.org/Instruments</str>
               </arr>
               <arr name="dc2.creator">
                  <str>Lim, Hyojung</str>
                  <str>Godfroid, Aline</str>
               </arr>
               <arr name="dc2.date">
                  <str>2014</str>
               </arr>
               <arr name="dc2.description">
                  <str>The semantic classification task, Sentence construction task, Sentence verification task and Language background questionnaire used in the referenced article are linked in IRIS. Please note that the stimuli held in IRIS also contain lists of any items that were ultimately removed from the data set because they were not performing well (as listed in Appendix C of the article).</str>
               </arr>
               <arr name="dc2.identifier">
                  <str>york:851538</str>
               </arr>
               <str name="dc2.title">Language background questionnaire</str>
               <arr name="dc2.type">
                  <str>Language background questionnaire</str>
                  <str>http://www.iris-database.org/Instruments</str>
               </arr>
               <arr name="dc3.creator">
                  <str>Lim, Hyojung</str>
                  <str>Godfroid, Aline</str>
               </arr>
               <str name="dc3.title">Language background questionnaire</str>
               <date name="fgs.createdDate">2015-02-21T15:51:18.974Z</date>
               <date name="fgs.dateCreated.sort">2015-02-21T15:51:18.974Z</date>
               <str name="fgs.label">IRIS Instrument created by YODL workflow.</str>
               <date name="fgs.lastModifiedDate">2017-10-10T01:38:34.21Z</date>
               <str name="fgs.ownerId">iris-580a9f0f-ed9e-4f5f-be7e-877243bddfd0</str>
               <str name="fgs.state">Active</str>
               <arr name="iris.email">
                  <str>godfroid@msu.edu</str>
               </arr>
               <arr name="iris.feedback.count">
                  <str>0</str>
               </arr>
               <str name="iris.hasmaterials">Records with materials</str>
               <arr name="iris.instrument.author">
                  <str>Lim, Hyojung</str>
                  <str>Godfroid, Aline</str>
               </arr>
               <arr name="iris.instrument.instrumentType">
                  <str>Questionnaire</str>
                  <str>Language background questionnaire</str>
               </arr>
               <str name="iris.instrument.instrumentType.alltypes">language background questionnaire language background questionnaire  </str>
               <arr name="iris.instrument.licence">
                  <str>Attribution-NonCommercial-ShareAlike</str>
               </arr>
               <str name="iris.instrument.notes">The semantic classification task, Sentence construction task, Sentence verification task and Language background questionnaire used in the referenced article are linked in IRIS. Please note that the stimuli held in IRIS also contain lists of any items that were ultimately removed from the data set because they were not performing well (as listed in Appendix C of the article).</str>
               <str name="iris.instrument.primaryInstrumentType">Questionnaire &gt; Language background questionnaire</str>
               <arr name="iris.instrument.researchArea">
                  <str>Morphosyntax (grammar)</str>
                  <str>Processing</str>
               </arr>
               <arr name="iris.instrument.software">
                  <str>DMDX</str>
               </arr>
               <arr name="iris.instrument.title">
                  <str>Language background questionnaire</str>
               </arr>
               <arr name="iris.instrument.typeOfFile">
                  <str>Text</str>
               </arr>
               <arr name="iris.participants.firstLanguage">
                  <str>Korean</str>
                  <str>English</str>
               </arr>
               <arr name="iris.participants.participantType">
                  <str>Second language learners</str>
                  <str>Native speakers</str>
               </arr>
               <arr name="iris.participants.targetLanguage">
                  <str>English</str>
               </arr>
               <arr name="iris.referenceid">
                  <str>2014_Lim_Godfroid_Automatization in second language sentence processing: A partial, conceptual replication of Hulstijn, Van Gelderen, and Schoonen's 2009 study</str>
               </arr>
               <str name="iris.references.allauthors">Lim &amp; Godfroid (2014)</str>
               <arr name="iris.references.author">
                  <str>Lim, Hyojung</str>
                  <str>Godfroid, Aline</str>
               </arr>
               <str name="iris.references.author.lastnames">limgodfroid</str>
               <arr name="iris.references.author.noack">
                  <str>Lim, Hyojung</str>
                  <str>Godfroid, Aline</str>
               </arr>
               <arr name="iris.references.journal">
                  <str>Applied Psycholinguistics</str>
               </arr>
               <arr name="iris.references.publicationDate">
                  <str>2014</str>
               </arr>
               <arr name="iris.references.publicationDateStr">
                  <str>2014</str>
               </arr>
               <arr name="iris.references.publicationType">
                  <str>Journal Article</str>
               </arr>
               <arr name="iris2.email">
                  <str>godfroid@msu.edu</str>
               </arr>
               <arr name="iris2.feedback.count">
                  <str>0</str>
               </arr>
               <str name="iris2.hasmaterials">Records with materials</str>
               <arr name="iris2.instrument.author">
                  <str>Lim, Hyojung</str>
                  <str>Godfroid, Aline</str>
               </arr>
               <arr name="iris2.instrument.instrumentType">
                  <str>Questionnaire</str>
                  <str>Language background questionnaire</str>
               </arr>
               <str name="iris2.instrument.instrumentType.alltypes">language background questionnaire language background questionnaire  </str>
               <arr name="iris2.instrument.licence">
                  <str>Attribution-NonCommercial-ShareAlike</str>
               </arr>
               <str name="iris2.instrument.primaryInstrumentType">Questionnaire &gt; Language background questionnaire</str>
               <arr name="iris2.instrument.researchArea">
                  <str>Morphosyntax (grammar)</str>
                  <str>Processing</str>
               </arr>
               <arr name="iris2.instrument.software">
                  <str>DMDX</str>
               </arr>
               <arr name="iris2.instrument.typeOfFile">
                  <str>Text</str>
               </arr>
               <arr name="iris2.participants.firstLanguage">
                  <str>Korean</str>
                  <str>English</str>
               </arr>
               <arr name="iris2.participants.participantType">
                  <str>Second language learners</str>
                  <str>Native speakers</str>
               </arr>
               <arr name="iris2.participants.targetLanguage">
                  <str>English</str>
               </arr>
               <arr name="iris2.referenceid">
                  <str>2014_Lim_Godfroid_Automatization in second language sentence processing: A partial, conceptual replication of Hulstijn, Van Gelderen, and Schoonen's 2009 study</str>
               </arr>
               <str name="iris2.references.allauthors">Lim &amp; Godfroid (2014)</str>
               <arr name="iris2.references.author">
                  <str>Lim, Hyojung</str>
                  <str>Godfroid, Aline</str>
               </arr>
               <str name="iris2.references.author.lastnames">limgodfroid</str>
               <arr name="iris2.references.journal">
                  <str>Applied Psycholinguistics</str>
               </arr>
               <arr name="iris2.references.publicationDate">
                  <str>2014</str>
               </arr>
               <arr name="iris2.references.publicationDateStr">
                  <str>2014</str>
               </arr>
               <arr name="iris2.references.publicationLatestDate">
                  <str>2014</str>
               </arr>
               <arr name="iris2.references.publicationType">
                  <str>Journal Article</str>
               </arr>
               <arr name="oai_dc.dc_xsi:schemaLocation">
                  <str>http://www.openarchives.org/OAI/2.0/oai_dc/ http://www.openarchives.org/OAI/2.0/oai_dc.xsd</str>
                  <str>http://www.openarchives.org/OAI/2.0/oai_dc/ http://www.openarchives.org/OAI/2.0/oai_dc.xsd</str>
                  <str>http://www.openarchives.org/OAI/2.0/oai_dc/ http://www.openarchives.org/OAI/2.0/oai_dc.xsd</str>
                  <str>http://www.openarchives.org/OAI/2.0/oai_dc/ http://www.openarchives.org/OAI/2.0/oai_dc.xsd</str>
                  <str>http://www.openarchives.org/OAI/2.0/oai_dc/ http://www.openarchives.org/OAI/2.0/oai_dc.xsd</str>
                  <str>http://www.openarchives.org/OAI/2.0/oai_dc/ http://www.openarchives.org/OAI/2.0/oai_dc.xsd</str>
               </arr>
            </doc>
         </result>
      </response>
   </solr>
   <files>
      <file id="INSTRUMENT" mime="application/vnd.openxmlformats-officedocument.wordprocessingml.document" url="https://www.iris-database.org/iris/api/resource/york:851538/asset/INSTRUMENT?download=true"/>
   </files>
</record>
