<?xml version="1.0" encoding="ISO-8859-1"?>

<record pid="york:852549">
   <solr>
      <response>
         <lst name="responseHeader">
            <int name="status">0</int>
            <int name="QTime">508</int>
            <lst name="params">
               <str name="q">PID:york?852549</str>
            </lst>
         </lst>
         <result name="response" numfound="1" start="0">
            <doc>
               <str name="PID">york:852549</str>
               <arr name="dc.creator">
                  <str>Teimouri, Yasser</str>
                  <str>Papi, Mostafa</str>
               </arr>
               <arr name="dc.date">
                  <str>2014</str>
               </arr>
               <arr name="dc.identifier">
                  <str>york:852549</str>
               </arr>
               <arr name="dc.subject">
                  <str>Motivation</str>
               </arr>
               <arr name="dc.type">
                  <str>Questionnaire</str>
                  <str>http://www.iris-database.org/Instruments</str>
               </arr>
               <arr name="dc2.creator">
                  <str>Teimouri, Yasser</str>
                  <str>Papi, Mostafa</str>
               </arr>
               <arr name="dc2.date">
                  <str>2014</str>
               </arr>
               <arr name="dc2.identifier">
                  <str>york:852549</str>
               </arr>
               <arr name="dc2.subject">
                  <str>Motivation</str>
               </arr>
               <arr name="dc2.type">
                  <str>Questionnaire</str>
                  <str>http://www.iris-database.org/Instruments</str>
               </arr>
               <arr name="dc3.creator">
                  <str>Teimouri, Yasser</str>
                  <str>Papi, Mostafa</str>
               </arr>
               <arr name="dc3.subject">
                  <str>Motivation</str>
               </arr>
               <date name="fgs.createdDate">2015-04-15T17:43:40.888Z</date>
               <date name="fgs.dateCreated.sort">2015-04-15T17:43:40.888Z</date>
               <str name="fgs.label">IRIS Instrument created by YODL workflow.</str>
               <date name="fgs.lastModifiedDate">2017-11-08T09:51:00.192Z</date>
               <str name="fgs.ownerId">iris-cf1076c8-493f-4c8d-9fb0-bd8c6848ca48</str>
               <str name="fgs.state">Active</str>
               <arr name="iris.email">
                  <str>yt329@georgetown.edu</str>
               </arr>
               <arr name="iris.feedback.count">
                  <str>0</str>
               </arr>
               <str name="iris.hasmaterials">Records with materials</str>
               <arr name="iris.instrument.author">
                  <str>Teimouri, Yasser</str>
                  <str>Papi, Mostafa</str>
               </arr>
               <arr name="iris.instrument.instrumentType">
                  <str>Questionnaire</str>
                  <str>Other questionnaire</str>
               </arr>
               <str name="iris.instrument.instrumentType.alltypes">other questionnaire questionnaire  </str>
               <arr name="iris.instrument.licence">
                  <str>Attribution-NonCommercial-ShareAlike</str>
               </arr>
               <str name="iris.instrument.primaryInstrumentType">Questionnaire &gt; Other questionnaire</str>
               <arr name="iris.instrument.researchArea">
                  <str>Motivation</str>
               </arr>
               <arr name="iris.instrument.typeOfFile">
                  <str>Text</str>
               </arr>
               <arr name="iris.participants.firstLanguage">
                  <str>Farsi</str>
               </arr>
               <arr name="iris.participants.participantType">
                  <str>Second language learners</str>
                  <str>Foreign language learners</str>
                  <str/>
                  <str>Adolescent learners</str>
               </arr>
               <arr name="iris.participants.targetLanguage">
                  <str>English</str>
               </arr>
               <arr name="iris.referenceid">
                  <str>2014_Papi_Language Learner Motivational Types: A Cluster Analysis Study</str>
               </arr>
               <str name="iris.references.allauthors">Papi (2014)</str>
               <arr name="iris.references.author">
                  <str>Papi, Mostafa</str>
               </arr>
               <str name="iris.references.author.lastnames">papi</str>
               <arr name="iris.references.author.noack">
                  <str>Papi, Mostafa</str>
               </arr>
               <arr name="iris.references.journal">
                  <str>Language Learning</str>
               </arr>
               <arr name="iris.references.publicationDate">
                  <str>2014</str>
               </arr>
               <arr name="iris.references.publicationDateStr">
                  <str>2014</str>
               </arr>
               <arr name="iris.references.publicationType">
                  <str>Journal Article</str>
               </arr>
               <arr name="iris2.email">
                  <str>yt329@georgetown.edu</str>
               </arr>
               <arr name="iris2.feedback.count">
                  <str>0</str>
               </arr>
               <str name="iris2.hasmaterials">Records with materials</str>
               <arr name="iris2.instrument.author">
                  <str>Teimouri, Yasser</str>
                  <str>Papi, Mostafa</str>
               </arr>
               <arr name="iris2.instrument.instrumentType">
                  <str>Questionnaire</str>
                  <str>Other questionnaire</str>
               </arr>
               <str name="iris2.instrument.instrumentType.alltypes">other questionnaire questionnaire  </str>
               <arr name="iris2.instrument.licence">
                  <str>Attribution-NonCommercial-ShareAlike</str>
               </arr>
               <str name="iris2.instrument.primaryInstrumentType">Questionnaire &gt; Other questionnaire</str>
               <arr name="iris2.instrument.researchArea">
                  <str>Motivation</str>
               </arr>
               <arr name="iris2.instrument.typeOfFile">
                  <str>Text</str>
               </arr>
               <arr name="iris2.participants.firstLanguage">
                  <str>Farsi</str>
               </arr>
               <arr name="iris2.participants.participantType">
                  <str>Second language learners</str>
                  <str>Foreign language learners</str>
                  <str/>
                  <str>Adolescent learners</str>
               </arr>
               <arr name="iris2.participants.targetLanguage">
                  <str>English</str>
               </arr>
               <arr name="iris2.referenceid">
                  <str>2014_Papi_Language Learner Motivational Types: A Cluster Analysis Study</str>
               </arr>
               <str name="iris2.references.allauthors">Papi (2014)</str>
               <arr name="iris2.references.author">
                  <str>Papi, Mostafa</str>
               </arr>
               <str name="iris2.references.author.lastnames">papi</str>
               <arr name="iris2.references.journal">
                  <str>Language Learning</str>
               </arr>
               <arr name="iris2.references.publicationDate">
                  <str>2014</str>
               </arr>
               <arr name="iris2.references.publicationDateStr">
                  <str>2014</str>
               </arr>
               <arr name="iris2.references.publicationLatestDate">
                  <str>2014</str>
               </arr>
               <arr name="iris2.references.publicationType">
                  <str>Journal Article</str>
               </arr>
               <arr name="oai_dc.dc_xsi:schemaLocation">
                  <str>http://www.openarchives.org/OAI/2.0/oai_dc/ http://www.openarchives.org/OAI/2.0/oai_dc.xsd</str>
                  <str>http://www.openarchives.org/OAI/2.0/oai_dc/ http://www.openarchives.org/OAI/2.0/oai_dc.xsd</str>
               </arr>
            </doc>
         </result>
      </response>
   </solr>
   <files>
      <file id="INSTRUMENT" mime="application/msword" url="https://www.iris-database.org/iris/api/resource/york:852549/asset/INSTRUMENT?download=true"/>
      <file id="INSTRUMENT1" mime="application/msword" url="https://www.iris-database.org/iris/api/resource/york:852549/asset/INSTRUMENT1?download=true"/>
   </files>
</record>
