<?xml version="1.0" encoding="ISO-8859-1"?>

<record pid="york:841165">
   <solr>
      <response>
         <lst name="responseHeader">
            <int name="status">0</int>
            <int name="QTime">498</int>
            <lst name="params">
               <str name="q">PID:york?841165</str>
            </lst>
         </lst>
         <result name="response" numfound="1" start="0">
            <doc>
               <str name="PID">york:841165</str>
               <arr name="dc.creator">
                  <str>Duffield, Nigel</str>
                  <str>Matsuo, Ayumi</str>
               </arr>
               <arr name="dc.date">
                  <str>1993</str>
                  <str>2009</str>
                  <str>1990</str>
               </arr>
               <arr name="dc.identifier">
                  <str>york:841165</str>
               </arr>
               <arr name="dc.type">
                  <str>Gap-fill / Cloze test</str>
                  <str>Discourse completion task</str>
                  <str>Grammaticality judgement sentences or acceptability judgement</str>
                  <str>http://www.iris-database.org/Instruments</str>
               </arr>
               <arr name="dc2.creator">
                  <str>Duffield, Nigel</str>
                  <str>Matsuo, Ayumi</str>
               </arr>
               <arr name="dc2.date">
                  <str>1993</str>
                  <str>2009</str>
                  <str>1990</str>
               </arr>
               <arr name="dc2.identifier">
                  <str>york:841165</str>
               </arr>
               <arr name="dc2.type">
                  <str>Gap-fill / Cloze test</str>
                  <str>Discourse completion task</str>
                  <str>Grammaticality judgement sentences or acceptability judgement</str>
                  <str>http://www.iris-database.org/Instruments</str>
               </arr>
               <arr name="dc3.creator">
                  <str>Duffield, Nigel</str>
                  <str>Matsuo, Ayumi</str>
               </arr>
               <date name="fgs.createdDate">2014-04-27T16:11:09.696Z</date>
               <date name="fgs.dateCreated.sort">2014-04-27T16:11:09.696Z</date>
               <str name="fgs.label">IRIS Instrument created by YODL workflow.</str>
               <date name="fgs.lastModifiedDate">2015-02-13T11:17:28.062Z</date>
               <str name="fgs.ownerId">iris-580a9f0f-ed9e-4f5f-be7e-877243bddfd0</str>
               <str name="fgs.state">Active</str>
               <arr name="iris.email">
                  <str>duffield@center.konan-u.ac.jp</str>
               </arr>
               <arr name="iris.feedback.count">
                  <str>0</str>
               </arr>
               <str name="iris.hasmaterials">Records with information only (materials not yet held)</str>
               <arr name="iris.instrument.author">
                  <str>Duffield, Nigel</str>
                  <str>Matsuo, Ayumi</str>
               </arr>
               <arr name="iris.instrument.instrumentType">
                  <str>Gap-fill / Cloze test / Fill in the blank</str>
                  <str>Discourse completion task</str>
                  <str>Grammaticality / Acceptability judgement test</str>
               </arr>
               <str name="iris.instrument.instrumentType.alltypes">gap-fill / cloze test / fill in the blank gap-fill / cloze test / fill in the blank fill in the blank, cloze,gap fill discourse completion task discourse completion task  grammaticality / acceptability judgement test grammaticality / acceptability judgement test grammaticality judgement sentences,grammaticality judgement test,acceptability judgement test,gjt,grammaticality judgment test </str>
               <arr name="iris.instrument.licence">
                  <str>Attribution-NonCommercial-ShareAlike</str>
               </arr>
               <arr name="iris.instrument.linguisticTarget">
                  <str>Syntax</str>
                  <str>Verbs</str>
               </arr>
               <str name="iris.instrument.primaryInstrumentType">Grammaticality / Acceptability judgement test</str>
               <arr name="iris.instrument.researchArea">
                  <str>Acquisition</str>
                  <str>Cross-linguistic influence</str>
                  <str>Native / Non-native</str>
                  <str>Processing</str>
                  <str>Sentence processing</str>
               </arr>
               <arr name="iris.instrument.secondaryInstrumentType">
                  <str>Gap-fill / Cloze test / Fill in the blank</str>
                  <str>Discourse completion task</str>
               </arr>
               <arr name="iris.instrument.software">
                  <str>PsyScope X</str>
               </arr>
               <arr name="iris.instrument.typeOfFile">
                  <str>Text</str>
                  <str>Software</str>
               </arr>
               <arr name="iris.participants.firstLanguage">
                  <str>English</str>
                  <str>Dutch</str>
                  <str>Japanese</str>
                  <str>Spanish</str>
               </arr>
               <arr name="iris.participants.participantType">
                  <str>Foreign language learners</str>
                  <str>Second language learners</str>
                  <str>Native speakers</str>
                  <str/>
               </arr>
               <arr name="iris.referenceid">
                  <str>1993_Cohen_MacWhinney_Flatt_Provost_PsyScope: A new graphic interactive environment for designing psychology experiments</str>
                  <str>2009_Duffield_Matsuo_Native speakers' versus L2 learners' sensitivity to parallelism in vp-ellipsis</str>
                  <str>1990_Tanenhaus_Carlson_Comprehension of deep and surface verb phrase anaphors</str>
               </arr>
               <str name="iris.references.allauthors">Duffield &amp; Matsuo (2009); Tanenhaus &amp; Carlson (1990); </str>
               <arr name="iris.references.author">
                  <str>Cohen, J. D.</str>
                  <str>MacWhinney, B.</str>
                  <str>Flatt, M.</str>
                  <str>Provost, J.</str>
                  <str>Duffield, Nigel</str>
                  <str>Matsuo, Ayumi</str>
                  <str>Tanenhaus, M.</str>
                  <str>Carlson, G.</str>
               </arr>
               <str name="iris.references.author.lastnames">cohenmacwhinneyflattprovostduffieldmatsuotanenhauscarlson</str>
               <arr name="iris.references.author.noack">
                  <str>Duffield, Nigel</str>
                  <str>Matsuo, Ayumi</str>
                  <str>Tanenhaus, M.</str>
                  <str>Carlson, G.</str>
               </arr>
               <arr name="iris.references.journal">
                  <str>Studies in Second Language Acquisition</str>
                  <str>Language and Cognitive Processes</str>
               </arr>
               <arr name="iris.references.publicationDate">
                  <str>1993</str>
                  <str>2009</str>
                  <str>1990</str>
               </arr>
               <arr name="iris.references.publicationDateStr">
                  <str>1993</str>
                  <str>2009</str>
                  <str>1990</str>
               </arr>
               <arr name="iris.references.publicationType">
                  <str>Journal Article</str>
                  <str>Journal Article</str>
                  <str>Journal Article</str>
               </arr>
               <arr name="iris2.email">
                  <str>duffield@center.konan-u.ac.jp</str>
               </arr>
               <arr name="iris2.feedback.count">
                  <str>0</str>
               </arr>
               <str name="iris2.hasmaterials">Records with information only (materials not yet held)</str>
               <arr name="iris2.instrument.author">
                  <str>Duffield, Nigel</str>
                  <str>Matsuo, Ayumi</str>
               </arr>
               <arr name="iris2.instrument.instrumentType">
                  <str>Gap-fill / Cloze test / Fill in the blank</str>
                  <str>Discourse completion task</str>
                  <str>Grammaticality / Acceptability judgement test</str>
               </arr>
               <str name="iris2.instrument.instrumentType.alltypes">gap-fill / cloze test / fill in the blank gap-fill / cloze test / fill in the blank fill in the blank, cloze,gap fill discourse completion task discourse completion task  grammaticality / acceptability judgement test grammaticality / acceptability judgement test grammaticality judgement sentences,grammaticality judgement test,acceptability judgement test,gjt,grammaticality judgment test </str>
               <arr name="iris2.instrument.licence">
                  <str>Attribution-NonCommercial-ShareAlike</str>
               </arr>
               <arr name="iris2.instrument.linguisticTarget">
                  <str>Syntax</str>
                  <str>Verbs</str>
               </arr>
               <str name="iris2.instrument.primaryInstrumentType">Grammaticality / Acceptability judgement test</str>
               <arr name="iris2.instrument.researchArea">
                  <str>Acquisition</str>
                  <str>Cross-linguistic influence</str>
                  <str>Native / Non-native</str>
                  <str>Processing</str>
                  <str>Sentence processing</str>
               </arr>
               <arr name="iris2.instrument.secondaryInstrumentType">
                  <str>Gap-fill / Cloze test / Fill in the blank</str>
                  <str>Discourse completion task</str>
               </arr>
               <arr name="iris2.instrument.software">
                  <str>PsyScope X</str>
               </arr>
               <arr name="iris2.instrument.typeOfFile">
                  <str>Text</str>
                  <str>Software</str>
               </arr>
               <arr name="iris2.participants.firstLanguage">
                  <str>English</str>
                  <str>Dutch</str>
                  <str>Japanese</str>
                  <str>Spanish</str>
               </arr>
               <arr name="iris2.participants.participantType">
                  <str>Foreign language learners</str>
                  <str>Second language learners</str>
                  <str>Native speakers</str>
                  <str/>
               </arr>
               <arr name="iris2.referenceid">
                  <str>1993_Cohen_MacWhinney_Flatt_Provost_PsyScope: A new graphic interactive environment for designing psychology experiments</str>
                  <str>2009_Duffield_Matsuo_Native speakers' versus L2 learners' sensitivity to parallelism in vp-ellipsis</str>
                  <str>1990_Tanenhaus_Carlson_Comprehension of deep and surface verb phrase anaphors</str>
               </arr>
               <str name="iris2.references.allauthors">Duffield &amp; Matsuo (2009); Tanenhaus &amp; Carlson (1990); </str>
               <arr name="iris2.references.author">
                  <str>Cohen, J. D.</str>
                  <str>MacWhinney, B.</str>
                  <str>Flatt, M.</str>
                  <str>Provost, J.</str>
                  <str>Duffield, Nigel</str>
                  <str>Matsuo, Ayumi</str>
                  <str>Tanenhaus, M.</str>
                  <str>Carlson, G.</str>
               </arr>
               <str name="iris2.references.author.lastnames">cohenmacwhinneyflattprovostduffieldmatsuotanenhauscarlson</str>
               <arr name="iris2.references.journal">
                  <str>Studies in Second Language Acquisition</str>
                  <str>Language and Cognitive Processes</str>
               </arr>
               <arr name="iris2.references.publicationDate">
                  <str>1993</str>
                  <str>2009</str>
                  <str>1990</str>
               </arr>
               <arr name="iris2.references.publicationDateStr">
                  <str>1993</str>
                  <str>2009</str>
                  <str>1990</str>
               </arr>
               <arr name="iris2.references.publicationLatestDate">
                  <str>2009</str>
               </arr>
               <arr name="iris2.references.publicationType">
                  <str>Journal Article</str>
                  <str>Journal Article</str>
                  <str>Journal Article</str>
               </arr>
               <arr name="oai_dc.dc_xsi:schemaLocation">
                  <str>http://www.openarchives.org/OAI/2.0/oai_dc/ http://www.openarchives.org/OAI/2.0/oai_dc.xsd</str>
                  <str>http://www.openarchives.org/OAI/2.0/oai_dc/ http://www.openarchives.org/OAI/2.0/oai_dc.xsd</str>
                  <str>http://www.openarchives.org/OAI/2.0/oai_dc/ http://www.openarchives.org/OAI/2.0/oai_dc.xsd</str>
               </arr>
            </doc>
         </result>
      </response>
   </solr>
   <files/>
</record>
