<?xml version="1.0" encoding="ISO-8859-1"?>

<record pid="york:847955">
   <solr>
      <response>
         <lst name="responseHeader">
            <int name="status">0</int>
            <int name="QTime">482</int>
            <lst name="params">
               <str name="q">PID:york?847955</str>
            </lst>
         </lst>
         <result name="response" numfound="1" start="0">
            <doc>
               <str name="PID">york:847955</str>
               <arr name="dc.creator">
                  <str>Sekerina, Irina A.</str>
                  <str>Trueswell, John C.</str>
               </arr>
               <arr name="dc.date">
                  <str>2011</str>
               </arr>
               <arr name="dc.identifier">
                  <str>york:847955</str>
               </arr>
               <arr name="dc.type">
                  <str>Picture pointing task</str>
                  <str>http://www.iris-database.org/Instruments</str>
               </arr>
               <arr name="dc2.creator">
                  <str>Sekerina, Irina A.</str>
                  <str>Trueswell, John C.</str>
               </arr>
               <arr name="dc2.date">
                  <str>2011</str>
               </arr>
               <arr name="dc2.identifier">
                  <str>york:847955</str>
               </arr>
               <arr name="dc2.type">
                  <str>Picture pointing task</str>
                  <str>http://www.iris-database.org/Instruments</str>
               </arr>
               <arr name="dc3.creator">
                  <str>Sekerina, Irina A.</str>
                  <str>Trueswell, John C.</str>
               </arr>
               <date name="fgs.createdDate">2015-02-04T11:01:56.43Z</date>
               <date name="fgs.dateCreated.sort">2015-02-04T11:01:56.43Z</date>
               <str name="fgs.label">IRIS Instrument created by YODL workflow.</str>
               <date name="fgs.lastModifiedDate">2017-03-18T17:13:06.919Z</date>
               <str name="fgs.ownerId">iris-5a53f875-7488-4f75-b2eb-73d764f00b4e</str>
               <str name="fgs.state">Active</str>
               <arr name="iris.email">
                  <str>irina.sekerina@csi.cuny.edu</str>
               </arr>
               <arr name="iris.feedback.count">
                  <str>0</str>
               </arr>
               <str name="iris.hasmaterials">Records with materials</str>
               <arr name="iris.instrument.author">
                  <str>Sekerina, Irina A.</str>
                  <str>Trueswell, John C.</str>
               </arr>
               <arr name="iris.instrument.instrumentType">
                  <str>Picture pointing task</str>
               </arr>
               <str name="iris.instrument.instrumentType.alltypes">picture pointing task picture pointing task  </str>
               <arr name="iris.instrument.licence">
                  <str>Attribution-NonCommercial-ShareAlike</str>
               </arr>
               <str name="iris.instrument.primaryInstrumentType">Picture pointing task</str>
               <arr name="iris.instrument.researchArea">
                  <str>Community or heritage languages</str>
                  <str>Bilingualism</str>
                  <str>Sentence processing</str>
               </arr>
               <arr name="iris.instrument.typeOfFile">
                  <str>Still Image</str>
               </arr>
               <arr name="iris.participants.firstLanguage">
                  <str>Russian</str>
               </arr>
               <arr name="iris.participants.participantType">
                  <str/>
                  <str/>
                  <str>Monolinguals</str>
               </arr>
               <arr name="iris.participants.targetLanguage">
                  <str>English</str>
               </arr>
               <arr name="iris.referenceid">
                  <str>2011_Sekerina_Trueswell_Processing of contrastiveness by heritage Russian bilinguals</str>
               </arr>
               <str name="iris.references.allauthors">Sekerina &amp; Trueswell (2011)</str>
               <arr name="iris.references.author">
                  <str>Sekerina, Irina A.</str>
                  <str>Trueswell, John C.</str>
               </arr>
               <str name="iris.references.author.lastnames">sekerinatrueswell</str>
               <arr name="iris.references.author.noack">
                  <str>Sekerina, Irina A.</str>
                  <str>Trueswell, John C.</str>
               </arr>
               <arr name="iris.references.journal">
                  <str>Bilingualism: Language and Cognition</str>
               </arr>
               <arr name="iris.references.publicationDate">
                  <str>2011</str>
               </arr>
               <arr name="iris.references.publicationDateStr">
                  <str>2011</str>
               </arr>
               <arr name="iris.references.publicationType">
                  <str>Journal Article</str>
               </arr>
               <arr name="iris2.email">
                  <str>irina.sekerina@csi.cuny.edu</str>
               </arr>
               <arr name="iris2.feedback.count">
                  <str>0</str>
               </arr>
               <str name="iris2.hasmaterials">Records with materials</str>
               <arr name="iris2.instrument.author">
                  <str>Sekerina, Irina A.</str>
                  <str>Trueswell, John C.</str>
               </arr>
               <arr name="iris2.instrument.instrumentType">
                  <str>Picture pointing task</str>
               </arr>
               <str name="iris2.instrument.instrumentType.alltypes">picture pointing task picture pointing task  </str>
               <arr name="iris2.instrument.licence">
                  <str>Attribution-NonCommercial-ShareAlike</str>
               </arr>
               <str name="iris2.instrument.primaryInstrumentType">Picture pointing task</str>
               <arr name="iris2.instrument.researchArea">
                  <str>Community or heritage languages</str>
                  <str>Bilingualism</str>
                  <str>Sentence processing</str>
               </arr>
               <arr name="iris2.instrument.typeOfFile">
                  <str>Still Image</str>
               </arr>
               <arr name="iris2.participants.firstLanguage">
                  <str>Russian</str>
               </arr>
               <arr name="iris2.participants.participantType">
                  <str/>
                  <str/>
                  <str>Monolinguals</str>
               </arr>
               <arr name="iris2.participants.targetLanguage">
                  <str>English</str>
               </arr>
               <arr name="iris2.referenceid">
                  <str>2011_Sekerina_Trueswell_Processing of contrastiveness by heritage Russian bilinguals</str>
               </arr>
               <str name="iris2.references.allauthors">Sekerina &amp; Trueswell (2011)</str>
               <arr name="iris2.references.author">
                  <str>Sekerina, Irina A.</str>
                  <str>Trueswell, John C.</str>
               </arr>
               <str name="iris2.references.author.lastnames">sekerinatrueswell</str>
               <arr name="iris2.references.journal">
                  <str>Bilingualism: Language and Cognition</str>
               </arr>
               <arr name="iris2.references.publicationDate">
                  <str>2011</str>
               </arr>
               <arr name="iris2.references.publicationDateStr">
                  <str>2011</str>
               </arr>
               <arr name="iris2.references.publicationLatestDate">
                  <str>2011</str>
               </arr>
               <arr name="iris2.references.publicationType">
                  <str>Journal Article</str>
               </arr>
               <arr name="oai_dc.dc_xsi:schemaLocation">
                  <str>http://www.openarchives.org/OAI/2.0/oai_dc/ http://www.openarchives.org/OAI/2.0/oai_dc.xsd</str>
                  <str>http://www.openarchives.org/OAI/2.0/oai_dc/ http://www.openarchives.org/OAI/2.0/oai_dc.xsd</str>
                  <str>http://www.openarchives.org/OAI/2.0/oai_dc/ http://www.openarchives.org/OAI/2.0/oai_dc.xsd</str>
               </arr>
            </doc>
         </result>
      </response>
   </solr>
   <files>
      <file id="INSTRUMENT" mime="application/msword" url="https://www.iris-database.org/iris/api/resource/york:847955/asset/INSTRUMENT?download=true"/>
   </files>
</record>
