<?xml version="1.0" encoding="ISO-8859-1"?>

<record pid="york:814374">
   <solr>
      <response>
         <lst name="responseHeader">
            <int name="status">0</int>
            <int name="QTime">484</int>
            <lst name="params">
               <str name="q">PID:york?814374</str>
            </lst>
         </lst>
         <result name="response" numfound="1" start="0">
            <doc>
               <str name="PID">york:814374</str>
               <arr name="dc.creator">
                  <str>Yamashita, Junko</str>
               </arr>
               <arr name="dc.date">
                  <str>2007</str>
               </arr>
               <arr name="dc.subject">
                  <str>Reading</str>
               </arr>
               <arr name="dc.type">
                  <str>Attitude questionnaire</str>
                  <str>http://www.iris-database.org/Instruments</str>
               </arr>
               <arr name="dc2.creator">
                  <str>Yamashita, Junko</str>
               </arr>
               <arr name="dc2.date">
                  <str>2007</str>
               </arr>
               <arr name="dc2.subject">
                  <str>Reading</str>
               </arr>
               <arr name="dc2.type">
                  <str>Attitude questionnaire</str>
                  <str>http://www.iris-database.org/Instruments</str>
               </arr>
               <arr name="dc3.creator">
                  <str>Yamashita, Junko</str>
               </arr>
               <arr name="dc3.subject">
                  <str>Reading</str>
               </arr>
               <date name="fgs.createdDate">2013-06-27T02:48:55.176Z</date>
               <date name="fgs.dateCreated.sort">2013-06-27T02:48:55.176Z</date>
               <str name="fgs.label">IRIS Instrument created by YODL workflow.</str>
               <date name="fgs.lastModifiedDate">2017-10-17T21:13:12.215Z</date>
               <str name="fgs.ownerId">iris-e106cfd5-c2d1-410f-8463-88b5ea0f273a</str>
               <str name="fgs.state">Active</str>
               <arr name="iris.email">
                  <str>yamashita@nagoya-u.jp</str>
               </arr>
               <arr name="iris.feedback.count">
                  <str>0</str>
               </arr>
               <str name="iris.hasmaterials">Records with materials</str>
               <arr name="iris.instrument.author">
                  <str>Yamashita, Junko</str>
               </arr>
               <arr name="iris.instrument.funder">
                  <str>Japan Society for the Promotion of Science</str>
               </arr>
               <arr name="iris.instrument.instrumentType">
                  <str>Questionnaire</str>
                  <str>Attitude questionnaire</str>
               </arr>
               <str name="iris.instrument.instrumentType.alltypes">attitude questionnaire attitude questionnaire  </str>
               <arr name="iris.instrument.licence">
                  <str>Attribution-NonCommercial-ShareAlike</str>
               </arr>
               <str name="iris.instrument.primaryInstrumentType">Questionnaire &gt; Attitude questionnaire</str>
               <arr name="iris.instrument.researchArea">
                  <str>Reading</str>
               </arr>
               <arr name="iris.instrument.typeOfFile">
                  <str>Text</str>
               </arr>
               <arr name="iris.participants.participantType">
                  <str>Foreign language learners</str>
               </arr>
               <arr name="iris.referenceid">
                  <str>2007_Yamashita_The relationship of reading attitudes between L1 and L2: An investigation of adult EFL learners in Japan</str>
               </arr>
               <str name="iris.references.allauthors">Yamashita (2007)</str>
               <arr name="iris.references.author">
                  <str>Yamashita, Junko</str>
               </arr>
               <str name="iris.references.author.lastnames">yamashita</str>
               <arr name="iris.references.author.noack">
                  <str>Yamashita, Junko</str>
               </arr>
               <arr name="iris.references.journal">
                  <str>TESOL Quarterly</str>
               </arr>
               <arr name="iris.references.publicationDate">
                  <str>2007</str>
               </arr>
               <arr name="iris.references.publicationDateStr">
                  <str>2007</str>
               </arr>
               <arr name="iris.references.publicationType">
                  <str>Journal Article</str>
               </arr>
               <arr name="iris2.email">
                  <str>yamashita@nagoya-u.jp</str>
               </arr>
               <arr name="iris2.feedback.count">
                  <str>0</str>
               </arr>
               <str name="iris2.hasmaterials">Records with materials</str>
               <arr name="iris2.instrument.author">
                  <str>Yamashita, Junko</str>
               </arr>
               <arr name="iris2.instrument.funder">
                  <str>Japan Society for the Promotion of Science</str>
               </arr>
               <arr name="iris2.instrument.instrumentType">
                  <str>Questionnaire</str>
                  <str>Attitude questionnaire</str>
               </arr>
               <str name="iris2.instrument.instrumentType.alltypes">attitude questionnaire attitude questionnaire  </str>
               <arr name="iris2.instrument.licence">
                  <str>Attribution-NonCommercial-ShareAlike</str>
               </arr>
               <str name="iris2.instrument.primaryInstrumentType">Questionnaire &gt; Attitude questionnaire</str>
               <arr name="iris2.instrument.researchArea">
                  <str>Reading</str>
               </arr>
               <arr name="iris2.instrument.typeOfFile">
                  <str>Text</str>
               </arr>
               <arr name="iris2.participants.participantType">
                  <str>Foreign language learners</str>
               </arr>
               <arr name="iris2.referenceid">
                  <str>2007_Yamashita_The relationship of reading attitudes between L1 and L2: An investigation of adult EFL learners in Japan</str>
               </arr>
               <str name="iris2.references.allauthors">Yamashita (2007)</str>
               <arr name="iris2.references.author">
                  <str>Yamashita, Junko</str>
               </arr>
               <str name="iris2.references.author.lastnames">yamashita</str>
               <arr name="iris2.references.journal">
                  <str>TESOL Quarterly</str>
               </arr>
               <arr name="iris2.references.publicationDate">
                  <str>2007</str>
               </arr>
               <arr name="iris2.references.publicationDateStr">
                  <str>2007</str>
               </arr>
               <arr name="iris2.references.publicationLatestDate">
                  <str>2007</str>
               </arr>
               <arr name="iris2.references.publicationType">
                  <str>Journal Article</str>
               </arr>
               <arr name="oai_dc.dc_xsi:schemaLocation">
                  <str>http://www.openarchives.org/OAI/2.0/oai_dc/ http://www.openarchives.org/OAI/2.0/oai_dc.xsd</str>
               </arr>
            </doc>
         </result>
      </response>
   </solr>
   <files>
      <file id="INSTRUMENT" mime="application/octet-stream" url="https://www.iris-database.org/iris/api/resource/york:814374/asset/INSTRUMENT?download=true"/>
   </files>
</record>
