<?xml version="1.0" encoding="ISO-8859-1"?>

<record pid="york:790787">
   <solr>
      <response>
         <lst name="responseHeader">
            <int name="status">0</int>
            <int name="QTime">464</int>
            <lst name="params">
               <str name="q">PID:york?790787</str>
            </lst>
         </lst>
         <result name="response" numfound="1" start="0">
            <doc>
               <str name="PID">york:790787</str>
               <arr name="dc.creator">
                  <str>Takimoto, Masahiro</str>
               </arr>
               <arr name="dc.date">
                  <str>2009</str>
               </arr>
               <arr name="dc.format">
                  <str>English</str>
               </arr>
               <arr name="dc.subject">
                  <str>Pragmatic competence</str>
               </arr>
               <arr name="dc.type">
                  <str>Discourse completion task</str>
                  <str>Grammaticality judgement sentences or acceptability judgement</str>
                  <str>http://www.iris-database.org/Instruments</str>
               </arr>
               <arr name="dc2.creator">
                  <str>Takimoto, Masahiro</str>
               </arr>
               <arr name="dc2.date">
                  <str>2009</str>
               </arr>
               <arr name="dc2.format">
                  <str>English</str>
               </arr>
               <arr name="dc2.subject">
                  <str>Pragmatic competence</str>
               </arr>
               <arr name="dc2.type">
                  <str>Discourse completion task</str>
                  <str>Grammaticality judgement sentences or acceptability judgement</str>
                  <str>http://www.iris-database.org/Instruments</str>
               </arr>
               <arr name="dc3.creator">
                  <str>Takimoto, Masahiro</str>
               </arr>
               <arr name="dc3.subject">
                  <str>Pragmatic competence</str>
               </arr>
               <date name="fgs.createdDate">2012-03-15T04:10:59.318Z</date>
               <date name="fgs.dateCreated.sort">2012-03-15T04:10:59.318Z</date>
               <str name="fgs.label">IRIS Instrument created by YODL workflow.</str>
               <date name="fgs.lastModifiedDate">2017-11-03T22:25:17.056Z</date>
               <str name="fgs.ownerId">iris-650dc505-c0b0-4fa1-b777-517a915500dc</str>
               <str name="fgs.state">Active</str>
               <arr name="iris.email">
                  <str>ra57482@rd5.so-net.ne.jp</str>
               </arr>
               <arr name="iris.feedback.count">
                  <str>0</str>
               </arr>
               <str name="iris.hasmaterials">Records with materials</str>
               <arr name="iris.instrument.author">
                  <str>Takimoto, Masahiro</str>
               </arr>
               <arr name="iris.instrument.dataType">
                  <str>Open response</str>
                  <str>Judgements</str>
               </arr>
               <arr name="iris.instrument.dataType.alternate">
                  <str/>
                  <str/>
               </arr>
               <arr name="iris.instrument.funder">
                  <str>School research fund</str>
               </arr>
               <arr name="iris.instrument.instrumentType">
                  <str>Discourse completion task</str>
                  <str>Grammaticality / Acceptability judgement test</str>
               </arr>
               <str name="iris.instrument.instrumentType.alltypes">discourse completion task discourse completion task  grammaticality / acceptability judgement test grammaticality / acceptability judgement test grammaticality judgement sentences,grammaticality judgement test,acceptability judgement test,gjt,grammaticality judgment test </str>
               <arr name="iris.instrument.licence">
                  <str>Attribution-NonCommercial-ShareAlike</str>
               </arr>
               <arr name="iris.instrument.linguisticTarget">
                  <str>Requests</str>
               </arr>
               <str name="iris.instrument.primaryInstrumentType">Discourse completion task</str>
               <arr name="iris.instrument.researchArea">
                  <str>Pragmatic competence</str>
               </arr>
               <arr name="iris.instrument.secondaryInstrumentType">
                  <str>Grammaticality / Acceptability judgement test</str>
               </arr>
               <arr name="iris.instrument.sourceLanguage">
                  <str>English</str>
               </arr>
               <arr name="iris.instrument.typeOfFile">
                  <str>Text</str>
               </arr>
               <arr name="iris.participants.firstLanguage">
                  <str>Japanese</str>
               </arr>
               <arr name="iris.participants.gender">
                  <str>mixed</str>
               </arr>
               <arr name="iris.participants.participantType">
                  <str>Foreign language learners</str>
               </arr>
               <arr name="iris.participants.proficiencyLearner">
                  <str>Pre-intermediate</str>
               </arr>
               <arr name="iris.participants.targetLanguage">
                  <str>English</str>
               </arr>
               <arr name="iris.referenceid">
                  <str>2009_Takimoto_The effects of input-based tasks on the development of learners' pragmatic proficiency</str>
               </arr>
               <str name="iris.references.allauthors">Takimoto (2009)</str>
               <arr name="iris.references.author">
                  <str>Takimoto, Masahiro</str>
               </arr>
               <str name="iris.references.author.lastnames">takimoto</str>
               <arr name="iris.references.author.noack">
                  <str>Takimoto, Masahiro</str>
               </arr>
               <arr name="iris.references.journal">
                  <str>Applied Linguistics</str>
               </arr>
               <arr name="iris.references.publicationDate">
                  <str>2009</str>
               </arr>
               <arr name="iris.references.publicationDateStr">
                  <str>2009</str>
               </arr>
               <arr name="iris.references.publicationType">
                  <str>Journal Article</str>
               </arr>
               <arr name="iris2.email">
                  <str>ra57482@rd5.so-net.ne.jp</str>
               </arr>
               <arr name="iris2.feedback.count">
                  <str>0</str>
               </arr>
               <str name="iris2.hasmaterials">Records with materials</str>
               <arr name="iris2.instrument.author">
                  <str>Takimoto, Masahiro</str>
               </arr>
               <arr name="iris2.instrument.dataType">
                  <str>Open response</str>
                  <str>Judgements</str>
               </arr>
               <arr name="iris2.instrument.funder">
                  <str>School research fund</str>
               </arr>
               <arr name="iris2.instrument.instrumentType">
                  <str>Discourse completion task</str>
                  <str>Grammaticality / Acceptability judgement test</str>
               </arr>
               <str name="iris2.instrument.instrumentType.alltypes">discourse completion task discourse completion task  grammaticality / acceptability judgement test grammaticality / acceptability judgement test grammaticality judgement sentences,grammaticality judgement test,acceptability judgement test,gjt,grammaticality judgment test </str>
               <arr name="iris2.instrument.licence">
                  <str>Attribution-NonCommercial-ShareAlike</str>
               </arr>
               <arr name="iris2.instrument.linguisticTarget">
                  <str>Requests</str>
               </arr>
               <str name="iris2.instrument.primaryInstrumentType">Discourse completion task</str>
               <arr name="iris2.instrument.researchArea">
                  <str>Pragmatic competence</str>
               </arr>
               <arr name="iris2.instrument.secondaryInstrumentType">
                  <str>Grammaticality / Acceptability judgement test</str>
               </arr>
               <arr name="iris2.instrument.sourceLanguage">
                  <str>English</str>
               </arr>
               <arr name="iris2.instrument.typeOfFile">
                  <str>Text</str>
               </arr>
               <arr name="iris2.participants.firstLanguage">
                  <str>Japanese</str>
               </arr>
               <arr name="iris2.participants.gender">
                  <str>mixed</str>
               </arr>
               <arr name="iris2.participants.participantType">
                  <str>Foreign language learners</str>
               </arr>
               <arr name="iris2.participants.proficiencyLearner">
                  <str>Pre-intermediate</str>
               </arr>
               <arr name="iris2.participants.targetLanguage">
                  <str>English</str>
               </arr>
               <arr name="iris2.referenceid">
                  <str>2009_Takimoto_The effects of input-based tasks on the development of learners' pragmatic proficiency</str>
               </arr>
               <str name="iris2.references.allauthors">Takimoto (2009)</str>
               <arr name="iris2.references.author">
                  <str>Takimoto, Masahiro</str>
               </arr>
               <str name="iris2.references.author.lastnames">takimoto</str>
               <arr name="iris2.references.journal">
                  <str>Applied Linguistics</str>
               </arr>
               <arr name="iris2.references.publicationDate">
                  <str>2009</str>
               </arr>
               <arr name="iris2.references.publicationDateStr">
                  <str>2009</str>
               </arr>
               <arr name="iris2.references.publicationLatestDate">
                  <str>2009</str>
               </arr>
               <arr name="iris2.references.publicationType">
                  <str>Journal Article</str>
               </arr>
               <arr name="oai_dc.dc_xsi:schemaLocation">
                  <str>http://www.openarchives.org/OAI/2.0/oai_dc/ http://www.openarchives.org/OAI/2.0/oai_dc.xsd</str>
               </arr>
            </doc>
         </result>
      </response>
   </solr>
   <files>
      <file id="INSTRUMENT" mime="application/msword" url="https://www.iris-database.org/iris/api/resource/york:790787/asset/INSTRUMENT?download=true"/>
      <file id="INSTRUMENT1" mime="application/msword" url="https://www.iris-database.org/iris/api/resource/york:790787/asset/INSTRUMENT1?download=true"/>
   </files>
</record>
