<?xml version="1.0" encoding="ISO-8859-1"?>

<record pid="york:815157">
   <solr>
      <response>
         <lst name="responseHeader">
            <int name="status">0</int>
            <int name="QTime">558</int>
            <lst name="params">
               <str name="q">PID:york?815157</str>
            </lst>
         </lst>
         <result name="response" numfound="1" start="0">
            <doc>
               <str name="PID">york:815157</str>
               <arr name="dc.creator">
                  <str>Sato, Masatoshi</str>
               </arr>
               <arr name="dc.date">
                  <str>2013</str>
               </arr>
               <arr name="dc.format">
                  <str>English</str>
                  <str>Japanese</str>
               </arr>
               <arr name="dc.subject">
                  <str>Learner attitudes</str>
               </arr>
               <arr name="dc.type">
                  <str>Attitude questionnaire</str>
                  <str>Language Awareness questionnaire</str>
                  <str>Learning style questionnaire</str>
                  <str>http://www.iris-database.org/Instruments</str>
               </arr>
               <arr name="dc2.creator">
                  <str>Sato, Masatoshi</str>
               </arr>
               <arr name="dc2.date">
                  <str>2013</str>
               </arr>
               <arr name="dc2.format">
                  <str>English</str>
                  <str>Japanese</str>
               </arr>
               <arr name="dc2.subject">
                  <str>Learner attitudes</str>
               </arr>
               <arr name="dc2.type">
                  <str>Attitude questionnaire</str>
                  <str>Language Awareness questionnaire</str>
                  <str>Learning style questionnaire</str>
                  <str>http://www.iris-database.org/Instruments</str>
               </arr>
               <arr name="dc3.creator">
                  <str>Sato, Masatoshi</str>
               </arr>
               <arr name="dc3.subject">
                  <str>Learner attitudes</str>
               </arr>
               <date name="fgs.createdDate">2013-08-19T19:32:01.966Z</date>
               <date name="fgs.dateCreated.sort">2013-08-19T19:32:01.966Z</date>
               <str name="fgs.label">IRIS Instrument created by YODL workflow.</str>
               <date name="fgs.lastModifiedDate">2017-11-13T02:45:58.907Z</date>
               <str name="fgs.ownerId">iris-4e0d4d78-f1a0-4811-989f-633a0f4a9cc4</str>
               <str name="fgs.state">Active</str>
               <arr name="iris.email">
                  <str>masatoshi.sato@mail.mcgill.ca</str>
               </arr>
               <arr name="iris.feedback.count">
                  <str>0</str>
               </arr>
               <str name="iris.hasmaterials">Records with materials</str>
               <arr name="iris.instrument.author">
                  <str>Sato, Masatoshi</str>
               </arr>
               <arr name="iris.instrument.dataType">
                  <str>Closed response format</str>
               </arr>
               <arr name="iris.instrument.dataType.alternate">
                  <str/>
               </arr>
               <arr name="iris.instrument.funder">
                  <str>Social Sciences and Humanities Research Council</str>
                  <str>FONDECYT</str>
               </arr>
               <arr name="iris.instrument.instrumentType">
                  <str>Questionnaire</str>
                  <str>Attitude questionnaire</str>
                  <str>Questionnaire</str>
                  <str>Language awareness questionnaire</str>
                  <str>Questionnaire</str>
                  <str>Learning style questionnaire</str>
               </arr>
               <str name="iris.instrument.instrumentType.alltypes">attitude questionnaire attitude questionnaire  language awareness questionnaire language awareness questionnaire  learning style questionnaire learning style questionnaire learner style questionnaire </str>
               <arr name="iris.instrument.licence">
                  <str>Attribution-NonCommercial-ShareAlike</str>
               </arr>
               <str name="iris.instrument.primaryInstrumentType">Questionnaire &gt; Attitude questionnaire</str>
               <arr name="iris.instrument.researchArea">
                  <str>Learner attitudes</str>
               </arr>
               <arr name="iris.instrument.secondaryInstrumentType">
                  <str>Questionnaire &gt; Language awareness questionnaire</str>
                  <str>Questionnaire &gt; Learning style questionnaire</str>
               </arr>
               <arr name="iris.instrument.sourceLanguage">
                  <str>English</str>
                  <str>Japanese</str>
               </arr>
               <arr name="iris.instrument.typeOfFile">
                  <str>Text</str>
               </arr>
               <arr name="iris.participants.firstLanguage">
                  <str>Japanese</str>
               </arr>
               <arr name="iris.participants.gender">
                  <str>mixed</str>
               </arr>
               <arr name="iris.participants.participantType">
                  <str>Foreign language learners</str>
               </arr>
               <arr name="iris.participants.proficiencyLearner">
                  <str>Pre-intermediate</str>
               </arr>
               <arr name="iris.participants.targetLanguage">
                  <str>English</str>
               </arr>
               <arr name="iris.referenceid">
                  <str>2013_Sato_Beliefs about peer interaction and peer corrective feedback: Efficacy of classroom intervention</str>
               </arr>
               <str name="iris.references.allauthors">Sato (2013)</str>
               <arr name="iris.references.author">
                  <str>Sato, Masatoshi</str>
               </arr>
               <str name="iris.references.author.lastnames">sato</str>
               <arr name="iris.references.author.noack">
                  <str>Sato, Masatoshi</str>
               </arr>
               <arr name="iris.references.journal">
                  <str>The Modern Language Journal</str>
               </arr>
               <arr name="iris.references.publicationDate">
                  <str>2013</str>
               </arr>
               <arr name="iris.references.publicationDateStr">
                  <str>2013</str>
               </arr>
               <arr name="iris.references.publicationType">
                  <str>Journal Article</str>
               </arr>
               <arr name="iris2.email">
                  <str>masatoshi.sato@mail.mcgill.ca</str>
               </arr>
               <arr name="iris2.feedback.count">
                  <str>0</str>
               </arr>
               <str name="iris2.hasmaterials">Records with materials</str>
               <arr name="iris2.instrument.author">
                  <str>Sato, Masatoshi</str>
               </arr>
               <arr name="iris2.instrument.dataType">
                  <str>Closed response format</str>
               </arr>
               <arr name="iris2.instrument.funder">
                  <str>Social Sciences and Humanities Research Council</str>
                  <str>FONDECYT</str>
               </arr>
               <arr name="iris2.instrument.instrumentType">
                  <str>Questionnaire</str>
                  <str>Attitude questionnaire</str>
                  <str>Questionnaire</str>
                  <str>Language awareness questionnaire</str>
                  <str>Questionnaire</str>
                  <str>Learning style questionnaire</str>
               </arr>
               <str name="iris2.instrument.instrumentType.alltypes">attitude questionnaire attitude questionnaire  language awareness questionnaire language awareness questionnaire  learning style questionnaire learning style questionnaire learner style questionnaire </str>
               <arr name="iris2.instrument.licence">
                  <str>Attribution-NonCommercial-ShareAlike</str>
               </arr>
               <str name="iris2.instrument.primaryInstrumentType">Questionnaire &gt; Attitude questionnaire</str>
               <arr name="iris2.instrument.researchArea">
                  <str>Learner attitudes</str>
               </arr>
               <arr name="iris2.instrument.secondaryInstrumentType">
                  <str>Questionnaire &gt; Language awareness questionnaire</str>
                  <str>Questionnaire &gt; Learning style questionnaire</str>
               </arr>
               <arr name="iris2.instrument.sourceLanguage">
                  <str>English</str>
                  <str>Japanese</str>
               </arr>
               <arr name="iris2.instrument.typeOfFile">
                  <str>Text</str>
               </arr>
               <arr name="iris2.participants.firstLanguage">
                  <str>Japanese</str>
               </arr>
               <arr name="iris2.participants.gender">
                  <str>mixed</str>
               </arr>
               <arr name="iris2.participants.participantType">
                  <str>Foreign language learners</str>
               </arr>
               <arr name="iris2.participants.proficiencyLearner">
                  <str>Pre-intermediate</str>
               </arr>
               <arr name="iris2.participants.targetLanguage">
                  <str>English</str>
               </arr>
               <arr name="iris2.referenceid">
                  <str>2013_Sato_Beliefs about peer interaction and peer corrective feedback: Efficacy of classroom intervention</str>
               </arr>
               <str name="iris2.references.allauthors">Sato (2013)</str>
               <arr name="iris2.references.author">
                  <str>Sato, Masatoshi</str>
               </arr>
               <str name="iris2.references.author.lastnames">sato</str>
               <arr name="iris2.references.journal">
                  <str>The Modern Language Journal</str>
               </arr>
               <arr name="iris2.references.publicationDate">
                  <str>2013</str>
               </arr>
               <arr name="iris2.references.publicationDateStr">
                  <str>2013</str>
               </arr>
               <arr name="iris2.references.publicationLatestDate">
                  <str>2013</str>
               </arr>
               <arr name="iris2.references.publicationType">
                  <str>Journal Article</str>
               </arr>
               <arr name="oai_dc.dc_xsi:schemaLocation">
                  <str>http://www.openarchives.org/OAI/2.0/oai_dc/ http://www.openarchives.org/OAI/2.0/oai_dc.xsd</str>
               </arr>
            </doc>
         </result>
      </response>
   </solr>
   <files>
      <file id="INSTRUMENT" mime="application/pdf" url="https://www.iris-database.org/iris/api/resource/york:815157/asset/INSTRUMENT?download=true"/>
   </files>
</record>
