<?xml version="1.0" encoding="ISO-8859-1"?>

<record pid="york:852678">
   <solr>
      <response>
         <lst name="responseHeader">
            <int name="status">0</int>
            <int name="QTime">458</int>
            <lst name="params">
               <str name="q">PID:york?852678</str>
            </lst>
         </lst>
         <result name="response" numfound="1" start="0">
            <doc>
               <str name="PID">york:852678</str>
               <arr name="dc.creator">
                  <str>Brysbaert, Marc</str>
               </arr>
               <arr name="dc.date">
                  <str>2013</str>
               </arr>
               <arr name="dc.identifier">
                  <str>york:852678</str>
               </arr>
               <arr name="dc.subject">
                  <str>Lexicon (vocabulary)</str>
               </arr>
               <arr name="dc.type">
                  <str>Reading comprehension test</str>
                  <str>Proficiency questionnaire</str>
                  <str>Vocabulary test (receptive)</str>
                  <str>http://www.iris-database.org/Instruments</str>
               </arr>
               <arr name="dc2.creator">
                  <str>Brysbaert, Marc</str>
               </arr>
               <arr name="dc2.date">
                  <str>2013</str>
               </arr>
               <arr name="dc2.identifier">
                  <str>york:852678</str>
               </arr>
               <arr name="dc2.subject">
                  <str>Lexicon (vocabulary)</str>
               </arr>
               <arr name="dc2.type">
                  <str>Reading comprehension test</str>
                  <str>Proficiency questionnaire</str>
                  <str>Vocabulary test (receptive)</str>
                  <str>http://www.iris-database.org/Instruments</str>
               </arr>
               <arr name="dc3.creator">
                  <str>Brysbaert, Marc</str>
               </arr>
               <arr name="dc3.subject">
                  <str>Lexicon (vocabulary)</str>
               </arr>
               <date name="fgs.createdDate">2015-04-23T12:41:20.757Z</date>
               <date name="fgs.dateCreated.sort">2015-04-23T12:41:20.757Z</date>
               <str name="fgs.label">IRIS Instrument created by YODL workflow.</str>
               <date name="fgs.lastModifiedDate">2017-09-24T20:27:27.834Z</date>
               <str name="fgs.ownerId">iris-3332b35c-c412-4ca9-832e-aa5a15e4aaa4</str>
               <str name="fgs.state">Active</str>
               <arr name="iris.email">
                  <str>marc.brysbaert@ugent.be</str>
               </arr>
               <arr name="iris.feedback.count">
                  <str>0</str>
               </arr>
               <str name="iris.hasmaterials">Records with materials</str>
               <arr name="iris.instrument.author">
                  <str>Brysbaert, Marc</str>
               </arr>
               <arr name="iris.instrument.instrumentType">
                  <str>Comprehension test</str>
                  <str>Reading</str>
                  <str>Questionnaire</str>
                  <str>Proficiency questionnaire</str>
                  <str>Vocabulary test</str>
                  <str>Receptive</str>
               </arr>
               <str name="iris.instrument.instrumentType.alltypes">reading reading comprehension test  proficiency questionnaire proficiency questionnaire  receptive vocabulary test (receptive)  </str>
               <arr name="iris.instrument.licence">
                  <str>Attribution-NonCommercial-ShareAlike</str>
               </arr>
               <str name="iris.instrument.primaryInstrumentType">Vocabulary test &gt; Receptive</str>
               <arr name="iris.instrument.researchArea">
                  <str>Lexicon (vocabulary)</str>
               </arr>
               <arr name="iris.instrument.secondaryInstrumentType">
                  <str>Comprehension test &gt; Reading</str>
                  <str>Questionnaire &gt; Proficiency questionnaire</str>
               </arr>
               <arr name="iris.instrument.typeOfFile">
                  <str>Text</str>
               </arr>
               <arr name="iris.participants.firstLanguage">
                  <str>French</str>
               </arr>
               <arr name="iris.participants.participantType">
                  <str>Adolescent learners</str>
                  <str>Bilinguals</str>
                  <str>Language users</str>
                  <str>Native speakers</str>
                  <str>Teachers</str>
                  <str/>
               </arr>
               <arr name="iris.participants.proficiencyLearner">
                  <str>Near beginner</str>
                  <str>Pre-intermediate</str>
                  <str>Intermediate</str>
                  <str>Intermediate/advanced</str>
                  <str>Advanced</str>
                  <str>Near native</str>
               </arr>
               <arr name="iris.participants.targetLanguage">
                  <str>French</str>
               </arr>
               <arr name="iris.referenceid">
                  <str>2013_Brysbaert_Lextale_FR A fast, free, and efficient test to measure language proficiency in French</str>
               </arr>
               <str name="iris.references.allauthors">Brysbaert (2013)</str>
               <arr name="iris.references.author">
                  <str>Brysbaert, Marc</str>
               </arr>
               <str name="iris.references.author.lastnames">brysbaert</str>
               <arr name="iris.references.author.noack">
                  <str>Brysbaert, Marc</str>
               </arr>
               <arr name="iris.references.journal">
                  <str>Psychologica Belgica</str>
               </arr>
               <arr name="iris.references.publicationDate">
                  <str>2013</str>
               </arr>
               <arr name="iris.references.publicationDateStr">
                  <str>2013</str>
               </arr>
               <arr name="iris.references.publicationType">
                  <str>Journal Article</str>
               </arr>
               <arr name="iris2.email">
                  <str>marc.brysbaert@ugent.be</str>
               </arr>
               <arr name="iris2.feedback.count">
                  <str>0</str>
               </arr>
               <str name="iris2.hasmaterials">Records with materials</str>
               <arr name="iris2.instrument.author">
                  <str>Brysbaert, Marc</str>
               </arr>
               <arr name="iris2.instrument.instrumentType">
                  <str>Comprehension test</str>
                  <str>Reading</str>
                  <str>Questionnaire</str>
                  <str>Proficiency questionnaire</str>
                  <str>Vocabulary test</str>
                  <str>Receptive</str>
               </arr>
               <str name="iris2.instrument.instrumentType.alltypes">reading reading comprehension test  proficiency questionnaire proficiency questionnaire  receptive vocabulary test (receptive)  </str>
               <arr name="iris2.instrument.licence">
                  <str>Attribution-NonCommercial-ShareAlike</str>
               </arr>
               <str name="iris2.instrument.primaryInstrumentType">Vocabulary test &gt; Receptive</str>
               <arr name="iris2.instrument.researchArea">
                  <str>Lexicon (vocabulary)</str>
               </arr>
               <arr name="iris2.instrument.secondaryInstrumentType">
                  <str>Comprehension test &gt; Reading</str>
                  <str>Questionnaire &gt; Proficiency questionnaire</str>
               </arr>
               <arr name="iris2.instrument.typeOfFile">
                  <str>Text</str>
               </arr>
               <arr name="iris2.participants.firstLanguage">
                  <str>French</str>
               </arr>
               <arr name="iris2.participants.participantType">
                  <str>Adolescent learners</str>
                  <str>Bilinguals</str>
                  <str>Language users</str>
                  <str>Native speakers</str>
                  <str>Teachers</str>
                  <str/>
               </arr>
               <arr name="iris2.participants.proficiencyLearner">
                  <str>Near beginner</str>
                  <str>Pre-intermediate</str>
                  <str>Intermediate</str>
                  <str>Intermediate/advanced</str>
                  <str>Advanced</str>
                  <str>Near native</str>
               </arr>
               <arr name="iris2.participants.targetLanguage">
                  <str>French</str>
               </arr>
               <arr name="iris2.referenceid">
                  <str>2013_Brysbaert_Lextale_FR A fast, free, and efficient test to measure language proficiency in French</str>
               </arr>
               <str name="iris2.references.allauthors">Brysbaert (2013)</str>
               <arr name="iris2.references.author">
                  <str>Brysbaert, Marc</str>
               </arr>
               <str name="iris2.references.author.lastnames">brysbaert</str>
               <arr name="iris2.references.journal">
                  <str>Psychologica Belgica</str>
               </arr>
               <arr name="iris2.references.publicationDate">
                  <str>2013</str>
               </arr>
               <arr name="iris2.references.publicationDateStr">
                  <str>2013</str>
               </arr>
               <arr name="iris2.references.publicationLatestDate">
                  <str>2013</str>
               </arr>
               <arr name="iris2.references.publicationType">
                  <str>Journal Article</str>
               </arr>
               <arr name="oai_dc.dc_xsi:schemaLocation">
                  <str>http://www.openarchives.org/OAI/2.0/oai_dc/ http://www.openarchives.org/OAI/2.0/oai_dc.xsd</str>
                  <str>http://www.openarchives.org/OAI/2.0/oai_dc/ http://www.openarchives.org/OAI/2.0/oai_dc.xsd</str>
                  <str>http://www.openarchives.org/OAI/2.0/oai_dc/ http://www.openarchives.org/OAI/2.0/oai_dc.xsd</str>
                  <str>http://www.openarchives.org/OAI/2.0/oai_dc/ http://www.openarchives.org/OAI/2.0/oai_dc.xsd</str>
                  <str>http://www.openarchives.org/OAI/2.0/oai_dc/ http://www.openarchives.org/OAI/2.0/oai_dc.xsd</str>
               </arr>
            </doc>
         </result>
      </response>
   </solr>
   <files>
      <file id="INSTRUMENT" mime="application/octet-stream" url="https://www.iris-database.org/iris/api/resource/york:852678/asset/INSTRUMENT?download=true"/>
      <file id="INSTRUMENT1" mime="application/pdf" url="https://www.iris-database.org/iris/api/resource/york:852678/asset/INSTRUMENT1?download=true"/>
      <file id="INSTRUMENT2" mime="application/pdf" url="https://www.iris-database.org/iris/api/resource/york:852678/asset/INSTRUMENT2?download=true"/>
      <file id="INSTRUMENT3" mime="application/pdf" url="https://www.iris-database.org/iris/api/resource/york:852678/asset/INSTRUMENT3?download=true"/>
   </files>
</record>
