<?xml version="1.0" encoding="ISO-8859-1"?>

<record pid="york:790792">
   <solr>
      <response>
         <lst name="responseHeader">
            <int name="status">0</int>
            <int name="QTime">450</int>
            <lst name="params">
               <str name="q">PID:york?790792</str>
            </lst>
         </lst>
         <result name="response" numfound="1" start="0">
            <doc>
               <str name="PID">york:790792</str>
               <arr name="dc.creator">
                  <str>Chen, H.-Y.</str>
                  <str>Marsden, Emma</str>
               </arr>
               <arr name="dc.description">
                  <str>Please see Chen (2009) for details.</str>
               </arr>
               <arr name="dc.format">
                  <str>Chinese</str>
               </arr>
               <arr name="dc.identifier">
                  <str>york:790792</str>
               </arr>
               <arr name="dc.type">
                  <str>Vocabulary test (receptive)</str>
                  <str>http://www.iris-database.org/Instruments</str>
               </arr>
               <arr name="dc2.creator">
                  <str>Chen, H.-Y.</str>
                  <str>Marsden, Emma</str>
               </arr>
               <arr name="dc2.description">
                  <str>Please see Chen (2009) for details.</str>
               </arr>
               <arr name="dc2.format">
                  <str>Chinese</str>
               </arr>
               <arr name="dc2.identifier">
                  <str>york:790792</str>
               </arr>
               <arr name="dc2.type">
                  <str>Vocabulary test (receptive)</str>
                  <str>http://www.iris-database.org/Instruments</str>
               </arr>
               <arr name="dc3.creator">
                  <str>Chen, H.-Y.</str>
                  <str>Marsden, Emma</str>
               </arr>
               <date name="fgs.createdDate">2012-03-22T15:02:52.56Z</date>
               <date name="fgs.dateCreated.sort">2012-03-22T15:02:52.56Z</date>
               <str name="fgs.label">IRIS Instrument created by YODL workflow.</str>
               <date name="fgs.lastModifiedDate">2017-06-17T21:12:58.64Z</date>
               <str name="fgs.ownerId">iris-cf0e435a-b839-436b-b870-789b06a436ba</str>
               <str name="fgs.state">Active</str>
               <arr name="iris.email">
                  <str>emma.marsden@york.ac.uk</str>
               </arr>
               <arr name="iris.feedback.count">
                  <str>0</str>
               </arr>
               <str name="iris.hasmaterials">Records with materials</str>
               <arr name="iris.instrument.author">
                  <str>Chen, H.-Y.</str>
                  <str>Marsden, Emma</str>
               </arr>
               <arr name="iris.instrument.dataType">
                  <str>Written production</str>
               </arr>
               <arr name="iris.instrument.dataType.alternate">
                  <str/>
               </arr>
               <arr name="iris.instrument.instrumentType">
                  <str>Vocabulary test</str>
                  <str>Receptive</str>
               </arr>
               <str name="iris.instrument.instrumentType.alltypes">receptive vocabulary test (receptive)  </str>
               <arr name="iris.instrument.licence">
                  <str>Attribution-NonCommercial-ShareAlike</str>
               </arr>
               <arr name="iris.instrument.linguisticTarget">
                  <str>Open class</str>
               </arr>
               <str name="iris.instrument.notes">Please see Chen (2009) for details.</str>
               <str name="iris.instrument.primaryInstrumentType">Vocabulary test &gt; Receptive</str>
               <arr name="iris.instrument.researchArea">
                  <str>Effectiveness of teaching</str>
                  <str>Morphosyntax (grammar)</str>
                  <str>Speaking / Oral production</str>
               </arr>
               <arr name="iris.instrument.sourceLanguage">
                  <str>Chinese</str>
               </arr>
               <arr name="iris.instrument.typeOfFile">
                  <str>Text</str>
               </arr>
               <arr name="iris.participants.firstLanguage">
                  <str>Chinese</str>
               </arr>
               <arr name="iris.participants.participantType">
                  <str>Foreign language learners</str>
               </arr>
               <arr name="iris.participants.targetLanguage">
                  <str>English</str>
               </arr>
               <arr name="iris.referenceid">
                  <str>Chen_A classroom quasi-experimental study to explore processing instruction</str>
               </arr>
               <str name="iris.references.allauthors">Chen (2009)</str>
               <arr name="iris.references.author">
                  <str>Chen, H.-Y.</str>
               </arr>
               <str name="iris.references.author.lastnames">chen</str>
               <arr name="iris.references.author.noack">
                  <str>Chen, H.-Y.</str>
               </arr>
               <arr name="iris.references.publicationDate">
                  <str>2009</str>
               </arr>
               <arr name="iris.references.publicationDateStr">
                  <str>2009</str>
               </arr>
               <arr name="iris.references.publicationType">
                  <str>Thesis</str>
               </arr>
               <arr name="iris2.email">
                  <str>emma.marsden@york.ac.uk</str>
               </arr>
               <arr name="iris2.feedback.count">
                  <str>0</str>
               </arr>
               <str name="iris2.hasmaterials">Records with materials</str>
               <arr name="iris2.instrument.author">
                  <str>Chen, H.-Y.</str>
                  <str>Marsden, Emma</str>
               </arr>
               <arr name="iris2.instrument.dataType">
                  <str>Written production</str>
               </arr>
               <arr name="iris2.instrument.instrumentType">
                  <str>Vocabulary test</str>
                  <str>Receptive</str>
               </arr>
               <str name="iris2.instrument.instrumentType.alltypes">receptive vocabulary test (receptive)  </str>
               <arr name="iris2.instrument.licence">
                  <str>Attribution-NonCommercial-ShareAlike</str>
               </arr>
               <arr name="iris2.instrument.linguisticTarget">
                  <str>Open class</str>
               </arr>
               <str name="iris2.instrument.primaryInstrumentType">Vocabulary test &gt; Receptive</str>
               <arr name="iris2.instrument.researchArea">
                  <str>Effectiveness of teaching</str>
                  <str>Morphosyntax (grammar)</str>
                  <str>Speaking / Oral production</str>
               </arr>
               <arr name="iris2.instrument.sourceLanguage">
                  <str>Chinese</str>
               </arr>
               <arr name="iris2.instrument.typeOfFile">
                  <str>Text</str>
               </arr>
               <arr name="iris2.participants.firstLanguage">
                  <str>Chinese</str>
               </arr>
               <arr name="iris2.participants.participantType">
                  <str>Foreign language learners</str>
               </arr>
               <arr name="iris2.participants.targetLanguage">
                  <str>English</str>
               </arr>
               <arr name="iris2.referenceid">
                  <str>Chen_A classroom quasi-experimental study to explore processing instruction</str>
               </arr>
               <str name="iris2.references.allauthors">Chen (2009)</str>
               <arr name="iris2.references.author">
                  <str>Chen, H.-Y.</str>
               </arr>
               <str name="iris2.references.author.lastnames">chen</str>
               <arr name="iris2.references.publicationDate">
                  <str>2009</str>
               </arr>
               <arr name="iris2.references.publicationDateStr">
                  <str>2009</str>
               </arr>
               <arr name="iris2.references.publicationLatestDate">
                  <str/>
               </arr>
               <arr name="iris2.references.publicationType">
                  <str>Thesis</str>
               </arr>
               <arr name="oai_dc.dc_xsi:schemaLocation">
                  <str>http://www.openarchives.org/OAI/2.0/oai_dc/ http://www.openarchives.org/OAI/2.0/oai_dc.xsd</str>
                  <str>http://www.openarchives.org/OAI/2.0/oai_dc/ http://www.openarchives.org/OAI/2.0/oai_dc.xsd</str>
               </arr>
            </doc>
         </result>
      </response>
   </solr>
   <files>
      <file id="INSTRUMENT" mime="application/msword" url="https://www.iris-database.org/iris/api/resource/york:790792/asset/INSTRUMENT?download=true"/>
      <file id="INSTRUMENT1" mime="application/msword" url="https://www.iris-database.org/iris/api/resource/york:790792/asset/INSTRUMENT1?download=true"/>
   </files>
</record>
