<?xml version="1.0" encoding="ISO-8859-1"?>

<record pid="york:814539">
   <solr>
      <response>
         <lst name="responseHeader">
            <int name="status">0</int>
            <int name="QTime">470</int>
            <lst name="params">
               <str name="q">PID:york?814539</str>
            </lst>
         </lst>
         <result name="response" numfound="1" start="0">
            <doc>
               <str name="PID">york:814539</str>
               <arr name="dc.creator">
                  <str>Hellmuth, Sam</str>
               </arr>
               <arr name="dc.date">
                  <str>2011</str>
               </arr>
               <arr name="dc.description">
                  <str>The stimuli were presented to participants using Praat MFC (www.praat.org).</str>
               </arr>
               <arr name="dc.format">
                  <str>English</str>
                  <str>Arabic</str>
               </arr>
               <arr name="dc.subject">
                  <str>Prosody</str>
                  <str>Pronunciation</str>
               </arr>
               <arr name="dc.type">
                  <str>Stimuli for laboratory studies (audio)</str>
                  <str>http://www.iris-database.org/Instruments</str>
               </arr>
               <arr name="dc2.creator">
                  <str>Hellmuth, Sam</str>
               </arr>
               <arr name="dc2.date">
                  <str>2011</str>
               </arr>
               <arr name="dc2.description">
                  <str>The stimuli were presented to participants using Praat MFC (www.praat.org).</str>
               </arr>
               <arr name="dc2.format">
                  <str>English</str>
                  <str>Arabic</str>
               </arr>
               <arr name="dc2.subject">
                  <str>Prosody</str>
                  <str>Pronunciation</str>
               </arr>
               <arr name="dc2.type">
                  <str>Stimuli for laboratory studies (audio)</str>
                  <str>http://www.iris-database.org/Instruments</str>
               </arr>
               <arr name="dc3.creator">
                  <str>Hellmuth, Sam</str>
               </arr>
               <arr name="dc3.subject">
                  <str>Prosody</str>
                  <str>Pronunciation</str>
               </arr>
               <date name="fgs.createdDate">2013-07-13T14:25:08.236Z</date>
               <date name="fgs.dateCreated.sort">2013-07-13T14:25:08.236Z</date>
               <str name="fgs.label">IRIS Instrument created by YODL workflow.</str>
               <date name="fgs.lastModifiedDate">2017-03-27T12:44:45.644Z</date>
               <str name="fgs.ownerId">iris-a24463d9-484f-418e-83ef-ffbb1ecbdfef</str>
               <str name="fgs.state">Active</str>
               <arr name="iris.email">
                  <str>sam.hellmuth@york.ac.uk</str>
               </arr>
               <arr name="iris.feedback.count">
                  <str>0</str>
               </arr>
               <str name="iris.hasmaterials">Records with materials</str>
               <arr name="iris.instrument.author">
                  <str>Hellmuth, Sam</str>
               </arr>
               <arr name="iris.instrument.dataType">
                  <str>Judgements</str>
               </arr>
               <arr name="iris.instrument.dataType.alternate">
                  <str/>
               </arr>
               <arr name="iris.instrument.instrumentType">
                  <str>Stimuli for laboratory studies</str>
                  <str>Audio</str>
               </arr>
               <str name="iris.instrument.instrumentType.alltypes">audio stimuli for laboratory studies (audio)  </str>
               <arr name="iris.instrument.licence">
                  <str>Attribution-NonCommercial-ShareAlike</str>
               </arr>
               <arr name="iris.instrument.linguisticTarget">
                  <str>Stress</str>
               </arr>
               <str name="iris.instrument.notes">The stimuli were presented to participants using Praat MFC (www.praat.org).</str>
               <str name="iris.instrument.primaryInstrumentType">Stimuli for laboratory studies &gt; Audio</str>
               <arr name="iris.instrument.researchArea">
                  <str>Prosody</str>
                  <str>Pronunciation</str>
               </arr>
               <arr name="iris.instrument.sourceLanguage">
                  <str>English</str>
                  <str>Arabic</str>
               </arr>
               <arr name="iris.instrument.typeOfFile">
                  <str>Sound</str>
                  <str>Text</str>
               </arr>
               <arr name="iris.participants.firstLanguage">
                  <str>Arabic</str>
               </arr>
               <arr name="iris.participants.participantType">
                  <str>Native speakers</str>
               </arr>
               <arr name="iris.participants.targetLanguage">
                  <str>English</str>
               </arr>
               <arr name="iris.referenceid">
                  <str>2011_Hellmuth_Accent distribution effects in L2 English: Causes and implications</str>
               </arr>
               <str name="iris.references.allauthors">Hellmuth (2011); </str>
               <arr name="iris.references.author">
                  <str>Hellmuth, Sam</str>
               </arr>
               <str name="iris.references.author.lastnames">hellmuth</str>
               <arr name="iris.references.author.noack">
                  <str>Hellmuth, Sam</str>
               </arr>
               <arr name="iris.references.booktitle">
                  <str>Accent distribution effects in L2 English: Causes and implications</str>
                  <str>Achievements and perspectives in second language acquisition of speech: New Sounds 2010, volume I</str>
               </arr>
               <arr name="iris.references.editor">
                  <str>Dziubalska-Kolaczyk, Katarzyna</str>
                  <str>Wrembel, Magdalena</str>
                  <str>Kul, Malgorzata</str>
               </arr>
               <arr name="iris.references.publicationDate">
                  <str>2011</str>
               </arr>
               <arr name="iris.references.publicationDateStr">
                  <str>2011</str>
               </arr>
               <arr name="iris.references.publicationType">
                  <str>Electronic Resource</str>
                  <str>Chapter</str>
               </arr>
               <arr name="iris2.email">
                  <str>sam.hellmuth@york.ac.uk</str>
               </arr>
               <arr name="iris2.feedback.count">
                  <str>0</str>
               </arr>
               <str name="iris2.hasmaterials">Records with materials</str>
               <arr name="iris2.instrument.author">
                  <str>Hellmuth, Sam</str>
               </arr>
               <arr name="iris2.instrument.dataType">
                  <str>Judgements</str>
               </arr>
               <arr name="iris2.instrument.instrumentType">
                  <str>Stimuli for laboratory studies</str>
                  <str>Audio</str>
               </arr>
               <str name="iris2.instrument.instrumentType.alltypes">audio stimuli for laboratory studies (audio)  </str>
               <arr name="iris2.instrument.licence">
                  <str>Attribution-NonCommercial-ShareAlike</str>
               </arr>
               <arr name="iris2.instrument.linguisticTarget">
                  <str>Stress</str>
               </arr>
               <str name="iris2.instrument.primaryInstrumentType">Stimuli for laboratory studies &gt; Audio</str>
               <arr name="iris2.instrument.researchArea">
                  <str>Prosody</str>
                  <str>Pronunciation</str>
               </arr>
               <arr name="iris2.instrument.sourceLanguage">
                  <str>English</str>
                  <str>Arabic</str>
               </arr>
               <arr name="iris2.instrument.typeOfFile">
                  <str>Sound</str>
                  <str>Text</str>
               </arr>
               <arr name="iris2.participants.firstLanguage">
                  <str>Arabic</str>
               </arr>
               <arr name="iris2.participants.participantType">
                  <str>Native speakers</str>
               </arr>
               <arr name="iris2.participants.targetLanguage">
                  <str>English</str>
               </arr>
               <arr name="iris2.referenceid">
                  <str>2011_Hellmuth_Accent distribution effects in L2 English: Causes and implications</str>
               </arr>
               <str name="iris2.references.allauthors">Hellmuth (2011); </str>
               <arr name="iris2.references.author">
                  <str>Hellmuth, Sam</str>
               </arr>
               <str name="iris2.references.author.lastnames">hellmuth</str>
               <arr name="iris2.references.booktitle">
                  <str>Accent distribution effects in L2 English: Causes and implications</str>
                  <str>Achievements and perspectives in second language acquisition of speech: New Sounds 2010, volume I</str>
               </arr>
               <arr name="iris2.references.editor">
                  <str>Dziubalska-Kolaczyk, Katarzyna</str>
                  <str>Wrembel, Magdalena</str>
                  <str>Kul, Malgorzata</str>
               </arr>
               <arr name="iris2.references.publicationDate">
                  <str>2011</str>
               </arr>
               <arr name="iris2.references.publicationDateStr">
                  <str>2011</str>
               </arr>
               <arr name="iris2.references.publicationLatestDate">
                  <str>2011</str>
               </arr>
               <arr name="iris2.references.publicationType">
                  <str>Electronic Resource</str>
                  <str>Chapter</str>
               </arr>
               <arr name="oai_dc.dc_xsi:schemaLocation">
                  <str>http://www.openarchives.org/OAI/2.0/oai_dc/ http://www.openarchives.org/OAI/2.0/oai_dc.xsd</str>
               </arr>
            </doc>
         </result>
      </response>
   </solr>
   <files>
      <file id="INSTRUMENT" mime="application/octet-stream" url="https://www.iris-database.org/iris/api/resource/york:814539/asset/INSTRUMENT?download=true"/>
      <file id="INSTRUMENT1" mime="application/octet-stream" url="https://www.iris-database.org/iris/api/resource/york:814539/asset/INSTRUMENT1?download=true"/>
      <file id="INSTRUMENT2" mime="application/pdf" url="https://www.iris-database.org/iris/api/resource/york:814539/asset/INSTRUMENT2?download=true"/>
   </files>
</record>
