<?xml version="1.0" encoding="ISO-8859-1"?>

<record pid="york:852253">
   <solr>
      <response>
         <lst name="responseHeader">
            <int name="status">0</int>
            <int name="QTime">470</int>
            <lst name="params">
               <str name="q">PID:york?852253</str>
            </lst>
         </lst>
         <result name="response" numfound="1" start="0">
            <doc>
               <str name="PID">york:852253</str>
               <arr name="dc.creator">
                  <str>Barton, Amanda</str>
                  <str>Bragg, Joanna</str>
                  <str>Serratrice, Ludovica</str>
               </arr>
               <arr name="dc.date">
                  <str>2009</str>
               </arr>
               <arr name="dc.identifier">
                  <str>york:852253</str>
               </arr>
               <arr name="dc.type">
                  <str>Attitude questionnaire</str>
                  <str>Debriefing questionnaire</str>
                  <str>http://www.iris-database.org/Instruments</str>
               </arr>
               <arr name="dc2.creator">
                  <str>Barton, Amanda</str>
                  <str>Bragg, Joanna</str>
                  <str>Serratrice, Ludovica</str>
               </arr>
               <arr name="dc2.date">
                  <str>2009</str>
               </arr>
               <arr name="dc2.identifier">
                  <str>york:852253</str>
               </arr>
               <arr name="dc2.type">
                  <str>Attitude questionnaire</str>
                  <str>Debriefing questionnaire</str>
                  <str>http://www.iris-database.org/Instruments</str>
               </arr>
               <arr name="dc3.creator">
                  <str>Barton, Amanda</str>
                  <str>Bragg, Joanna</str>
                  <str>Serratrice, Ludovica</str>
               </arr>
               <date name="fgs.createdDate">2015-03-24T14:22:17.537Z</date>
               <date name="fgs.dateCreated.sort">2015-03-24T14:22:17.537Z</date>
               <str name="fgs.label">IRIS Instrument created by YODL workflow.</str>
               <date name="fgs.lastModifiedDate">2017-11-12T15:46:51.015Z</date>
               <str name="fgs.ownerId">iris-580a9f0f-ed9e-4f5f-be7e-877243bddfd0</str>
               <str name="fgs.state">Active</str>
               <arr name="iris.email">
                  <str>amanda.barton@manchester.ac.uk</str>
               </arr>
               <arr name="iris.feedback.count">
                  <str>0</str>
               </arr>
               <str name="iris.hasmaterials">Records with materials</str>
               <arr name="iris.instrument.author">
                  <str>Barton, Amanda</str>
                  <str>Bragg, Joanna</str>
                  <str>Serratrice, Ludovica</str>
               </arr>
               <arr name="iris.instrument.instrumentType">
                  <str>Questionnaire</str>
                  <str>Attitude questionnaire</str>
                  <str>Questionnaire</str>
                  <str>Debriefing questionnaire</str>
               </arr>
               <str name="iris.instrument.instrumentType.alltypes">attitude questionnaire attitude questionnaire  debriefing questionnaire debriefing questionnaire  </str>
               <arr name="iris.instrument.licence">
                  <str>Attribution-NonCommercial-ShareAlike</str>
               </arr>
               <str name="iris.instrument.primaryInstrumentType">Questionnaire &gt; Debriefing questionnaire</str>
               <arr name="iris.instrument.researchArea">
                  <str>Teaching materials and curriculum (syllabus, textbook design)</str>
                  <str>Effectiveness of teaching</str>
               </arr>
               <arr name="iris.instrument.secondaryInstrumentType">
                  <str>Questionnaire &gt; Attitude questionnaire</str>
               </arr>
               <arr name="iris.instrument.typeOfFile">
                  <str>Text</str>
               </arr>
               <arr name="iris.participants.firstLanguage">
                  <str>English</str>
               </arr>
               <arr name="iris.participants.participantType">
                  <str>Foreign language learners</str>
                  <str>Young learners</str>
               </arr>
               <arr name="iris.referenceid">
                  <str>2009_Barton_Bragg_Serratrice_'Discovering Language' in primary school: an evaluation of a language awareness programme</str>
               </arr>
               <str name="iris.references.allauthors">Barton, Bragg, et al. (2009)</str>
               <arr name="iris.references.author">
                  <str>Barton, Amanda</str>
                  <str>Bragg, Joanna</str>
                  <str>Serratrice, Ludovica</str>
               </arr>
               <str name="iris.references.author.lastnames">bartonbraggserratrice</str>
               <arr name="iris.references.author.noack">
                  <str>Barton, Amanda</str>
                  <str>Bragg, Joanna</str>
                  <str>Serratrice, Ludovica</str>
               </arr>
               <arr name="iris.references.journal">
                  <str>The Language Learning Journal</str>
               </arr>
               <arr name="iris.references.publicationDate">
                  <str>2009</str>
               </arr>
               <arr name="iris.references.publicationDateStr">
                  <str>2009</str>
               </arr>
               <arr name="iris.references.publicationType">
                  <str>Journal Article</str>
               </arr>
               <arr name="iris2.email">
                  <str>amanda.barton@manchester.ac.uk</str>
               </arr>
               <arr name="iris2.feedback.count">
                  <str>0</str>
               </arr>
               <str name="iris2.hasmaterials">Records with materials</str>
               <arr name="iris2.instrument.author">
                  <str>Barton, Amanda</str>
                  <str>Bragg, Joanna</str>
                  <str>Serratrice, Ludovica</str>
               </arr>
               <arr name="iris2.instrument.instrumentType">
                  <str>Questionnaire</str>
                  <str>Attitude questionnaire</str>
                  <str>Questionnaire</str>
                  <str>Debriefing questionnaire</str>
               </arr>
               <str name="iris2.instrument.instrumentType.alltypes">attitude questionnaire attitude questionnaire  debriefing questionnaire debriefing questionnaire  </str>
               <arr name="iris2.instrument.licence">
                  <str>Attribution-NonCommercial-ShareAlike</str>
               </arr>
               <str name="iris2.instrument.primaryInstrumentType">Questionnaire &gt; Debriefing questionnaire</str>
               <arr name="iris2.instrument.researchArea">
                  <str>Teaching materials and curriculum (syllabus, textbook design)</str>
                  <str>Effectiveness of teaching</str>
               </arr>
               <arr name="iris2.instrument.secondaryInstrumentType">
                  <str>Questionnaire &gt; Attitude questionnaire</str>
               </arr>
               <arr name="iris2.instrument.typeOfFile">
                  <str>Text</str>
               </arr>
               <arr name="iris2.participants.firstLanguage">
                  <str>English</str>
               </arr>
               <arr name="iris2.participants.participantType">
                  <str>Foreign language learners</str>
                  <str>Young learners</str>
               </arr>
               <arr name="iris2.referenceid">
                  <str>2009_Barton_Bragg_Serratrice_'Discovering Language' in primary school: an evaluation of a language awareness programme</str>
               </arr>
               <str name="iris2.references.allauthors">Barton, Bragg, et al. (2009)</str>
               <arr name="iris2.references.author">
                  <str>Barton, Amanda</str>
                  <str>Bragg, Joanna</str>
                  <str>Serratrice, Ludovica</str>
               </arr>
               <str name="iris2.references.author.lastnames">bartonbraggserratrice</str>
               <arr name="iris2.references.journal">
                  <str>The Language Learning Journal</str>
               </arr>
               <arr name="iris2.references.publicationDate">
                  <str>2009</str>
               </arr>
               <arr name="iris2.references.publicationDateStr">
                  <str>2009</str>
               </arr>
               <arr name="iris2.references.publicationLatestDate">
                  <str>2009</str>
               </arr>
               <arr name="iris2.references.publicationType">
                  <str>Journal Article</str>
               </arr>
               <arr name="oai_dc.dc_xsi:schemaLocation">
                  <str>http://www.openarchives.org/OAI/2.0/oai_dc/ http://www.openarchives.org/OAI/2.0/oai_dc.xsd</str>
                  <str>http://www.openarchives.org/OAI/2.0/oai_dc/ http://www.openarchives.org/OAI/2.0/oai_dc.xsd</str>
               </arr>
            </doc>
         </result>
      </response>
   </solr>
   <files>
      <file id="INSTRUMENT" mime="application/vnd.openxmlformats-officedocument.wordprocessingml.document" url="https://www.iris-database.org/iris/api/resource/york:852253/asset/INSTRUMENT?download=true"/>
   </files>
</record>
