<?xml version="1.0" encoding="ISO-8859-1"?>

<record pid="york:807528">
   <solr>
      <response>
         <lst name="responseHeader">
            <int name="status">0</int>
            <int name="QTime">455</int>
            <lst name="params">
               <str name="q">PID:york?807528</str>
            </lst>
         </lst>
         <result name="response" numfound="1" start="0">
            <doc>
               <str name="PID">york:807528</str>
               <arr name="dc.creator">
                  <str>Marsden, Emma</str>
                  <str>Williams, J</str>
                  <str>Liu, X</str>
               </arr>
               <arr name="dc.date">
                  <str>in press</str>
               </arr>
               <arr name="dc.format">
                  <str>English</str>
               </arr>
               <arr name="dc.subject">
                  <str>Lexicon (vocabulary)</str>
                  <str>Effectiveness of teaching</str>
                  <str>Implicit learning</str>
                  <str>Morphosyntax (grammar)</str>
                  <str>Processing instruction</str>
               </arr>
               <arr name="dc.type">
                  <str>Script for psycholinguistic techniques (priming)</str>
                  <str>Stimuli for laboratory studies (audio)</str>
                  <str>http://www.iris-database.org/Instruments</str>
               </arr>
               <arr name="dc2.creator">
                  <str>Marsden, Emma</str>
                  <str>Williams, J</str>
                  <str>Liu, X</str>
               </arr>
               <arr name="dc2.date">
                  <str>in press</str>
               </arr>
               <arr name="dc2.format">
                  <str>English</str>
               </arr>
               <arr name="dc2.subject">
                  <str>Lexicon (vocabulary)</str>
                  <str>Effectiveness of teaching</str>
                  <str>Implicit learning</str>
                  <str>Morphosyntax (grammar)</str>
                  <str>Processing instruction</str>
               </arr>
               <arr name="dc2.type">
                  <str>Script for psycholinguistic techniques (priming)</str>
                  <str>Stimuli for laboratory studies (audio)</str>
                  <str>http://www.iris-database.org/Instruments</str>
               </arr>
               <arr name="dc3.creator">
                  <str>Marsden, Emma</str>
                  <str>Williams, J</str>
                  <str>Liu, X</str>
               </arr>
               <arr name="dc3.subject">
                  <str>Lexicon (vocabulary)</str>
                  <str>Effectiveness of teaching</str>
                  <str>Implicit learning</str>
                  <str>Morphosyntax (grammar)</str>
                  <str>Processing instruction</str>
               </arr>
               <date name="fgs.createdDate">2012-12-06T13:19:19.918Z</date>
               <date name="fgs.dateCreated.sort">2012-12-06T13:19:19.918Z</date>
               <str name="fgs.label">IRIS Instrument created by YODL workflow.</str>
               <date name="fgs.lastModifiedDate">2017-09-07T02:46:29.715Z</date>
               <str name="fgs.ownerId">iris-cf0e435a-b839-436b-b870-789b06a436ba</str>
               <str name="fgs.state">Active</str>
               <arr name="iris.email">
                  <str>emma.marsden@york.ac.uk</str>
               </arr>
               <arr name="iris.feedback.count">
                  <str>0</str>
               </arr>
               <str name="iris.hasmaterials">Records with materials</str>
               <arr name="iris.instrument.author">
                  <str>Marsden, Emma</str>
                  <str>Williams, J</str>
                  <str>Liu, X</str>
               </arr>
               <arr name="iris.instrument.dataType">
                  <str>Reaction times</str>
               </arr>
               <arr name="iris.instrument.dataType.alternate">
                  <str/>
               </arr>
               <arr name="iris.instrument.instrumentType">
                  <str>Script for psycholinguistic techniques</str>
                  <str>Priming paradigm</str>
                  <str>Stimuli for laboratory studies</str>
                  <str>Audio</str>
               </arr>
               <str name="iris.instrument.instrumentType.alltypes">priming paradigm script for psycholinguistic techniques (priming)  audio stimuli for laboratory studies (audio)  </str>
               <arr name="iris.instrument.licence">
                  <str>Attribution-NonCommercial-ShareAlike</str>
               </arr>
               <arr name="iris.instrument.linguisticTarget">
                  <str>Morphology</str>
                  <str>Syllable</str>
                  <str>Determiners</str>
               </arr>
               <str name="iris.instrument.primaryInstrumentType">Script for psycholinguistic techniques &gt; Priming paradigm</str>
               <arr name="iris.instrument.researchArea">
                  <str>Lexicon (vocabulary)</str>
                  <str>Effectiveness of teaching</str>
                  <str>Morphosyntax (grammar)</str>
                  <str>Processing instruction</str>
                  <str>Implicit learning</str>
               </arr>
               <arr name="iris.instrument.secondaryInstrumentType">
                  <str>Stimuli for laboratory studies &gt; Audio</str>
               </arr>
               <arr name="iris.instrument.software">
                  <str>EPrime</str>
               </arr>
               <arr name="iris.instrument.sourceLanguage">
                  <str>English</str>
               </arr>
               <arr name="iris.instrument.typeOfFile">
                  <str>Software</str>
                  <str>Sound</str>
                  <str>Still Image</str>
               </arr>
               <arr name="iris.participants.firstLanguage">
                  <str>English</str>
               </arr>
               <arr name="iris.participants.gender">
                  <str>mixed</str>
               </arr>
               <arr name="iris.participants.participantType">
                  <str>Artificial language learners</str>
               </arr>
               <arr name="iris.referenceid">
                  <str>in press_Marsden_Williams_Liu_Learning novel morphology: The role of meaning and orientation of attention at initial exposure</str>
               </arr>
               <str name="iris.references.allauthors">Marsden, Williams, et al. (in press)</str>
               <arr name="iris.references.author">
                  <str>Marsden, Emma</str>
                  <str>Williams, J</str>
                  <str>Liu, X</str>
               </arr>
               <str name="iris.references.author.lastnames">marsdenwilliamsliu</str>
               <arr name="iris.references.author.noack">
                  <str>Marsden, Emma</str>
                  <str>Williams, J</str>
                  <str>Liu, X</str>
               </arr>
               <arr name="iris.references.journal">
                  <str>Studies in Second Language Acquisition</str>
               </arr>
               <arr name="iris.references.publicationDate">
                  <str>in press</str>
               </arr>
               <arr name="iris.references.publicationDateStr">
                  <str>in press</str>
               </arr>
               <arr name="iris.references.publicationType">
                  <str>Journal Article</str>
               </arr>
               <arr name="iris2.email">
                  <str>emma.marsden@york.ac.uk</str>
               </arr>
               <arr name="iris2.feedback.count">
                  <str>0</str>
               </arr>
               <str name="iris2.hasmaterials">Records with materials</str>
               <arr name="iris2.instrument.author">
                  <str>Marsden, Emma</str>
                  <str>Williams, J</str>
                  <str>Liu, X</str>
               </arr>
               <arr name="iris2.instrument.dataType">
                  <str>Reaction times</str>
               </arr>
               <arr name="iris2.instrument.instrumentType">
                  <str>Script for psycholinguistic techniques</str>
                  <str>Priming paradigm</str>
                  <str>Stimuli for laboratory studies</str>
                  <str>Audio</str>
               </arr>
               <str name="iris2.instrument.instrumentType.alltypes">priming paradigm script for psycholinguistic techniques (priming)  audio stimuli for laboratory studies (audio)  </str>
               <arr name="iris2.instrument.licence">
                  <str>Attribution-NonCommercial-ShareAlike</str>
               </arr>
               <arr name="iris2.instrument.linguisticTarget">
                  <str>Morphology</str>
                  <str>Syllable</str>
                  <str>Determiners</str>
               </arr>
               <str name="iris2.instrument.primaryInstrumentType">Script for psycholinguistic techniques &gt; Priming paradigm</str>
               <arr name="iris2.instrument.researchArea">
                  <str>Lexicon (vocabulary)</str>
                  <str>Effectiveness of teaching</str>
                  <str>Morphosyntax (grammar)</str>
                  <str>Processing instruction</str>
                  <str>Implicit learning</str>
               </arr>
               <arr name="iris2.instrument.secondaryInstrumentType">
                  <str>Stimuli for laboratory studies &gt; Audio</str>
               </arr>
               <arr name="iris2.instrument.software">
                  <str>EPrime</str>
               </arr>
               <arr name="iris2.instrument.sourceLanguage">
                  <str>English</str>
               </arr>
               <arr name="iris2.instrument.typeOfFile">
                  <str>Software</str>
                  <str>Sound</str>
                  <str>Still Image</str>
               </arr>
               <arr name="iris2.participants.firstLanguage">
                  <str>English</str>
               </arr>
               <arr name="iris2.participants.gender">
                  <str>mixed</str>
               </arr>
               <arr name="iris2.participants.participantType">
                  <str>Artificial language learners</str>
               </arr>
               <arr name="iris2.referenceid">
                  <str>in press_Marsden_Williams_Liu_Learning novel morphology: The role of meaning and orientation of attention at initial exposure</str>
               </arr>
               <str name="iris2.references.allauthors">Marsden, Williams, et al. (in press)</str>
               <arr name="iris2.references.author">
                  <str>Marsden, Emma</str>
                  <str>Williams, J</str>
                  <str>Liu, X</str>
               </arr>
               <str name="iris2.references.author.lastnames">marsdenwilliamsliu</str>
               <arr name="iris2.references.journal">
                  <str>Studies in Second Language Acquisition</str>
               </arr>
               <arr name="iris2.references.publicationDate">
                  <str>in press</str>
               </arr>
               <arr name="iris2.references.publicationDateStr">
                  <str>in press</str>
               </arr>
               <arr name="iris2.references.publicationLatestDate">
                  <str>in press</str>
               </arr>
               <arr name="iris2.references.publicationType">
                  <str>Journal Article</str>
               </arr>
               <arr name="oai_dc.dc_xsi:schemaLocation">
                  <str>http://www.openarchives.org/OAI/2.0/oai_dc/ http://www.openarchives.org/OAI/2.0/oai_dc.xsd</str>
               </arr>
            </doc>
         </result>
      </response>
   </solr>
   <files>
      <file id="INSTRUMENT" mime="application/octet-stream" url="https://www.iris-database.org/iris/api/resource/york:807528/asset/INSTRUMENT?download=true"/>
      <file id="INSTRUMENT1" mime="application/octet-stream" url="https://www.iris-database.org/iris/api/resource/york:807528/asset/INSTRUMENT1?download=true"/>
      <file id="INSTRUMENT2" mime="application/octet-stream" url="https://www.iris-database.org/iris/api/resource/york:807528/asset/INSTRUMENT2?download=true"/>
   </files>
</record>
