<?xml version="1.0" encoding="ISO-8859-1"?>

<record pid="york:822635">
   <solr>
      <response>
         <lst name="responseHeader">
            <int name="status">0</int>
            <int name="QTime">491</int>
            <lst name="params">
               <str name="q">PID:york?822635</str>
            </lst>
         </lst>
         <result name="response" numfound="1" start="0">
            <doc>
               <str name="PID">york:822635</str>
               <arr name="dc.creator">
                  <str>Ferrari, Liviana</str>
               </arr>
               <str name="dc.title">Focus group and interview protocols</str>
               <str name="dc.title.sort">Focus group and interview protocols</str>
               <arr name="dc.type">
                  <str>Interview protocol</str>
                  <str>http://www.iris-database.org/Instruments</str>
               </arr>
               <arr name="dc2.creator">
                  <str>Ferrari, Liviana</str>
               </arr>
               <str name="dc2.title">Focus group and interview protocols</str>
               <arr name="dc2.type">
                  <str>Interview protocol</str>
                  <str>http://www.iris-database.org/Instruments</str>
               </arr>
               <arr name="dc3.creator">
                  <str>Ferrari, Liviana</str>
               </arr>
               <str name="dc3.title">Focus group and interview protocols</str>
               <date name="fgs.createdDate">2014-06-06T15:01:57.537Z</date>
               <date name="fgs.dateCreated.sort">2014-06-06T15:01:57.537Z</date>
               <str name="fgs.label">IRIS Instrument created by YODL workflow.</str>
               <date name="fgs.lastModifiedDate">2017-04-04T08:19:13.833Z</date>
               <str name="fgs.ownerId">iris-580a9f0f-ed9e-4f5f-be7e-877243bddfd0</str>
               <str name="fgs.state">Active</str>
               <arr name="iris.email">
                  <str>L.Ferrari@yorksj.ac.uk</str>
               </arr>
               <arr name="iris.feedback.count">
                  <str>0</str>
               </arr>
               <str name="iris.hasmaterials">Records with materials</str>
               <arr name="iris.instrument.author">
                  <str>Ferrari, Liviana</str>
               </arr>
               <arr name="iris.instrument.instrumentType">
                  <str>Interview protocol / schedule</str>
               </arr>
               <str name="iris.instrument.instrumentType.alltypes">interview protocol / schedule interview protocol / schedule interview schedule </str>
               <arr name="iris.instrument.licence">
                  <str>Attribution-NonCommercial-ShareAlike</str>
               </arr>
               <str name="iris.instrument.primaryInstrumentType">Interview protocol / schedule</str>
               <arr name="iris.instrument.researchArea">
                  <str>Learner attitudes</str>
                  <str>Motivation</str>
               </arr>
               <arr name="iris.instrument.title">
                  <str>Focus group and interview protocols</str>
               </arr>
               <arr name="iris.instrument.typeOfFile">
                  <str>Text</str>
               </arr>
               <arr name="iris.participants.firstLanguage">
                  <str>English</str>
               </arr>
               <arr name="iris.participants.participantType">
                  <str>Foreign language learners</str>
               </arr>
               <arr name="iris.participants.targetLanguage">
                  <str>Italian</str>
               </arr>
               <arr name="iris.referenceid">
                  <str>Ferrari_The motivation of adult foreign language learners on an Italian beginners' course: An exploratory, longitudinal study</str>
               </arr>
               <str name="iris.references.allauthors">Ferrari (2013)</str>
               <arr name="iris.references.author">
                  <str>Ferrari, Liviana</str>
               </arr>
               <str name="iris.references.author.lastnames">ferrari</str>
               <arr name="iris.references.author.noack">
                  <str>Ferrari, Liviana</str>
               </arr>
               <arr name="iris.references.publicationDate">
                  <str>2013</str>
               </arr>
               <arr name="iris.references.publicationDateStr">
                  <str>2013</str>
               </arr>
               <arr name="iris.references.publicationType">
                  <str>Thesis</str>
               </arr>
               <arr name="iris2.email">
                  <str>L.Ferrari@yorksj.ac.uk</str>
               </arr>
               <arr name="iris2.feedback.count">
                  <str>0</str>
               </arr>
               <str name="iris2.hasmaterials">Records with materials</str>
               <arr name="iris2.instrument.author">
                  <str>Ferrari, Liviana</str>
               </arr>
               <arr name="iris2.instrument.instrumentType">
                  <str>Interview protocol / schedule</str>
               </arr>
               <str name="iris2.instrument.instrumentType.alltypes">interview protocol / schedule interview protocol / schedule interview schedule </str>
               <arr name="iris2.instrument.licence">
                  <str>Attribution-NonCommercial-ShareAlike</str>
               </arr>
               <str name="iris2.instrument.primaryInstrumentType">Interview protocol / schedule</str>
               <arr name="iris2.instrument.researchArea">
                  <str>Learner attitudes</str>
                  <str>Motivation</str>
               </arr>
               <arr name="iris2.instrument.typeOfFile">
                  <str>Text</str>
               </arr>
               <arr name="iris2.participants.firstLanguage">
                  <str>English</str>
               </arr>
               <arr name="iris2.participants.participantType">
                  <str>Foreign language learners</str>
               </arr>
               <arr name="iris2.participants.targetLanguage">
                  <str>Italian</str>
               </arr>
               <arr name="iris2.referenceid">
                  <str>Ferrari_The motivation of adult foreign language learners on an Italian beginners' course: An exploratory, longitudinal study</str>
               </arr>
               <str name="iris2.references.allauthors">Ferrari (2013)</str>
               <arr name="iris2.references.author">
                  <str>Ferrari, Liviana</str>
               </arr>
               <str name="iris2.references.author.lastnames">ferrari</str>
               <arr name="iris2.references.publicationDate">
                  <str>2013</str>
               </arr>
               <arr name="iris2.references.publicationDateStr">
                  <str>2013</str>
               </arr>
               <arr name="iris2.references.publicationLatestDate">
                  <str/>
               </arr>
               <arr name="iris2.references.publicationType">
                  <str>Thesis</str>
               </arr>
               <arr name="oai_dc.dc_xsi:schemaLocation">
                  <str>http://www.openarchives.org/OAI/2.0/oai_dc/ http://www.openarchives.org/OAI/2.0/oai_dc.xsd</str>
               </arr>
            </doc>
         </result>
      </response>
   </solr>
   <files>
      <file id="INSTRUMENT" mime="application/vnd.openxmlformats-officedocument.wordprocessingml.document" url="https://www.iris-database.org/iris/api/resource/york:822635/asset/INSTRUMENT?download=true"/>
   </files>
</record>
