<?xml version="1.0" encoding="ISO-8859-1"?>

<record pid="york:822301">
   <solr>
      <response>
         <lst name="responseHeader">
            <int name="status">0</int>
            <int name="QTime">470</int>
            <lst name="params">
               <str name="q">PID:york?822301</str>
            </lst>
         </lst>
         <result name="response" numfound="1" start="0">
            <doc>
               <str name="PID">york:822301</str>
               <arr name="dc.creator">
                  <str>Marsden, Heather</str>
               </arr>
               <arr name="dc.date">
                  <str>2009</str>
               </arr>
               <arr name="dc.description">
                  <str>See Marsden, Heather (2004) Quantifier scope in non-native Japanese: A comparative interlanguage study of Chinese, English, and Korean-speaking learners. PhD thesis, University of Durham for details of piloting etc.</str>
               </arr>
               <arr name="dc.format">
                  <str>Japanese</str>
               </arr>
               <arr name="dc.identifier">
                  <str>york:822301</str>
               </arr>
               <arr name="dc.subject">
                  <str>Acquisition</str>
               </arr>
               <arr name="dc.type">
                  <str>Grammaticality / Acceptability judgement test</str>
                  <str>http://www.iris-database.org/Instruments</str>
               </arr>
               <arr name="dc2.creator">
                  <str>Marsden, Heather</str>
               </arr>
               <arr name="dc2.date">
                  <str>2009</str>
               </arr>
               <arr name="dc2.description">
                  <str>See Marsden, Heather (2004) Quantifier scope in non-native Japanese: A comparative interlanguage study of Chinese, English, and Korean-speaking learners. PhD thesis, University of Durham for details of piloting etc.</str>
               </arr>
               <arr name="dc2.format">
                  <str>Japanese</str>
               </arr>
               <arr name="dc2.identifier">
                  <str>york:822301</str>
               </arr>
               <arr name="dc2.subject">
                  <str>Acquisition</str>
               </arr>
               <arr name="dc2.type">
                  <str>Grammaticality / Acceptability judgement test</str>
                  <str>http://www.iris-database.org/Instruments</str>
               </arr>
               <arr name="dc3.creator">
                  <str>Marsden, Heather</str>
               </arr>
               <arr name="dc3.subject">
                  <str>Acquisition</str>
               </arr>
               <date name="fgs.createdDate">2014-05-20T16:07:11.392Z</date>
               <date name="fgs.dateCreated.sort">2014-05-20T16:07:11.392Z</date>
               <str name="fgs.label">IRIS Instrument created by YODL workflow.</str>
               <date name="fgs.lastModifiedDate">2017-05-27T18:52:35.469Z</date>
               <str name="fgs.ownerId">iris-d4c90490-e417-4489-a177-844862d681fe</str>
               <str name="fgs.state">Active</str>
               <arr name="iris.email">
                  <str>heather.marsden@york.ac.uk</str>
               </arr>
               <arr name="iris.feedback.count">
                  <str>0</str>
               </arr>
               <str name="iris.hasmaterials">Records with materials</str>
               <arr name="iris.instrument.author">
                  <str>Marsden, Heather</str>
               </arr>
               <arr name="iris.instrument.dataType">
                  <str>Judgements</str>
               </arr>
               <arr name="iris.instrument.dataType.alternate">
                  <str/>
               </arr>
               <arr name="iris.instrument.instrumentType">
                  <str>Grammaticality / Acceptability judgement test</str>
               </arr>
               <str name="iris.instrument.instrumentType.alltypes">grammaticality / acceptability judgement test grammaticality / acceptability judgement test grammaticality judgement sentences,grammaticality judgement test,acceptability judgement test,gjt,grammaticality judgment test </str>
               <arr name="iris.instrument.licence">
                  <str>Attribution-NonCommercial-ShareAlike</str>
               </arr>
               <arr name="iris.instrument.linguisticTarget">
                  <str>Quantifier</str>
                  <str>Semantics</str>
                  <str>Syntax</str>
               </arr>
               <str name="iris.instrument.notes">See Marsden, Heather (2004) Quantifier scope in non-native Japanese: A comparative interlanguage study of Chinese, English, and Korean-speaking learners. PhD thesis, University of Durham for details of piloting etc.</str>
               <str name="iris.instrument.primaryInstrumentType">Grammaticality / Acceptability judgement test</str>
               <arr name="iris.instrument.researchArea">
                  <str>Acquisition</str>
               </arr>
               <arr name="iris.instrument.sourceLanguage">
                  <str>Japanese</str>
               </arr>
               <arr name="iris.instrument.typeOfFile">
                  <str>Still Image</str>
                  <str>Text</str>
               </arr>
               <arr name="iris.participants.firstLanguage">
                  <str>Chinese</str>
                  <str>English</str>
                  <str>Korean</str>
               </arr>
               <arr name="iris.participants.participantType">
                  <str>Foreign language learners</str>
                  <str>Second language learners</str>
                  <str>Native speakers</str>
               </arr>
               <arr name="iris.participants.proficiencyLearner">
                  <str>Intermediate</str>
                  <str>Advanced</str>
               </arr>
               <arr name="iris.participants.targetLanguage">
                  <str>Japanese</str>
               </arr>
               <arr name="iris.referenceid">
                  <str>Marsden_Quantifier scope in non-native Japanese: A comparative interlanguage study of Chinese, English, and Korean-speaking learners</str>
                  <str>2009_Marsden_Distributive quantifier scope in English-Japanese and Korean-Japanese interlanguage</str>
               </arr>
               <str name="iris.references.allauthors">Marsden (2004); Marsden (2009)</str>
               <arr name="iris.references.author">
                  <str>Marsden, Heather</str>
                  <str>Marsden, Heather</str>
               </arr>
               <str name="iris.references.author.lastnames">marsdenmarsden</str>
               <arr name="iris.references.author.noack">
                  <str>Marsden, Heather</str>
                  <str>Marsden, Heather</str>
               </arr>
               <arr name="iris.references.journal">
                  <str>Language Acquisition</str>
               </arr>
               <arr name="iris.references.publicationDate">
                  <str>2009</str>
                  <str>2004</str>
               </arr>
               <arr name="iris.references.publicationDateStr">
                  <str>2009</str>
                  <str>2004</str>
               </arr>
               <arr name="iris.references.publicationType">
                  <str>Thesis</str>
                  <str>Journal Article</str>
               </arr>
               <arr name="iris2.email">
                  <str>heather.marsden@york.ac.uk</str>
               </arr>
               <arr name="iris2.feedback.count">
                  <str>0</str>
               </arr>
               <str name="iris2.hasmaterials">Records with materials</str>
               <arr name="iris2.instrument.author">
                  <str>Marsden, Heather</str>
               </arr>
               <arr name="iris2.instrument.dataType">
                  <str>Judgements</str>
               </arr>
               <arr name="iris2.instrument.instrumentType">
                  <str>Grammaticality / Acceptability judgement test</str>
               </arr>
               <str name="iris2.instrument.instrumentType.alltypes">grammaticality / acceptability judgement test grammaticality / acceptability judgement test grammaticality judgement sentences,grammaticality judgement test,acceptability judgement test,gjt,grammaticality judgment test </str>
               <arr name="iris2.instrument.licence">
                  <str>Attribution-NonCommercial-ShareAlike</str>
               </arr>
               <arr name="iris2.instrument.linguisticTarget">
                  <str>Quantifier</str>
                  <str>Semantics</str>
                  <str>Syntax</str>
               </arr>
               <str name="iris2.instrument.primaryInstrumentType">Grammaticality / Acceptability judgement test</str>
               <arr name="iris2.instrument.researchArea">
                  <str>Acquisition</str>
               </arr>
               <arr name="iris2.instrument.sourceLanguage">
                  <str>Japanese</str>
               </arr>
               <arr name="iris2.instrument.typeOfFile">
                  <str>Still Image</str>
                  <str>Text</str>
               </arr>
               <arr name="iris2.participants.firstLanguage">
                  <str>Chinese</str>
                  <str>English</str>
                  <str>Korean</str>
               </arr>
               <arr name="iris2.participants.participantType">
                  <str>Foreign language learners</str>
                  <str>Second language learners</str>
                  <str>Native speakers</str>
               </arr>
               <arr name="iris2.participants.proficiencyLearner">
                  <str>Intermediate</str>
                  <str>Advanced</str>
               </arr>
               <arr name="iris2.participants.targetLanguage">
                  <str>Japanese</str>
               </arr>
               <arr name="iris2.referenceid">
                  <str>Marsden_Quantifier scope in non-native Japanese: A comparative interlanguage study of Chinese, English, and Korean-speaking learners</str>
                  <str>2009_Marsden_Distributive quantifier scope in English-Japanese and Korean-Japanese interlanguage</str>
               </arr>
               <str name="iris2.references.allauthors">Marsden (2004); Marsden (2009)</str>
               <arr name="iris2.references.author">
                  <str>Marsden, Heather</str>
                  <str>Marsden, Heather</str>
               </arr>
               <str name="iris2.references.author.lastnames">marsdenmarsden</str>
               <arr name="iris2.references.journal">
                  <str>Language Acquisition</str>
               </arr>
               <arr name="iris2.references.publicationDate">
                  <str>2009</str>
                  <str>2004</str>
               </arr>
               <arr name="iris2.references.publicationDateStr">
                  <str>2009</str>
                  <str>2004</str>
               </arr>
               <arr name="iris2.references.publicationLatestDate">
                  <str>2009</str>
               </arr>
               <arr name="iris2.references.publicationType">
                  <str>Thesis</str>
                  <str>Journal Article</str>
               </arr>
               <arr name="oai_dc.dc_xsi:schemaLocation">
                  <str>http://www.openarchives.org/OAI/2.0/oai_dc/ http://www.openarchives.org/OAI/2.0/oai_dc.xsd</str>
                  <str>http://www.openarchives.org/OAI/2.0/oai_dc/ http://www.openarchives.org/OAI/2.0/oai_dc.xsd</str>
               </arr>
            </doc>
         </result>
      </response>
   </solr>
   <files>
      <file id="INSTRUMENT" mime="image/jpg" url="https://www.iris-database.org/iris/api/resource/york:822301/asset/INSTRUMENT?download=true"/>
      <file id="INSTRUMENT1" mime="application/octet-stream" url="https://www.iris-database.org/iris/api/resource/york:822301/asset/INSTRUMENT1?download=true"/>
      <file id="INSTRUMENT2" mime="application/octet-stream" url="https://www.iris-database.org/iris/api/resource/york:822301/asset/INSTRUMENT2?download=true"/>
      <file id="INSTRUMENT3" mime="image/jpg" url="https://www.iris-database.org/iris/api/resource/york:822301/asset/INSTRUMENT3?download=true"/>
      <file id="INSTRUMENT4" mime="application/octet-stream" url="https://www.iris-database.org/iris/api/resource/york:822301/asset/INSTRUMENT4?download=true"/>
      <file id="INSTRUMENT5" mime="application/octet-stream" url="https://www.iris-database.org/iris/api/resource/york:822301/asset/INSTRUMENT5?download=true"/>
      <file id="INSTRUMENT6" mime="application/octet-stream" url="https://www.iris-database.org/iris/api/resource/york:822301/asset/INSTRUMENT6?download=true"/>
      <file id="INSTRUMENT7" mime="image/jpg" url="https://www.iris-database.org/iris/api/resource/york:822301/asset/INSTRUMENT7?download=true"/>
      <file id="INSTRUMENT8" mime="image/jpg" url="https://www.iris-database.org/iris/api/resource/york:822301/asset/INSTRUMENT8?download=true"/>
      <file id="INSTRUMENT9" mime="image/jpg" url="https://www.iris-database.org/iris/api/resource/york:822301/asset/INSTRUMENT9?download=true"/>
      <file id="INSTRUMENT10" mime="application/octet-stream" url="https://www.iris-database.org/iris/api/resource/york:822301/asset/INSTRUMENT10?download=true"/>
      <file id="INSTRUMENT11" mime="application/octet-stream" url="https://www.iris-database.org/iris/api/resource/york:822301/asset/INSTRUMENT11?download=true"/>
      <file id="INSTRUMENT12" mime="image/jpg" url="https://www.iris-database.org/iris/api/resource/york:822301/asset/INSTRUMENT12?download=true"/>
      <file id="INSTRUMENT13" mime="application/octet-stream" url="https://www.iris-database.org/iris/api/resource/york:822301/asset/INSTRUMENT13?download=true"/>
      <file id="INSTRUMENT14" mime="application/octet-stream" url="https://www.iris-database.org/iris/api/resource/york:822301/asset/INSTRUMENT14?download=true"/>
      <file id="INSTRUMENT15" mime="application/octet-stream" url="https://www.iris-database.org/iris/api/resource/york:822301/asset/INSTRUMENT15?download=true"/>
      <file id="INSTRUMENT16" mime="application/vnd.openxmlformats-officedocument.wordprocessingml.document" url="https://www.iris-database.org/iris/api/resource/york:822301/asset/INSTRUMENT16?download=true"/>
      <file id="INSTRUMENT17" mime="application/octet-stream" url="https://www.iris-database.org/iris/api/resource/york:822301/asset/INSTRUMENT17?download=true"/>
      <file id="INSTRUMENT18" mime="image/jpg" url="https://www.iris-database.org/iris/api/resource/york:822301/asset/INSTRUMENT18?download=true"/>
      <file id="INSTRUMENT19" mime="application/octet-stream" url="https://www.iris-database.org/iris/api/resource/york:822301/asset/INSTRUMENT19?download=true"/>
      <file id="INSTRUMENT20" mime="image/jpg" url="https://www.iris-database.org/iris/api/resource/york:822301/asset/INSTRUMENT20?download=true"/>
      <file id="INSTRUMENT21" mime="image/jpg" url="https://www.iris-database.org/iris/api/resource/york:822301/asset/INSTRUMENT21?download=true"/>
      <file id="INSTRUMENT22" mime="application/octet-stream" url="https://www.iris-database.org/iris/api/resource/york:822301/asset/INSTRUMENT22?download=true"/>
      <file id="INSTRUMENT23" mime="image/jpg" url="https://www.iris-database.org/iris/api/resource/york:822301/asset/INSTRUMENT23?download=true"/>
      <file id="INSTRUMENT24" mime="image/jpg" url="https://www.iris-database.org/iris/api/resource/york:822301/asset/INSTRUMENT24?download=true"/>
      <file id="INSTRUMENT25" mime="application/octet-stream" url="https://www.iris-database.org/iris/api/resource/york:822301/asset/INSTRUMENT25?download=true"/>
      <file id="INSTRUMENT26" mime="image/jpg" url="https://www.iris-database.org/iris/api/resource/york:822301/asset/INSTRUMENT26?download=true"/>
      <file id="INSTRUMENT27" mime="image/jpg" url="https://www.iris-database.org/iris/api/resource/york:822301/asset/INSTRUMENT27?download=true"/>
      <file id="INSTRUMENT28" mime="application/octet-stream" url="https://www.iris-database.org/iris/api/resource/york:822301/asset/INSTRUMENT28?download=true"/>
      <file id="INSTRUMENT29" mime="image/jpg" url="https://www.iris-database.org/iris/api/resource/york:822301/asset/INSTRUMENT29?download=true"/>
      <file id="INSTRUMENT30" mime="application/octet-stream" url="https://www.iris-database.org/iris/api/resource/york:822301/asset/INSTRUMENT30?download=true"/>
      <file id="INSTRUMENT31" mime="image/jpg" url="https://www.iris-database.org/iris/api/resource/york:822301/asset/INSTRUMENT31?download=true"/>
      <file id="INSTRUMENT32" mime="image/jpg" url="https://www.iris-database.org/iris/api/resource/york:822301/asset/INSTRUMENT32?download=true"/>
      <file id="INSTRUMENT33" mime="image/jpg" url="https://www.iris-database.org/iris/api/resource/york:822301/asset/INSTRUMENT33?download=true"/>
      <file id="INSTRUMENT34" mime="application/octet-stream" url="https://www.iris-database.org/iris/api/resource/york:822301/asset/INSTRUMENT34?download=true"/>
      <file id="INSTRUMENT35" mime="application/octet-stream" url="https://www.iris-database.org/iris/api/resource/york:822301/asset/INSTRUMENT35?download=true"/>
      <file id="INSTRUMENT36" mime="application/octet-stream" url="https://www.iris-database.org/iris/api/resource/york:822301/asset/INSTRUMENT36?download=true"/>
      <file id="INSTRUMENT37" mime="image/jpg" url="https://www.iris-database.org/iris/api/resource/york:822301/asset/INSTRUMENT37?download=true"/>
      <file id="INSTRUMENT38" mime="application/octet-stream" url="https://www.iris-database.org/iris/api/resource/york:822301/asset/INSTRUMENT38?download=true"/>
      <file id="INSTRUMENT39" mime="image/jpg" url="https://www.iris-database.org/iris/api/resource/york:822301/asset/INSTRUMENT39?download=true"/>
      <file id="INSTRUMENT40" mime="application/octet-stream" url="https://www.iris-database.org/iris/api/resource/york:822301/asset/INSTRUMENT40?download=true"/>
   </files>
</record>
