<?xml version="1.0" encoding="ISO-8859-1"?>

<record pid="york:852576">
   <solr>
      <response>
         <lst name="responseHeader">
            <int name="status">0</int>
            <int name="QTime">462</int>
            <lst name="params">
               <str name="q">PID:york?852576</str>
            </lst>
         </lst>
         <result name="response" numfound="1" start="0">
            <doc>
               <str name="PID">york:852576</str>
               <arr name="dc.creator">
                  <str>Siyanova-Chanturia, Anna</str>
                  <str>Spina, Stefania</str>
               </arr>
               <arr name="dc.date">
                  <str>in press</str>
               </arr>
               <arr name="dc.identifier">
                  <str>york:852576</str>
               </arr>
               <arr name="dc.type">
                  <str>Language background questionnaire</str>
                  <str>Language awareness questionnaire</str>
                  <str>http://www.iris-database.org/Instruments</str>
               </arr>
               <arr name="dc2.creator">
                  <str>Siyanova-Chanturia, Anna</str>
                  <str>Spina, Stefania</str>
               </arr>
               <arr name="dc2.date">
                  <str>in press</str>
               </arr>
               <arr name="dc2.identifier">
                  <str>york:852576</str>
               </arr>
               <arr name="dc2.type">
                  <str>Language background questionnaire</str>
                  <str>Language awareness questionnaire</str>
                  <str>http://www.iris-database.org/Instruments</str>
               </arr>
               <arr name="dc3.creator">
                  <str>Siyanova-Chanturia, Anna</str>
                  <str>Spina, Stefania</str>
               </arr>
               <date name="fgs.createdDate">2015-04-20T09:05:04.508Z</date>
               <date name="fgs.dateCreated.sort">2015-04-20T09:05:04.508Z</date>
               <str name="fgs.label">IRIS Instrument created by YODL workflow.</str>
               <date name="fgs.lastModifiedDate">2017-09-05T07:35:58.027Z</date>
               <str name="fgs.ownerId">iris-09d7863e-7c8f-43f7-bd3d-6160e04cc739</str>
               <str name="fgs.state">Active</str>
               <arr name="iris.email">
                  <str>stefania.spina@gmail.com</str>
               </arr>
               <arr name="iris.feedback.count">
                  <str>0</str>
               </arr>
               <str name="iris.hasmaterials">Records with materials</str>
               <arr name="iris.instrument.author">
                  <str>Siyanova-Chanturia, Anna</str>
                  <str>Spina, Stefania</str>
               </arr>
               <arr name="iris.instrument.instrumentType">
                  <str>Questionnaire</str>
                  <str>Language background questionnaire</str>
                  <str>Questionnaire</str>
                  <str>Language awareness questionnaire</str>
               </arr>
               <str name="iris.instrument.instrumentType.alltypes">language background questionnaire language background questionnaire  language awareness questionnaire language awareness questionnaire  </str>
               <arr name="iris.instrument.licence">
                  <str>Attribution-NonCommercial-ShareAlike</str>
               </arr>
               <str name="iris.instrument.primaryInstrumentType">Questionnaire &gt; Language awareness questionnaire</str>
               <arr name="iris.instrument.researchArea">
                  <str>Acquisition</str>
                  <str>Lexicon (vocabulary)</str>
                  <str>Native / Non-native</str>
                  <str>Proficiency</str>
                  <str>Learner attitudes</str>
               </arr>
               <arr name="iris.instrument.secondaryInstrumentType">
                  <str>Questionnaire &gt; Language background questionnaire</str>
               </arr>
               <arr name="iris.instrument.typeOfFile">
                  <str>Text</str>
               </arr>
               <arr name="iris.participants.participantType">
                  <str>Foreign language learners</str>
                  <str>Native speakers</str>
                  <str>Second language learners</str>
               </arr>
               <arr name="iris.referenceid">
                  <str>in press_Siyanova-Chanturia_Spina_Investigation of native speaker and second language learner intuition of collocation frequency</str>
               </arr>
               <str name="iris.references.allauthors">Siyanova-Chanturia &amp; Spina (in press)</str>
               <arr name="iris.references.author">
                  <str>Siyanova-Chanturia, Anna</str>
                  <str>Spina, Stefania</str>
               </arr>
               <str name="iris.references.author.lastnames">siyanova-chanturiaspina</str>
               <arr name="iris.references.author.noack">
                  <str>Siyanova-Chanturia, Anna</str>
                  <str>Spina, Stefania</str>
               </arr>
               <arr name="iris.references.journal">
                  <str>Language Learning</str>
               </arr>
               <arr name="iris.references.publicationDate">
                  <str>in press</str>
               </arr>
               <arr name="iris.references.publicationDateStr">
                  <str>in press</str>
               </arr>
               <arr name="iris.references.publicationType">
                  <str>Journal Article</str>
               </arr>
               <arr name="iris2.email">
                  <str>stefania.spina@gmail.com</str>
               </arr>
               <arr name="iris2.feedback.count">
                  <str>0</str>
               </arr>
               <str name="iris2.hasmaterials">Records with materials</str>
               <arr name="iris2.instrument.author">
                  <str>Siyanova-Chanturia, Anna</str>
                  <str>Spina, Stefania</str>
               </arr>
               <arr name="iris2.instrument.instrumentType">
                  <str>Questionnaire</str>
                  <str>Language background questionnaire</str>
                  <str>Questionnaire</str>
                  <str>Language awareness questionnaire</str>
               </arr>
               <str name="iris2.instrument.instrumentType.alltypes">language background questionnaire language background questionnaire  language awareness questionnaire language awareness questionnaire  </str>
               <arr name="iris2.instrument.licence">
                  <str>Attribution-NonCommercial-ShareAlike</str>
               </arr>
               <str name="iris2.instrument.primaryInstrumentType">Questionnaire &gt; Language awareness questionnaire</str>
               <arr name="iris2.instrument.researchArea">
                  <str>Acquisition</str>
                  <str>Lexicon (vocabulary)</str>
                  <str>Native / Non-native</str>
                  <str>Proficiency</str>
                  <str>Learner attitudes</str>
               </arr>
               <arr name="iris2.instrument.secondaryInstrumentType">
                  <str>Questionnaire &gt; Language background questionnaire</str>
               </arr>
               <arr name="iris2.instrument.typeOfFile">
                  <str>Text</str>
               </arr>
               <arr name="iris2.participants.participantType">
                  <str>Foreign language learners</str>
                  <str>Native speakers</str>
                  <str>Second language learners</str>
               </arr>
               <arr name="iris2.referenceid">
                  <str>in press_Siyanova-Chanturia_Spina_Investigation of native speaker and second language learner intuition of collocation frequency</str>
               </arr>
               <str name="iris2.references.allauthors">Siyanova-Chanturia &amp; Spina (in press)</str>
               <arr name="iris2.references.author">
                  <str>Siyanova-Chanturia, Anna</str>
                  <str>Spina, Stefania</str>
               </arr>
               <str name="iris2.references.author.lastnames">siyanova-chanturiaspina</str>
               <arr name="iris2.references.journal">
                  <str>Language Learning</str>
               </arr>
               <arr name="iris2.references.publicationDate">
                  <str>in press</str>
               </arr>
               <arr name="iris2.references.publicationDateStr">
                  <str>in press</str>
               </arr>
               <arr name="iris2.references.publicationLatestDate">
                  <str>in press</str>
               </arr>
               <arr name="iris2.references.publicationType">
                  <str>Journal Article</str>
               </arr>
               <arr name="oai_dc.dc_xsi:schemaLocation">
                  <str>http://www.openarchives.org/OAI/2.0/oai_dc/ http://www.openarchives.org/OAI/2.0/oai_dc.xsd</str>
                  <str>http://www.openarchives.org/OAI/2.0/oai_dc/ http://www.openarchives.org/OAI/2.0/oai_dc.xsd</str>
               </arr>
            </doc>
         </result>
      </response>
   </solr>
   <files>
      <file id="INSTRUMENT" mime="application/pdf" url="https://www.iris-database.org/iris/api/resource/york:852576/asset/INSTRUMENT?download=true"/>
      <file id="INSTRUMENT1" mime="application/pdf" url="https://www.iris-database.org/iris/api/resource/york:852576/asset/INSTRUMENT1?download=true"/>
      <file id="INSTRUMENT2" mime="application/pdf" url="https://www.iris-database.org/iris/api/resource/york:852576/asset/INSTRUMENT2?download=true"/>
      <file id="INSTRUMENT3" mime="application/pdf" url="https://www.iris-database.org/iris/api/resource/york:852576/asset/INSTRUMENT3?download=true"/>
      <file id="INSTRUMENT4" mime="application/pdf" url="https://www.iris-database.org/iris/api/resource/york:852576/asset/INSTRUMENT4?download=true"/>
      <file id="INSTRUMENT5" mime="application/pdf" url="https://www.iris-database.org/iris/api/resource/york:852576/asset/INSTRUMENT5?download=true"/>
   </files>
</record>
