<?xml version="1.0" encoding="ISO-8859-1"?>

<record pid="york:847584">
   <solr>
      <response>
         <lst name="responseHeader">
            <int name="status">0</int>
            <int name="QTime">504</int>
            <lst name="params">
               <str name="q">PID:york?847584</str>
            </lst>
         </lst>
         <result name="response" numfound="1" start="0">
            <doc>
               <str name="PID">york:847584</str>
               <arr name="dc.creator">
                  <str>Roberts, Leah</str>
                  <str>Liszka, Sarah</str>
               </arr>
               <arr name="dc.date">
                  <str>2013</str>
               </arr>
               <arr name="dc.identifier">
                  <str>york:847584</str>
               </arr>
               <arr name="dc.type">
                  <str>Gap-fill / Cloze test</str>
                  <str>Productive grammar test</str>
                  <str>http://www.iris-database.org/Instruments</str>
               </arr>
               <arr name="dc2.creator">
                  <str>Roberts, Leah</str>
                  <str>Liszka, Sarah</str>
               </arr>
               <arr name="dc2.date">
                  <str>2013</str>
               </arr>
               <arr name="dc2.identifier">
                  <str>york:847584</str>
               </arr>
               <arr name="dc2.type">
                  <str>Gap-fill / Cloze test</str>
                  <str>Productive grammar test</str>
                  <str>http://www.iris-database.org/Instruments</str>
               </arr>
               <arr name="dc3.creator">
                  <str>Roberts, Leah</str>
                  <str>Liszka, Sarah</str>
               </arr>
               <date name="fgs.createdDate">2015-01-26T12:30:30.365Z</date>
               <date name="fgs.dateCreated.sort">2015-01-26T12:30:30.365Z</date>
               <str name="fgs.label">IRIS Instrument created by YODL workflow.</str>
               <date name="fgs.lastModifiedDate">2017-09-29T04:21:50.036Z</date>
               <str name="fgs.ownerId">iris-580a9f0f-ed9e-4f5f-be7e-877243bddfd0</str>
               <str name="fgs.state">Active</str>
               <arr name="iris.email">
                  <str>leah.roberts@york.ac.uk</str>
               </arr>
               <arr name="iris.feedback.count">
                  <str>0</str>
               </arr>
               <str name="iris.hasmaterials">Records with materials</str>
               <arr name="iris.instrument.author">
                  <str>Roberts, Leah</str>
                  <str>Liszka, Sarah</str>
               </arr>
               <arr name="iris.instrument.instrumentType">
                  <str>Gap-fill / Cloze test / Fill in the blank</str>
                  <str>Grammar test / Morphosyntax test</str>
                  <str>Productive</str>
               </arr>
               <str name="iris.instrument.instrumentType.alltypes">gap-fill / cloze test / fill in the blank gap-fill / cloze test / fill in the blank fill in the blank, cloze,gap fill productive productive grammar test  </str>
               <arr name="iris.instrument.licence">
                  <str>Attribution-NonCommercial-ShareAlike</str>
               </arr>
               <arr name="iris.instrument.linguisticTarget">
                  <str>Aspect</str>
                  <str>Tense</str>
               </arr>
               <str name="iris.instrument.primaryInstrumentType">Gap-fill / Cloze test / Fill in the blank</str>
               <arr name="iris.instrument.researchArea">
                  <str>Morphosyntax (grammar)</str>
                  <str>Processing</str>
               </arr>
               <arr name="iris.instrument.secondaryInstrumentType">
                  <str>Grammar test / Morphosyntax test &gt; Productive</str>
               </arr>
               <arr name="iris.instrument.software">
                  <str>NESU</str>
               </arr>
               <arr name="iris.instrument.typeOfFile">
                  <str>Text</str>
               </arr>
               <arr name="iris.participants.firstLanguage">
                  <str>French</str>
                  <str>German</str>
               </arr>
               <arr name="iris.participants.participantType">
                  <str>Foreign language learners</str>
                  <str/>
               </arr>
               <arr name="iris.participants.targetLanguage">
                  <str>English</str>
               </arr>
               <arr name="iris.referenceid">
                  <str>2013_Roberts_Liszka_Processing tense/aspect-agreement violations on-line in the second language: A self-paced reading study with French and German L2 learners of English</str>
               </arr>
               <str name="iris.references.allauthors">Roberts &amp; Liszka (2013)</str>
               <arr name="iris.references.author">
                  <str>Roberts, Leah</str>
                  <str>Liszka, Sarah</str>
               </arr>
               <str name="iris.references.author.lastnames">robertsliszka</str>
               <arr name="iris.references.author.noack">
                  <str>Roberts, Leah</str>
                  <str>Liszka, Sarah</str>
               </arr>
               <arr name="iris.references.journal">
                  <str>Second Language Research</str>
               </arr>
               <arr name="iris.references.publicationDate">
                  <str>2013</str>
               </arr>
               <arr name="iris.references.publicationDateStr">
                  <str>2013</str>
               </arr>
               <arr name="iris.references.publicationType">
                  <str>Journal Article</str>
               </arr>
               <arr name="iris2.email">
                  <str>leah.roberts@york.ac.uk</str>
               </arr>
               <arr name="iris2.feedback.count">
                  <str>0</str>
               </arr>
               <str name="iris2.hasmaterials">Records with materials</str>
               <arr name="iris2.instrument.author">
                  <str>Roberts, Leah</str>
                  <str>Liszka, Sarah</str>
               </arr>
               <arr name="iris2.instrument.instrumentType">
                  <str>Gap-fill / Cloze test / Fill in the blank</str>
                  <str>Grammar test / Morphosyntax test</str>
                  <str>Productive</str>
               </arr>
               <str name="iris2.instrument.instrumentType.alltypes">gap-fill / cloze test / fill in the blank gap-fill / cloze test / fill in the blank fill in the blank, cloze,gap fill productive productive grammar test  </str>
               <arr name="iris2.instrument.licence">
                  <str>Attribution-NonCommercial-ShareAlike</str>
               </arr>
               <arr name="iris2.instrument.linguisticTarget">
                  <str>Aspect</str>
                  <str>Tense</str>
               </arr>
               <str name="iris2.instrument.primaryInstrumentType">Gap-fill / Cloze test / Fill in the blank</str>
               <arr name="iris2.instrument.researchArea">
                  <str>Morphosyntax (grammar)</str>
                  <str>Processing</str>
               </arr>
               <arr name="iris2.instrument.secondaryInstrumentType">
                  <str>Grammar test / Morphosyntax test &gt; Productive</str>
               </arr>
               <arr name="iris2.instrument.software">
                  <str>NESU</str>
               </arr>
               <arr name="iris2.instrument.typeOfFile">
                  <str>Text</str>
               </arr>
               <arr name="iris2.participants.firstLanguage">
                  <str>French</str>
                  <str>German</str>
               </arr>
               <arr name="iris2.participants.participantType">
                  <str>Foreign language learners</str>
                  <str/>
               </arr>
               <arr name="iris2.participants.targetLanguage">
                  <str>English</str>
               </arr>
               <arr name="iris2.referenceid">
                  <str>2013_Roberts_Liszka_Processing tense/aspect-agreement violations on-line in the second language: A self-paced reading study with French and German L2 learners of English</str>
               </arr>
               <str name="iris2.references.allauthors">Roberts &amp; Liszka (2013)</str>
               <arr name="iris2.references.author">
                  <str>Roberts, Leah</str>
                  <str>Liszka, Sarah</str>
               </arr>
               <str name="iris2.references.author.lastnames">robertsliszka</str>
               <arr name="iris2.references.journal">
                  <str>Second Language Research</str>
               </arr>
               <arr name="iris2.references.publicationDate">
                  <str>2013</str>
               </arr>
               <arr name="iris2.references.publicationDateStr">
                  <str>2013</str>
               </arr>
               <arr name="iris2.references.publicationLatestDate">
                  <str>2013</str>
               </arr>
               <arr name="iris2.references.publicationType">
                  <str>Journal Article</str>
               </arr>
               <arr name="oai_dc.dc_xsi:schemaLocation">
                  <str>http://www.openarchives.org/OAI/2.0/oai_dc/ http://www.openarchives.org/OAI/2.0/oai_dc.xsd</str>
                  <str>http://www.openarchives.org/OAI/2.0/oai_dc/ http://www.openarchives.org/OAI/2.0/oai_dc.xsd</str>
                  <str>http://www.openarchives.org/OAI/2.0/oai_dc/ http://www.openarchives.org/OAI/2.0/oai_dc.xsd</str>
               </arr>
            </doc>
         </result>
      </response>
   </solr>
   <files>
      <file id="INSTRUMENT" mime="application/vnd.openxmlformats-officedocument.wordprocessingml.document" url="https://www.iris-database.org/iris/api/resource/york:847584/asset/INSTRUMENT?download=true"/>
   </files>
</record>
