<?xml version="1.0" encoding="ISO-8859-1"?>

<record pid="york:807715">
   <solr>
      <response>
         <lst name="responseHeader">
            <int name="status">0</int>
            <int name="QTime">499</int>
            <lst name="params">
               <str name="q">PID:york?807715</str>
            </lst>
         </lst>
         <result name="response" numfound="1" start="0">
            <doc>
               <str name="PID">york:807715</str>
               <arr name="dc.creator">
                  <str>Lawrence, Joshua</str>
               </arr>
               <arr name="dc.date">
                  <str>2012</str>
                  <str>2009</str>
               </arr>
               <arr name="dc.format">
                  <str>English</str>
               </arr>
               <arr name="dc.subject">
                  <str>Comprehension</str>
                  <str>Lexicon (vocabulary)</str>
                  <str>Linguistic identity</str>
               </arr>
               <str name="dc.title">Word Generation program study</str>
               <str name="dc.title.sort">Word Generation program study</str>
               <arr name="dc.type">
                  <str>Reading comprehension test</str>
                  <str>Reading test</str>
                  <str>Vocabulary test (receptive)</str>
                  <str>Vocabulary test</str>
                  <str>http://www.iris-database.org/Instruments</str>
               </arr>
               <arr name="dc2.creator">
                  <str>Lawrence, Joshua</str>
               </arr>
               <arr name="dc2.date">
                  <str>2012</str>
                  <str>2009</str>
               </arr>
               <arr name="dc2.format">
                  <str>English</str>
               </arr>
               <arr name="dc2.subject">
                  <str>Comprehension</str>
                  <str>Lexicon (vocabulary)</str>
                  <str>Linguistic identity</str>
               </arr>
               <str name="dc2.title">Word Generation program study</str>
               <arr name="dc2.type">
                  <str>Reading comprehension test</str>
                  <str>Reading test</str>
                  <str>Vocabulary test (receptive)</str>
                  <str>Vocabulary test</str>
                  <str>http://www.iris-database.org/Instruments</str>
               </arr>
               <arr name="dc3.creator">
                  <str>Lawrence, Joshua</str>
               </arr>
               <arr name="dc3.subject">
                  <str>Comprehension</str>
                  <str>Lexicon (vocabulary)</str>
                  <str>Linguistic identity</str>
               </arr>
               <str name="dc3.title">Word Generation program study</str>
               <date name="fgs.createdDate">2012-12-11T16:45:55.309Z</date>
               <date name="fgs.dateCreated.sort">2012-12-11T16:45:55.309Z</date>
               <str name="fgs.label">IRIS Instrument created by YODL workflow.</str>
               <date name="fgs.lastModifiedDate">2017-09-29T22:39:04.331Z</date>
               <str name="fgs.ownerId">iris-b82cb6af-4949-4a1d-8c1a-ae4284cfbe75</str>
               <str name="fgs.state">Active</str>
               <arr name="iris.email">
                  <str>jflawren@uci.edu</str>
               </arr>
               <arr name="iris.feedback.count">
                  <str>1</str>
               </arr>
               <arr name="iris.feedback.email_1">
                  <str>mahmoodrouhani@yahoo.com</str>
               </arr>
               <arr name="iris.feedback.published_1">
                  <str>false</str>
               </arr>
               <arr name="iris.feedback.time_1">
                  <str>24 Jul 2014 05:22:27 GMT</str>
               </arr>
               <str name="iris.hasmaterials">Records with materials</str>
               <arr name="iris.instrument.author">
                  <str>Lawrence, Joshua</str>
               </arr>
               <arr name="iris.instrument.dataType">
                  <str>Written production</str>
                  <str>Closed response format</str>
               </arr>
               <arr name="iris.instrument.dataType.alternate">
                  <str/>
                  <str/>
               </arr>
               <arr name="iris.instrument.instrumentType">
                  <str>Comprehension test</str>
                  <str>Reading</str>
                  <str>Reading test</str>
                  <str>Vocabulary test</str>
                  <str>Receptive</str>
                  <str>Vocabulary test</str>
                  <str>Other vocabulary test</str>
               </arr>
               <str name="iris.instrument.instrumentType.alltypes">reading reading comprehension test  reading test reading test  receptive vocabulary test (receptive)  other vocabulary test vocabulary test  </str>
               <arr name="iris.instrument.licence">
                  <str>Attribution-NonCommercial-ShareAlike</str>
               </arr>
               <arr name="iris.instrument.linguisticTarget">
                  <str>Closed class</str>
               </arr>
               <str name="iris.instrument.primaryInstrumentType">Vocabulary test &gt; Other vocabulary test</str>
               <arr name="iris.instrument.researchArea">
                  <str>Comprehension</str>
                  <str>Lexicon (vocabulary)</str>
                  <str>Linguistic identity</str>
               </arr>
               <arr name="iris.instrument.secondaryInstrumentType">
                  <str>Comprehension test &gt; Reading</str>
                  <str>Reading test</str>
                  <str>Vocabulary test &gt; Receptive</str>
               </arr>
               <arr name="iris.instrument.sourceLanguage">
                  <str>English</str>
               </arr>
               <arr name="iris.instrument.title">
                  <str>Word Generation program study</str>
               </arr>
               <arr name="iris.instrument.typeOfFile">
                  <str>Text</str>
               </arr>
               <arr name="iris.participants.domainOfUse">
                  <str>Home</str>
                  <str>School - subject(s) other than language</str>
                  <str>With friends</str>
                  <str>With wider family</str>
               </arr>
               <arr name="iris.participants.gender">
                  <str>mixed</str>
               </arr>
               <arr name="iris.participants.participantType">
                  <str>Bilinguals</str>
                  <str>Monolinguals</str>
                  <str>Second language learners</str>
               </arr>
               <arr name="iris.participants.targetLanguage">
                  <str>English</str>
               </arr>
               <arr name="iris.referenceid">
                  <str>2012_Lawrence_Capotosto_Branum-Martin_White_Snow_Language proficiency, home-language status and English vocabulary development: A longitudinal follow-up of the Word Generation program</str>
                  <str>2009_Snow_Lawrence_White_Generating knowledge of academic language among urban middle school students</str>
               </arr>
               <str name="iris.references.allauthors">Lawrence, Capotosto, et al. (2012); Snow, Lawrence, et al. (2009)</str>
               <arr name="iris.references.author">
                  <str>Lawrence, Joshua</str>
                  <str>Capotosto, Lauren</str>
                  <str>Branum-Martin, Lee</str>
                  <str>White, Claire</str>
                  <str>Snow, Catherine</str>
                  <str>Snow, Catherine</str>
                  <str>Lawrence, Joshua</str>
                  <str>White, Claire</str>
               </arr>
               <str name="iris.references.author.lastnames">lawrencecapotostobranum-martinwhitesnowsnowlawrencewhite</str>
               <arr name="iris.references.author.noack">
                  <str>Lawrence, Joshua</str>
                  <str>Capotosto, Lauren</str>
                  <str>Branum-Martin, Lee</str>
                  <str>White, Claire</str>
                  <str>Snow, Catherine</str>
                  <str>Snow, Catherine</str>
                  <str>Lawrence, Joshua</str>
                  <str>White, Claire</str>
               </arr>
               <arr name="iris.references.journal">
                  <str>Bilingualism: Language and Cognition</str>
                  <str>Journal of Research On Educational Effectiveness</str>
               </arr>
               <arr name="iris.references.publicationDate">
                  <str>2012</str>
                  <str>2009</str>
               </arr>
               <arr name="iris.references.publicationDateStr">
                  <str>2012</str>
                  <str>2009</str>
               </arr>
               <arr name="iris.references.publicationType">
                  <str>Journal Article</str>
                  <str>Journal Article</str>
               </arr>
               <arr name="iris2.email">
                  <str>jflawren@uci.edu</str>
               </arr>
               <arr name="iris2.feedback.count">
                  <str>1</str>
               </arr>
               <arr name="iris2.feedback.email_1">
                  <str>mahmoodrouhani@yahoo.com</str>
               </arr>
               <arr name="iris2.feedback.published_1">
                  <str>false</str>
               </arr>
               <arr name="iris2.feedback.time_1">
                  <str>24 Jul 2014 05:22:27 GMT</str>
               </arr>
               <str name="iris2.hasmaterials">Records with materials</str>
               <arr name="iris2.instrument.author">
                  <str>Lawrence, Joshua</str>
               </arr>
               <arr name="iris2.instrument.dataType">
                  <str>Written production</str>
                  <str>Closed response format</str>
               </arr>
               <arr name="iris2.instrument.instrumentType">
                  <str>Comprehension test</str>
                  <str>Reading</str>
                  <str>Reading test</str>
                  <str>Vocabulary test</str>
                  <str>Receptive</str>
                  <str>Vocabulary test</str>
                  <str>Other vocabulary test</str>
               </arr>
               <str name="iris2.instrument.instrumentType.alltypes">reading reading comprehension test  reading test reading test  receptive vocabulary test (receptive)  other vocabulary test vocabulary test  </str>
               <arr name="iris2.instrument.licence">
                  <str>Attribution-NonCommercial-ShareAlike</str>
               </arr>
               <arr name="iris2.instrument.linguisticTarget">
                  <str>Closed class</str>
               </arr>
               <str name="iris2.instrument.primaryInstrumentType">Vocabulary test &gt; Other vocabulary test</str>
               <arr name="iris2.instrument.researchArea">
                  <str>Comprehension</str>
                  <str>Lexicon (vocabulary)</str>
                  <str>Linguistic identity</str>
               </arr>
               <arr name="iris2.instrument.secondaryInstrumentType">
                  <str>Comprehension test &gt; Reading</str>
                  <str>Reading test</str>
                  <str>Vocabulary test &gt; Receptive</str>
               </arr>
               <arr name="iris2.instrument.sourceLanguage">
                  <str>English</str>
               </arr>
               <arr name="iris2.instrument.typeOfFile">
                  <str>Text</str>
               </arr>
               <arr name="iris2.participants.domainOfUse">
                  <str>Home</str>
                  <str>School - subject(s) other than language</str>
                  <str>With friends</str>
                  <str>With wider family</str>
               </arr>
               <arr name="iris2.participants.gender">
                  <str>mixed</str>
               </arr>
               <arr name="iris2.participants.participantType">
                  <str>Bilinguals</str>
                  <str>Monolinguals</str>
                  <str>Second language learners</str>
               </arr>
               <arr name="iris2.participants.targetLanguage">
                  <str>English</str>
               </arr>
               <arr name="iris2.referenceid">
                  <str>2012_Lawrence_Capotosto_Branum-Martin_White_Snow_Language proficiency, home-language status and English vocabulary development: A longitudinal follow-up of the Word Generation program</str>
                  <str>2009_Snow_Lawrence_White_Generating knowledge of academic language among urban middle school students</str>
               </arr>
               <str name="iris2.references.allauthors">Lawrence, Capotosto, et al. (2012); Snow, Lawrence, et al. (2009)</str>
               <arr name="iris2.references.author">
                  <str>Lawrence, Joshua</str>
                  <str>Capotosto, Lauren</str>
                  <str>Branum-Martin, Lee</str>
                  <str>White, Claire</str>
                  <str>Snow, Catherine</str>
                  <str>Snow, Catherine</str>
                  <str>Lawrence, Joshua</str>
                  <str>White, Claire</str>
               </arr>
               <str name="iris2.references.author.lastnames">lawrencecapotostobranum-martinwhitesnowsnowlawrencewhite</str>
               <arr name="iris2.references.journal">
                  <str>Bilingualism: Language and Cognition</str>
                  <str>Journal of Research On Educational Effectiveness</str>
               </arr>
               <arr name="iris2.references.publicationDate">
                  <str>2012</str>
                  <str>2009</str>
               </arr>
               <arr name="iris2.references.publicationDateStr">
                  <str>2012</str>
                  <str>2009</str>
               </arr>
               <arr name="iris2.references.publicationLatestDate">
                  <str>2012</str>
               </arr>
               <arr name="iris2.references.publicationType">
                  <str>Journal Article</str>
                  <str>Journal Article</str>
               </arr>
               <arr name="oai_dc.dc_xsi:schemaLocation">
                  <str>http://www.openarchives.org/OAI/2.0/oai_dc/ http://www.openarchives.org/OAI/2.0/oai_dc.xsd</str>
               </arr>
            </doc>
         </result>
      </response>
   </solr>
   <files>
      <file id="INSTRUMENT" mime="application/pdf" url="https://www.iris-database.org/iris/api/resource/york:807715/asset/INSTRUMENT?download=true"/>
      <file id="INSTRUMENT1" mime="application/pdf" url="https://www.iris-database.org/iris/api/resource/york:807715/asset/INSTRUMENT1?download=true"/>
      <file id="INSTRUMENT2" mime="application/pdf" url="https://www.iris-database.org/iris/api/resource/york:807715/asset/INSTRUMENT2?download=true"/>
   </files>
</record>
