<?xml version="1.0" encoding="ISO-8859-1"?>

<record pid="york:818853">
   <solr>
      <response>
         <lst name="responseHeader">
            <int name="status">0</int>
            <int name="QTime">534</int>
            <lst name="params">
               <str name="q">PID:york?818853</str>
            </lst>
         </lst>
         <result name="response" numfound="1" start="0">
            <doc>
               <str name="PID">york:818853</str>
               <arr name="dc.creator">
                  <str>Cadierno, Teresa</str>
               </arr>
               <arr name="dc.date">
                  <str>2010</str>
               </arr>
               <arr name="dc.identifier">
                  <str>york:818853</str>
               </arr>
               <str name="dc.title">Stimulus pictures used in picture description task</str>
               <str name="dc.title.sort">Stimulus pictures used in picture description task</str>
               <arr name="dc.type">
                  <str>Picture description</str>
                  <str>http://www.iris-database.org/Instruments</str>
               </arr>
               <arr name="dc2.creator">
                  <str>Cadierno, Teresa</str>
               </arr>
               <arr name="dc2.date">
                  <str>2010</str>
               </arr>
               <arr name="dc2.identifier">
                  <str>york:818853</str>
               </arr>
               <str name="dc2.title">Stimulus pictures used in picture description task</str>
               <arr name="dc2.type">
                  <str>Picture description</str>
                  <str>http://www.iris-database.org/Instruments</str>
               </arr>
               <arr name="dc3.creator">
                  <str>Cadierno, Teresa</str>
               </arr>
               <str name="dc3.title">Stimulus pictures used in picture description task</str>
               <date name="fgs.createdDate">2013-11-23T16:46:28.322Z</date>
               <date name="fgs.dateCreated.sort">2013-11-23T16:46:28.322Z</date>
               <str name="fgs.label">IRIS Instrument created by YODL workflow.</str>
               <date name="fgs.lastModifiedDate">2017-08-31T07:08:02.376Z</date>
               <str name="fgs.ownerId">iris-580a9f0f-ed9e-4f5f-be7e-877243bddfd0</str>
               <str name="fgs.state">Active</str>
               <arr name="iris.email">
                  <str>cadierno@sdu.dk</str>
               </arr>
               <arr name="iris.feedback.count">
                  <str>0</str>
               </arr>
               <str name="iris.hasmaterials">Records with materials</str>
               <arr name="iris.instrument.author">
                  <str>Cadierno, Teresa</str>
               </arr>
               <arr name="iris.instrument.instrumentType">
                  <str>Speaking test / Oral production test</str>
                  <str>Picture description</str>
               </arr>
               <str name="iris.instrument.instrumentType.alltypes">picture description picture description  </str>
               <arr name="iris.instrument.licence">
                  <str>Attribution-NonCommercial-ShareAlike</str>
               </arr>
               <str name="iris.instrument.primaryInstrumentType">Speaking test / Oral production test &gt; Picture description</str>
               <arr name="iris.instrument.researchArea">
                  <str>Comprehension</str>
                  <str>Morphosyntax (grammar)</str>
                  <str>Processing</str>
                  <str>Cross-linguistic influence; Thinking for speaking</str>
               </arr>
               <arr name="iris.instrument.title">
                  <str>Stimulus pictures used in picture description task</str>
               </arr>
               <arr name="iris.instrument.typeOfFile">
                  <str>Still Image</str>
               </arr>
               <arr name="iris.participants.participantType">
                  <str>Second language learners</str>
                  <str>Native speakers</str>
               </arr>
               <arr name="iris.referenceid">
                  <str>2010_Cadierno_Motion in Danish as a second language: Does the learner's L1 make a difference?</str>
               </arr>
               <str name="iris.references.allauthors">Cadierno (2010)</str>
               <arr name="iris.references.author">
                  <str>Cadierno, Teresa</str>
               </arr>
               <str name="iris.references.author.lastnames">cadierno</str>
               <arr name="iris.references.author.noack">
                  <str>Cadierno, Teresa</str>
               </arr>
               <arr name="iris.references.booktitle">
                  <str>Motion in Danish as a second language: Does the learner's L1 make a difference?</str>
                  <str>Linguistic relativity in second language acquisition: Thinking for speaking</str>
               </arr>
               <arr name="iris.references.editor">
                  <str>Han, ZhaoHong</str>
                  <str>Cadierno, Teresa</str>
               </arr>
               <arr name="iris.references.publicationDate">
                  <str>2010</str>
               </arr>
               <arr name="iris.references.publicationDateStr">
                  <str>2010</str>
               </arr>
               <arr name="iris.references.publicationType">
                  <str>Other</str>
                  <str>Chapter</str>
               </arr>
               <arr name="iris2.email">
                  <str>cadierno@sdu.dk</str>
               </arr>
               <arr name="iris2.feedback.count">
                  <str>0</str>
               </arr>
               <str name="iris2.hasmaterials">Records with materials</str>
               <arr name="iris2.instrument.author">
                  <str>Cadierno, Teresa</str>
               </arr>
               <arr name="iris2.instrument.instrumentType">
                  <str>Speaking test / Oral production test</str>
                  <str>Picture description</str>
               </arr>
               <str name="iris2.instrument.instrumentType.alltypes">picture description picture description  </str>
               <arr name="iris2.instrument.licence">
                  <str>Attribution-NonCommercial-ShareAlike</str>
               </arr>
               <str name="iris2.instrument.primaryInstrumentType">Speaking test / Oral production test &gt; Picture description</str>
               <arr name="iris2.instrument.researchArea">
                  <str>Comprehension</str>
                  <str>Morphosyntax (grammar)</str>
                  <str>Processing</str>
                  <str>Cross-linguistic influence; Thinking for speaking</str>
               </arr>
               <arr name="iris2.instrument.typeOfFile">
                  <str>Still Image</str>
               </arr>
               <arr name="iris2.participants.participantType">
                  <str>Second language learners</str>
                  <str>Native speakers</str>
               </arr>
               <arr name="iris2.referenceid">
                  <str>2010_Cadierno_Motion in Danish as a second language: Does the learner's L1 make a difference?</str>
               </arr>
               <str name="iris2.references.allauthors">Cadierno (2010)</str>
               <arr name="iris2.references.author">
                  <str>Cadierno, Teresa</str>
               </arr>
               <str name="iris2.references.author.lastnames">cadierno</str>
               <arr name="iris2.references.booktitle">
                  <str>Motion in Danish as a second language: Does the learner's L1 make a difference?</str>
                  <str>Linguistic relativity in second language acquisition: Thinking for speaking</str>
               </arr>
               <arr name="iris2.references.editor">
                  <str>Han, ZhaoHong</str>
                  <str>Cadierno, Teresa</str>
               </arr>
               <arr name="iris2.references.publicationDate">
                  <str>2010</str>
               </arr>
               <arr name="iris2.references.publicationDateStr">
                  <str>2010</str>
               </arr>
               <arr name="iris2.references.publicationLatestDate">
                  <str>2010</str>
               </arr>
               <arr name="iris2.references.publicationType">
                  <str>Other</str>
                  <str>Chapter</str>
               </arr>
               <arr name="oai_dc.dc_xsi:schemaLocation">
                  <str>http://www.openarchives.org/OAI/2.0/oai_dc/ http://www.openarchives.org/OAI/2.0/oai_dc.xsd</str>
                  <str>http://www.openarchives.org/OAI/2.0/oai_dc/ http://www.openarchives.org/OAI/2.0/oai_dc.xsd</str>
                  <str>http://www.openarchives.org/OAI/2.0/oai_dc/ http://www.openarchives.org/OAI/2.0/oai_dc.xsd</str>
               </arr>
            </doc>
         </result>
      </response>
   </solr>
   <files>
      <file id="INSTRUMENT" mime="application/pdf" url="https://www.iris-database.org/iris/api/resource/york:818853/asset/INSTRUMENT?download=true"/>
   </files>
</record>
