<?xml version="1.0" encoding="ISO-8859-1"?>

<record pid="york:834447">
   <solr>
      <response>
         <lst name="responseHeader">
            <int name="status">0</int>
            <int name="QTime">483</int>
            <lst name="params">
               <str name="q">PID:york?834447</str>
            </lst>
         </lst>
         <result name="response" numfound="1" start="0">
            <doc>
               <str name="PID">york:834447</str>
               <arr name="dc.creator">
                  <str>Xu, Yi</str>
               </arr>
               <arr name="dc.date">
                  <str>2014</str>
               </arr>
               <arr name="dc.description">
                  <str>SPECIAL COLLECTIONThere are four Excel files available to download, these are the materials used for each participant group. In the "main" sheet, the stimuli were grouped according to their conditions. In the "final" sheet, items were ordered in specific ways to allow participants to take breaks. A Word document is also available to download which provides further information. , SPECIAL COLLECTION - SELF-PACED READING. 1995-2016.</str>
               </arr>
               <arr name="dc.identifier">
                  <str>york:834447</str>
               </arr>
               <str name="dc.title">Word order judgement task</str>
               <str name="dc.title.sort">Word order judgement task</str>
               <arr name="dc.type">
                  <str>http://www.iris-database.org/Instruments</str>
               </arr>
               <arr name="dc2.creator">
                  <str>Xu, Yi</str>
               </arr>
               <arr name="dc2.date">
                  <str>2014</str>
               </arr>
               <arr name="dc2.description">
                  <str>SPECIAL COLLECTIONThere are four Excel files available to download, these are the materials used for each participant group. In the "main" sheet, the stimuli were grouped according to their conditions. In the "final" sheet, items were ordered in specific ways to allow participants to take breaks. A Word document is also available to download which provides further information. , SPECIAL COLLECTION - SELF-PACED READING. 1995-2016.</str>
               </arr>
               <arr name="dc2.identifier">
                  <str>york:834447</str>
               </arr>
               <str name="dc2.title">Word order judgement task</str>
               <arr name="dc2.type">
                  <str>http://www.iris-database.org/Instruments</str>
               </arr>
               <arr name="dc3.creator">
                  <str>Xu, Yi</str>
               </arr>
               <str name="dc3.title">Word order judgement task</str>
               <date name="fgs.createdDate">2014-11-25T16:28:29.841Z</date>
               <date name="fgs.dateCreated.sort">2014-11-25T16:28:29.841Z</date>
               <str name="fgs.label">IRIS Instrument created by YODL workflow.</str>
               <date name="fgs.lastModifiedDate">2017-11-03T20:13:14.334Z</date>
               <str name="fgs.ownerId">iris-580a9f0f-ed9e-4f5f-be7e-877243bddfd0</str>
               <str name="fgs.state">Active</str>
               <arr name="iris.email">
                  <str>xuyi@pitt.edu</str>
               </arr>
               <arr name="iris.feedback.count">
                  <str>0</str>
               </arr>
               <str name="iris.hasmaterials">Records with materials</str>
               <arr name="iris.instrument.author">
                  <str>Xu, Yi</str>
               </arr>
               <arr name="iris.instrument.instrumentType">
                  <str>Grammaticality / Acceptability judgement test</str>
               </arr>
               <str name="iris.instrument.instrumentType.alltypes">grammaticality / acceptability judgement test grammaticality / acceptability judgement test grammaticality judgement sentences,grammaticality judgement test,acceptability judgement test,gjt,grammaticality judgment test </str>
               <arr name="iris.instrument.licence">
                  <str>Attribution-NonCommercial-ShareAlike</str>
               </arr>
               <arr name="iris.instrument.linguisticTarget">
                  <str>Syntax</str>
               </arr>
               <str name="iris.instrument.notes">There are four Excel files available to download, these are the materials used for each participant group. In the "main" sheet, the stimuli were grouped according to their conditions. In the "final" sheet, items were ordered in specific ways to allow participants to take breaks. A Word document is also available to download which provides further information. SPECIAL COLLECTION - SELF-PACED READING. 1995-2016.</str>
               <str name="iris.instrument.primaryInstrumentType">Grammaticality / Acceptability judgement test</str>
               <arr name="iris.instrument.researchArea">
                  <str>Sentence processing</str>
                  <str>Morphosyntax (grammar)</str>
                  <str>Processing</str>
               </arr>
               <arr name="iris.instrument.software">
                  <str>DMDX</str>
               </arr>
               <arr name="iris.instrument.title">
                  <str>Word order judgement task</str>
               </arr>
               <arr name="iris.instrument.typeOfFile">
                  <str>Software</str>
               </arr>
               <arr name="iris.participants.firstLanguage">
                  <str>English</str>
               </arr>
               <arr name="iris.participants.participantType">
                  <str>Foreign language learners</str>
               </arr>
               <arr name="iris.participants.targetLanguage">
                  <str>Chinese</str>
               </arr>
               <arr name="iris.referenceid">
                  <str>2014_Xu_Processing relative clauses in Chinese as a second language</str>
               </arr>
               <str name="iris.references.allauthors">Xu (2014)</str>
               <arr name="iris.references.author">
                  <str>Xu, Yi</str>
               </arr>
               <str name="iris.references.author.lastnames">xu</str>
               <arr name="iris.references.author.noack">
                  <str>Xu, Yi</str>
               </arr>
               <arr name="iris.references.journal">
                  <str>Second Language Research</str>
               </arr>
               <arr name="iris.references.publicationDate">
                  <str>2014</str>
               </arr>
               <arr name="iris.references.publicationDateStr">
                  <str>2014</str>
               </arr>
               <arr name="iris.references.publicationType">
                  <str>Journal Article</str>
               </arr>
               <arr name="iris2.email">
                  <str>xuyi@pitt.edu</str>
               </arr>
               <arr name="iris2.feedback.count">
                  <str>0</str>
               </arr>
               <str name="iris2.hasmaterials">Records with materials</str>
               <arr name="iris2.instrument.author">
                  <str>Xu, Yi</str>
               </arr>
               <arr name="iris2.instrument.instrumentType">
                  <str>Grammaticality / Acceptability judgement test</str>
               </arr>
               <str name="iris2.instrument.instrumentType.alltypes">grammaticality / acceptability judgement test grammaticality / acceptability judgement test grammaticality judgement sentences,grammaticality judgement test,acceptability judgement test,gjt,grammaticality judgment test </str>
               <arr name="iris2.instrument.licence">
                  <str>Attribution-NonCommercial-ShareAlike</str>
               </arr>
               <arr name="iris2.instrument.linguisticTarget">
                  <str>Syntax</str>
               </arr>
               <str name="iris2.instrument.primaryInstrumentType">Grammaticality / Acceptability judgement test</str>
               <arr name="iris2.instrument.researchArea">
                  <str>Sentence processing</str>
                  <str>Morphosyntax (grammar)</str>
                  <str>Processing</str>
               </arr>
               <arr name="iris2.instrument.software">
                  <str>DMDX</str>
               </arr>
               <arr name="iris2.instrument.typeOfFile">
                  <str>Software</str>
               </arr>
               <arr name="iris2.participants.firstLanguage">
                  <str>English</str>
               </arr>
               <arr name="iris2.participants.participantType">
                  <str>Foreign language learners</str>
               </arr>
               <arr name="iris2.participants.targetLanguage">
                  <str>Chinese</str>
               </arr>
               <arr name="iris2.referenceid">
                  <str>2014_Xu_Processing relative clauses in Chinese as a second language</str>
               </arr>
               <str name="iris2.references.allauthors">Xu (2014)</str>
               <arr name="iris2.references.author">
                  <str>Xu, Yi</str>
               </arr>
               <str name="iris2.references.author.lastnames">xu</str>
               <arr name="iris2.references.journal">
                  <str>Second Language Research</str>
               </arr>
               <arr name="iris2.references.publicationDate">
                  <str>2014</str>
               </arr>
               <arr name="iris2.references.publicationDateStr">
                  <str>2014</str>
               </arr>
               <arr name="iris2.references.publicationLatestDate">
                  <str>2014</str>
               </arr>
               <arr name="iris2.references.publicationType">
                  <str>Journal Article</str>
               </arr>
               <arr name="oai_dc.dc_xsi:schemaLocation">
                  <str>http://www.openarchives.org/OAI/2.0/oai_dc/ http://www.openarchives.org/OAI/2.0/oai_dc.xsd</str>
                  <str>http://www.openarchives.org/OAI/2.0/oai_dc/ http://www.openarchives.org/OAI/2.0/oai_dc.xsd</str>
                  <str>http://www.openarchives.org/OAI/2.0/oai_dc/ http://www.openarchives.org/OAI/2.0/oai_dc.xsd</str>
                  <str>http://www.openarchives.org/OAI/2.0/oai_dc/ http://www.openarchives.org/OAI/2.0/oai_dc.xsd</str>
                  <str>http://www.openarchives.org/OAI/2.0/oai_dc/ http://www.openarchives.org/OAI/2.0/oai_dc.xsd</str>
                  <str>http://www.openarchives.org/OAI/2.0/oai_dc/ http://www.openarchives.org/OAI/2.0/oai_dc.xsd</str>
               </arr>
            </doc>
         </result>
      </response>
   </solr>
   <files>
      <file id="INSTRUMENT" mime="application/vnd.ms-excel" url="https://www.iris-database.org/iris/api/resource/york:834447/asset/INSTRUMENT?download=true"/>
      <file id="INSTRUMENT1" mime="application/vnd.ms-excel" url="https://www.iris-database.org/iris/api/resource/york:834447/asset/INSTRUMENT1?download=true"/>
      <file id="INSTRUMENT2" mime="application/vnd.ms-excel" url="https://www.iris-database.org/iris/api/resource/york:834447/asset/INSTRUMENT2?download=true"/>
      <file id="INSTRUMENT3" mime="application/vnd.ms-excel" url="https://www.iris-database.org/iris/api/resource/york:834447/asset/INSTRUMENT3?download=true"/>
      <file id="INSTRUMENT4" mime="application/vnd.openxmlformats-officedocument.wordprocessingml.document" url="https://www.iris-database.org/iris/api/resource/york:834447/asset/INSTRUMENT4?download=true"/>
   </files>
</record>
