<?xml version="1.0" encoding="ISO-8859-1"?>

<record pid="york:806669">
   <solr>
      <response>
         <lst name="responseHeader">
            <int name="status">0</int>
            <int name="QTime">616</int>
            <lst name="params">
               <str name="q">PID:york?806669</str>
            </lst>
         </lst>
         <result name="response" numfound="1" start="0">
            <doc>
               <str name="PID">york:806669</str>
               <arr name="dc.creator">
                  <str>Tremblay, Annie</str>
               </arr>
               <arr name="dc.date">
                  <str>2015</str>
                  <str>2017</str>
                  <str>2015</str>
                  <str>2011</str>
                  <str>2010</str>
               </arr>
               <arr name="dc.format">
                  <str>French</str>
               </arr>
               <arr name="dc.identifier">
                  <str>york:806669</str>
               </arr>
               <arr name="dc.subject">
                  <str>Proficiency</str>
               </arr>
               <arr name="dc.type">
                  <str>Gap-fill / Cloze test / Fill in the blank</str>
                  <str>http://www.iris-database.org/Instruments</str>
               </arr>
               <arr name="dc2.creator">
                  <str>Tremblay, Annie</str>
               </arr>
               <arr name="dc2.date">
                  <str>2015</str>
                  <str>2017</str>
                  <str>2015</str>
                  <str>2011</str>
                  <str>2010</str>
               </arr>
               <arr name="dc2.format">
                  <str>French</str>
               </arr>
               <arr name="dc2.identifier">
                  <str>york:806669</str>
               </arr>
               <arr name="dc2.subject">
                  <str>Proficiency</str>
               </arr>
               <arr name="dc2.type">
                  <str>Gap-fill / Cloze test / Fill in the blank</str>
                  <str>http://www.iris-database.org/Instruments</str>
               </arr>
               <arr name="dc3.creator">
                  <str>Tremblay, Annie</str>
               </arr>
               <arr name="dc3.subject">
                  <str>Proficiency</str>
               </arr>
               <date name="fgs.createdDate">2012-10-17T01:23:08.201Z</date>
               <date name="fgs.dateCreated.sort">2012-10-17T01:23:08.201Z</date>
               <str name="fgs.label">IRIS Instrument created by YODL workflow.</str>
               <date name="fgs.lastModifiedDate">2017-10-02T09:22:45.804Z</date>
               <str name="fgs.ownerId">iris-5831e120-c2e0-4f4d-9730-83a1cd573da0</str>
               <str name="fgs.state">Active</str>
               <arr name="iris.email">
                  <str>atrembla@ku.edu</str>
               </arr>
               <arr name="iris.feedback.count">
                  <str>0</str>
               </arr>
               <str name="iris.hasmaterials">Records with materials</str>
               <arr name="iris.instrument.author">
                  <str>Tremblay, Annie</str>
               </arr>
               <arr name="iris.instrument.dataType">
                  <str>Written production</str>
               </arr>
               <arr name="iris.instrument.dataType.alternate">
                  <str/>
               </arr>
               <arr name="iris.instrument.instrumentType">
                  <str>Gap-fill / Cloze test / Fill in the blank</str>
               </arr>
               <str name="iris.instrument.instrumentType.alltypes">gap-fill / cloze test / fill in the blank gap-fill / cloze test / fill in the blank fill in the blank, cloze,gap fill </str>
               <arr name="iris.instrument.licence">
                  <str>Attribution-NonCommercial-ShareAlike</str>
               </arr>
               <str name="iris.instrument.primaryInstrumentType">Gap-fill / Cloze test / Fill in the blank</str>
               <arr name="iris.instrument.researchArea">
                  <str>Proficiency</str>
               </arr>
               <arr name="iris.instrument.sourceLanguage">
                  <str>French</str>
               </arr>
               <arr name="iris.instrument.typeOfFile">
                  <str>Text</str>
               </arr>
               <arr name="iris.participants.participantType">
                  <str>Foreign language learners</str>
               </arr>
               <arr name="iris.participants.targetLanguage">
                  <str>French</str>
               </arr>
               <arr name="iris.referenceid">
                  <str>2015_Coughlin_Tremblay_Morphological decomposition in native and non-native French speakers</str>
                  <str>2017_Destruel_Donaldson_Second language acquisition of pragmatic inferences: Evidence from the French c&#8217;est-cleft</str>
                  <str>2015_Rodgers_Incidental language learning in foreign language content courses</str>
                  <str>2011_Tremblay_Proficiency assessment standards in second language acquisition research: Clozing the gap</str>
                  <str>2010_Tremblay_Garrison_Cloze tests: A tool for proficiency assessment in research on L2 French</str>
               </arr>
               <str name="iris.references.allauthors">Coughlin &amp; Tremblay (2015); Destruel &amp; Donaldson (2017); Rodgers (2015); Tremblay (2011)</str>
               <arr name="iris.references.author">
                  <str>Coughlin, Caitlin E</str>
                  <str>Tremblay, Annie</str>
                  <str>Destruel, Emilie</str>
                  <str>Donaldson, Bryan</str>
                  <str>Rodgers, Daryl M</str>
                  <str>Tremblay, Annie</str>
                  <str>Tremblay, Annie</str>
                  <str>Garrison, Meryl</str>
               </arr>
               <str name="iris.references.author.lastnames">coughlintremblaydestrueldonaldsonrodgerstremblaytremblaygarrison</str>
               <arr name="iris.references.author.noack">
                  <str>Coughlin, Caitlin E</str>
                  <str>Tremblay, Annie</str>
                  <str>Destruel, Emilie</str>
                  <str>Donaldson, Bryan</str>
                  <str>Rodgers, Daryl M</str>
                  <str>Tremblay, Annie</str>
               </arr>
               <arr name="iris.references.conferenceName">
                  <str>Second Language Research Forum 2008</str>
               </arr>
               <arr name="iris.references.journal">
                  <str>Bilingualism: Language and Cognition</str>
                  <str>Applied Psycholinguistics</str>
                  <str>The Modern Language Journal</str>
                  <str>Studies in Second Language Acquisition</str>
               </arr>
               <arr name="iris.references.publicationDate">
                  <str>2015</str>
                  <str>2017</str>
                  <str>2015</str>
                  <str>2011</str>
                  <str>2010</str>
               </arr>
               <arr name="iris.references.publicationDateStr">
                  <str>2015</str>
                  <str>2017</str>
                  <str>2015</str>
                  <str>2011</str>
                  <str>2010</str>
               </arr>
               <arr name="iris.references.publicationType">
                  <str>Journal Article</str>
                  <str>Journal Article</str>
                  <str>Journal Article</str>
                  <str>Journal Article</str>
                  <str>Proceedings</str>
               </arr>
               <arr name="iris2.email">
                  <str>atrembla@ku.edu</str>
               </arr>
               <arr name="iris2.feedback.count">
                  <str>0</str>
               </arr>
               <str name="iris2.hasmaterials">Records with materials</str>
               <arr name="iris2.instrument.author">
                  <str>Tremblay, Annie</str>
               </arr>
               <arr name="iris2.instrument.dataType">
                  <str>Written production</str>
               </arr>
               <arr name="iris2.instrument.instrumentType">
                  <str>Gap-fill / Cloze test / Fill in the blank</str>
               </arr>
               <str name="iris2.instrument.instrumentType.alltypes">gap-fill / cloze test / fill in the blank gap-fill / cloze test / fill in the blank fill in the blank, cloze,gap fill </str>
               <arr name="iris2.instrument.licence">
                  <str>Attribution-NonCommercial-ShareAlike</str>
               </arr>
               <str name="iris2.instrument.primaryInstrumentType">Gap-fill / Cloze test / Fill in the blank</str>
               <arr name="iris2.instrument.researchArea">
                  <str>Proficiency</str>
               </arr>
               <arr name="iris2.instrument.sourceLanguage">
                  <str>French</str>
               </arr>
               <arr name="iris2.instrument.typeOfFile">
                  <str>Text</str>
               </arr>
               <arr name="iris2.participants.participantType">
                  <str>Foreign language learners</str>
               </arr>
               <arr name="iris2.participants.targetLanguage">
                  <str>French</str>
               </arr>
               <arr name="iris2.referenceid">
                  <str>2015_Coughlin_Tremblay_Morphological decomposition in native and non-native French speakers</str>
                  <str>2017_Destruel_Donaldson_Second language acquisition of pragmatic inferences: Evidence from the French c&#8217;est-cleft</str>
                  <str>2015_Rodgers_Incidental language learning in foreign language content courses</str>
                  <str>2011_Tremblay_Proficiency assessment standards in second language acquisition research: Clozing the gap</str>
                  <str>2010_Tremblay_Garrison_Cloze tests: A tool for proficiency assessment in research on L2 French</str>
               </arr>
               <str name="iris2.references.allauthors">Coughlin &amp; Tremblay (2015); Destruel &amp; Donaldson (2017); Rodgers (2015); Tremblay (2011)</str>
               <arr name="iris2.references.author">
                  <str>Coughlin, Caitlin E</str>
                  <str>Tremblay, Annie</str>
                  <str>Destruel, Emilie</str>
                  <str>Donaldson, Bryan</str>
                  <str>Rodgers, Daryl M</str>
                  <str>Tremblay, Annie</str>
                  <str>Tremblay, Annie</str>
                  <str>Garrison, Meryl</str>
               </arr>
               <str name="iris2.references.author.lastnames">coughlintremblaydestrueldonaldsonrodgerstremblaytremblaygarrison</str>
               <arr name="iris2.references.conferenceName">
                  <str>Second Language Research Forum 2008</str>
               </arr>
               <arr name="iris2.references.journal">
                  <str>Bilingualism: Language and Cognition</str>
                  <str>Applied Psycholinguistics</str>
                  <str>The Modern Language Journal</str>
                  <str>Studies in Second Language Acquisition</str>
               </arr>
               <arr name="iris2.references.publicationDate">
                  <str>2015</str>
                  <str>2017</str>
                  <str>2015</str>
                  <str>2011</str>
                  <str>2010</str>
               </arr>
               <arr name="iris2.references.publicationDateStr">
                  <str>2015</str>
                  <str>2017</str>
                  <str>2015</str>
                  <str>2011</str>
                  <str>2010</str>
               </arr>
               <arr name="iris2.references.publicationLatestDate">
                  <str>2017</str>
               </arr>
               <arr name="iris2.references.publicationType">
                  <str>Journal Article</str>
                  <str>Journal Article</str>
                  <str>Journal Article</str>
                  <str>Journal Article</str>
                  <str>Proceedings</str>
               </arr>
               <arr name="oai_dc.dc_xsi:schemaLocation">
                  <str>http://www.openarchives.org/OAI/2.0/oai_dc/ http://www.openarchives.org/OAI/2.0/oai_dc.xsd</str>
                  <str>http://www.openarchives.org/OAI/2.0/oai_dc/ http://www.openarchives.org/OAI/2.0/oai_dc.xsd</str>
                  <str>http://www.openarchives.org/OAI/2.0/oai_dc/ http://www.openarchives.org/OAI/2.0/oai_dc.xsd</str>
                  <str>http://www.openarchives.org/OAI/2.0/oai_dc/ http://www.openarchives.org/OAI/2.0/oai_dc.xsd</str>
                  <str>http://www.openarchives.org/OAI/2.0/oai_dc/ http://www.openarchives.org/OAI/2.0/oai_dc.xsd</str>
               </arr>
            </doc>
         </result>
      </response>
   </solr>
   <files>
      <file id="INSTRUMENT" mime="application/msword" url="https://www.iris-database.org/iris/api/resource/york:806669/asset/INSTRUMENT?download=true"/>
      <file id="INSTRUMENT1" mime="application/msword" url="https://www.iris-database.org/iris/api/resource/york:806669/asset/INSTRUMENT1?download=true"/>
   </files>
</record>
