<?xml version="1.0" encoding="ISO-8859-1"?>

<record pid="york:808506">
   <solr>
      <response>
         <lst name="responseHeader">
            <int name="status">0</int>
            <int name="QTime">808</int>
            <lst name="params">
               <str name="q">PID:york?808506</str>
            </lst>
         </lst>
         <result name="response" numfound="1" start="0">
            <doc>
               <str name="PID">york:808506</str>
               <arr name="dc.creator">
                  <str>Benmansour, N</str>
               </arr>
               <arr name="dc.date">
                  <str>1997</str>
               </arr>
               <arr name="dc.format">
                  <str>French</str>
               </arr>
               <arr name="dc.subject">
                  <str>Motivation</str>
               </arr>
               <arr name="dc.type">
                  <str>Questionnaire</str>
                  <str>Attitude questionnaire</str>
                  <str>Language Awareness questionnaire</str>
                  <str>Biographical questionnaire</str>
                  <str>Debriefing questionnaire</str>
                  <str>Language background questionnaire</str>
                  <str>Language preferences or dominance questionnaire</str>
                  <str>Learning strategy questionnaire</str>
                  <str>Learning style questionnaire</str>
                  <str>Proficiency questionnaire</str>
                  <str>Self-efficacy questionnaire</str>
                  <str>Questionnaire</str>
                  <str>http://www.iris-database.org/Instruments</str>
               </arr>
               <arr name="dc2.creator">
                  <str>Benmansour, N</str>
               </arr>
               <arr name="dc2.date">
                  <str>1997</str>
               </arr>
               <arr name="dc2.format">
                  <str>French</str>
               </arr>
               <arr name="dc2.subject">
                  <str>Motivation</str>
               </arr>
               <arr name="dc2.type">
                  <str>Questionnaire</str>
                  <str>Attitude questionnaire</str>
                  <str>Language Awareness questionnaire</str>
                  <str>Biographical questionnaire</str>
                  <str>Debriefing questionnaire</str>
                  <str>Language background questionnaire</str>
                  <str>Language preferences or dominance questionnaire</str>
                  <str>Learning strategy questionnaire</str>
                  <str>Learning style questionnaire</str>
                  <str>Proficiency questionnaire</str>
                  <str>Self-efficacy questionnaire</str>
                  <str>Questionnaire</str>
                  <str>http://www.iris-database.org/Instruments</str>
               </arr>
               <arr name="dc3.creator">
                  <str>Benmansour, N</str>
               </arr>
               <arr name="dc3.subject">
                  <str>Motivation</str>
               </arr>
               <date name="fgs.createdDate">2013-02-13T17:26:30.81Z</date>
               <date name="fgs.dateCreated.sort">2013-02-13T17:26:30.81Z</date>
               <str name="fgs.label">IRIS Instrument created by YODL workflow.</str>
               <date name="fgs.lastModifiedDate">2017-10-30T18:36:39.997Z</date>
               <str name="fgs.ownerId">iris-580a9f0f-ed9e-4f5f-be7e-877243bddfd0</str>
               <str name="fgs.state">Active</str>
               <arr name="iris.feedback.count">
                  <str>0</str>
               </arr>
               <str name="iris.hasmaterials">Records with materials</str>
               <arr name="iris.instrument.author">
                  <str>Benmansour, N</str>
               </arr>
               <arr name="iris.instrument.instrumentType">
                  <str>Questionnaire</str>
                  <str>Questionnaire</str>
                  <str>Attitude questionnaire</str>
                  <str>Questionnaire</str>
                  <str>Language awareness questionnaire</str>
                  <str>Questionnaire</str>
                  <str>Biographical questionnaire</str>
                  <str>Questionnaire</str>
                  <str>Debriefing questionnaire</str>
                  <str>Questionnaire</str>
                  <str>Language background questionnaire</str>
                  <str>Questionnaire</str>
                  <str>Language preferences or dominance questionnaire</str>
                  <str>Questionnaire</str>
                  <str>Learning strategy questionnaire</str>
                  <str>Questionnaire</str>
                  <str>Learning style questionnaire</str>
                  <str>Questionnaire</str>
                  <str>Proficiency questionnaire</str>
                  <str>Questionnaire</str>
                  <str>Self-efficacy questionnaire</str>
                  <str>Questionnaire</str>
                  <str>Other questionnaire</str>
               </arr>
               <str name="iris.instrument.instrumentType.alltypes">questionnaire questionnaire  attitude questionnaire attitude questionnaire  language awareness questionnaire language awareness questionnaire  biographical questionnaire biographical questionnaire  debriefing questionnaire debriefing questionnaire  language background questionnaire language background questionnaire  language preferences or dominance questionnaire language preferences or dominance questionnaire  learning strategy questionnaire learning strategy questionnaire learner strategy questionnaire learning style questionnaire learning style questionnaire learner style questionnaire proficiency questionnaire proficiency questionnaire  self-efficacy questionnaire self-efficacy questionnaire  other questionnaire questionnaire  </str>
               <arr name="iris.instrument.licence">
                  <str>Attribution-NonCommercial-ShareAlike</str>
               </arr>
               <str name="iris.instrument.primaryInstrumentType">Questionnaire</str>
               <arr name="iris.instrument.researchArea">
                  <str>Motivation</str>
               </arr>
               <arr name="iris.instrument.secondaryInstrumentType">
                  <str>Questionnaire &gt; Attitude questionnaire</str>
                  <str>Questionnaire &gt; Language awareness questionnaire</str>
                  <str>Questionnaire &gt; Biographical questionnaire</str>
                  <str>Questionnaire &gt; Debriefing questionnaire</str>
                  <str>Questionnaire &gt; Language background questionnaire</str>
                  <str>Questionnaire &gt; Language preferences or dominance questionnaire</str>
                  <str>Questionnaire &gt; Learning strategy questionnaire</str>
                  <str>Questionnaire &gt; Learning style questionnaire</str>
                  <str>Questionnaire &gt; Proficiency questionnaire</str>
                  <str>Questionnaire &gt; Self-efficacy questionnaire</str>
                  <str>Questionnaire &gt; Other questionnaire</str>
               </arr>
               <arr name="iris.instrument.sourceLanguage">
                  <str>French</str>
               </arr>
               <arr name="iris.instrument.typeOfFile">
                  <str>Text</str>
               </arr>
               <arr name="iris.participants.firstLanguage">
                  <str>Arabic</str>
               </arr>
               <arr name="iris.participants.participantType">
                  <str>Foreign language learners</str>
               </arr>
               <arr name="iris.participants.targetLanguage">
                  <str>English</str>
               </arr>
               <arr name="iris.referenceid">
                  <str>Benmansour_Motivation and learning preferences of Moroccan high school learners of English as a foreign language</str>
                  <str>1997_Kyriacou_Benmansour_Motivation and learning preferences of high school students learning English as a foreign language in Morocco</str>
               </arr>
               <str name="iris.references.allauthors">Benmansour (1996); Kyriacou &amp; Benmansour (1997)</str>
               <arr name="iris.references.author">
                  <str>Benmansour, N</str>
                  <str>Kyriacou, C</str>
                  <str>Benmansour, N</str>
               </arr>
               <str name="iris.references.author.lastnames">benmansourkyriacoubenmansour</str>
               <arr name="iris.references.author.noack">
                  <str>Benmansour, N</str>
                  <str>Kyriacou, C</str>
                  <str>Benmansour, N</str>
               </arr>
               <arr name="iris.references.journal">
                  <str>Mediterranean Journal of Educational Studies</str>
               </arr>
               <arr name="iris.references.publicationDate">
                  <str>1997</str>
                  <str>1996</str>
               </arr>
               <arr name="iris.references.publicationDateStr">
                  <str>1997</str>
                  <str>1996</str>
               </arr>
               <arr name="iris.references.publicationType">
                  <str>Thesis</str>
                  <str>Journal Article</str>
               </arr>
               <arr name="iris2.feedback.count">
                  <str>0</str>
               </arr>
               <str name="iris2.hasmaterials">Records with materials</str>
               <arr name="iris2.instrument.author">
                  <str>Benmansour, N</str>
               </arr>
               <arr name="iris2.instrument.instrumentType">
                  <str>Questionnaire</str>
                  <str>Questionnaire</str>
                  <str>Attitude questionnaire</str>
                  <str>Questionnaire</str>
                  <str>Language awareness questionnaire</str>
                  <str>Questionnaire</str>
                  <str>Biographical questionnaire</str>
                  <str>Questionnaire</str>
                  <str>Debriefing questionnaire</str>
                  <str>Questionnaire</str>
                  <str>Language background questionnaire</str>
                  <str>Questionnaire</str>
                  <str>Language preferences or dominance questionnaire</str>
                  <str>Questionnaire</str>
                  <str>Learning strategy questionnaire</str>
                  <str>Questionnaire</str>
                  <str>Learning style questionnaire</str>
                  <str>Questionnaire</str>
                  <str>Proficiency questionnaire</str>
                  <str>Questionnaire</str>
                  <str>Self-efficacy questionnaire</str>
                  <str>Questionnaire</str>
                  <str>Other questionnaire</str>
               </arr>
               <str name="iris2.instrument.instrumentType.alltypes">questionnaire questionnaire  attitude questionnaire attitude questionnaire  language awareness questionnaire language awareness questionnaire  biographical questionnaire biographical questionnaire  debriefing questionnaire debriefing questionnaire  language background questionnaire language background questionnaire  language preferences or dominance questionnaire language preferences or dominance questionnaire  learning strategy questionnaire learning strategy questionnaire learner strategy questionnaire learning style questionnaire learning style questionnaire learner style questionnaire proficiency questionnaire proficiency questionnaire  self-efficacy questionnaire self-efficacy questionnaire  other questionnaire questionnaire  </str>
               <arr name="iris2.instrument.licence">
                  <str>Attribution-NonCommercial-ShareAlike</str>
               </arr>
               <str name="iris2.instrument.primaryInstrumentType">Questionnaire</str>
               <arr name="iris2.instrument.researchArea">
                  <str>Motivation</str>
               </arr>
               <arr name="iris2.instrument.secondaryInstrumentType">
                  <str>Questionnaire &gt; Attitude questionnaire</str>
                  <str>Questionnaire &gt; Language awareness questionnaire</str>
                  <str>Questionnaire &gt; Biographical questionnaire</str>
                  <str>Questionnaire &gt; Debriefing questionnaire</str>
                  <str>Questionnaire &gt; Language background questionnaire</str>
                  <str>Questionnaire &gt; Language preferences or dominance questionnaire</str>
                  <str>Questionnaire &gt; Learning strategy questionnaire</str>
                  <str>Questionnaire &gt; Learning style questionnaire</str>
                  <str>Questionnaire &gt; Proficiency questionnaire</str>
                  <str>Questionnaire &gt; Self-efficacy questionnaire</str>
                  <str>Questionnaire &gt; Other questionnaire</str>
               </arr>
               <arr name="iris2.instrument.sourceLanguage">
                  <str>French</str>
               </arr>
               <arr name="iris2.instrument.typeOfFile">
                  <str>Text</str>
               </arr>
               <arr name="iris2.participants.firstLanguage">
                  <str>Arabic</str>
               </arr>
               <arr name="iris2.participants.participantType">
                  <str>Foreign language learners</str>
               </arr>
               <arr name="iris2.participants.targetLanguage">
                  <str>English</str>
               </arr>
               <arr name="iris2.referenceid">
                  <str>Benmansour_Motivation and learning preferences of Moroccan high school learners of English as a foreign language</str>
                  <str>1997_Kyriacou_Benmansour_Motivation and learning preferences of high school students learning English as a foreign language in Morocco</str>
               </arr>
               <str name="iris2.references.allauthors">Benmansour (1996); Kyriacou &amp; Benmansour (1997)</str>
               <arr name="iris2.references.author">
                  <str>Benmansour, N</str>
                  <str>Kyriacou, C</str>
                  <str>Benmansour, N</str>
               </arr>
               <str name="iris2.references.author.lastnames">benmansourkyriacoubenmansour</str>
               <arr name="iris2.references.journal">
                  <str>Mediterranean Journal of Educational Studies</str>
               </arr>
               <arr name="iris2.references.publicationDate">
                  <str>1997</str>
                  <str>1996</str>
               </arr>
               <arr name="iris2.references.publicationDateStr">
                  <str>1997</str>
                  <str>1996</str>
               </arr>
               <arr name="iris2.references.publicationLatestDate">
                  <str>1997</str>
               </arr>
               <arr name="iris2.references.publicationType">
                  <str>Thesis</str>
                  <str>Journal Article</str>
               </arr>
               <arr name="oai_dc.dc_xsi:schemaLocation">
                  <str>http://www.openarchives.org/OAI/2.0/oai_dc/ http://www.openarchives.org/OAI/2.0/oai_dc.xsd</str>
               </arr>
            </doc>
         </result>
      </response>
   </solr>
   <files>
      <file id="INSTRUMENT" mime="application/pdf" url="https://www.iris-database.org/iris/api/resource/york:808506/asset/INSTRUMENT?download=true"/>
   </files>
</record>
