<?xml version="1.0" encoding="ISO-8859-1"?>

<record pid="york:809829">
   <solr>
      <response>
         <lst name="responseHeader">
            <int name="status">0</int>
            <int name="QTime">519</int>
            <lst name="params">
               <str name="q">PID:york?809829</str>
            </lst>
         </lst>
         <result name="response" numfound="1" start="0">
            <doc>
               <str name="PID">york:809829</str>
               <arr name="dc.creator">
                  <str>Dormer, Jan</str>
               </arr>
               <arr name="dc.subject">
                  <str>Native/nonnative speaker</str>
               </arr>
               <arr name="dc.type">
                  <str>Attitude questionnaire</str>
                  <str>Language Awareness questionnaire</str>
                  <str>Biographical questionnaire</str>
                  <str>Language background questionnaire</str>
                  <str>Language preferences or dominance questionnaire</str>
                  <str>Self-efficacy questionnaire</str>
                  <str>http://www.iris-database.org/Instruments</str>
               </arr>
               <arr name="dc2.creator">
                  <str>Dormer, Jan</str>
               </arr>
               <arr name="dc2.subject">
                  <str>Native/nonnative speaker</str>
               </arr>
               <arr name="dc2.type">
                  <str>Attitude questionnaire</str>
                  <str>Language Awareness questionnaire</str>
                  <str>Biographical questionnaire</str>
                  <str>Language background questionnaire</str>
                  <str>Language preferences or dominance questionnaire</str>
                  <str>Self-efficacy questionnaire</str>
                  <str>http://www.iris-database.org/Instruments</str>
               </arr>
               <arr name="dc3.creator">
                  <str>Dormer, Jan</str>
               </arr>
               <arr name="dc3.subject">
                  <str>Native/nonnative speaker</str>
               </arr>
               <date name="fgs.createdDate">2013-05-21T21:46:16.385Z</date>
               <date name="fgs.dateCreated.sort">2013-05-21T21:46:16.385Z</date>
               <str name="fgs.label">IRIS Instrument created by YODL workflow.</str>
               <date name="fgs.lastModifiedDate">2017-10-11T00:41:08.686Z</date>
               <str name="fgs.ownerId">iris-6ee765ea-4fa9-4ecf-8efc-04867413baae</str>
               <str name="fgs.state">Active</str>
               <arr name="iris.email">
                  <str>jdormer@messiah.edu</str>
               </arr>
               <arr name="iris.feedback.count">
                  <str>0</str>
               </arr>
               <str name="iris.hasmaterials">Records with materials</str>
               <arr name="iris.instrument.author">
                  <str>Dormer, Jan</str>
               </arr>
               <arr name="iris.instrument.instrumentType">
                  <str>Questionnaire</str>
                  <str>Attitude questionnaire</str>
                  <str>Questionnaire</str>
                  <str>Language awareness questionnaire</str>
                  <str>Questionnaire</str>
                  <str>Biographical questionnaire</str>
                  <str>Questionnaire</str>
                  <str>Language background questionnaire</str>
                  <str>Questionnaire</str>
                  <str>Language preferences or dominance questionnaire</str>
                  <str>Questionnaire</str>
                  <str>Self-efficacy questionnaire</str>
               </arr>
               <str name="iris.instrument.instrumentType.alltypes">attitude questionnaire attitude questionnaire  language awareness questionnaire language awareness questionnaire  biographical questionnaire biographical questionnaire  language background questionnaire language background questionnaire  language preferences or dominance questionnaire language preferences or dominance questionnaire  self-efficacy questionnaire self-efficacy questionnaire  </str>
               <arr name="iris.instrument.licence">
                  <str>Attribution-NonCommercial-ShareAlike</str>
               </arr>
               <str name="iris.instrument.primaryInstrumentType">Questionnaire &gt; Attitude questionnaire</str>
               <arr name="iris.instrument.researchArea">
                  <str>Native/nonnative speaker</str>
               </arr>
               <arr name="iris.instrument.secondaryInstrumentType">
                  <str>Questionnaire &gt; Language awareness questionnaire</str>
                  <str>Questionnaire &gt; Biographical questionnaire</str>
                  <str>Questionnaire &gt; Language background questionnaire</str>
                  <str>Questionnaire &gt; Language preferences or dominance questionnaire</str>
                  <str>Questionnaire &gt; Self-efficacy questionnaire</str>
               </arr>
               <arr name="iris.instrument.typeOfFile">
                  <str>Text</str>
               </arr>
               <arr name="iris.participants.participantType">
                  <str>Teachers</str>
               </arr>
               <arr name="iris.referenceid">
                  <str>Dormer_A perfect blend? A study of co-worker relationships between native English speaking and nonnative English speaking teachers in two school sites in Brazil and Indonesia</str>
               </arr>
               <str name="iris.references.allauthors">Dormer (2006)</str>
               <arr name="iris.references.author">
                  <str>Dormer, Jan</str>
               </arr>
               <str name="iris.references.author.lastnames">dormer</str>
               <arr name="iris.references.author.noack">
                  <str>Dormer, Jan</str>
               </arr>
               <arr name="iris.references.publicationDate">
                  <str>2006</str>
               </arr>
               <arr name="iris.references.publicationDateStr">
                  <str>2006</str>
               </arr>
               <arr name="iris.references.publicationType">
                  <str>Thesis</str>
               </arr>
               <arr name="iris2.email">
                  <str>jdormer@messiah.edu</str>
               </arr>
               <arr name="iris2.feedback.count">
                  <str>0</str>
               </arr>
               <str name="iris2.hasmaterials">Records with materials</str>
               <arr name="iris2.instrument.author">
                  <str>Dormer, Jan</str>
               </arr>
               <arr name="iris2.instrument.instrumentType">
                  <str>Questionnaire</str>
                  <str>Attitude questionnaire</str>
                  <str>Questionnaire</str>
                  <str>Language awareness questionnaire</str>
                  <str>Questionnaire</str>
                  <str>Biographical questionnaire</str>
                  <str>Questionnaire</str>
                  <str>Language background questionnaire</str>
                  <str>Questionnaire</str>
                  <str>Language preferences or dominance questionnaire</str>
                  <str>Questionnaire</str>
                  <str>Self-efficacy questionnaire</str>
               </arr>
               <str name="iris2.instrument.instrumentType.alltypes">attitude questionnaire attitude questionnaire  language awareness questionnaire language awareness questionnaire  biographical questionnaire biographical questionnaire  language background questionnaire language background questionnaire  language preferences or dominance questionnaire language preferences or dominance questionnaire  self-efficacy questionnaire self-efficacy questionnaire  </str>
               <arr name="iris2.instrument.licence">
                  <str>Attribution-NonCommercial-ShareAlike</str>
               </arr>
               <str name="iris2.instrument.primaryInstrumentType">Questionnaire &gt; Attitude questionnaire</str>
               <arr name="iris2.instrument.researchArea">
                  <str>Native/nonnative speaker</str>
               </arr>
               <arr name="iris2.instrument.secondaryInstrumentType">
                  <str>Questionnaire &gt; Language awareness questionnaire</str>
                  <str>Questionnaire &gt; Biographical questionnaire</str>
                  <str>Questionnaire &gt; Language background questionnaire</str>
                  <str>Questionnaire &gt; Language preferences or dominance questionnaire</str>
                  <str>Questionnaire &gt; Self-efficacy questionnaire</str>
               </arr>
               <arr name="iris2.instrument.typeOfFile">
                  <str>Text</str>
               </arr>
               <arr name="iris2.participants.participantType">
                  <str>Teachers</str>
               </arr>
               <arr name="iris2.referenceid">
                  <str>Dormer_A perfect blend? A study of co-worker relationships between native English speaking and nonnative English speaking teachers in two school sites in Brazil and Indonesia</str>
               </arr>
               <str name="iris2.references.allauthors">Dormer (2006)</str>
               <arr name="iris2.references.author">
                  <str>Dormer, Jan</str>
               </arr>
               <str name="iris2.references.author.lastnames">dormer</str>
               <arr name="iris2.references.publicationDate">
                  <str>2006</str>
               </arr>
               <arr name="iris2.references.publicationDateStr">
                  <str>2006</str>
               </arr>
               <arr name="iris2.references.publicationLatestDate">
                  <str/>
               </arr>
               <arr name="iris2.references.publicationType">
                  <str>Thesis</str>
               </arr>
               <arr name="oai_dc.dc_xsi:schemaLocation">
                  <str>http://www.openarchives.org/OAI/2.0/oai_dc/ http://www.openarchives.org/OAI/2.0/oai_dc.xsd</str>
               </arr>
            </doc>
         </result>
      </response>
   </solr>
   <files>
      <file id="INSTRUMENT" mime="application/msword" url="https://www.iris-database.org/iris/api/resource/york:809829/asset/INSTRUMENT?download=true"/>
      <file id="INSTRUMENT1" mime="application/msword" url="https://www.iris-database.org/iris/api/resource/york:809829/asset/INSTRUMENT1?download=true"/>
   </files>
</record>
