<?xml version="1.0" encoding="ISO-8859-1"?>

<record pid="york:852574">
   <solr>
      <response>
         <lst name="responseHeader">
            <int name="status">0</int>
            <int name="QTime">481</int>
            <lst name="params">
               <str name="q">PID:york?852574</str>
            </lst>
         </lst>
         <result name="response" numfound="1" start="0">
            <doc>
               <str name="PID">york:852574</str>
               <arr name="dc.creator">
                  <str>Shen, Chen</str>
               </arr>
               <arr name="dc.date">
                  <str>in press</str>
               </arr>
               <arr name="dc.description">
                  <str>The accent identification tasks and linguistic background questionnaire used in Chen and Watt (in press) are linked in IRIS.</str>
               </arr>
               <arr name="dc.identifier">
                  <str>york:852574</str>
               </arr>
               <str name="dc.title">Linguistic background questionnaire</str>
               <str name="dc.title.sort">Linguistic background questionnaire</str>
               <arr name="dc.type">
                  <str>Language background questionnaire</str>
                  <str>http://www.iris-database.org/Instruments</str>
               </arr>
               <arr name="dc2.creator">
                  <str>Shen, Chen</str>
               </arr>
               <arr name="dc2.date">
                  <str>in press</str>
               </arr>
               <arr name="dc2.description">
                  <str>The accent identification tasks and linguistic background questionnaire used in Chen and Watt (in press) are linked in IRIS.</str>
               </arr>
               <arr name="dc2.identifier">
                  <str>york:852574</str>
               </arr>
               <str name="dc2.title">Linguistic background questionnaire</str>
               <arr name="dc2.type">
                  <str>Language background questionnaire</str>
                  <str>http://www.iris-database.org/Instruments</str>
               </arr>
               <arr name="dc3.creator">
                  <str>Shen, Chen</str>
               </arr>
               <str name="dc3.title">Linguistic background questionnaire</str>
               <date name="fgs.createdDate">2015-04-17T15:17:56.607Z</date>
               <date name="fgs.dateCreated.sort">2015-04-17T15:17:56.607Z</date>
               <str name="fgs.label">IRIS Instrument created by YODL workflow.</str>
               <date name="fgs.lastModifiedDate">2017-06-27T18:58:29.908Z</date>
               <str name="fgs.ownerId">iris-580a9f0f-ed9e-4f5f-be7e-877243bddfd0</str>
               <str name="fgs.state">Active</str>
               <arr name="iris.email">
                  <str>cshen1@sheffield.ac.uk</str>
               </arr>
               <arr name="iris.feedback.count">
                  <str>0</str>
               </arr>
               <str name="iris.hasmaterials">Records with materials</str>
               <arr name="iris.instrument.author">
                  <str>Shen, Chen</str>
               </arr>
               <arr name="iris.instrument.instrumentType">
                  <str>Questionnaire</str>
                  <str>Language background questionnaire</str>
               </arr>
               <str name="iris.instrument.instrumentType.alltypes">language background questionnaire language background questionnaire  </str>
               <arr name="iris.instrument.licence">
                  <str>Attribution-NonCommercial-ShareAlike</str>
               </arr>
               <str name="iris.instrument.notes">The accent identification tasks and linguistic background questionnaire used in Chen and Watt (in press) are linked in IRIS.</str>
               <str name="iris.instrument.primaryInstrumentType">Questionnaire &gt; Language background questionnaire</str>
               <arr name="iris.instrument.researchArea">
                  <str>Listening</str>
                  <str>Phonology</str>
                  <str>Native / Non-native</str>
               </arr>
               <arr name="iris.instrument.title">
                  <str>Linguistic background questionnaire</str>
               </arr>
               <arr name="iris.instrument.typeOfFile">
                  <str>Text</str>
               </arr>
               <arr name="iris.participants.firstLanguage">
                  <str>Chinese</str>
               </arr>
               <arr name="iris.participants.participantType">
                  <str>Native speakers</str>
                  <str>Foreign language learners</str>
                  <str>Second language learners</str>
               </arr>
               <arr name="iris.participants.targetLanguage">
                  <str>English</str>
               </arr>
               <arr name="iris.referenceid">
                  <str>in press_Shen_Watt_Accents Identification: Which Type of 'Native Ear' Works Better?</str>
               </arr>
               <str name="iris.references.allauthors">Shen &amp; Watt (in press)</str>
               <arr name="iris.references.author">
                  <str>Shen, Chen</str>
                  <str>Watt, D.</str>
               </arr>
               <str name="iris.references.author.lastnames">shenwatt</str>
               <arr name="iris.references.author.noack">
                  <str>Shen, Chen</str>
                  <str>Watt, D.</str>
               </arr>
               <arr name="iris.references.journal">
                  <str>York Papers in Linguistics</str>
               </arr>
               <arr name="iris.references.publicationDate">
                  <str>in press</str>
               </arr>
               <arr name="iris.references.publicationDateStr">
                  <str>in press</str>
               </arr>
               <arr name="iris.references.publicationType">
                  <str>Journal Article</str>
               </arr>
               <arr name="iris2.email">
                  <str>cshen1@sheffield.ac.uk</str>
               </arr>
               <arr name="iris2.feedback.count">
                  <str>0</str>
               </arr>
               <str name="iris2.hasmaterials">Records with materials</str>
               <arr name="iris2.instrument.author">
                  <str>Shen, Chen</str>
               </arr>
               <arr name="iris2.instrument.instrumentType">
                  <str>Questionnaire</str>
                  <str>Language background questionnaire</str>
               </arr>
               <str name="iris2.instrument.instrumentType.alltypes">language background questionnaire language background questionnaire  </str>
               <arr name="iris2.instrument.licence">
                  <str>Attribution-NonCommercial-ShareAlike</str>
               </arr>
               <str name="iris2.instrument.primaryInstrumentType">Questionnaire &gt; Language background questionnaire</str>
               <arr name="iris2.instrument.researchArea">
                  <str>Listening</str>
                  <str>Phonology</str>
                  <str>Native / Non-native</str>
               </arr>
               <arr name="iris2.instrument.typeOfFile">
                  <str>Text</str>
               </arr>
               <arr name="iris2.participants.firstLanguage">
                  <str>Chinese</str>
               </arr>
               <arr name="iris2.participants.participantType">
                  <str>Native speakers</str>
                  <str>Foreign language learners</str>
                  <str>Second language learners</str>
               </arr>
               <arr name="iris2.participants.targetLanguage">
                  <str>English</str>
               </arr>
               <arr name="iris2.referenceid">
                  <str>in press_Shen_Watt_Accents Identification: Which Type of 'Native Ear' Works Better?</str>
               </arr>
               <str name="iris2.references.allauthors">Shen &amp; Watt (in press)</str>
               <arr name="iris2.references.author">
                  <str>Shen, Chen</str>
                  <str>Watt, D.</str>
               </arr>
               <str name="iris2.references.author.lastnames">shenwatt</str>
               <arr name="iris2.references.journal">
                  <str>York Papers in Linguistics</str>
               </arr>
               <arr name="iris2.references.publicationDate">
                  <str>in press</str>
               </arr>
               <arr name="iris2.references.publicationDateStr">
                  <str>in press</str>
               </arr>
               <arr name="iris2.references.publicationLatestDate">
                  <str>in press</str>
               </arr>
               <arr name="iris2.references.publicationType">
                  <str>Journal Article</str>
               </arr>
               <arr name="oai_dc.dc_xsi:schemaLocation">
                  <str>http://www.openarchives.org/OAI/2.0/oai_dc/ http://www.openarchives.org/OAI/2.0/oai_dc.xsd</str>
                  <str>http://www.openarchives.org/OAI/2.0/oai_dc/ http://www.openarchives.org/OAI/2.0/oai_dc.xsd</str>
               </arr>
            </doc>
         </result>
      </response>
   </solr>
   <files>
      <file id="INSTRUMENT" mime="application/msword" url="https://www.iris-database.org/iris/api/resource/york:852574/asset/INSTRUMENT?download=true"/>
   </files>
</record>
