<?xml version="1.0" encoding="ISO-8859-1"?>

<record pid="york:803873">
   <solr>
      <response>
         <lst name="responseHeader">
            <int name="status">0</int>
            <int name="QTime">491</int>
            <lst name="params">
               <str name="q">PID:york?803873</str>
            </lst>
         </lst>
         <result name="response" numfound="1" start="0">
            <doc>
               <str name="PID">york:803873</str>
               <arr name="dc.creator">
                  <str>King, Jim</str>
               </arr>
               <arr name="dc.date">
                  <str>2013</str>
                  <str>in press</str>
               </arr>
               <arr name="dc.format">
                  <str>English</str>
                  <str>Japanese</str>
               </arr>
               <arr name="dc.subject">
                  <str>Learner silence</str>
               </arr>
               <str name="dc.title">Silence and Oral Participation Interview Guide (SOPIG)</str>
               <str name="dc.title.sort">Silence and Oral Participation Interview Guide (SOPIG)</str>
               <arr name="dc.type">
                  <str>Interview protocol</str>
                  <str>http://www.iris-database.org/Instruments</str>
               </arr>
               <arr name="dc2.creator">
                  <str>King, Jim</str>
               </arr>
               <arr name="dc2.date">
                  <str>2013</str>
                  <str>in press</str>
               </arr>
               <arr name="dc2.format">
                  <str>English</str>
                  <str>Japanese</str>
               </arr>
               <arr name="dc2.subject">
                  <str>Learner silence</str>
               </arr>
               <str name="dc2.title">Silence and Oral Participation Interview Guide (SOPIG)</str>
               <arr name="dc2.type">
                  <str>Interview protocol</str>
                  <str>http://www.iris-database.org/Instruments</str>
               </arr>
               <arr name="dc3.creator">
                  <str>King, Jim</str>
               </arr>
               <arr name="dc3.subject">
                  <str>Learner silence</str>
               </arr>
               <str name="dc3.title">Silence and Oral Participation Interview Guide (SOPIG)</str>
               <date name="fgs.createdDate">2012-07-04T17:08:53.095Z</date>
               <date name="fgs.dateCreated.sort">2012-07-04T17:08:53.095Z</date>
               <str name="fgs.label">IRIS Instrument created by YODL workflow.</str>
               <date name="fgs.lastModifiedDate">2017-09-27T14:46:22.076Z</date>
               <str name="fgs.ownerId">fedoraAdmin</str>
               <str name="fgs.state">Active</str>
               <arr name="iris.email">
                  <str>jk249@le.ac.uk</str>
               </arr>
               <arr name="iris.feedback.count">
                  <str>0</str>
               </arr>
               <str name="iris.hasmaterials">Records with materials</str>
               <arr name="iris.instrument.author">
                  <str>King, Jim</str>
               </arr>
               <arr name="iris.instrument.funder">
                  <str/>
               </arr>
               <arr name="iris.instrument.instrumentType">
                  <str>Interview protocol / schedule</str>
               </arr>
               <str name="iris.instrument.instrumentType.alltypes">interview protocol / schedule interview protocol / schedule interview schedule </str>
               <arr name="iris.instrument.licence">
                  <str>Attribution-NonCommercial-ShareAlike</str>
               </arr>
               <str name="iris.instrument.primaryInstrumentType">Interview protocol / schedule</str>
               <arr name="iris.instrument.researchArea">
                  <str>Learner silence</str>
               </arr>
               <arr name="iris.instrument.sourceLanguage">
                  <str>English</str>
                  <str>Japanese</str>
               </arr>
               <arr name="iris.instrument.title">
                  <str>Silence and Oral Participation Interview Guide (SOPIG)</str>
               </arr>
               <arr name="iris.instrument.typeOfFile">
                  <str>Text</str>
               </arr>
               <arr name="iris.participants.firstLanguage">
                  <str>Japanese</str>
               </arr>
               <arr name="iris.participants.gender">
                  <str>mixed</str>
               </arr>
               <arr name="iris.participants.participantType">
                  <str>Foreign language learners</str>
               </arr>
               <arr name="iris.participants.proficiencyLearner">
                  <str>Mixed</str>
               </arr>
               <arr name="iris.participants.targetLanguage">
                  <str>English</str>
               </arr>
               <arr name="iris.referenceid">
                  <str>2013_King_Silence in the second language classroom</str>
                  <str>in press_King_Fear of the true self: Social anxiety and the silent behaviour of Japanese learners of English</str>
               </arr>
               <str name="iris.references.allauthors">King (2013); King (in press)</str>
               <arr name="iris.references.author">
                  <str>King, Jim</str>
                  <str>King, Jim</str>
               </arr>
               <str name="iris.references.author.lastnames">kingking</str>
               <arr name="iris.references.author.noack">
                  <str>King, Jim</str>
                  <str>King, Jim</str>
               </arr>
               <arr name="iris.references.booktitle">
                  <str>Fear of the true self: Social anxiety and the silent behaviour of Japanese learners of English</str>
                  <str>The impact of self-concept on second language learning</str>
               </arr>
               <arr name="iris.references.editor">
                  <str>Csiz�r, Kata</str>
                  <str>Magid, Micheal</str>
               </arr>
               <arr name="iris.references.placeOfPublication">
                  <str>Basingstoke</str>
               </arr>
               <arr name="iris.references.publicationDate">
                  <str>2013</str>
                  <str>in press</str>
               </arr>
               <arr name="iris.references.publicationDateStr">
                  <str>2013</str>
                  <str>in press</str>
               </arr>
               <arr name="iris.references.publicationType">
                  <str>Book</str>
                  <str>Chapter</str>
               </arr>
               <arr name="iris.references.publisher">
                  <str>Palgrave Macmillan</str>
               </arr>
               <arr name="iris2.email">
                  <str>jk249@le.ac.uk</str>
               </arr>
               <arr name="iris2.feedback.count">
                  <str>0</str>
               </arr>
               <str name="iris2.hasmaterials">Records with materials</str>
               <arr name="iris2.instrument.author">
                  <str>King, Jim</str>
               </arr>
               <arr name="iris2.instrument.funder">
                  <str/>
               </arr>
               <arr name="iris2.instrument.instrumentType">
                  <str>Interview protocol / schedule</str>
               </arr>
               <str name="iris2.instrument.instrumentType.alltypes">interview protocol / schedule interview protocol / schedule interview schedule </str>
               <arr name="iris2.instrument.licence">
                  <str>Attribution-NonCommercial-ShareAlike</str>
               </arr>
               <str name="iris2.instrument.primaryInstrumentType">Interview protocol / schedule</str>
               <arr name="iris2.instrument.researchArea">
                  <str>Learner silence</str>
               </arr>
               <arr name="iris2.instrument.sourceLanguage">
                  <str>English</str>
                  <str>Japanese</str>
               </arr>
               <arr name="iris2.instrument.typeOfFile">
                  <str>Text</str>
               </arr>
               <arr name="iris2.participants.firstLanguage">
                  <str>Japanese</str>
               </arr>
               <arr name="iris2.participants.gender">
                  <str>mixed</str>
               </arr>
               <arr name="iris2.participants.participantType">
                  <str>Foreign language learners</str>
               </arr>
               <arr name="iris2.participants.proficiencyLearner">
                  <str>Mixed</str>
               </arr>
               <arr name="iris2.participants.targetLanguage">
                  <str>English</str>
               </arr>
               <arr name="iris2.referenceid">
                  <str>2013_King_Silence in the second language classroom</str>
                  <str>in press_King_Fear of the true self: Social anxiety and the silent behaviour of Japanese learners of English</str>
               </arr>
               <str name="iris2.references.allauthors">King (2013); King (in press)</str>
               <arr name="iris2.references.author">
                  <str>King, Jim</str>
                  <str>King, Jim</str>
               </arr>
               <str name="iris2.references.author.lastnames">kingking</str>
               <arr name="iris2.references.booktitle">
                  <str>Fear of the true self: Social anxiety and the silent behaviour of Japanese learners of English</str>
                  <str>The impact of self-concept on second language learning</str>
               </arr>
               <arr name="iris2.references.editor">
                  <str>Csiz�r, Kata</str>
                  <str>Magid, Micheal</str>
               </arr>
               <arr name="iris2.references.placeOfPublication">
                  <str>Basingstoke</str>
               </arr>
               <arr name="iris2.references.publicationDate">
                  <str>2013</str>
                  <str>in press</str>
               </arr>
               <arr name="iris2.references.publicationDateStr">
                  <str>2013</str>
                  <str>in press</str>
               </arr>
               <arr name="iris2.references.publicationLatestDate">
                  <str>2013</str>
               </arr>
               <arr name="iris2.references.publicationType">
                  <str>Book</str>
                  <str>Chapter</str>
               </arr>
               <arr name="iris2.references.publisher">
                  <str>Palgrave Macmillan</str>
               </arr>
               <arr name="oai_dc.dc_xsi:schemaLocation">
                  <str>http://www.openarchives.org/OAI/2.0/oai_dc/ http://www.openarchives.org/OAI/2.0/oai_dc.xsd</str>
               </arr>
            </doc>
         </result>
      </response>
   </solr>
   <files>
      <file id="INSTRUMENT" mime="application/pdf" url="https://www.iris-database.org/iris/api/resource/york:803873/asset/INSTRUMENT?download=true"/>
   </files>
</record>
