<?xml version="1.0" encoding="ISO-8859-1"?>

<record pid="york:823636">
   <solr>
      <response>
         <lst name="responseHeader">
            <int name="status">0</int>
            <int name="QTime">664</int>
            <lst name="params">
               <str name="q">PID:york?823636</str>
            </lst>
         </lst>
         <result name="response" numfound="1" start="0">
            <doc>
               <str name="PID">york:823636</str>
               <arr name="dc.creator">
                  <str>Toth, Paul D.</str>
                  <str>Guijarro-Fuentes, Pedro</str>
               </arr>
               <arr name="dc.date">
                  <str>2013</str>
               </arr>
               <arr name="dc.format">
                  <str>English</str>
               </arr>
               <arr name="dc.identifier">
                  <str>york:823636</str>
               </arr>
               <arr name="dc.type">
                  <str>Receptive grammar test</str>
                  <str>Grammaticality judgement sentences or acceptability judgement</str>
                  <str>http://www.iris-database.org/Instruments</str>
               </arr>
               <arr name="dc2.creator">
                  <str>Toth, Paul D.</str>
                  <str>Guijarro-Fuentes, Pedro</str>
               </arr>
               <arr name="dc2.date">
                  <str>2013</str>
               </arr>
               <arr name="dc2.format">
                  <str>English</str>
               </arr>
               <arr name="dc2.identifier">
                  <str>york:823636</str>
               </arr>
               <arr name="dc2.type">
                  <str>Receptive grammar test</str>
                  <str>Grammaticality judgement sentences or acceptability judgement</str>
                  <str>http://www.iris-database.org/Instruments</str>
               </arr>
               <arr name="dc3.creator">
                  <str>Toth, Paul D.</str>
                  <str>Guijarro-Fuentes, Pedro</str>
               </arr>
               <date name="fgs.createdDate">2014-09-20T23:55:59.245Z</date>
               <date name="fgs.dateCreated.sort">2014-09-20T23:55:59.245Z</date>
               <str name="fgs.label">IRIS Instrument created by YODL workflow.</str>
               <date name="fgs.lastModifiedDate">2017-09-06T23:15:59.132Z</date>
               <str name="fgs.ownerId">iris-95774ca7-03e1-4cd1-9cce-db3b59237b4a</str>
               <str name="fgs.state">Active</str>
               <arr name="iris.email">
                  <str>ptoth@temple.edu</str>
               </arr>
               <arr name="iris.feedback.count">
                  <str>0</str>
               </arr>
               <str name="iris.hasmaterials">Records with materials</str>
               <arr name="iris.instrument.author">
                  <str>Toth, Paul D.</str>
                  <str>Guijarro-Fuentes, Pedro</str>
               </arr>
               <arr name="iris.instrument.dataType">
                  <str>Closed response format</str>
                  <str>Judgements</str>
                  <str>Oral comprehension</str>
               </arr>
               <arr name="iris.instrument.dataType.alternate">
                  <str/>
                  <str/>
                  <str/>
               </arr>
               <arr name="iris.instrument.instrumentType">
                  <str>Grammar test / Morphosyntax test</str>
                  <str>Receptive</str>
                  <str>Grammaticality / Acceptability judgement test</str>
               </arr>
               <str name="iris.instrument.instrumentType.alltypes">receptive receptive grammar test  grammaticality / acceptability judgement test grammaticality / acceptability judgement test grammaticality judgement sentences,grammaticality judgement test,acceptability judgement test,gjt,grammaticality judgment test </str>
               <arr name="iris.instrument.licence">
                  <str>Attribution-NonCommercial-ShareAlike</str>
               </arr>
               <arr name="iris.instrument.linguisticTarget">
                  <str>Suffixes</str>
                  <str>Pronouns</str>
                  <str>Semantics</str>
                  <str>Syntax</str>
               </arr>
               <str name="iris.instrument.primaryInstrumentType">Grammaticality / Acceptability judgement test</str>
               <arr name="iris.instrument.researchArea">
                  <str>Acquisition</str>
                  <str>Effectiveness of teaching</str>
                  <str>Interaction</str>
                  <str>Morphosyntax (grammar)</str>
                  <str>Writing</str>
                  <str>Teaching methods (style, approach, technique)</str>
               </arr>
               <arr name="iris.instrument.secondaryInstrumentType">
                  <str>Grammar test / Morphosyntax test &gt; Receptive</str>
               </arr>
               <arr name="iris.instrument.sourceLanguage">
                  <str>English</str>
               </arr>
               <arr name="iris.instrument.typeOfFile">
                  <str>Text</str>
                  <str>Still Image</str>
               </arr>
               <arr name="iris.participants.domainOfUse">
                  <str>Academic</str>
                  <str>School - language instruction only</str>
               </arr>
               <arr name="iris.participants.firstLanguage">
                  <str>English</str>
               </arr>
               <arr name="iris.participants.gender">
                  <str>mixed</str>
               </arr>
               <arr name="iris.participants.participantType">
                  <str>Foreign language learners</str>
                  <str>Adolescent learners</str>
                  <str>Native speakers</str>
               </arr>
               <arr name="iris.participants.proficiencyLearner">
                  <str>Intermediate</str>
               </arr>
               <arr name="iris.participants.targetLanguage">
                  <str>Spanish</str>
               </arr>
               <arr name="iris.referenceid">
                  <str>2013_Toth_Guijarro-Fuentes_The impact of instruction on second-language implicit knowledge: Evidence against encapsulation</str>
               </arr>
               <str name="iris.references.allauthors">Toth &amp; Guijarro-Fuentes (2013)</str>
               <arr name="iris.references.author">
                  <str>Toth, Paul D.</str>
                  <str>Guijarro-Fuentes, Pedro</str>
               </arr>
               <str name="iris.references.author.lastnames">tothguijarro-fuentes</str>
               <arr name="iris.references.author.noack">
                  <str>Toth, Paul D.</str>
                  <str>Guijarro-Fuentes, Pedro</str>
               </arr>
               <arr name="iris.references.journal">
                  <str>Applied Psycholinguistics</str>
               </arr>
               <arr name="iris.references.publicationDate">
                  <str>2013</str>
               </arr>
               <arr name="iris.references.publicationDateStr">
                  <str>2013</str>
               </arr>
               <arr name="iris.references.publicationType">
                  <str>Journal Article</str>
               </arr>
               <arr name="iris2.email">
                  <str>ptoth@temple.edu</str>
               </arr>
               <arr name="iris2.feedback.count">
                  <str>0</str>
               </arr>
               <str name="iris2.hasmaterials">Records with materials</str>
               <arr name="iris2.instrument.author">
                  <str>Toth, Paul D.</str>
                  <str>Guijarro-Fuentes, Pedro</str>
               </arr>
               <arr name="iris2.instrument.dataType">
                  <str>Closed response format</str>
                  <str>Judgements</str>
                  <str>Oral comprehension</str>
               </arr>
               <arr name="iris2.instrument.instrumentType">
                  <str>Grammar test / Morphosyntax test</str>
                  <str>Receptive</str>
                  <str>Grammaticality / Acceptability judgement test</str>
               </arr>
               <str name="iris2.instrument.instrumentType.alltypes">receptive receptive grammar test  grammaticality / acceptability judgement test grammaticality / acceptability judgement test grammaticality judgement sentences,grammaticality judgement test,acceptability judgement test,gjt,grammaticality judgment test </str>
               <arr name="iris2.instrument.licence">
                  <str>Attribution-NonCommercial-ShareAlike</str>
               </arr>
               <arr name="iris2.instrument.linguisticTarget">
                  <str>Suffixes</str>
                  <str>Pronouns</str>
                  <str>Semantics</str>
                  <str>Syntax</str>
               </arr>
               <str name="iris2.instrument.primaryInstrumentType">Grammaticality / Acceptability judgement test</str>
               <arr name="iris2.instrument.researchArea">
                  <str>Acquisition</str>
                  <str>Effectiveness of teaching</str>
                  <str>Interaction</str>
                  <str>Morphosyntax (grammar)</str>
                  <str>Writing</str>
                  <str>Teaching methods (style, approach, technique)</str>
               </arr>
               <arr name="iris2.instrument.secondaryInstrumentType">
                  <str>Grammar test / Morphosyntax test &gt; Receptive</str>
               </arr>
               <arr name="iris2.instrument.sourceLanguage">
                  <str>English</str>
               </arr>
               <arr name="iris2.instrument.typeOfFile">
                  <str>Text</str>
                  <str>Still Image</str>
               </arr>
               <arr name="iris2.participants.domainOfUse">
                  <str>Academic</str>
                  <str>School - language instruction only</str>
               </arr>
               <arr name="iris2.participants.firstLanguage">
                  <str>English</str>
               </arr>
               <arr name="iris2.participants.gender">
                  <str>mixed</str>
               </arr>
               <arr name="iris2.participants.participantType">
                  <str>Foreign language learners</str>
                  <str>Adolescent learners</str>
                  <str>Native speakers</str>
               </arr>
               <arr name="iris2.participants.proficiencyLearner">
                  <str>Intermediate</str>
               </arr>
               <arr name="iris2.participants.targetLanguage">
                  <str>Spanish</str>
               </arr>
               <arr name="iris2.referenceid">
                  <str>2013_Toth_Guijarro-Fuentes_The impact of instruction on second-language implicit knowledge: Evidence against encapsulation</str>
               </arr>
               <str name="iris2.references.allauthors">Toth &amp; Guijarro-Fuentes (2013)</str>
               <arr name="iris2.references.author">
                  <str>Toth, Paul D.</str>
                  <str>Guijarro-Fuentes, Pedro</str>
               </arr>
               <str name="iris2.references.author.lastnames">tothguijarro-fuentes</str>
               <arr name="iris2.references.journal">
                  <str>Applied Psycholinguistics</str>
               </arr>
               <arr name="iris2.references.publicationDate">
                  <str>2013</str>
               </arr>
               <arr name="iris2.references.publicationDateStr">
                  <str>2013</str>
               </arr>
               <arr name="iris2.references.publicationLatestDate">
                  <str>2013</str>
               </arr>
               <arr name="iris2.references.publicationType">
                  <str>Journal Article</str>
               </arr>
               <arr name="oai_dc.dc_xsi:schemaLocation">
                  <str>http://www.openarchives.org/OAI/2.0/oai_dc/ http://www.openarchives.org/OAI/2.0/oai_dc.xsd</str>
                  <str>http://www.openarchives.org/OAI/2.0/oai_dc/ http://www.openarchives.org/OAI/2.0/oai_dc.xsd</str>
                  <str>http://www.openarchives.org/OAI/2.0/oai_dc/ http://www.openarchives.org/OAI/2.0/oai_dc.xsd</str>
                  <str>http://www.openarchives.org/OAI/2.0/oai_dc/ http://www.openarchives.org/OAI/2.0/oai_dc.xsd</str>
               </arr>
            </doc>
         </result>
      </response>
   </solr>
   <files>
      <file id="INSTRUMENT" mime="application/msword" url="https://www.iris-database.org/iris/api/resource/york:823636/asset/INSTRUMENT?download=true"/>
      <file id="INSTRUMENT1" mime="application/msword" url="https://www.iris-database.org/iris/api/resource/york:823636/asset/INSTRUMENT1?download=true"/>
      <file id="INSTRUMENT2" mime="application/msword" url="https://www.iris-database.org/iris/api/resource/york:823636/asset/INSTRUMENT2?download=true"/>
      <file id="INSTRUMENT3" mime="application/msword" url="https://www.iris-database.org/iris/api/resource/york:823636/asset/INSTRUMENT3?download=true"/>
      <file id="INSTRUMENT5" mime="application/msword" url="https://www.iris-database.org/iris/api/resource/york:823636/asset/INSTRUMENT5?download=true"/>
      <file id="INSTRUMENT8" mime="application/msword" url="https://www.iris-database.org/iris/api/resource/york:823636/asset/INSTRUMENT8?download=true"/>
   </files>
</record>
