<?xml version="1.0" encoding="ISO-8859-1"?>

<record pid="york:809425">
   <solr>
      <response>
         <lst name="responseHeader">
            <int name="status">0</int>
            <int name="QTime">495</int>
            <lst name="params">
               <str name="q">PID:york?809425</str>
            </lst>
         </lst>
         <result name="response" numfound="1" start="0">
            <doc>
               <str name="PID">york:809425</str>
               <arr name="dc.creator">
                  <str>Loewen, Shawn</str>
               </arr>
               <arr name="dc.date">
                  <str>2009</str>
               </arr>
               <arr name="dc.identifier">
                  <str>york:809425</str>
               </arr>
               <arr name="dc.subject">
                  <str>Teaching methods (style, approach, technique)</str>
               </arr>
               <arr name="dc.type">
                  <str>Attitude questionnaire</str>
                  <str>http://www.iris-database.org/Instruments</str>
               </arr>
               <arr name="dc2.creator">
                  <str>Loewen, Shawn</str>
               </arr>
               <arr name="dc2.date">
                  <str>2009</str>
               </arr>
               <arr name="dc2.identifier">
                  <str>york:809425</str>
               </arr>
               <arr name="dc2.subject">
                  <str>Teaching methods (style, approach, technique)</str>
               </arr>
               <arr name="dc2.type">
                  <str>Attitude questionnaire</str>
                  <str>http://www.iris-database.org/Instruments</str>
               </arr>
               <arr name="dc3.creator">
                  <str>Loewen, Shawn</str>
               </arr>
               <arr name="dc3.subject">
                  <str>Teaching methods (style, approach, technique)</str>
               </arr>
               <date name="fgs.createdDate">2013-04-22T19:32:46.554Z</date>
               <date name="fgs.dateCreated.sort">2013-04-22T19:32:46.554Z</date>
               <str name="fgs.label">IRIS Instrument created by YODL workflow.</str>
               <date name="fgs.lastModifiedDate">2017-09-04T16:11:31.353Z</date>
               <str name="fgs.ownerId">iris-f06c3ce9-d113-47a9-9ce2-bb5627f12470</str>
               <str name="fgs.state">Active</str>
               <arr name="iris.email">
                  <str>loewens@msu.edu</str>
               </arr>
               <arr name="iris.feedback.count">
                  <str>0</str>
               </arr>
               <str name="iris.hasmaterials">Records with materials</str>
               <arr name="iris.instrument.author">
                  <str>Loewen, Shawn</str>
               </arr>
               <arr name="iris.instrument.dataType">
                  <str>Closed response format</str>
               </arr>
               <arr name="iris.instrument.dataType.alternate">
                  <str/>
               </arr>
               <arr name="iris.instrument.instrumentType">
                  <str>Questionnaire</str>
                  <str>Attitude questionnaire</str>
               </arr>
               <str name="iris.instrument.instrumentType.alltypes">attitude questionnaire attitude questionnaire  </str>
               <arr name="iris.instrument.licence">
                  <str>Attribution-NonCommercial-ShareAlike</str>
               </arr>
               <str name="iris.instrument.primaryInstrumentType">Questionnaire &gt; Attitude questionnaire</str>
               <arr name="iris.instrument.researchArea">
                  <str>Teaching methods (style, approach, technique)</str>
               </arr>
               <arr name="iris.instrument.typeOfFile">
                  <str>Text</str>
               </arr>
               <arr name="iris.participants.participantType">
                  <str>Foreign language learners</str>
                  <str>Second language learners</str>
               </arr>
               <arr name="iris.referenceid">
                  <str>2009_Loewen_Li_Fei_Thompson_Nakatsukasa_Chen_Second language learners' beliefs about grammar instruction and error correction</str>
               </arr>
               <str name="iris.references.allauthors">Loewen, Li, et al. (2009)</str>
               <arr name="iris.references.author">
                  <str>Loewen, Shawn</str>
                  <str>Li, S</str>
                  <str>Fei, F</str>
                  <str>Thompson, A</str>
                  <str>Nakatsukasa, K</str>
                  <str>Chen, X</str>
               </arr>
               <str name="iris.references.author.lastnames">loewenlifeithompsonnakatsukasachen</str>
               <arr name="iris.references.author.noack">
                  <str>Loewen, Shawn</str>
                  <str>Li, S</str>
                  <str>Fei, F</str>
                  <str>Thompson, A</str>
                  <str>Nakatsukasa, K</str>
                  <str>Chen, X</str>
               </arr>
               <arr name="iris.references.journal">
                  <str>The Modern Language Journal</str>
               </arr>
               <arr name="iris.references.publicationDate">
                  <str>2009</str>
               </arr>
               <arr name="iris.references.publicationDateStr">
                  <str>2009</str>
               </arr>
               <arr name="iris.references.publicationType">
                  <str>Journal Article</str>
               </arr>
               <arr name="iris2.email">
                  <str>loewens@msu.edu</str>
               </arr>
               <arr name="iris2.feedback.count">
                  <str>0</str>
               </arr>
               <str name="iris2.hasmaterials">Records with materials</str>
               <arr name="iris2.instrument.author">
                  <str>Loewen, Shawn</str>
               </arr>
               <arr name="iris2.instrument.dataType">
                  <str>Closed response format</str>
               </arr>
               <arr name="iris2.instrument.instrumentType">
                  <str>Questionnaire</str>
                  <str>Attitude questionnaire</str>
               </arr>
               <str name="iris2.instrument.instrumentType.alltypes">attitude questionnaire attitude questionnaire  </str>
               <arr name="iris2.instrument.licence">
                  <str>Attribution-NonCommercial-ShareAlike</str>
               </arr>
               <str name="iris2.instrument.primaryInstrumentType">Questionnaire &gt; Attitude questionnaire</str>
               <arr name="iris2.instrument.researchArea">
                  <str>Teaching methods (style, approach, technique)</str>
               </arr>
               <arr name="iris2.instrument.typeOfFile">
                  <str>Text</str>
               </arr>
               <arr name="iris2.participants.participantType">
                  <str>Foreign language learners</str>
                  <str>Second language learners</str>
               </arr>
               <arr name="iris2.referenceid">
                  <str>2009_Loewen_Li_Fei_Thompson_Nakatsukasa_Chen_Second language learners' beliefs about grammar instruction and error correction</str>
               </arr>
               <str name="iris2.references.allauthors">Loewen, Li, et al. (2009)</str>
               <arr name="iris2.references.author">
                  <str>Loewen, Shawn</str>
                  <str>Li, S</str>
                  <str>Fei, F</str>
                  <str>Thompson, A</str>
                  <str>Nakatsukasa, K</str>
                  <str>Chen, X</str>
               </arr>
               <str name="iris2.references.author.lastnames">loewenlifeithompsonnakatsukasachen</str>
               <arr name="iris2.references.journal">
                  <str>The Modern Language Journal</str>
               </arr>
               <arr name="iris2.references.publicationDate">
                  <str>2009</str>
               </arr>
               <arr name="iris2.references.publicationDateStr">
                  <str>2009</str>
               </arr>
               <arr name="iris2.references.publicationLatestDate">
                  <str>2009</str>
               </arr>
               <arr name="iris2.references.publicationType">
                  <str>Journal Article</str>
               </arr>
               <arr name="oai_dc.dc_xsi:schemaLocation">
                  <str>http://www.openarchives.org/OAI/2.0/oai_dc/ http://www.openarchives.org/OAI/2.0/oai_dc.xsd</str>
                  <str>http://www.openarchives.org/OAI/2.0/oai_dc/ http://www.openarchives.org/OAI/2.0/oai_dc.xsd</str>
               </arr>
            </doc>
         </result>
      </response>
   </solr>
   <files>
      <file id="INSTRUMENT" mime="application/msword" url="https://www.iris-database.org/iris/api/resource/york:809425/asset/INSTRUMENT?download=true"/>
   </files>
</record>
