<?xml version="1.0" encoding="ISO-8859-1"?>

<record pid="york:848148">
   <solr>
      <response>
         <lst name="responseHeader">
            <int name="status">0</int>
            <int name="QTime">503</int>
            <lst name="params">
               <str name="q">PID:york?848148</str>
            </lst>
         </lst>
         <result name="response" numfound="1" start="0">
            <doc>
               <str name="PID">york:848148</str>
               <arr name="dc.creator">
                  <str>Cheung, Yin Ling</str>
                  <str>Braine, George</str>
               </arr>
               <arr name="dc.date">
                  <str>2007</str>
               </arr>
               <arr name="dc.identifier">
                  <str>york:848148</str>
               </arr>
               <arr name="dc.type">
                  <str>Attitude questionnaire</str>
                  <str>Learning style questionnaire</str>
                  <str>http://www.iris-database.org/Instruments</str>
               </arr>
               <arr name="dc2.creator">
                  <str>Cheung, Yin Ling</str>
                  <str>Braine, George</str>
               </arr>
               <arr name="dc2.date">
                  <str>2007</str>
               </arr>
               <arr name="dc2.identifier">
                  <str>york:848148</str>
               </arr>
               <arr name="dc2.type">
                  <str>Attitude questionnaire</str>
                  <str>Learning style questionnaire</str>
                  <str>http://www.iris-database.org/Instruments</str>
               </arr>
               <arr name="dc3.creator">
                  <str>Cheung, Yin Ling</str>
                  <str>Braine, George</str>
               </arr>
               <date name="fgs.createdDate">2015-02-12T13:58:25.167Z</date>
               <date name="fgs.dateCreated.sort">2015-02-12T13:58:25.167Z</date>
               <str name="fgs.label">IRIS Instrument created by YODL workflow.</str>
               <date name="fgs.lastModifiedDate">2017-11-04T17:34:36.325Z</date>
               <str name="fgs.ownerId">iris-580a9f0f-ed9e-4f5f-be7e-877243bddfd0</str>
               <str name="fgs.state">Active</str>
               <arr name="iris.email">
                  <str>yinling.cheung@nie.edu.sg</str>
               </arr>
               <arr name="iris.feedback.count">
                  <str>0</str>
               </arr>
               <str name="iris.hasmaterials">Records with materials</str>
               <arr name="iris.instrument.author">
                  <str>Cheung, Yin Ling</str>
                  <str>Braine, George</str>
               </arr>
               <arr name="iris.instrument.instrumentType">
                  <str>Questionnaire</str>
                  <str>Attitude questionnaire</str>
                  <str>Questionnaire</str>
                  <str>Learning style questionnaire</str>
               </arr>
               <str name="iris.instrument.instrumentType.alltypes">attitude questionnaire attitude questionnaire  learning style questionnaire learning style questionnaire learner style questionnaire </str>
               <arr name="iris.instrument.licence">
                  <str>Attribution-NonCommercial-ShareAlike</str>
               </arr>
               <str name="iris.instrument.primaryInstrumentType">Questionnaire &gt; Attitude questionnaire</str>
               <arr name="iris.instrument.researchArea">
                  <str>Learner attitudes</str>
                  <str>Teaching methods (style, approach, technique)</str>
               </arr>
               <arr name="iris.instrument.secondaryInstrumentType">
                  <str>Questionnaire &gt; Learning style questionnaire</str>
               </arr>
               <arr name="iris.instrument.typeOfFile">
                  <str>Text</str>
               </arr>
               <arr name="iris.participants.participantType">
                  <str>Foreign language learners</str>
                  <str/>
               </arr>
               <arr name="iris.participants.targetLanguage">
                  <str>English</str>
               </arr>
               <arr name="iris.referenceid">
                  <str>2007_Cheung_Braine_The attitudes of university students towards non-native speakers English teachers in Hong Kong</str>
               </arr>
               <str name="iris.references.allauthors">Cheung &amp; Braine (2007)</str>
               <arr name="iris.references.author">
                  <str>Cheung, Yin Ling</str>
                  <str>Braine, George</str>
               </arr>
               <str name="iris.references.author.lastnames">cheungbraine</str>
               <arr name="iris.references.author.noack">
                  <str>Cheung, Yin Ling</str>
                  <str>Braine, George</str>
               </arr>
               <arr name="iris.references.journal">
                  <str>Regional Language Centre Journal</str>
               </arr>
               <arr name="iris.references.publicationDate">
                  <str>2007</str>
               </arr>
               <arr name="iris.references.publicationDateStr">
                  <str>2007</str>
               </arr>
               <arr name="iris.references.publicationType">
                  <str>Journal Article</str>
               </arr>
               <arr name="iris2.email">
                  <str>yinling.cheung@nie.edu.sg</str>
               </arr>
               <arr name="iris2.feedback.count">
                  <str>0</str>
               </arr>
               <str name="iris2.hasmaterials">Records with materials</str>
               <arr name="iris2.instrument.author">
                  <str>Cheung, Yin Ling</str>
                  <str>Braine, George</str>
               </arr>
               <arr name="iris2.instrument.instrumentType">
                  <str>Questionnaire</str>
                  <str>Attitude questionnaire</str>
                  <str>Questionnaire</str>
                  <str>Learning style questionnaire</str>
               </arr>
               <str name="iris2.instrument.instrumentType.alltypes">attitude questionnaire attitude questionnaire  learning style questionnaire learning style questionnaire learner style questionnaire </str>
               <arr name="iris2.instrument.licence">
                  <str>Attribution-NonCommercial-ShareAlike</str>
               </arr>
               <str name="iris2.instrument.primaryInstrumentType">Questionnaire &gt; Attitude questionnaire</str>
               <arr name="iris2.instrument.researchArea">
                  <str>Learner attitudes</str>
                  <str>Teaching methods (style, approach, technique)</str>
               </arr>
               <arr name="iris2.instrument.secondaryInstrumentType">
                  <str>Questionnaire &gt; Learning style questionnaire</str>
               </arr>
               <arr name="iris2.instrument.typeOfFile">
                  <str>Text</str>
               </arr>
               <arr name="iris2.participants.participantType">
                  <str>Foreign language learners</str>
                  <str/>
               </arr>
               <arr name="iris2.participants.targetLanguage">
                  <str>English</str>
               </arr>
               <arr name="iris2.referenceid">
                  <str>2007_Cheung_Braine_The attitudes of university students towards non-native speakers English teachers in Hong Kong</str>
               </arr>
               <str name="iris2.references.allauthors">Cheung &amp; Braine (2007)</str>
               <arr name="iris2.references.author">
                  <str>Cheung, Yin Ling</str>
                  <str>Braine, George</str>
               </arr>
               <str name="iris2.references.author.lastnames">cheungbraine</str>
               <arr name="iris2.references.journal">
                  <str>Regional Language Centre Journal</str>
               </arr>
               <arr name="iris2.references.publicationDate">
                  <str>2007</str>
               </arr>
               <arr name="iris2.references.publicationDateStr">
                  <str>2007</str>
               </arr>
               <arr name="iris2.references.publicationLatestDate">
                  <str>2007</str>
               </arr>
               <arr name="iris2.references.publicationType">
                  <str>Journal Article</str>
               </arr>
               <arr name="oai_dc.dc_xsi:schemaLocation">
                  <str>http://www.openarchives.org/OAI/2.0/oai_dc/ http://www.openarchives.org/OAI/2.0/oai_dc.xsd</str>
                  <str>http://www.openarchives.org/OAI/2.0/oai_dc/ http://www.openarchives.org/OAI/2.0/oai_dc.xsd</str>
               </arr>
            </doc>
         </result>
      </response>
   </solr>
   <files>
      <file id="INSTRUMENT" mime="application/vnd.openxmlformats-officedocument.wordprocessingml.document" url="https://www.iris-database.org/iris/api/resource/york:848148/asset/INSTRUMENT?download=true"/>
   </files>
</record>
