<?xml version="1.0" encoding="ISO-8859-1"?>

<record pid="york:808186">
   <solr>
      <response>
         <lst name="responseHeader">
            <int name="status">0</int>
            <int name="QTime">723</int>
            <lst name="params">
               <str name="q">PID:york?808186</str>
            </lst>
         </lst>
         <result name="response" numfound="1" start="0">
            <doc>
               <str name="PID">york:808186</str>
               <arr name="dc.creator">
                  <str>Tracy-Ventura, Nicole</str>
               </arr>
               <arr name="dc.date">
                  <str>1995</str>
                  <str>2002</str>
               </arr>
               <arr name="dc.description">
                  <str>See additional document for information about piloting and reliability.</str>
               </arr>
               <arr name="dc.format">
                  <str>Spanish</str>
               </arr>
               <arr name="dc.subject">
                  <str>Morphosyntax (grammar)</str>
               </arr>
               <arr name="dc.type">
                  <str>Gap-fill ('fill-in-the-blank'/cloze) task</str>
                  <str>http://www.iris-database.org/Instruments</str>
               </arr>
               <arr name="dc2.creator">
                  <str>Tracy-Ventura, Nicole</str>
               </arr>
               <arr name="dc2.date">
                  <str>1995</str>
                  <str>2002</str>
               </arr>
               <arr name="dc2.description">
                  <str>See additional document for information about piloting and reliability.</str>
               </arr>
               <arr name="dc2.format">
                  <str>Spanish</str>
               </arr>
               <arr name="dc2.subject">
                  <str>Morphosyntax (grammar)</str>
               </arr>
               <arr name="dc2.type">
                  <str>Gap-fill ('fill-in-the-blank'/cloze) task</str>
                  <str>http://www.iris-database.org/Instruments</str>
               </arr>
               <arr name="dc3.creator">
                  <str>Tracy-Ventura, Nicole</str>
               </arr>
               <arr name="dc3.subject">
                  <str>Morphosyntax (grammar)</str>
               </arr>
               <date name="fgs.createdDate">2013-01-22T12:57:37.528Z</date>
               <date name="fgs.dateCreated.sort">2013-01-22T12:57:37.528Z</date>
               <str name="fgs.label">IRIS Instrument created by YODL workflow.</str>
               <date name="fgs.lastModifiedDate">2017-10-22T00:54:54.179Z</date>
               <str name="fgs.ownerId">iris-f7a74a7f-0479-48ad-ad6b-797ec17941f0</str>
               <str name="fgs.state">Active</str>
               <arr name="iris.email">
                  <str>nicole.tracy.ventura@gmail.com</str>
               </arr>
               <arr name="iris.feedback.count">
                  <str>0</str>
               </arr>
               <str name="iris.hasmaterials">Records with materials</str>
               <arr name="iris.instrument.author">
                  <str>Tracy-Ventura, Nicole</str>
               </arr>
               <arr name="iris.instrument.instrumentType">
                  <str>Gap-fill / Cloze test / Fill in the blank</str>
               </arr>
               <str name="iris.instrument.instrumentType.alltypes">gap-fill / cloze test / fill in the blank gap-fill / cloze test / fill in the blank fill in the blank, cloze,gap fill </str>
               <arr name="iris.instrument.licence">
                  <str>Attribution-NonCommercial-ShareAlike</str>
               </arr>
               <arr name="iris.instrument.linguisticTarget">
                  <str>Aspect</str>
                  <str>Tense</str>
               </arr>
               <str name="iris.instrument.notes">See additional document for information about piloting and reliability.</str>
               <str name="iris.instrument.primaryInstrumentType">Gap-fill / Cloze test / Fill in the blank</str>
               <arr name="iris.instrument.researchArea">
                  <str>Morphosyntax (grammar)</str>
               </arr>
               <arr name="iris.instrument.sourceLanguage">
                  <str>Spanish</str>
               </arr>
               <arr name="iris.instrument.typeOfFile">
                  <str>Text</str>
               </arr>
               <arr name="iris.participants.firstLanguage">
                  <str>English</str>
               </arr>
               <arr name="iris.participants.gender">
                  <str>mixed</str>
               </arr>
               <arr name="iris.participants.participantType">
                  <str>Foreign language learners</str>
               </arr>
               <arr name="iris.participants.proficiencyLearner">
                  <str>Pre-intermediate</str>
               </arr>
               <arr name="iris.participants.targetLanguage">
                  <str>Spanish</str>
               </arr>
               <arr name="iris.referenceid">
                  <str>1995_Bardovi-Harlig_Reynolds_The role of lexical aspect in the acquisition of tense and aspect</str>
                  <str>2002_Collins_The roles of L1 influence and lexical aspect in the acquisition of temporal morphology</str>
                  <str>Tracy-Ventura_Developmental readiness and tense/aspect: An instructional study of L2 preterite and imperfect acquisition in Spanish</str>
               </arr>
               <str name="iris.references.allauthors">Tracy-Ventura (2008)</str>
               <arr name="iris.references.author">
                  <str>Bardovi-Harlig, K</str>
                  <str>Reynolds, D</str>
                  <str>Collins, L</str>
                  <str>Tracy-Ventura, Nicole</str>
               </arr>
               <str name="iris.references.author.lastnames">bardovi-harligreynoldscollinstracy-ventura</str>
               <arr name="iris.references.author.noack">
                  <str>Tracy-Ventura, Nicole</str>
               </arr>
               <arr name="iris.references.publicationDate">
                  <str>1995</str>
                  <str>2002</str>
                  <str>2008</str>
               </arr>
               <arr name="iris.references.publicationDateStr">
                  <str>1995</str>
                  <str>2002</str>
                  <str>2008</str>
               </arr>
               <arr name="iris.references.publicationType">
                  <str>Journal Article</str>
                  <str>Journal Article</str>
                  <str>Thesis</str>
               </arr>
               <arr name="iris2.email">
                  <str>nicole.tracy.ventura@gmail.com</str>
               </arr>
               <arr name="iris2.feedback.count">
                  <str>0</str>
               </arr>
               <str name="iris2.hasmaterials">Records with materials</str>
               <arr name="iris2.instrument.author">
                  <str>Tracy-Ventura, Nicole</str>
               </arr>
               <arr name="iris2.instrument.instrumentType">
                  <str>Gap-fill / Cloze test / Fill in the blank</str>
               </arr>
               <str name="iris2.instrument.instrumentType.alltypes">gap-fill / cloze test / fill in the blank gap-fill / cloze test / fill in the blank fill in the blank, cloze,gap fill </str>
               <arr name="iris2.instrument.licence">
                  <str>Attribution-NonCommercial-ShareAlike</str>
               </arr>
               <arr name="iris2.instrument.linguisticTarget">
                  <str>Aspect</str>
                  <str>Tense</str>
               </arr>
               <str name="iris2.instrument.primaryInstrumentType">Gap-fill / Cloze test / Fill in the blank</str>
               <arr name="iris2.instrument.researchArea">
                  <str>Morphosyntax (grammar)</str>
               </arr>
               <arr name="iris2.instrument.sourceLanguage">
                  <str>Spanish</str>
               </arr>
               <arr name="iris2.instrument.typeOfFile">
                  <str>Text</str>
               </arr>
               <arr name="iris2.participants.firstLanguage">
                  <str>English</str>
               </arr>
               <arr name="iris2.participants.gender">
                  <str>mixed</str>
               </arr>
               <arr name="iris2.participants.participantType">
                  <str>Foreign language learners</str>
               </arr>
               <arr name="iris2.participants.proficiencyLearner">
                  <str>Pre-intermediate</str>
               </arr>
               <arr name="iris2.participants.targetLanguage">
                  <str>Spanish</str>
               </arr>
               <arr name="iris2.referenceid">
                  <str>1995_Bardovi-Harlig_Reynolds_The role of lexical aspect in the acquisition of tense and aspect</str>
                  <str>2002_Collins_The roles of L1 influence and lexical aspect in the acquisition of temporal morphology</str>
                  <str>Tracy-Ventura_Developmental readiness and tense/aspect: An instructional study of L2 preterite and imperfect acquisition in Spanish</str>
               </arr>
               <str name="iris2.references.allauthors">Tracy-Ventura (2008)</str>
               <arr name="iris2.references.author">
                  <str>Bardovi-Harlig, K</str>
                  <str>Reynolds, D</str>
                  <str>Collins, L</str>
                  <str>Tracy-Ventura, Nicole</str>
               </arr>
               <str name="iris2.references.author.lastnames">bardovi-harligreynoldscollinstracy-ventura</str>
               <arr name="iris2.references.publicationDate">
                  <str>1995</str>
                  <str>2002</str>
                  <str>2008</str>
               </arr>
               <arr name="iris2.references.publicationDateStr">
                  <str>1995</str>
                  <str>2002</str>
                  <str>2008</str>
               </arr>
               <arr name="iris2.references.publicationLatestDate">
                  <str/>
               </arr>
               <arr name="iris2.references.publicationType">
                  <str>Journal Article</str>
                  <str>Journal Article</str>
                  <str>Thesis</str>
               </arr>
               <arr name="oai_dc.dc_xsi:schemaLocation">
                  <str>http://www.openarchives.org/OAI/2.0/oai_dc/ http://www.openarchives.org/OAI/2.0/oai_dc.xsd</str>
               </arr>
            </doc>
         </result>
      </response>
   </solr>
   <files>
      <file id="INSTRUMENT" mime="application/vnd.openxmlformats-officedocument.wordprocessingml.document" url="https://www.iris-database.org/iris/api/resource/york:808186/asset/INSTRUMENT?download=true"/>
      <file id="INSTRUMENT1" mime="application/vnd.openxmlformats-officedocument.wordprocessingml.document" url="https://www.iris-database.org/iris/api/resource/york:808186/asset/INSTRUMENT1?download=true"/>
   </files>
</record>
