<?xml version="1.0" encoding="ISO-8859-1"?>

<record pid="york:808757">
   <solr>
      <response>
         <lst name="responseHeader">
            <int name="status">0</int>
            <int name="QTime">623</int>
            <lst name="params">
               <str name="q">PID:york?808757</str>
            </lst>
         </lst>
         <result name="response" numfound="1" start="0">
            <doc>
               <str name="PID">york:808757</str>
               <arr name="dc.creator">
                  <str>Morgan-Short, Kara</str>
                  <str>Bowden, Harriet Wood</str>
               </arr>
               <arr name="dc.date">
                  <str>2006</str>
                  <str>1993</str>
                  <str>1993</str>
               </arr>
               <arr name="dc.format">
                  <str>Spanish</str>
               </arr>
               <arr name="dc.identifier">
                  <str>york:808757</str>
               </arr>
               <arr name="dc.type">
                  <str>Instructional material / Intervention activities / Teaching activities</str>
                  <str>http://www.iris-database.org/Instruments</str>
               </arr>
               <arr name="dc2.creator">
                  <str>Morgan-Short, Kara</str>
                  <str>Bowden, Harriet Wood</str>
               </arr>
               <arr name="dc2.date">
                  <str>2006</str>
                  <str>1993</str>
                  <str>1993</str>
               </arr>
               <arr name="dc2.format">
                  <str>Spanish</str>
               </arr>
               <arr name="dc2.identifier">
                  <str>york:808757</str>
               </arr>
               <arr name="dc2.type">
                  <str>Instructional material / Intervention activities / Teaching activities</str>
                  <str>http://www.iris-database.org/Instruments</str>
               </arr>
               <arr name="dc3.creator">
                  <str>Morgan-Short, Kara</str>
                  <str>Bowden, Harriet Wood</str>
               </arr>
               <date name="fgs.createdDate">2013-03-06T04:06:06.593Z</date>
               <date name="fgs.dateCreated.sort">2013-03-06T04:06:06.593Z</date>
               <str name="fgs.label">IRIS Instrument created by YODL workflow.</str>
               <date name="fgs.lastModifiedDate">2017-09-08T13:06:38.213Z</date>
               <str name="fgs.ownerId">iris-7e4f954f-d10d-46ec-9cd9-c2242778ba84</str>
               <str name="fgs.state">Active</str>
               <arr name="iris.email">
                  <str>karams@uic.edu</str>
               </arr>
               <arr name="iris.feedback.count">
                  <str>0</str>
               </arr>
               <str name="iris.hasmaterials">Records with materials</str>
               <arr name="iris.instrument.author">
                  <str>Morgan-Short, Kara</str>
                  <str>Bowden, Harriet Wood</str>
               </arr>
               <arr name="iris.instrument.instrumentType">
                  <str>Instructional / Intervention / Teaching / Training materials</str>
               </arr>
               <str name="iris.instrument.instrumentType.alltypes">instructional / intervention / teaching / training materials instructional / intervention / teaching / training materials intervention materials,experimental teaching,experimental tasks,training tasks,intervention tasks </str>
               <arr name="iris.instrument.licence">
                  <str>Attribution-NonCommercial-ShareAlike</str>
               </arr>
               <str name="iris.instrument.primaryInstrumentType">Instructional / Intervention / Teaching / Training materials</str>
               <arr name="iris.instrument.researchArea">
                  <str>Processing instruction</str>
               </arr>
               <arr name="iris.instrument.sourceLanguage">
                  <str>Spanish</str>
               </arr>
               <arr name="iris.instrument.typeOfFile">
                  <str>Still Image</str>
               </arr>
               <arr name="iris.participants.firstLanguage">
                  <str>English</str>
               </arr>
               <arr name="iris.participants.participantType">
                  <str>Second language learners</str>
               </arr>
               <arr name="iris.participants.targetLanguage">
                  <str>Spanish</str>
               </arr>
               <arr name="iris.referenceid">
                  <str>Cadierno_Explicit instruction in grammar: A comparison of input based and output based instruction in second language acquisition.</str>
                  <str>2006_Morgan-Short_Bowden_Processing instruction and meaningful output-based instruction: Effects on second language development</str>
                  <str>1993_VanPatten_Cadierno_Explicit instruction and input processing</str>
                  <str>1993_VanPatten_Cadierno_Input processing and second language acquisition: A role for instruction.</str>
               </arr>
               <str name="iris.references.allauthors">Morgan-Short &amp; Bowden (2006)</str>
               <arr name="iris.references.author">
                  <str>Cadierno, Teresa</str>
                  <str>Morgan-Short, Kara</str>
                  <str>Bowden, Harriet Wood</str>
                  <str>VanPatten, Bill</str>
                  <str>Cadierno, Teresa</str>
                  <str>VanPatten, Bill</str>
                  <str>Cadierno, Teresa</str>
               </arr>
               <str name="iris.references.author.lastnames">cadiernomorgan-shortbowdenvanpattencadiernovanpattencadierno</str>
               <arr name="iris.references.author.noack">
                  <str>Morgan-Short, Kara</str>
                  <str>Bowden, Harriet Wood</str>
               </arr>
               <arr name="iris.references.journal">
                  <str>Studies in Second Language Acquisition</str>
               </arr>
               <arr name="iris.references.publicationDate">
                  <str>2006</str>
                  <str>1993</str>
                  <str>1993</str>
                  <str>1992</str>
               </arr>
               <arr name="iris.references.publicationDateStr">
                  <str>2006</str>
                  <str>1993</str>
                  <str>1993</str>
                  <str>1992</str>
               </arr>
               <arr name="iris.references.publicationType">
                  <str>Thesis</str>
                  <str>Journal Article</str>
                  <str>Journal Article</str>
                  <str>Journal Article</str>
               </arr>
               <arr name="iris2.email">
                  <str>karams@uic.edu</str>
               </arr>
               <arr name="iris2.feedback.count">
                  <str>0</str>
               </arr>
               <str name="iris2.hasmaterials">Records with materials</str>
               <arr name="iris2.instrument.author">
                  <str>Morgan-Short, Kara</str>
                  <str>Bowden, Harriet Wood</str>
               </arr>
               <arr name="iris2.instrument.instrumentType">
                  <str>Instructional / Intervention / Teaching / Training materials</str>
               </arr>
               <str name="iris2.instrument.instrumentType.alltypes">instructional / intervention / teaching / training materials instructional / intervention / teaching / training materials intervention materials,experimental teaching,experimental tasks,training tasks,intervention tasks </str>
               <arr name="iris2.instrument.licence">
                  <str>Attribution-NonCommercial-ShareAlike</str>
               </arr>
               <str name="iris2.instrument.primaryInstrumentType">Instructional / Intervention / Teaching / Training materials</str>
               <arr name="iris2.instrument.researchArea">
                  <str>Processing instruction</str>
               </arr>
               <arr name="iris2.instrument.sourceLanguage">
                  <str>Spanish</str>
               </arr>
               <arr name="iris2.instrument.typeOfFile">
                  <str>Still Image</str>
               </arr>
               <arr name="iris2.participants.firstLanguage">
                  <str>English</str>
               </arr>
               <arr name="iris2.participants.participantType">
                  <str>Second language learners</str>
               </arr>
               <arr name="iris2.participants.targetLanguage">
                  <str>Spanish</str>
               </arr>
               <arr name="iris2.referenceid">
                  <str>Cadierno_Explicit instruction in grammar: A comparison of input based and output based instruction in second language acquisition.</str>
                  <str>2006_Morgan-Short_Bowden_Processing instruction and meaningful output-based instruction: Effects on second language development</str>
                  <str>1993_VanPatten_Cadierno_Explicit instruction and input processing</str>
                  <str>1993_VanPatten_Cadierno_Input processing and second language acquisition: A role for instruction.</str>
               </arr>
               <str name="iris2.references.allauthors">Morgan-Short &amp; Bowden (2006)</str>
               <arr name="iris2.references.author">
                  <str>Cadierno, Teresa</str>
                  <str>Morgan-Short, Kara</str>
                  <str>Bowden, Harriet Wood</str>
                  <str>VanPatten, Bill</str>
                  <str>Cadierno, Teresa</str>
                  <str>VanPatten, Bill</str>
                  <str>Cadierno, Teresa</str>
               </arr>
               <str name="iris2.references.author.lastnames">cadiernomorgan-shortbowdenvanpattencadiernovanpattencadierno</str>
               <arr name="iris2.references.journal">
                  <str>Studies in Second Language Acquisition</str>
               </arr>
               <arr name="iris2.references.publicationDate">
                  <str>2006</str>
                  <str>1993</str>
                  <str>1993</str>
                  <str>1992</str>
               </arr>
               <arr name="iris2.references.publicationDateStr">
                  <str>2006</str>
                  <str>1993</str>
                  <str>1993</str>
                  <str>1992</str>
               </arr>
               <arr name="iris2.references.publicationLatestDate">
                  <str>2006</str>
               </arr>
               <arr name="iris2.references.publicationType">
                  <str>Thesis</str>
                  <str>Journal Article</str>
                  <str>Journal Article</str>
                  <str>Journal Article</str>
               </arr>
               <arr name="oai_dc.dc_xsi:schemaLocation">
                  <str>http://www.openarchives.org/OAI/2.0/oai_dc/ http://www.openarchives.org/OAI/2.0/oai_dc.xsd</str>
                  <str>http://www.openarchives.org/OAI/2.0/oai_dc/ http://www.openarchives.org/OAI/2.0/oai_dc.xsd</str>
               </arr>
            </doc>
         </result>
      </response>
   </solr>
   <files>
      <file id="INSTRUMENT3" mime="application/octet-stream" url="https://www.iris-database.org/iris/api/resource/york:808757/asset/INSTRUMENT3?download=true"/>
      <file id="INSTRUMENT" mime="application/octet-stream" url="https://www.iris-database.org/iris/api/resource/york:808757/asset/INSTRUMENT?download=true"/>
      <file id="INSTRUMENT1" mime="application/zip" url="https://www.iris-database.org/iris/api/resource/york:808757/asset/INSTRUMENT1?download=true"/>
      <file id="INSTRUMENT2" mime="application/zip" url="https://www.iris-database.org/iris/api/resource/york:808757/asset/INSTRUMENT2?download=true"/>
      <file id="INSTRUMENT4" mime="application/msword" url="https://www.iris-database.org/iris/api/resource/york:808757/asset/INSTRUMENT4?download=true"/>
      <file id="INSTRUMENT5" mime="application/msword" url="https://www.iris-database.org/iris/api/resource/york:808757/asset/INSTRUMENT5?download=true"/>
      <file id="INSTRUMENT6" mime="application/msword" url="https://www.iris-database.org/iris/api/resource/york:808757/asset/INSTRUMENT6?download=true"/>
   </files>
</record>
