<?xml version="1.0" encoding="ISO-8859-1"?>

<record pid="york:833999">
   <solr>
      <response>
         <lst name="responseHeader">
            <int name="status">0</int>
            <int name="QTime">480</int>
            <lst name="params">
               <str name="q">PID:york?833999</str>
            </lst>
         </lst>
         <result name="response" numfound="1" start="0">
            <doc>
               <str name="PID">york:833999</str>
               <arr name="dc.creator">
                  <str>Kartchava, E</str>
                  <str>Ammar, Ahlem</str>
               </arr>
               <arr name="dc.date">
                  <str>2014</str>
                  <str>2006</str>
               </arr>
               <arr name="dc.description">
                  <str>The spot the difference pre/post test, picture description task pre/post test and lesson reflection sheet are linked in IRIS.</str>
               </arr>
               <arr name="dc.identifier">
                  <str>york:833999</str>
               </arr>
               <str name="dc.title">Lesson reflection questionnaire</str>
               <str name="dc.title.sort">Lesson reflection questionnaire</str>
               <arr name="dc.type">
                  <str>Questionnaire</str>
                  <str>http://www.iris-database.org/Instruments</str>
               </arr>
               <arr name="dc2.creator">
                  <str>Kartchava, E</str>
                  <str>Ammar, Ahlem</str>
               </arr>
               <arr name="dc2.date">
                  <str>2014</str>
                  <str>2006</str>
               </arr>
               <arr name="dc2.description">
                  <str>The spot the difference pre/post test, picture description task pre/post test and lesson reflection sheet are linked in IRIS.</str>
               </arr>
               <arr name="dc2.identifier">
                  <str>york:833999</str>
               </arr>
               <str name="dc2.title">Lesson reflection questionnaire</str>
               <arr name="dc2.type">
                  <str>Questionnaire</str>
                  <str>http://www.iris-database.org/Instruments</str>
               </arr>
               <arr name="dc3.creator">
                  <str>Kartchava, E</str>
                  <str>Ammar, Ahlem</str>
               </arr>
               <str name="dc3.title">Lesson reflection questionnaire</str>
               <date name="fgs.createdDate">2014-11-25T15:51:09.788Z</date>
               <date name="fgs.dateCreated.sort">2014-11-25T15:51:09.788Z</date>
               <str name="fgs.label">IRIS Instrument created by YODL workflow.</str>
               <date name="fgs.lastModifiedDate">2014-12-10T08:44:51.56Z</date>
               <str name="fgs.ownerId">iris-580a9f0f-ed9e-4f5f-be7e-877243bddfd0</str>
               <str name="fgs.state">Active</str>
               <arr name="iris.email">
                  <str>eva.kartchava@carleton.ca</str>
               </arr>
               <arr name="iris.feedback.count">
                  <str>0</str>
               </arr>
               <str name="iris.hasmaterials">Records with information only (materials not yet held)</str>
               <arr name="iris.instrument.author">
                  <str>Kartchava, E</str>
                  <str>Ammar, Ahlem</str>
               </arr>
               <arr name="iris.instrument.instrumentType">
                  <str>Questionnaire</str>
                  <str>Other questionnaire</str>
               </arr>
               <str name="iris.instrument.instrumentType.alltypes">other questionnaire questionnaire  </str>
               <arr name="iris.instrument.licence">
                  <str>Attribution-NonCommercial-ShareAlike</str>
               </arr>
               <arr name="iris.instrument.linguisticTarget">
                  <str>Tense</str>
               </arr>
               <str name="iris.instrument.notes">The spot the difference pre/post test, picture description task pre/post test and lesson reflection sheet are linked in IRIS.</str>
               <str name="iris.instrument.primaryInstrumentType">Questionnaire &gt; Other questionnaire</str>
               <arr name="iris.instrument.researchArea">
                  <str>Error correction / Corrective feedback</str>
                  <str>Teaching methods (style, approach, technique)</str>
               </arr>
               <arr name="iris.instrument.title">
                  <str>Lesson reflection questionnaire</str>
               </arr>
               <arr name="iris.instrument.typeOfFile">
                  <str>Text</str>
               </arr>
               <arr name="iris.participants.firstLanguage">
                  <str>French</str>
               </arr>
               <arr name="iris.participants.participantType">
                  <str>Foreign language learners</str>
               </arr>
               <arr name="iris.participants.targetLanguage">
                  <str>English</str>
               </arr>
               <arr name="iris.referenceid">
                  <str>2014_Kartchava_Ammar_The noticeability and effectiveness of corrective feedback in relation to target type</str>
                  <str>2006_Mackey_Feedback, noticing and instructed second language learning</str>
               </arr>
               <str name="iris.references.allauthors">Kartchava &amp; Ammar (2014)</str>
               <arr name="iris.references.author">
                  <str>Kartchava, E</str>
                  <str>Ammar, Ahlem</str>
                  <str>Mackey, Alison</str>
               </arr>
               <str name="iris.references.author.lastnames">kartchavaammarmackey</str>
               <arr name="iris.references.author.noack">
                  <str>Kartchava, E</str>
                  <str>Ammar, Ahlem</str>
               </arr>
               <arr name="iris.references.journal">
                  <str>Language Teaching Research</str>
               </arr>
               <arr name="iris.references.publicationDate">
                  <str>2014</str>
                  <str>2006</str>
               </arr>
               <arr name="iris.references.publicationDateStr">
                  <str>2014</str>
                  <str>2006</str>
               </arr>
               <arr name="iris.references.publicationType">
                  <str>Journal Article</str>
                  <str>Journal Article</str>
               </arr>
               <arr name="iris2.email">
                  <str>eva.kartchava@carleton.ca</str>
               </arr>
               <arr name="iris2.feedback.count">
                  <str>0</str>
               </arr>
               <str name="iris2.hasmaterials">Records with information only (materials not yet held)</str>
               <arr name="iris2.instrument.author">
                  <str>Kartchava, E</str>
                  <str>Ammar, Ahlem</str>
               </arr>
               <arr name="iris2.instrument.instrumentType">
                  <str>Questionnaire</str>
                  <str>Other questionnaire</str>
               </arr>
               <str name="iris2.instrument.instrumentType.alltypes">other questionnaire questionnaire  </str>
               <arr name="iris2.instrument.licence">
                  <str>Attribution-NonCommercial-ShareAlike</str>
               </arr>
               <arr name="iris2.instrument.linguisticTarget">
                  <str>Tense</str>
               </arr>
               <str name="iris2.instrument.primaryInstrumentType">Questionnaire &gt; Other questionnaire</str>
               <arr name="iris2.instrument.researchArea">
                  <str>Error correction / Corrective feedback</str>
                  <str>Teaching methods (style, approach, technique)</str>
               </arr>
               <arr name="iris2.instrument.typeOfFile">
                  <str>Text</str>
               </arr>
               <arr name="iris2.participants.firstLanguage">
                  <str>French</str>
               </arr>
               <arr name="iris2.participants.participantType">
                  <str>Foreign language learners</str>
               </arr>
               <arr name="iris2.participants.targetLanguage">
                  <str>English</str>
               </arr>
               <arr name="iris2.referenceid">
                  <str>2014_Kartchava_Ammar_The noticeability and effectiveness of corrective feedback in relation to target type</str>
                  <str>2006_Mackey_Feedback, noticing and instructed second language learning</str>
               </arr>
               <str name="iris2.references.allauthors">Kartchava &amp; Ammar (2014)</str>
               <arr name="iris2.references.author">
                  <str>Kartchava, E</str>
                  <str>Ammar, Ahlem</str>
                  <str>Mackey, Alison</str>
               </arr>
               <str name="iris2.references.author.lastnames">kartchavaammarmackey</str>
               <arr name="iris2.references.journal">
                  <str>Language Teaching Research</str>
               </arr>
               <arr name="iris2.references.publicationDate">
                  <str>2014</str>
                  <str>2006</str>
               </arr>
               <arr name="iris2.references.publicationDateStr">
                  <str>2014</str>
                  <str>2006</str>
               </arr>
               <arr name="iris2.references.publicationLatestDate">
                  <str>2014</str>
               </arr>
               <arr name="iris2.references.publicationType">
                  <str>Journal Article</str>
                  <str>Journal Article</str>
               </arr>
               <arr name="oai_dc.dc_xsi:schemaLocation">
                  <str>http://www.openarchives.org/OAI/2.0/oai_dc/ http://www.openarchives.org/OAI/2.0/oai_dc.xsd</str>
                  <str>http://www.openarchives.org/OAI/2.0/oai_dc/ http://www.openarchives.org/OAI/2.0/oai_dc.xsd</str>
                  <str>http://www.openarchives.org/OAI/2.0/oai_dc/ http://www.openarchives.org/OAI/2.0/oai_dc.xsd</str>
               </arr>
            </doc>
         </result>
      </response>
   </solr>
   <files/>
</record>
