<?xml version="1.0" encoding="ISO-8859-1"?>

<record pid="york:848137">
   <solr>
      <response>
         <lst name="responseHeader">
            <int name="status">0</int>
            <int name="QTime">490</int>
            <lst name="params">
               <str name="q">PID:york?848137</str>
            </lst>
         </lst>
         <result name="response" numfound="1" start="0">
            <doc>
               <str name="PID">york:848137</str>
               <arr name="dc.creator">
                  <str>Yuan, Boping</str>
               </arr>
               <arr name="dc.date">
                  <str>2014</str>
               </arr>
               <arr name="dc.description">
                  <str>The acceptability judgement task, discourse-completion task and interpretation task used in this study are all linked in IRIS.</str>
               </arr>
               <arr name="dc.identifier">
                  <str>york:848137</str>
               </arr>
               <arr name="dc.type">
                  <str>Grammaticality judgement sentences or acceptability judgement</str>
                  <str>http://www.iris-database.org/Instruments</str>
               </arr>
               <arr name="dc2.creator">
                  <str>Yuan, Boping</str>
               </arr>
               <arr name="dc2.date">
                  <str>2014</str>
               </arr>
               <arr name="dc2.description">
                  <str>The acceptability judgement task, discourse-completion task and interpretation task used in this study are all linked in IRIS.</str>
               </arr>
               <arr name="dc2.identifier">
                  <str>york:848137</str>
               </arr>
               <arr name="dc2.type">
                  <str>Grammaticality judgement sentences or acceptability judgement</str>
                  <str>http://www.iris-database.org/Instruments</str>
               </arr>
               <arr name="dc3.creator">
                  <str>Yuan, Boping</str>
               </arr>
               <date name="fgs.createdDate">2015-02-11T18:23:55.634Z</date>
               <date name="fgs.dateCreated.sort">2015-02-11T18:23:55.634Z</date>
               <str name="fgs.label">IRIS Instrument created by YODL workflow.</str>
               <date name="fgs.lastModifiedDate">2015-02-11T18:24:04.489Z</date>
               <str name="fgs.ownerId">iris-580a9f0f-ed9e-4f5f-be7e-877243bddfd0</str>
               <str name="fgs.state">Active</str>
               <arr name="iris.email">
                  <str>by10001@cam.ac.uk</str>
               </arr>
               <arr name="iris.feedback.count">
                  <str>0</str>
               </arr>
               <str name="iris.hasmaterials">Records with information only (materials not yet held)</str>
               <arr name="iris.instrument.author">
                  <str>Yuan, Boping</str>
               </arr>
               <arr name="iris.instrument.instrumentType">
                  <str>Grammaticality / Acceptability judgement test</str>
               </arr>
               <str name="iris.instrument.instrumentType.alltypes">grammaticality / acceptability judgement test grammaticality / acceptability judgement test grammaticality judgement sentences,grammaticality judgement test,acceptability judgement test,gjt,grammaticality judgment test </str>
               <arr name="iris.instrument.licence">
                  <str>Attribution-NonCommercial-ShareAlike</str>
               </arr>
               <str name="iris.instrument.notes">The acceptability judgement task, discourse-completion task and interpretation task used in this study are all linked in IRIS.</str>
               <str name="iris.instrument.primaryInstrumentType">Grammaticality / Acceptability judgement test</str>
               <arr name="iris.instrument.researchArea">
                  <str>Cross-linguistic influence</str>
                  <str>Acquisition</str>
                  <str>Lexicon (vocabulary)</str>
               </arr>
               <arr name="iris.instrument.typeOfFile">
                  <str>Text</str>
               </arr>
               <arr name="iris.participants.firstLanguage">
                  <str>Chinese</str>
                  <str>English</str>
               </arr>
               <arr name="iris.participants.participantType">
                  <str>Second language learners</str>
                  <str>Native speakers</str>
               </arr>
               <arr name="iris.participants.targetLanguage">
                  <str>English</str>
               </arr>
               <arr name="iris.referenceid">
                  <str>2014_Yuan_'Wh-on-earth' in Chinese speakers' L2 English: Evidence of dormant features</str>
               </arr>
               <str name="iris.references.allauthors">Yuan (2014)</str>
               <arr name="iris.references.author">
                  <str>Yuan, Boping</str>
               </arr>
               <str name="iris.references.author.lastnames">yuan</str>
               <arr name="iris.references.author.noack">
                  <str>Yuan, Boping</str>
               </arr>
               <arr name="iris.references.journal">
                  <str>Second Language Research</str>
               </arr>
               <arr name="iris.references.publicationDate">
                  <str>2014</str>
               </arr>
               <arr name="iris.references.publicationDateStr">
                  <str>2014</str>
               </arr>
               <arr name="iris.references.publicationType">
                  <str>Journal Article</str>
               </arr>
               <arr name="iris2.email">
                  <str>by10001@cam.ac.uk</str>
               </arr>
               <arr name="iris2.feedback.count">
                  <str>0</str>
               </arr>
               <str name="iris2.hasmaterials">Records with information only (materials not yet held)</str>
               <arr name="iris2.instrument.author">
                  <str>Yuan, Boping</str>
               </arr>
               <arr name="iris2.instrument.instrumentType">
                  <str>Grammaticality / Acceptability judgement test</str>
               </arr>
               <str name="iris2.instrument.instrumentType.alltypes">grammaticality / acceptability judgement test grammaticality / acceptability judgement test grammaticality judgement sentences,grammaticality judgement test,acceptability judgement test,gjt,grammaticality judgment test </str>
               <arr name="iris2.instrument.licence">
                  <str>Attribution-NonCommercial-ShareAlike</str>
               </arr>
               <str name="iris2.instrument.primaryInstrumentType">Grammaticality / Acceptability judgement test</str>
               <arr name="iris2.instrument.researchArea">
                  <str>Cross-linguistic influence</str>
                  <str>Acquisition</str>
                  <str>Lexicon (vocabulary)</str>
               </arr>
               <arr name="iris2.instrument.typeOfFile">
                  <str>Text</str>
               </arr>
               <arr name="iris2.participants.firstLanguage">
                  <str>Chinese</str>
                  <str>English</str>
               </arr>
               <arr name="iris2.participants.participantType">
                  <str>Second language learners</str>
                  <str>Native speakers</str>
               </arr>
               <arr name="iris2.participants.targetLanguage">
                  <str>English</str>
               </arr>
               <arr name="iris2.referenceid">
                  <str>2014_Yuan_'Wh-on-earth' in Chinese speakers' L2 English: Evidence of dormant features</str>
               </arr>
               <str name="iris2.references.allauthors">Yuan (2014)</str>
               <arr name="iris2.references.author">
                  <str>Yuan, Boping</str>
               </arr>
               <str name="iris2.references.author.lastnames">yuan</str>
               <arr name="iris2.references.journal">
                  <str>Second Language Research</str>
               </arr>
               <arr name="iris2.references.publicationDate">
                  <str>2014</str>
               </arr>
               <arr name="iris2.references.publicationDateStr">
                  <str>2014</str>
               </arr>
               <arr name="iris2.references.publicationLatestDate">
                  <str>2014</str>
               </arr>
               <arr name="iris2.references.publicationType">
                  <str>Journal Article</str>
               </arr>
               <arr name="oai_dc.dc_xsi:schemaLocation">
                  <str>http://www.openarchives.org/OAI/2.0/oai_dc/ http://www.openarchives.org/OAI/2.0/oai_dc.xsd</str>
                  <str>http://www.openarchives.org/OAI/2.0/oai_dc/ http://www.openarchives.org/OAI/2.0/oai_dc.xsd</str>
               </arr>
            </doc>
         </result>
      </response>
   </solr>
   <files/>
</record>
