<?xml version="1.0" encoding="ISO-8859-1"?>

<record pid="york:851698">
   <solr>
      <response>
         <lst name="responseHeader">
            <int name="status">0</int>
            <int name="QTime">487</int>
            <lst name="params">
               <str name="q">PID:york?851698</str>
            </lst>
         </lst>
         <result name="response" numfound="1" start="0">
            <doc>
               <str name="PID">york:851698</str>
               <arr name="dc.creator">
                  <str>Wei, Zheng</str>
               </arr>
               <arr name="dc.date">
                  <str>2003</str>
                  <str>2015</str>
               </arr>
               <arr name="dc.description">
                  <str>There are three vocabulary tests used as the post- and delayed post-tests in this study. Three different learning conditions were used: word part technique; the keyword method and self-strategy learning. Half of the target words were high imageability words and the other half low imageability words.</str>
               </arr>
               <arr name="dc.identifier">
                  <str>york:851698</str>
               </arr>
               <arr name="dc.type">
                  <str>Vocabulary test (receptive)</str>
                  <str>L2 (L3, L4, etc.) to L1</str>
                  <str>http://www.iris-database.org/Instruments</str>
               </arr>
               <arr name="dc2.creator">
                  <str>Wei, Zheng</str>
               </arr>
               <arr name="dc2.date">
                  <str>2003</str>
                  <str>2015</str>
               </arr>
               <arr name="dc2.description">
                  <str>There are three vocabulary tests used as the post- and delayed post-tests in this study. Three different learning conditions were used: word part technique; the keyword method and self-strategy learning. Half of the target words were high imageability words and the other half low imageability words.</str>
               </arr>
               <arr name="dc2.identifier">
                  <str>york:851698</str>
               </arr>
               <arr name="dc2.type">
                  <str>Vocabulary test (receptive)</str>
                  <str>L2 (L3, L4, etc.) to L1</str>
                  <str>http://www.iris-database.org/Instruments</str>
               </arr>
               <arr name="dc3.creator">
                  <str>Wei, Zheng</str>
               </arr>
               <date name="fgs.createdDate">2015-03-04T14:58:24.956Z</date>
               <date name="fgs.dateCreated.sort">2015-03-04T14:58:24.956Z</date>
               <str name="fgs.label">IRIS Instrument created by YODL workflow.</str>
               <date name="fgs.lastModifiedDate">2015-03-04T14:58:30.046Z</date>
               <str name="fgs.ownerId">iris-580a9f0f-ed9e-4f5f-be7e-877243bddfd0</str>
               <str name="fgs.state">Active</str>
               <arr name="iris.email">
                  <str>weizheng7322@hotmail.com</str>
               </arr>
               <arr name="iris.feedback.count">
                  <str>0</str>
               </arr>
               <str name="iris.hasmaterials">Records with information only (materials not yet held)</str>
               <arr name="iris.instrument.author">
                  <str>Wei, Zheng</str>
               </arr>
               <arr name="iris.instrument.instrumentType">
                  <str>Vocabulary test</str>
                  <str>Receptive</str>
                  <str>Translation task</str>
                  <str>L2 (L3, L4, etc.) to L1</str>
               </arr>
               <str name="iris.instrument.instrumentType.alltypes">receptive vocabulary test (receptive)  l2 (l3, l4, etc.) to l1 l2 (l3, l4, etc.) to l1  </str>
               <arr name="iris.instrument.licence">
                  <str>Attribution-NonCommercial-ShareAlike</str>
               </arr>
               <str name="iris.instrument.notes">There are three vocabulary tests used as the post- and delayed post-tests in this study. Three different learning conditions were used: word part technique; the keyword method and self-strategy learning. Half of the target words were high imageability words and the other half low imageability words.</str>
               <str name="iris.instrument.primaryInstrumentType">Vocabulary test &gt; Receptive</str>
               <arr name="iris.instrument.researchArea">
                  <str>Acquisition</str>
                  <str>Teaching methods (style, approach, technique)</str>
                  <str>Lexicon (vocabulary)</str>
                  <str>Learner strategies</str>
               </arr>
               <arr name="iris.instrument.secondaryInstrumentType">
                  <str>Translation task &gt; L2 (L3, L4, etc.) to L1</str>
               </arr>
               <arr name="iris.instrument.typeOfFile">
                  <str>Text</str>
               </arr>
               <arr name="iris.participants.firstLanguage">
                  <str>Chinese</str>
               </arr>
               <arr name="iris.participants.participantType">
                  <str>Foreign language learners</str>
                  <str/>
               </arr>
               <arr name="iris.participants.targetLanguage">
                  <str>English</str>
               </arr>
               <arr name="iris.referenceid">
                  <str>2003_Waring_Takaki_At what rate do learners learn and retain new vocabulary from reading a graded reader</str>
                  <str>2015_Wei_Does teaching mnemonics for vocabulary learning make a difference? Putting the keyword method and the word part technique to the test</str>
               </arr>
               <str name="iris.references.allauthors">Wei (2015)</str>
               <arr name="iris.references.author">
                  <str>Waring, R.</str>
                  <str>Takaki, M.</str>
                  <str>Wei, Zheng</str>
               </arr>
               <str name="iris.references.author.lastnames">waringtakakiwei</str>
               <arr name="iris.references.author.noack">
                  <str>Wei, Zheng</str>
               </arr>
               <arr name="iris.references.journal">
                  <str>Language Teaching Research</str>
               </arr>
               <arr name="iris.references.publicationDate">
                  <str>2003</str>
                  <str>2015</str>
               </arr>
               <arr name="iris.references.publicationDateStr">
                  <str>2003</str>
                  <str>2015</str>
               </arr>
               <arr name="iris.references.publicationType">
                  <str>Journal Article</str>
                  <str>Journal Article</str>
               </arr>
               <arr name="iris2.email">
                  <str>weizheng7322@hotmail.com</str>
               </arr>
               <arr name="iris2.feedback.count">
                  <str>0</str>
               </arr>
               <str name="iris2.hasmaterials">Records with information only (materials not yet held)</str>
               <arr name="iris2.instrument.author">
                  <str>Wei, Zheng</str>
               </arr>
               <arr name="iris2.instrument.instrumentType">
                  <str>Vocabulary test</str>
                  <str>Receptive</str>
                  <str>Translation task</str>
                  <str>L2 (L3, L4, etc.) to L1</str>
               </arr>
               <str name="iris2.instrument.instrumentType.alltypes">receptive vocabulary test (receptive)  l2 (l3, l4, etc.) to l1 l2 (l3, l4, etc.) to l1  </str>
               <arr name="iris2.instrument.licence">
                  <str>Attribution-NonCommercial-ShareAlike</str>
               </arr>
               <str name="iris2.instrument.primaryInstrumentType">Vocabulary test &gt; Receptive</str>
               <arr name="iris2.instrument.researchArea">
                  <str>Acquisition</str>
                  <str>Teaching methods (style, approach, technique)</str>
                  <str>Lexicon (vocabulary)</str>
                  <str>Learner strategies</str>
               </arr>
               <arr name="iris2.instrument.secondaryInstrumentType">
                  <str>Translation task &gt; L2 (L3, L4, etc.) to L1</str>
               </arr>
               <arr name="iris2.instrument.typeOfFile">
                  <str>Text</str>
               </arr>
               <arr name="iris2.participants.firstLanguage">
                  <str>Chinese</str>
               </arr>
               <arr name="iris2.participants.participantType">
                  <str>Foreign language learners</str>
                  <str/>
               </arr>
               <arr name="iris2.participants.targetLanguage">
                  <str>English</str>
               </arr>
               <arr name="iris2.referenceid">
                  <str>2003_Waring_Takaki_At what rate do learners learn and retain new vocabulary from reading a graded reader</str>
                  <str>2015_Wei_Does teaching mnemonics for vocabulary learning make a difference? Putting the keyword method and the word part technique to the test</str>
               </arr>
               <str name="iris2.references.allauthors">Wei (2015)</str>
               <arr name="iris2.references.author">
                  <str>Waring, R.</str>
                  <str>Takaki, M.</str>
                  <str>Wei, Zheng</str>
               </arr>
               <str name="iris2.references.author.lastnames">waringtakakiwei</str>
               <arr name="iris2.references.journal">
                  <str>Language Teaching Research</str>
               </arr>
               <arr name="iris2.references.publicationDate">
                  <str>2003</str>
                  <str>2015</str>
               </arr>
               <arr name="iris2.references.publicationDateStr">
                  <str>2003</str>
                  <str>2015</str>
               </arr>
               <arr name="iris2.references.publicationLatestDate">
                  <str>2015</str>
               </arr>
               <arr name="iris2.references.publicationType">
                  <str>Journal Article</str>
                  <str>Journal Article</str>
               </arr>
               <arr name="oai_dc.dc_xsi:schemaLocation">
                  <str>http://www.openarchives.org/OAI/2.0/oai_dc/ http://www.openarchives.org/OAI/2.0/oai_dc.xsd</str>
                  <str>http://www.openarchives.org/OAI/2.0/oai_dc/ http://www.openarchives.org/OAI/2.0/oai_dc.xsd</str>
               </arr>
            </doc>
         </result>
      </response>
   </solr>
   <files/>
</record>
