<?xml version="1.0" encoding="ISO-8859-1"?>

<record pid="york:826969">
   <solr>
      <response>
         <lst name="responseHeader">
            <int name="status">0</int>
            <int name="QTime">467</int>
            <lst name="params">
               <str name="q">PID:york?826969</str>
            </lst>
         </lst>
         <result name="response" numfound="1" start="0">
            <doc>
               <str name="PID">york:826969</str>
               <arr name="dc.creator">
                  <str>Chrabaszcz, Anna</str>
                  <str>Gor, Kira</str>
               </arr>
               <arr name="dc.date">
                  <str>2014</str>
               </arr>
               <arr name="dc.description">
                  <str>The AX discrimination task and listening comprehension/word identification used in the referenced study are linked in IRIS.</str>
               </arr>
               <arr name="dc.identifier">
                  <str>york:826969</str>
               </arr>
               <str name="dc.title">AX discrimination task</str>
               <str name="dc.title.sort">AX discrimination task</str>
               <arr name="dc.type">
                  <str>Grammaticality judgement sentences or acceptability judgement</str>
                  <str>Listening test</str>
                  <str>Stimuli for laboratory studies (audio)</str>
                  <str>Discrimination task</str>
                  <str>http://www.iris-database.org/Instruments</str>
               </arr>
               <arr name="dc2.creator">
                  <str>Chrabaszcz, Anna</str>
                  <str>Gor, Kira</str>
               </arr>
               <arr name="dc2.date">
                  <str>2014</str>
               </arr>
               <arr name="dc2.description">
                  <str>The AX discrimination task and listening comprehension/word identification used in the referenced study are linked in IRIS.</str>
               </arr>
               <arr name="dc2.identifier">
                  <str>york:826969</str>
               </arr>
               <str name="dc2.title">AX discrimination task</str>
               <arr name="dc2.type">
                  <str>Grammaticality judgement sentences or acceptability judgement</str>
                  <str>Listening test</str>
                  <str>Stimuli for laboratory studies (audio)</str>
                  <str>Discrimination task</str>
                  <str>http://www.iris-database.org/Instruments</str>
               </arr>
               <arr name="dc3.creator">
                  <str>Chrabaszcz, Anna</str>
                  <str>Gor, Kira</str>
               </arr>
               <str name="dc3.title">AX discrimination task</str>
               <date name="fgs.createdDate">2014-09-28T13:38:08.053Z</date>
               <date name="fgs.dateCreated.sort">2014-09-28T13:38:08.053Z</date>
               <str name="fgs.label">IRIS Instrument created by YODL workflow.</str>
               <date name="fgs.lastModifiedDate">2015-07-10T15:16:58.307Z</date>
               <str name="fgs.ownerId">iris-580a9f0f-ed9e-4f5f-be7e-877243bddfd0</str>
               <str name="fgs.state">Active</str>
               <arr name="iris.email">
                  <str>lav@umd.edu</str>
               </arr>
               <arr name="iris.feedback.count">
                  <str>0</str>
               </arr>
               <str name="iris.hasmaterials">Records with information only (materials not yet held)</str>
               <arr name="iris.instrument.author">
                  <str>Chrabaszcz, Anna</str>
                  <str>Gor, Kira</str>
               </arr>
               <arr name="iris.instrument.instrumentType">
                  <str>Grammaticality / Acceptability judgement test</str>
                  <str>Listening / Aural test</str>
                  <str>Stimuli for laboratory studies</str>
                  <str>Audio</str>
                  <str>Speech perception</str>
                  <str>Discrimination task</str>
               </arr>
               <str name="iris.instrument.instrumentType.alltypes">grammaticality / acceptability judgement test grammaticality / acceptability judgement test grammaticality judgement sentences,grammaticality judgement test,acceptability judgement test,gjt,grammaticality judgment test listening / aural test listening / aural test aural test audio stimuli for laboratory studies (audio)  discrimination task discrimination task  </str>
               <arr name="iris.instrument.licence">
                  <str>Attribution-NonCommercial-ShareAlike</str>
               </arr>
               <arr name="iris.instrument.linguisticTarget">
                  <str>Syllable</str>
               </arr>
               <str name="iris.instrument.notes">The AX discrimination task and listening comprehension/word identification used in the referenced study are linked in IRIS.</str>
               <str name="iris.instrument.primaryInstrumentType">Speech perception &gt; Discrimination task</str>
               <arr name="iris.instrument.researchArea">
                  <str>Listening</str>
                  <str>Processing</str>
               </arr>
               <arr name="iris.instrument.secondaryInstrumentType">
                  <str>Grammaticality / Acceptability judgement test</str>
                  <str>Listening / Aural test</str>
                  <str>Stimuli for laboratory studies &gt; Audio</str>
               </arr>
               <arr name="iris.instrument.title">
                  <str>AX discrimination task</str>
               </arr>
               <arr name="iris.instrument.typeOfFile">
                  <str>Sound</str>
                  <str>Software</str>
               </arr>
               <arr name="iris.participants.firstLanguage">
                  <str>English</str>
               </arr>
               <arr name="iris.participants.participantType">
                  <str>Foreign language learners</str>
               </arr>
               <arr name="iris.participants.targetLanguage">
                  <str>Russian</str>
               </arr>
               <arr name="iris.referenceid">
                  <str>2014_Chrabaszcz_Gor_Context effects in the processing of phonolexical ambiguity</str>
               </arr>
               <str name="iris.references.allauthors">Chrabaszcz &amp; Gor (2014)</str>
               <arr name="iris.references.author">
                  <str>Chrabaszcz, Anna</str>
                  <str>Gor, Kira</str>
               </arr>
               <str name="iris.references.author.lastnames">chrabaszczgor</str>
               <arr name="iris.references.author.noack">
                  <str>Chrabaszcz, Anna</str>
                  <str>Gor, Kira</str>
               </arr>
               <arr name="iris.references.journal">
                  <str>Language Learning</str>
               </arr>
               <arr name="iris.references.publicationDate">
                  <str>2014</str>
               </arr>
               <arr name="iris.references.publicationDateStr">
                  <str>2014</str>
               </arr>
               <arr name="iris.references.publicationType">
                  <str>Journal Article</str>
               </arr>
               <arr name="iris2.email">
                  <str>lav@umd.edu</str>
               </arr>
               <arr name="iris2.feedback.count">
                  <str>0</str>
               </arr>
               <str name="iris2.hasmaterials">Records with information only (materials not yet held)</str>
               <arr name="iris2.instrument.author">
                  <str>Chrabaszcz, Anna</str>
                  <str>Gor, Kira</str>
               </arr>
               <arr name="iris2.instrument.instrumentType">
                  <str>Grammaticality / Acceptability judgement test</str>
                  <str>Listening / Aural test</str>
                  <str>Stimuli for laboratory studies</str>
                  <str>Audio</str>
                  <str>Speech perception</str>
                  <str>Discrimination task</str>
               </arr>
               <str name="iris2.instrument.instrumentType.alltypes">grammaticality / acceptability judgement test grammaticality / acceptability judgement test grammaticality judgement sentences,grammaticality judgement test,acceptability judgement test,gjt,grammaticality judgment test listening / aural test listening / aural test aural test audio stimuli for laboratory studies (audio)  discrimination task discrimination task  </str>
               <arr name="iris2.instrument.licence">
                  <str>Attribution-NonCommercial-ShareAlike</str>
               </arr>
               <arr name="iris2.instrument.linguisticTarget">
                  <str>Syllable</str>
               </arr>
               <str name="iris2.instrument.primaryInstrumentType">Speech perception &gt; Discrimination task</str>
               <arr name="iris2.instrument.researchArea">
                  <str>Listening</str>
                  <str>Processing</str>
               </arr>
               <arr name="iris2.instrument.secondaryInstrumentType">
                  <str>Grammaticality / Acceptability judgement test</str>
                  <str>Listening / Aural test</str>
                  <str>Stimuli for laboratory studies &gt; Audio</str>
               </arr>
               <arr name="iris2.instrument.typeOfFile">
                  <str>Sound</str>
                  <str>Software</str>
               </arr>
               <arr name="iris2.participants.firstLanguage">
                  <str>English</str>
               </arr>
               <arr name="iris2.participants.participantType">
                  <str>Foreign language learners</str>
               </arr>
               <arr name="iris2.participants.targetLanguage">
                  <str>Russian</str>
               </arr>
               <arr name="iris2.referenceid">
                  <str>2014_Chrabaszcz_Gor_Context effects in the processing of phonolexical ambiguity</str>
               </arr>
               <str name="iris2.references.allauthors">Chrabaszcz &amp; Gor (2014)</str>
               <arr name="iris2.references.author">
                  <str>Chrabaszcz, Anna</str>
                  <str>Gor, Kira</str>
               </arr>
               <str name="iris2.references.author.lastnames">chrabaszczgor</str>
               <arr name="iris2.references.journal">
                  <str>Language Learning</str>
               </arr>
               <arr name="iris2.references.publicationDate">
                  <str>2014</str>
               </arr>
               <arr name="iris2.references.publicationDateStr">
                  <str>2014</str>
               </arr>
               <arr name="iris2.references.publicationLatestDate">
                  <str>2014</str>
               </arr>
               <arr name="iris2.references.publicationType">
                  <str>Journal Article</str>
               </arr>
               <arr name="oai_dc.dc_xsi:schemaLocation">
                  <str>http://www.openarchives.org/OAI/2.0/oai_dc/ http://www.openarchives.org/OAI/2.0/oai_dc.xsd</str>
                  <str>http://www.openarchives.org/OAI/2.0/oai_dc/ http://www.openarchives.org/OAI/2.0/oai_dc.xsd</str>
                  <str>http://www.openarchives.org/OAI/2.0/oai_dc/ http://www.openarchives.org/OAI/2.0/oai_dc.xsd</str>
                  <str>http://www.openarchives.org/OAI/2.0/oai_dc/ http://www.openarchives.org/OAI/2.0/oai_dc.xsd</str>
               </arr>
            </doc>
         </result>
      </response>
   </solr>
   <files/>
</record>
