<?xml version="1.0" encoding="ISO-8859-1"?>

<record pid="york:810402">
   <solr>
      <response>
         <lst name="responseHeader">
            <int name="status">0</int>
            <int name="QTime">494</int>
            <lst name="params">
               <str name="q">PID:york?810402</str>
            </lst>
         </lst>
         <result name="response" numfound="1" start="0">
            <doc>
               <str name="PID">york:810402</str>
               <arr name="dc.creator">
                  <str>Gamble, Jeffrey</str>
                  <str>Yang, Ya-Ting Carolyn</str>
               </arr>
               <arr name="dc.date">
                  <str>2013</str>
               </arr>
               <arr name="dc.description">
                  <str>This questionnaire was used as a post-test to evaluate learners' responses to a 12 week intervention integrating critical thinking in an EFL classroom. The design of the questionnaire was based, informally, on instructor and researcher observations over the course of the intervention and key learning outcomes we wished to assess in order to improve the course design. Additionally, the intention of the survey was to evaluate student feedback in order to inform further stages of research, but the questionnaire was not evaluated as a research instrument in itself. Since it is used primarily to gather information for the researchers' purposes, it would probably need modification to meet the needs of other instructors or researchers, depending upon their needs.</str>
               </arr>
               <arr name="dc.format">
                  <str>English</str>
               </arr>
               <arr name="dc.identifier">
                  <str>york:810402</str>
               </arr>
               <str name="dc.title">Critical Thinking and English Achievement Questionnaire</str>
               <str name="dc.title.sort">Critical Thinking and English Achievement Questionnaire</str>
               <arr name="dc.type">
                  <str>Goal and self-assessment tools</str>
                  <str>Attitude questionnaire</str>
                  <str>Debriefing questionnaire</str>
                  <str>Proficiency questionnaire</str>
                  <str>Questionnaire</str>
                  <str>http://www.iris-database.org/Instruments</str>
               </arr>
               <arr name="dc2.creator">
                  <str>Gamble, Jeffrey</str>
                  <str>Yang, Ya-Ting Carolyn</str>
               </arr>
               <arr name="dc2.date">
                  <str>2013</str>
               </arr>
               <arr name="dc2.description">
                  <str>This questionnaire was used as a post-test to evaluate learners' responses to a 12 week intervention integrating critical thinking in an EFL classroom. The design of the questionnaire was based, informally, on instructor and researcher observations over the course of the intervention and key learning outcomes we wished to assess in order to improve the course design. Additionally, the intention of the survey was to evaluate student feedback in order to inform further stages of research, but the questionnaire was not evaluated as a research instrument in itself. Since it is used primarily to gather information for the researchers' purposes, it would probably need modification to meet the needs of other instructors or researchers, depending upon their needs.</str>
               </arr>
               <arr name="dc2.format">
                  <str>English</str>
               </arr>
               <arr name="dc2.identifier">
                  <str>york:810402</str>
               </arr>
               <str name="dc2.title">Critical Thinking and English Achievement Questionnaire</str>
               <arr name="dc2.type">
                  <str>Goal and self-assessment tools</str>
                  <str>Attitude questionnaire</str>
                  <str>Debriefing questionnaire</str>
                  <str>Proficiency questionnaire</str>
                  <str>Questionnaire</str>
                  <str>http://www.iris-database.org/Instruments</str>
               </arr>
               <arr name="dc3.creator">
                  <str>Gamble, Jeffrey</str>
                  <str>Yang, Ya-Ting Carolyn</str>
               </arr>
               <str name="dc3.title">Critical Thinking and English Achievement Questionnaire</str>
               <date name="fgs.createdDate">2013-06-17T13:16:18.162Z</date>
               <date name="fgs.dateCreated.sort">2013-06-17T13:16:18.162Z</date>
               <str name="fgs.label">IRIS Instrument created by YODL workflow.</str>
               <date name="fgs.lastModifiedDate">2017-11-13T02:39:55.939Z</date>
               <str name="fgs.ownerId">iris-7a099e71-522f-42e9-b63f-63fba4b30581</str>
               <str name="fgs.state">Active</str>
               <arr name="iris.email">
                  <str>mrjgamble@gmail.com</str>
               </arr>
               <arr name="iris.feedback.count">
                  <str>0</str>
               </arr>
               <str name="iris.hasmaterials">Records with materials</str>
               <arr name="iris.instrument.author">
                  <str>Gamble, Jeffrey</str>
                  <str>Yang, Ya-Ting Carolyn</str>
               </arr>
               <arr name="iris.instrument.dataType">
                  <str>Closed response format</str>
                  <str>Open response</str>
               </arr>
               <arr name="iris.instrument.dataType.alternate">
                  <str/>
                  <str/>
               </arr>
               <arr name="iris.instrument.instrumentType">
                  <str>Goal and self-assessment tools</str>
                  <str>Questionnaire</str>
                  <str>Attitude questionnaire</str>
                  <str>Questionnaire</str>
                  <str>Debriefing questionnaire</str>
                  <str>Questionnaire</str>
                  <str>Proficiency questionnaire</str>
                  <str>Questionnaire</str>
                  <str>Other questionnaire</str>
               </arr>
               <str name="iris.instrument.instrumentType.alltypes">goal and self-assessment tools goal and self-assessment tools  attitude questionnaire attitude questionnaire  debriefing questionnaire debriefing questionnaire  proficiency questionnaire proficiency questionnaire  other questionnaire questionnaire  </str>
               <arr name="iris.instrument.licence">
                  <str>Attribution-NonCommercial-ShareAlike</str>
               </arr>
               <str name="iris.instrument.notes">This questionnaire was used as a post-test to evaluate learners' responses to a 12 week intervention integrating critical thinking in an EFL classroom. The design of the questionnaire was based, informally, on instructor and researcher observations over the course of the intervention and key learning outcomes we wished to assess in order to improve the course design. Additionally, the intention of the survey was to evaluate student feedback in order to inform further stages of research, but the questionnaire was not evaluated as a research instrument in itself. Since it is used primarily to gather information for the researchers' purposes, it would probably need modification to meet the needs of other instructors or researchers, depending upon their needs.</str>
               <str name="iris.instrument.primaryInstrumentType">Questionnaire &gt; Debriefing questionnaire</str>
               <arr name="iris.instrument.researchArea">
                  <str>Cultural identity</str>
                  <str>Effectiveness of teaching</str>
                  <str>Learner attitudes</str>
                  <str>Proficiency</str>
                  <str>Teaching methods (style, approach, technique)</str>
               </arr>
               <arr name="iris.instrument.secondaryInstrumentType">
                  <str>Goal and self-assessment tools</str>
                  <str>Questionnaire &gt; Attitude questionnaire</str>
                  <str>Questionnaire &gt; Proficiency questionnaire</str>
                  <str>Questionnaire &gt; Other questionnaire</str>
               </arr>
               <arr name="iris.instrument.sourceLanguage">
                  <str>English</str>
               </arr>
               <arr name="iris.instrument.title">
                  <str>Critical Thinking and English Achievement Questionnaire</str>
               </arr>
               <arr name="iris.instrument.typeOfFile">
                  <str>Text</str>
               </arr>
               <arr name="iris.participants.domainOfUse">
                  <str>School - language instruction only</str>
               </arr>
               <arr name="iris.participants.firstLanguage">
                  <str>Chinese</str>
               </arr>
               <arr name="iris.participants.gender">
                  <str>mixed</str>
               </arr>
               <arr name="iris.participants.participantType">
                  <str>Foreign language learners</str>
               </arr>
               <arr name="iris.participants.proficiencyLearner">
                  <str>Intermediate</str>
                  <str>Pre-intermediate</str>
               </arr>
               <arr name="iris.participants.targetLanguage">
                  <str>English</str>
               </arr>
               <arr name="iris.referenceid">
                  <str>2013_Yang_Gamble_Effective and practical critical thinking enhanced EFL instruction</str>
               </arr>
               <str name="iris.references.allauthors">Yang &amp; Gamble (2013)</str>
               <arr name="iris.references.author">
                  <str>Yang, Ya-Ting Carolyn</str>
                  <str>Gamble, Jeffrey</str>
               </arr>
               <str name="iris.references.author.lastnames">yanggamble</str>
               <arr name="iris.references.author.noack">
                  <str>Yang, Ya-Ting Carolyn</str>
                  <str>Gamble, Jeffrey</str>
               </arr>
               <arr name="iris.references.journal">
                  <str>ELT Journal</str>
               </arr>
               <arr name="iris.references.publicationDate">
                  <str>2013</str>
               </arr>
               <arr name="iris.references.publicationDateStr">
                  <str>2013</str>
               </arr>
               <arr name="iris.references.publicationType">
                  <str>Journal Article</str>
               </arr>
               <arr name="iris2.email">
                  <str>mrjgamble@gmail.com</str>
               </arr>
               <arr name="iris2.feedback.count">
                  <str>0</str>
               </arr>
               <str name="iris2.hasmaterials">Records with materials</str>
               <arr name="iris2.instrument.author">
                  <str>Gamble, Jeffrey</str>
                  <str>Yang, Ya-Ting Carolyn</str>
               </arr>
               <arr name="iris2.instrument.dataType">
                  <str>Closed response format</str>
                  <str>Open response</str>
               </arr>
               <arr name="iris2.instrument.instrumentType">
                  <str>Goal and self-assessment tools</str>
                  <str>Questionnaire</str>
                  <str>Attitude questionnaire</str>
                  <str>Questionnaire</str>
                  <str>Debriefing questionnaire</str>
                  <str>Questionnaire</str>
                  <str>Proficiency questionnaire</str>
                  <str>Questionnaire</str>
                  <str>Other questionnaire</str>
               </arr>
               <str name="iris2.instrument.instrumentType.alltypes">goal and self-assessment tools goal and self-assessment tools  attitude questionnaire attitude questionnaire  debriefing questionnaire debriefing questionnaire  proficiency questionnaire proficiency questionnaire  other questionnaire questionnaire  </str>
               <arr name="iris2.instrument.licence">
                  <str>Attribution-NonCommercial-ShareAlike</str>
               </arr>
               <str name="iris2.instrument.primaryInstrumentType">Questionnaire &gt; Debriefing questionnaire</str>
               <arr name="iris2.instrument.researchArea">
                  <str>Cultural identity</str>
                  <str>Effectiveness of teaching</str>
                  <str>Learner attitudes</str>
                  <str>Proficiency</str>
                  <str>Teaching methods (style, approach, technique)</str>
               </arr>
               <arr name="iris2.instrument.secondaryInstrumentType">
                  <str>Goal and self-assessment tools</str>
                  <str>Questionnaire &gt; Attitude questionnaire</str>
                  <str>Questionnaire &gt; Proficiency questionnaire</str>
                  <str>Questionnaire &gt; Other questionnaire</str>
               </arr>
               <arr name="iris2.instrument.sourceLanguage">
                  <str>English</str>
               </arr>
               <arr name="iris2.instrument.typeOfFile">
                  <str>Text</str>
               </arr>
               <arr name="iris2.participants.domainOfUse">
                  <str>School - language instruction only</str>
               </arr>
               <arr name="iris2.participants.firstLanguage">
                  <str>Chinese</str>
               </arr>
               <arr name="iris2.participants.gender">
                  <str>mixed</str>
               </arr>
               <arr name="iris2.participants.participantType">
                  <str>Foreign language learners</str>
               </arr>
               <arr name="iris2.participants.proficiencyLearner">
                  <str>Intermediate</str>
                  <str>Pre-intermediate</str>
               </arr>
               <arr name="iris2.participants.targetLanguage">
                  <str>English</str>
               </arr>
               <arr name="iris2.referenceid">
                  <str>2013_Yang_Gamble_Effective and practical critical thinking enhanced EFL instruction</str>
               </arr>
               <str name="iris2.references.allauthors">Yang &amp; Gamble (2013)</str>
               <arr name="iris2.references.author">
                  <str>Yang, Ya-Ting Carolyn</str>
                  <str>Gamble, Jeffrey</str>
               </arr>
               <str name="iris2.references.author.lastnames">yanggamble</str>
               <arr name="iris2.references.journal">
                  <str>ELT Journal</str>
               </arr>
               <arr name="iris2.references.publicationDate">
                  <str>2013</str>
               </arr>
               <arr name="iris2.references.publicationDateStr">
                  <str>2013</str>
               </arr>
               <arr name="iris2.references.publicationLatestDate">
                  <str>2013</str>
               </arr>
               <arr name="iris2.references.publicationType">
                  <str>Journal Article</str>
               </arr>
               <arr name="oai_dc.dc_xsi:schemaLocation">
                  <str>http://www.openarchives.org/OAI/2.0/oai_dc/ http://www.openarchives.org/OAI/2.0/oai_dc.xsd</str>
                  <str>http://www.openarchives.org/OAI/2.0/oai_dc/ http://www.openarchives.org/OAI/2.0/oai_dc.xsd</str>
               </arr>
            </doc>
         </result>
      </response>
   </solr>
   <files>
      <file id="INSTRUMENT" mime="application/msword" url="https://www.iris-database.org/iris/api/resource/york:810402/asset/INSTRUMENT?download=true"/>
   </files>
</record>
