<?xml version="1.0" encoding="ISO-8859-1"?>

<record pid="york:851534">
   <solr>
      <response>
         <lst name="responseHeader">
            <int name="status">0</int>
            <int name="QTime">489</int>
            <lst name="params">
               <str name="q">PID:york?851534</str>
            </lst>
         </lst>
         <result name="response" numfound="1" start="0">
            <doc>
               <str name="PID">york:851534</str>
               <arr name="dc.creator">
                  <str>Heras, Arantxa</str>
               </arr>
               <arr name="dc.date">
                  <str>2015</str>
               </arr>
               <arr name="dc.description">
                  <str>The records for the language background questionnaire; motivation and self-esteem questionnaire and vocabulary test used in this study are all linked in IRIS.</str>
               </arr>
               <arr name="dc.identifier">
                  <str>york:851534</str>
               </arr>
               <str name="dc.title">Vocabulary test</str>
               <str name="dc.title.sort">Vocabulary test</str>
               <arr name="dc.type">
                  <str>Vocabulary test (productive)</str>
                  <str>Picture description</str>
                  <str>Gap-fill / Cloze test</str>
                  <str>Writing test</str>
                  <str>Picture matching test</str>
                  <str>L2 (L3, L4, etc.) to L1</str>
                  <str>http://www.iris-database.org/Instruments</str>
               </arr>
               <arr name="dc2.creator">
                  <str>Heras, Arantxa</str>
               </arr>
               <arr name="dc2.date">
                  <str>2015</str>
               </arr>
               <arr name="dc2.description">
                  <str>The records for the language background questionnaire; motivation and self-esteem questionnaire and vocabulary test used in this study are all linked in IRIS.</str>
               </arr>
               <arr name="dc2.identifier">
                  <str>york:851534</str>
               </arr>
               <str name="dc2.title">Vocabulary test</str>
               <arr name="dc2.type">
                  <str>Vocabulary test (productive)</str>
                  <str>Picture description</str>
                  <str>Gap-fill / Cloze test</str>
                  <str>Writing test</str>
                  <str>Picture matching test</str>
                  <str>L2 (L3, L4, etc.) to L1</str>
                  <str>http://www.iris-database.org/Instruments</str>
               </arr>
               <arr name="dc3.creator">
                  <str>Heras, Arantxa</str>
               </arr>
               <str name="dc3.title">Vocabulary test</str>
               <date name="fgs.createdDate">2015-02-20T16:21:49.814Z</date>
               <date name="fgs.dateCreated.sort">2015-02-20T16:21:49.814Z</date>
               <str name="fgs.label">IRIS Instrument created by YODL workflow.</str>
               <date name="fgs.lastModifiedDate">2017-09-22T12:11:10.305Z</date>
               <str name="fgs.ownerId">iris-580a9f0f-ed9e-4f5f-be7e-877243bddfd0</str>
               <str name="fgs.state">Active</str>
               <arr name="iris.email">
                  <str>mherasai@educacion.navarra.es</str>
               </arr>
               <arr name="iris.feedback.count">
                  <str>0</str>
               </arr>
               <str name="iris.hasmaterials">Records with materials</str>
               <arr name="iris.instrument.author">
                  <str>Heras, Arantxa</str>
               </arr>
               <arr name="iris.instrument.instrumentType">
                  <str>Vocabulary test</str>
                  <str>Productive</str>
                  <str>Speaking test / Oral production test</str>
                  <str>Picture description</str>
                  <str>Gap-fill / Cloze test / Fill in the blank</str>
                  <str>Writing test</str>
                  <str>Picture matching test</str>
                  <str>Translation task</str>
                  <str>L2 (L3, L4, etc.) to L1</str>
               </arr>
               <str name="iris.instrument.instrumentType.alltypes">productive vocabulary test (productive)  picture description picture description  gap-fill / cloze test / fill in the blank gap-fill / cloze test / fill in the blank fill in the blank, cloze,gap fill writing test writing test  picture matching test picture matching test  l2 (l3, l4, etc.) to l1 l2 (l3, l4, etc.) to l1  </str>
               <arr name="iris.instrument.licence">
                  <str>Attribution-NonCommercial-ShareAlike</str>
               </arr>
               <str name="iris.instrument.notes">The records for the language background questionnaire; motivation and self-esteem questionnaire and vocabulary test used in this study are all linked in IRIS.</str>
               <str name="iris.instrument.primaryInstrumentType">Vocabulary test &gt; Productive</str>
               <arr name="iris.instrument.researchArea">
                  <str>Effectiveness of teaching</str>
                  <str>Lexicon (vocabulary)</str>
                  <str>Teaching methods (style, approach, technique)</str>
               </arr>
               <arr name="iris.instrument.secondaryInstrumentType">
                  <str>Speaking test / Oral production test &gt; Picture description</str>
                  <str>Gap-fill / Cloze test / Fill in the blank</str>
                  <str>Writing test</str>
                  <str>Picture matching test</str>
                  <str>Translation task &gt; L2 (L3, L4, etc.) to L1</str>
               </arr>
               <arr name="iris.instrument.title">
                  <str>Vocabulary test</str>
               </arr>
               <arr name="iris.instrument.typeOfFile">
                  <str>Text</str>
               </arr>
               <arr name="iris.participants.firstLanguage">
                  <str>Basque</str>
                  <str>Spanish</str>
               </arr>
               <arr name="iris.participants.participantType">
                  <str>Adolescent learners</str>
                  <str>Foreign language learners</str>
               </arr>
               <arr name="iris.participants.targetLanguage">
                  <str>English</str>
               </arr>
               <arr name="iris.referenceid">
                  <str>2015_Heras_Lasagabaster_The impact of CLIL on affective factors and vocabulary learning</str>
               </arr>
               <str name="iris.references.allauthors">Heras &amp; Lasagabaster (2015)</str>
               <arr name="iris.references.author">
                  <str>Heras, Arantxa</str>
                  <str>Lasagabaster, David</str>
               </arr>
               <str name="iris.references.author.lastnames">heraslasagabaster</str>
               <arr name="iris.references.author.noack">
                  <str>Heras, Arantxa</str>
                  <str>Lasagabaster, David</str>
               </arr>
               <arr name="iris.references.journal">
                  <str>Language Teaching Research</str>
               </arr>
               <arr name="iris.references.publicationDate">
                  <str>2015</str>
               </arr>
               <arr name="iris.references.publicationDateStr">
                  <str>2015</str>
               </arr>
               <arr name="iris.references.publicationType">
                  <str>Journal Article</str>
               </arr>
               <arr name="iris2.email">
                  <str>mherasai@educacion.navarra.es</str>
               </arr>
               <arr name="iris2.feedback.count">
                  <str>0</str>
               </arr>
               <str name="iris2.hasmaterials">Records with materials</str>
               <arr name="iris2.instrument.author">
                  <str>Heras, Arantxa</str>
               </arr>
               <arr name="iris2.instrument.instrumentType">
                  <str>Vocabulary test</str>
                  <str>Productive</str>
                  <str>Speaking test / Oral production test</str>
                  <str>Picture description</str>
                  <str>Gap-fill / Cloze test / Fill in the blank</str>
                  <str>Writing test</str>
                  <str>Picture matching test</str>
                  <str>Translation task</str>
                  <str>L2 (L3, L4, etc.) to L1</str>
               </arr>
               <str name="iris2.instrument.instrumentType.alltypes">productive vocabulary test (productive)  picture description picture description  gap-fill / cloze test / fill in the blank gap-fill / cloze test / fill in the blank fill in the blank, cloze,gap fill writing test writing test  picture matching test picture matching test  l2 (l3, l4, etc.) to l1 l2 (l3, l4, etc.) to l1  </str>
               <arr name="iris2.instrument.licence">
                  <str>Attribution-NonCommercial-ShareAlike</str>
               </arr>
               <str name="iris2.instrument.primaryInstrumentType">Vocabulary test &gt; Productive</str>
               <arr name="iris2.instrument.researchArea">
                  <str>Effectiveness of teaching</str>
                  <str>Lexicon (vocabulary)</str>
                  <str>Teaching methods (style, approach, technique)</str>
               </arr>
               <arr name="iris2.instrument.secondaryInstrumentType">
                  <str>Speaking test / Oral production test &gt; Picture description</str>
                  <str>Gap-fill / Cloze test / Fill in the blank</str>
                  <str>Writing test</str>
                  <str>Picture matching test</str>
                  <str>Translation task &gt; L2 (L3, L4, etc.) to L1</str>
               </arr>
               <arr name="iris2.instrument.typeOfFile">
                  <str>Text</str>
               </arr>
               <arr name="iris2.participants.firstLanguage">
                  <str>Basque</str>
                  <str>Spanish</str>
               </arr>
               <arr name="iris2.participants.participantType">
                  <str>Adolescent learners</str>
                  <str>Foreign language learners</str>
               </arr>
               <arr name="iris2.participants.targetLanguage">
                  <str>English</str>
               </arr>
               <arr name="iris2.referenceid">
                  <str>2015_Heras_Lasagabaster_The impact of CLIL on affective factors and vocabulary learning</str>
               </arr>
               <str name="iris2.references.allauthors">Heras &amp; Lasagabaster (2015)</str>
               <arr name="iris2.references.author">
                  <str>Heras, Arantxa</str>
                  <str>Lasagabaster, David</str>
               </arr>
               <str name="iris2.references.author.lastnames">heraslasagabaster</str>
               <arr name="iris2.references.journal">
                  <str>Language Teaching Research</str>
               </arr>
               <arr name="iris2.references.publicationDate">
                  <str>2015</str>
               </arr>
               <arr name="iris2.references.publicationDateStr">
                  <str>2015</str>
               </arr>
               <arr name="iris2.references.publicationLatestDate">
                  <str>2015</str>
               </arr>
               <arr name="iris2.references.publicationType">
                  <str>Journal Article</str>
               </arr>
               <arr name="oai_dc.dc_xsi:schemaLocation">
                  <str>http://www.openarchives.org/OAI/2.0/oai_dc/ http://www.openarchives.org/OAI/2.0/oai_dc.xsd</str>
                  <str>http://www.openarchives.org/OAI/2.0/oai_dc/ http://www.openarchives.org/OAI/2.0/oai_dc.xsd</str>
                  <str>http://www.openarchives.org/OAI/2.0/oai_dc/ http://www.openarchives.org/OAI/2.0/oai_dc.xsd</str>
               </arr>
            </doc>
         </result>
      </response>
   </solr>
   <files>
      <file id="INSTRUMENT" mime="application/msword" url="https://www.iris-database.org/iris/api/resource/york:851534/asset/INSTRUMENT?download=true"/>
      <file id="INSTRUMENT1" mime="application/msword" url="https://www.iris-database.org/iris/api/resource/york:851534/asset/INSTRUMENT1?download=true"/>
      <file id="INSTRUMENT2" mime="application/msword" url="https://www.iris-database.org/iris/api/resource/york:851534/asset/INSTRUMENT2?download=true"/>
   </files>
</record>
