<?xml version="1.0" encoding="ISO-8859-1"?>

<record pid="york:851824">
   <solr>
      <response>
         <lst name="responseHeader">
            <int name="status">0</int>
            <int name="QTime">491</int>
            <lst name="params">
               <str name="q">PID:york?851824</str>
            </lst>
         </lst>
         <result name="response" numfound="1" start="0">
            <doc>
               <str name="PID">york:851824</str>
               <arr name="dc.creator">
                  <str>Li, Lanlan</str>
                  <str>Chen, Jiliang</str>
                  <str>Sun, Lan</str>
               </arr>
               <arr name="dc.date">
                  <str>2015</str>
               </arr>
               <arr name="dc.description">
                  <str>The speaking tasks and post-task questionnaire used in this study are linked in IRIS. For the speaking tasks, six different amounts of pretask planning time were given (nil, 30 seconds, 1 minute, 2 minutes, 3 minutes,and 5 minutes).</str>
               </arr>
               <arr name="dc.identifier">
                  <str>york:851824</str>
               </arr>
               <arr name="dc.type">
                  <str>Attitude questionnaire</str>
                  <str>Debriefing questionnaire</str>
                  <str>Learning strategy questionnaire</str>
                  <str>http://www.iris-database.org/Instruments</str>
               </arr>
               <arr name="dc2.creator">
                  <str>Li, Lanlan</str>
                  <str>Chen, Jiliang</str>
                  <str>Sun, Lan</str>
               </arr>
               <arr name="dc2.date">
                  <str>2015</str>
               </arr>
               <arr name="dc2.description">
                  <str>The speaking tasks and post-task questionnaire used in this study are linked in IRIS. For the speaking tasks, six different amounts of pretask planning time were given (nil, 30 seconds, 1 minute, 2 minutes, 3 minutes,and 5 minutes).</str>
               </arr>
               <arr name="dc2.identifier">
                  <str>york:851824</str>
               </arr>
               <arr name="dc2.type">
                  <str>Attitude questionnaire</str>
                  <str>Debriefing questionnaire</str>
                  <str>Learning strategy questionnaire</str>
                  <str>http://www.iris-database.org/Instruments</str>
               </arr>
               <arr name="dc3.creator">
                  <str>Li, Lanlan</str>
                  <str>Chen, Jiliang</str>
                  <str>Sun, Lan</str>
               </arr>
               <date name="fgs.createdDate">2015-03-13T11:17:28.901Z</date>
               <date name="fgs.dateCreated.sort">2015-03-13T11:17:28.901Z</date>
               <str name="fgs.label">IRIS Instrument created by YODL workflow.</str>
               <date name="fgs.lastModifiedDate">2017-09-20T16:45:26.513Z</date>
               <str name="fgs.ownerId">iris-a24a89bf-4c33-4fde-99ff-5f2121a5ba0f</str>
               <str name="fgs.state">Active</str>
               <arr name="iris.email">
                  <str>jlchen@ustc.edu.cn</str>
               </arr>
               <arr name="iris.feedback.count">
                  <str>0</str>
               </arr>
               <str name="iris.hasmaterials">Records with materials</str>
               <arr name="iris.instrument.author">
                  <str>Li, Lanlan</str>
                  <str>Chen, Jiliang</str>
                  <str>Sun, Lan</str>
               </arr>
               <arr name="iris.instrument.instrumentType">
                  <str>Questionnaire</str>
                  <str>Attitude questionnaire</str>
                  <str>Questionnaire</str>
                  <str>Debriefing questionnaire</str>
                  <str>Questionnaire</str>
                  <str>Learning strategy questionnaire</str>
               </arr>
               <str name="iris.instrument.instrumentType.alltypes">attitude questionnaire attitude questionnaire  debriefing questionnaire debriefing questionnaire  learning strategy questionnaire learning strategy questionnaire learner strategy questionnaire </str>
               <arr name="iris.instrument.licence">
                  <str>Attribution-NonCommercial-ShareAlike</str>
               </arr>
               <str name="iris.instrument.notes">The speaking tasks and post-task questionnaire used in this study are linked in IRIS. For the speaking tasks, six different amounts of pretask planning time were given (nil, 30 seconds, 1 minute, 2 minutes, 3 minutes,and 5 minutes).</str>
               <str name="iris.instrument.primaryInstrumentType">Questionnaire &gt; Learning strategy questionnaire</str>
               <arr name="iris.instrument.researchArea">
                  <str>Learner strategies</str>
                  <str>Speaking / Oral production</str>
                  <str>Testing</str>
               </arr>
               <arr name="iris.instrument.secondaryInstrumentType">
                  <str>Questionnaire &gt; Attitude questionnaire</str>
                  <str>Questionnaire &gt; Debriefing questionnaire</str>
               </arr>
               <arr name="iris.instrument.typeOfFile">
                  <str>Text</str>
               </arr>
               <arr name="iris.participants.firstLanguage">
                  <str>Chinese</str>
               </arr>
               <arr name="iris.participants.participantType">
                  <str>Foreign language learners</str>
                  <str/>
               </arr>
               <arr name="iris.participants.targetLanguage">
                  <str>English</str>
               </arr>
               <arr name="iris.referenceid">
                  <str>2015_Li_Chen_Sun_The effects of different lengths of pretask planning time on L2 learners' oral test performance</str>
               </arr>
               <str name="iris.references.allauthors">Li, Chen, et al. (2015)</str>
               <arr name="iris.references.author">
                  <str>Li, Lanlan</str>
                  <str>Chen, Jiliang</str>
                  <str>Sun, Lan</str>
               </arr>
               <str name="iris.references.author.lastnames">lichensun</str>
               <arr name="iris.references.author.noack">
                  <str>Li, Lanlan</str>
                  <str>Chen, Jiliang</str>
                  <str>Sun, Lan</str>
               </arr>
               <arr name="iris.references.journal">
                  <str>TESOL Quarterly</str>
               </arr>
               <arr name="iris.references.publicationDate">
                  <str>2015</str>
               </arr>
               <arr name="iris.references.publicationDateStr">
                  <str>2015</str>
               </arr>
               <arr name="iris.references.publicationType">
                  <str>Journal Article</str>
               </arr>
               <arr name="iris2.email">
                  <str>jlchen@ustc.edu.cn</str>
               </arr>
               <arr name="iris2.feedback.count">
                  <str>0</str>
               </arr>
               <str name="iris2.hasmaterials">Records with materials</str>
               <arr name="iris2.instrument.author">
                  <str>Li, Lanlan</str>
                  <str>Chen, Jiliang</str>
                  <str>Sun, Lan</str>
               </arr>
               <arr name="iris2.instrument.instrumentType">
                  <str>Questionnaire</str>
                  <str>Attitude questionnaire</str>
                  <str>Questionnaire</str>
                  <str>Debriefing questionnaire</str>
                  <str>Questionnaire</str>
                  <str>Learning strategy questionnaire</str>
               </arr>
               <str name="iris2.instrument.instrumentType.alltypes">attitude questionnaire attitude questionnaire  debriefing questionnaire debriefing questionnaire  learning strategy questionnaire learning strategy questionnaire learner strategy questionnaire </str>
               <arr name="iris2.instrument.licence">
                  <str>Attribution-NonCommercial-ShareAlike</str>
               </arr>
               <str name="iris2.instrument.primaryInstrumentType">Questionnaire &gt; Learning strategy questionnaire</str>
               <arr name="iris2.instrument.researchArea">
                  <str>Learner strategies</str>
                  <str>Speaking / Oral production</str>
                  <str>Testing</str>
               </arr>
               <arr name="iris2.instrument.secondaryInstrumentType">
                  <str>Questionnaire &gt; Attitude questionnaire</str>
                  <str>Questionnaire &gt; Debriefing questionnaire</str>
               </arr>
               <arr name="iris2.instrument.typeOfFile">
                  <str>Text</str>
               </arr>
               <arr name="iris2.participants.firstLanguage">
                  <str>Chinese</str>
               </arr>
               <arr name="iris2.participants.participantType">
                  <str>Foreign language learners</str>
                  <str/>
               </arr>
               <arr name="iris2.participants.targetLanguage">
                  <str>English</str>
               </arr>
               <arr name="iris2.referenceid">
                  <str>2015_Li_Chen_Sun_The effects of different lengths of pretask planning time on L2 learners' oral test performance</str>
               </arr>
               <str name="iris2.references.allauthors">Li, Chen, et al. (2015)</str>
               <arr name="iris2.references.author">
                  <str>Li, Lanlan</str>
                  <str>Chen, Jiliang</str>
                  <str>Sun, Lan</str>
               </arr>
               <str name="iris2.references.author.lastnames">lichensun</str>
               <arr name="iris2.references.journal">
                  <str>TESOL Quarterly</str>
               </arr>
               <arr name="iris2.references.publicationDate">
                  <str>2015</str>
               </arr>
               <arr name="iris2.references.publicationDateStr">
                  <str>2015</str>
               </arr>
               <arr name="iris2.references.publicationLatestDate">
                  <str>2015</str>
               </arr>
               <arr name="iris2.references.publicationType">
                  <str>Journal Article</str>
               </arr>
               <arr name="oai_dc.dc_xsi:schemaLocation">
                  <str>http://www.openarchives.org/OAI/2.0/oai_dc/ http://www.openarchives.org/OAI/2.0/oai_dc.xsd</str>
                  <str>http://www.openarchives.org/OAI/2.0/oai_dc/ http://www.openarchives.org/OAI/2.0/oai_dc.xsd</str>
               </arr>
            </doc>
         </result>
      </response>
   </solr>
   <files>
      <file id="INSTRUMENT" mime="application/msword" url="https://www.iris-database.org/iris/api/resource/york:851824/asset/INSTRUMENT?download=true"/>
   </files>
</record>
