<?xml version="1.0" encoding="ISO-8859-1"?>

<record pid="york:790788">
   <solr>
      <response>
         <lst name="responseHeader">
            <int name="status">0</int>
            <int name="QTime">443</int>
            <lst name="params">
               <str name="q">PID:york?790788</str>
            </lst>
         </lst>
         <result name="response" numfound="1" start="0">
            <doc>
               <str name="PID">york:790788</str>
               <arr name="dc.creator">
                  <str>Kato, Fumie</str>
               </arr>
               <arr name="dc.date">
                  <str>2009</str>
               </arr>
               <arr name="dc.format">
                  <str>English</str>
               </arr>
               <arr name="dc.identifier">
                  <str>york:790788</str>
               </arr>
               <arr name="dc.type">
                  <str>Stimulated recall</str>
                  <str>Attitude questionnaire</str>
                  <str>Self-efficacy questionnaire</str>
                  <str>Goal and self-assessment tools</str>
                  <str>http://www.iris-database.org/Instruments</str>
               </arr>
               <arr name="dc2.creator">
                  <str>Kato, Fumie</str>
               </arr>
               <arr name="dc2.date">
                  <str>2009</str>
               </arr>
               <arr name="dc2.format">
                  <str>English</str>
               </arr>
               <arr name="dc2.identifier">
                  <str>york:790788</str>
               </arr>
               <arr name="dc2.type">
                  <str>Stimulated recall</str>
                  <str>Attitude questionnaire</str>
                  <str>Self-efficacy questionnaire</str>
                  <str>Goal and self-assessment tools</str>
                  <str>http://www.iris-database.org/Instruments</str>
               </arr>
               <arr name="dc3.creator">
                  <str>Kato, Fumie</str>
               </arr>
               <date name="fgs.createdDate">2012-03-16T14:09:33.008Z</date>
               <date name="fgs.dateCreated.sort">2012-03-16T14:09:33.008Z</date>
               <str name="fgs.label">IRIS Instrument created by YODL workflow.</str>
               <date name="fgs.lastModifiedDate">2017-11-12T08:41:47.208Z</date>
               <str name="fgs.ownerId">fedoraAdmin</str>
               <str name="fgs.state">Active</str>
               <arr name="iris.email">
                  <str>fkato@uncc.edu</str>
               </arr>
               <arr name="iris.feedback.count">
                  <str>1</str>
               </arr>
               <arr name="iris.feedback.email_1">
                  <str>map1v10@soton.ac.uk</str>
               </arr>
               <arr name="iris.feedback.published_1">
                  <str>false</str>
               </arr>
               <arr name="iris.feedback.time_1">
                  <str>9 Jul 2014 14:11:06 GMT</str>
               </arr>
               <str name="iris.hasmaterials">Records with materials</str>
               <arr name="iris.instrument.author">
                  <str>Kato, Fumie</str>
               </arr>
               <arr name="iris.instrument.dataType">
                  <str>Judgements</str>
               </arr>
               <arr name="iris.instrument.dataType.alternate">
                  <str/>
               </arr>
               <arr name="iris.instrument.instrumentType">
                  <str>Stimulated recall</str>
                  <str>Questionnaire</str>
                  <str>Attitude questionnaire</str>
                  <str>Questionnaire</str>
                  <str>Self-efficacy questionnaire</str>
                  <str>Sentence manipulation test</str>
               </arr>
               <str name="iris.instrument.instrumentType.alltypes">stimulated recall stimulated recall  attitude questionnaire attitude questionnaire  self-efficacy questionnaire self-efficacy questionnaire  sentence manipulation test sentence manipulation test  </str>
               <arr name="iris.instrument.licence">
                  <str>Attribution-NonCommercial-ShareAlike</str>
               </arr>
               <str name="iris.instrument.primaryInstrumentType">Sentence manipulation test</str>
               <arr name="iris.instrument.researchArea">
                  <str>Self-efficacy</str>
                  <str>Acquisition</str>
               </arr>
               <arr name="iris.instrument.secondaryInstrumentType">
                  <str>Stimulated recall</str>
                  <str>Questionnaire &gt; Attitude questionnaire</str>
                  <str>Questionnaire &gt; Self-efficacy questionnaire</str>
               </arr>
               <arr name="iris.instrument.sourceLanguage">
                  <str>English</str>
               </arr>
               <arr name="iris.instrument.typeOfFile">
                  <str>Text</str>
               </arr>
               <arr name="iris.participants.gender">
                  <str>mixed</str>
               </arr>
               <arr name="iris.participants.participantType">
                  <str>Foreign language learners</str>
               </arr>
               <arr name="iris.participants.proficiencyLearner">
                  <str>Beginner to advanced</str>
               </arr>
               <arr name="iris.participants.targetLanguage">
                  <str>Japanese</str>
               </arr>
               <arr name="iris.referenceid">
                  <str>2009_Kato_Student preferences: Goal-setting and self-assessment activities in a tertiary education environment</str>
               </arr>
               <str name="iris.references.allauthors">Kato (2009)</str>
               <arr name="iris.references.author">
                  <str>Kato, Fumie</str>
               </arr>
               <str name="iris.references.author.lastnames">kato</str>
               <arr name="iris.references.author.noack">
                  <str>Kato, Fumie</str>
               </arr>
               <arr name="iris.references.journal">
                  <str>Language Teaching Research</str>
               </arr>
               <arr name="iris.references.publicationDate">
                  <str>2009</str>
               </arr>
               <arr name="iris.references.publicationDateStr">
                  <str>2009</str>
               </arr>
               <arr name="iris.references.publicationType">
                  <str>Journal Article</str>
               </arr>
               <arr name="iris2.email">
                  <str>fkato@uncc.edu</str>
               </arr>
               <arr name="iris2.feedback.count">
                  <str>1</str>
               </arr>
               <arr name="iris2.feedback.email_1">
                  <str>map1v10@soton.ac.uk</str>
               </arr>
               <arr name="iris2.feedback.published_1">
                  <str>false</str>
               </arr>
               <arr name="iris2.feedback.time_1">
                  <str>9 Jul 2014 14:11:06 GMT</str>
               </arr>
               <str name="iris2.hasmaterials">Records with materials</str>
               <arr name="iris2.instrument.author">
                  <str>Kato, Fumie</str>
               </arr>
               <arr name="iris2.instrument.dataType">
                  <str>Judgements</str>
               </arr>
               <arr name="iris2.instrument.instrumentType">
                  <str>Stimulated recall</str>
                  <str>Questionnaire</str>
                  <str>Attitude questionnaire</str>
                  <str>Questionnaire</str>
                  <str>Self-efficacy questionnaire</str>
                  <str>Sentence manipulation test</str>
               </arr>
               <str name="iris2.instrument.instrumentType.alltypes">stimulated recall stimulated recall  attitude questionnaire attitude questionnaire  self-efficacy questionnaire self-efficacy questionnaire  sentence manipulation test sentence manipulation test  </str>
               <arr name="iris2.instrument.licence">
                  <str>Attribution-NonCommercial-ShareAlike</str>
               </arr>
               <str name="iris2.instrument.primaryInstrumentType">Sentence manipulation test</str>
               <arr name="iris2.instrument.researchArea">
                  <str>Self-efficacy</str>
                  <str>Acquisition</str>
               </arr>
               <arr name="iris2.instrument.secondaryInstrumentType">
                  <str>Stimulated recall</str>
                  <str>Questionnaire &gt; Attitude questionnaire</str>
                  <str>Questionnaire &gt; Self-efficacy questionnaire</str>
               </arr>
               <arr name="iris2.instrument.sourceLanguage">
                  <str>English</str>
               </arr>
               <arr name="iris2.instrument.typeOfFile">
                  <str>Text</str>
               </arr>
               <arr name="iris2.participants.gender">
                  <str>mixed</str>
               </arr>
               <arr name="iris2.participants.participantType">
                  <str>Foreign language learners</str>
               </arr>
               <arr name="iris2.participants.proficiencyLearner">
                  <str>Beginner to advanced</str>
               </arr>
               <arr name="iris2.participants.targetLanguage">
                  <str>Japanese</str>
               </arr>
               <arr name="iris2.referenceid">
                  <str>2009_Kato_Student preferences: Goal-setting and self-assessment activities in a tertiary education environment</str>
               </arr>
               <str name="iris2.references.allauthors">Kato (2009)</str>
               <arr name="iris2.references.author">
                  <str>Kato, Fumie</str>
               </arr>
               <str name="iris2.references.author.lastnames">kato</str>
               <arr name="iris2.references.journal">
                  <str>Language Teaching Research</str>
               </arr>
               <arr name="iris2.references.publicationDate">
                  <str>2009</str>
               </arr>
               <arr name="iris2.references.publicationDateStr">
                  <str>2009</str>
               </arr>
               <arr name="iris2.references.publicationLatestDate">
                  <str>2009</str>
               </arr>
               <arr name="iris2.references.publicationType">
                  <str>Journal Article</str>
               </arr>
               <arr name="oai_dc.dc_xsi:schemaLocation">
                  <str>http://www.openarchives.org/OAI/2.0/oai_dc/ http://www.openarchives.org/OAI/2.0/oai_dc.xsd</str>
                  <str>http://www.openarchives.org/OAI/2.0/oai_dc/ http://www.openarchives.org/OAI/2.0/oai_dc.xsd</str>
                  <str>http://www.openarchives.org/OAI/2.0/oai_dc/ http://www.openarchives.org/OAI/2.0/oai_dc.xsd</str>
               </arr>
            </doc>
         </result>
      </response>
   </solr>
   <files>
      <file id="INSTRUMENT2" mime="application/msword" url="https://www.iris-database.org/iris/api/resource/york:790788/asset/INSTRUMENT2?download=true"/>
      <file id="INSTRUMENT3" mime="application/vnd.openxmlformats-officedocument.wordprocessingml.document" url="https://www.iris-database.org/iris/api/resource/york:790788/asset/INSTRUMENT3?download=true"/>
      <file id="INSTRUMENT4" mime="application/msword" url="https://www.iris-database.org/iris/api/resource/york:790788/asset/INSTRUMENT4?download=true"/>
      <file id="INSTRUMENT5" mime="application/msword" url="https://www.iris-database.org/iris/api/resource/york:790788/asset/INSTRUMENT5?download=true"/>
   </files>
</record>
