<?xml version="1.0" encoding="ISO-8859-1"?>

<record pid="york:847880">
   <solr>
      <response>
         <lst name="responseHeader">
            <int name="status">0</int>
            <int name="QTime">488</int>
            <lst name="params">
               <str name="q">PID:york?847880</str>
            </lst>
         </lst>
         <result name="response" numfound="1" start="0">
            <doc>
               <str name="PID">york:847880</str>
               <arr name="dc.creator">
                  <str>Dugarova, Esuna</str>
               </arr>
               <arr name="dc.date">
                  <str>2014</str>
               </arr>
               <arr name="dc.format">
                  <str>Russian</str>
                  <str>Chinese</str>
               </arr>
               <arr name="dc.identifier">
                  <str>york:847880</str>
               </arr>
               <str name="dc.title">wh-topicalization AJT</str>
               <str name="dc.title.sort">wh-topicalization AJT</str>
               <arr name="dc.type">
                  <str>Grammaticality judgement sentences or acceptability judgement</str>
                  <str>http://www.iris-database.org/Instruments</str>
               </arr>
               <arr name="dc2.creator">
                  <str>Dugarova, Esuna</str>
               </arr>
               <arr name="dc2.date">
                  <str>2014</str>
               </arr>
               <arr name="dc2.format">
                  <str>Russian</str>
                  <str>Chinese</str>
               </arr>
               <arr name="dc2.identifier">
                  <str>york:847880</str>
               </arr>
               <str name="dc2.title">wh-topicalization AJT</str>
               <arr name="dc2.type">
                  <str>Grammaticality judgement sentences or acceptability judgement</str>
                  <str>http://www.iris-database.org/Instruments</str>
               </arr>
               <arr name="dc3.creator">
                  <str>Dugarova, Esuna</str>
               </arr>
               <str name="dc3.title">wh-topicalization AJT</str>
               <date name="fgs.createdDate">2015-02-03T11:43:45.41Z</date>
               <date name="fgs.dateCreated.sort">2015-02-03T11:43:45.41Z</date>
               <str name="fgs.label">IRIS Instrument created by YODL workflow.</str>
               <date name="fgs.lastModifiedDate">2015-02-03T11:43:48.393Z</date>
               <str name="fgs.ownerId">iris-580a9f0f-ed9e-4f5f-be7e-877243bddfd0</str>
               <str name="fgs.state">Active</str>
               <arr name="iris.email">
                  <str>esuna@cantab.net</str>
               </arr>
               <arr name="iris.feedback.count">
                  <str>0</str>
               </arr>
               <str name="iris.hasmaterials">Records with information only (materials not yet held)</str>
               <arr name="iris.instrument.author">
                  <str>Dugarova, Esuna</str>
               </arr>
               <arr name="iris.instrument.instrumentType">
                  <str>Grammaticality / Acceptability judgement test</str>
               </arr>
               <str name="iris.instrument.instrumentType.alltypes">grammaticality / acceptability judgement test grammaticality / acceptability judgement test grammaticality judgement sentences,grammaticality judgement test,acceptability judgement test,gjt,grammaticality judgment test </str>
               <arr name="iris.instrument.licence">
                  <str>Attribution-NonCommercial-ShareAlike</str>
               </arr>
               <str name="iris.instrument.primaryInstrumentType">Grammaticality / Acceptability judgement test</str>
               <arr name="iris.instrument.researchArea">
                  <str>Acquisition</str>
                  <str>Discourse</str>
                  <str>Cross-linguistic influence</str>
                  <str>Morphosyntax (grammar)</str>
               </arr>
               <arr name="iris.instrument.sourceLanguage">
                  <str>Russian</str>
                  <str>Chinese</str>
               </arr>
               <arr name="iris.instrument.title">
                  <str>wh-topicalization AJT</str>
               </arr>
               <arr name="iris.instrument.typeOfFile">
                  <str>Software</str>
               </arr>
               <arr name="iris.participants.firstLanguage">
                  <str>Russian</str>
                  <str>Chinese</str>
               </arr>
               <arr name="iris.participants.participantType">
                  <str>Foreign language learners</str>
               </arr>
               <arr name="iris.participants.targetLanguage">
                  <str>Chinese</str>
               </arr>
               <arr name="iris.referenceid">
                  <str>2014_Dugarova_Russian speakers' L2 Chinese acquisition of wh-topicalization at the syntax-discourse interface</str>
               </arr>
               <str name="iris.references.allauthors">Dugarova (2014)</str>
               <arr name="iris.references.author">
                  <str>Dugarova, Esuna</str>
               </arr>
               <str name="iris.references.author.lastnames">dugarova</str>
               <arr name="iris.references.author.noack">
                  <str>Dugarova, Esuna</str>
               </arr>
               <arr name="iris.references.journal">
                  <str>Second Language Research</str>
               </arr>
               <arr name="iris.references.publicationDate">
                  <str>2014</str>
               </arr>
               <arr name="iris.references.publicationDateStr">
                  <str>2014</str>
               </arr>
               <arr name="iris.references.publicationType">
                  <str>Journal Article</str>
               </arr>
               <arr name="iris2.email">
                  <str>esuna@cantab.net</str>
               </arr>
               <arr name="iris2.feedback.count">
                  <str>0</str>
               </arr>
               <str name="iris2.hasmaterials">Records with information only (materials not yet held)</str>
               <arr name="iris2.instrument.author">
                  <str>Dugarova, Esuna</str>
               </arr>
               <arr name="iris2.instrument.instrumentType">
                  <str>Grammaticality / Acceptability judgement test</str>
               </arr>
               <str name="iris2.instrument.instrumentType.alltypes">grammaticality / acceptability judgement test grammaticality / acceptability judgement test grammaticality judgement sentences,grammaticality judgement test,acceptability judgement test,gjt,grammaticality judgment test </str>
               <arr name="iris2.instrument.licence">
                  <str>Attribution-NonCommercial-ShareAlike</str>
               </arr>
               <str name="iris2.instrument.primaryInstrumentType">Grammaticality / Acceptability judgement test</str>
               <arr name="iris2.instrument.researchArea">
                  <str>Acquisition</str>
                  <str>Discourse</str>
                  <str>Cross-linguistic influence</str>
                  <str>Morphosyntax (grammar)</str>
               </arr>
               <arr name="iris2.instrument.sourceLanguage">
                  <str>Russian</str>
                  <str>Chinese</str>
               </arr>
               <arr name="iris2.instrument.typeOfFile">
                  <str>Software</str>
               </arr>
               <arr name="iris2.participants.firstLanguage">
                  <str>Russian</str>
                  <str>Chinese</str>
               </arr>
               <arr name="iris2.participants.participantType">
                  <str>Foreign language learners</str>
               </arr>
               <arr name="iris2.participants.targetLanguage">
                  <str>Chinese</str>
               </arr>
               <arr name="iris2.referenceid">
                  <str>2014_Dugarova_Russian speakers' L2 Chinese acquisition of wh-topicalization at the syntax-discourse interface</str>
               </arr>
               <str name="iris2.references.allauthors">Dugarova (2014)</str>
               <arr name="iris2.references.author">
                  <str>Dugarova, Esuna</str>
               </arr>
               <str name="iris2.references.author.lastnames">dugarova</str>
               <arr name="iris2.references.journal">
                  <str>Second Language Research</str>
               </arr>
               <arr name="iris2.references.publicationDate">
                  <str>2014</str>
               </arr>
               <arr name="iris2.references.publicationDateStr">
                  <str>2014</str>
               </arr>
               <arr name="iris2.references.publicationLatestDate">
                  <str>2014</str>
               </arr>
               <arr name="iris2.references.publicationType">
                  <str>Journal Article</str>
               </arr>
               <arr name="oai_dc.dc_xsi:schemaLocation">
                  <str>http://www.openarchives.org/OAI/2.0/oai_dc/ http://www.openarchives.org/OAI/2.0/oai_dc.xsd</str>
                  <str>http://www.openarchives.org/OAI/2.0/oai_dc/ http://www.openarchives.org/OAI/2.0/oai_dc.xsd</str>
               </arr>
            </doc>
         </result>
      </response>
   </solr>
   <files/>
</record>
