<?xml version="1.0" encoding="ISO-8859-1"?>

<record pid="york:816260">
   <solr>
      <response>
         <lst name="responseHeader">
            <int name="status">0</int>
            <int name="QTime">503</int>
            <lst name="params">
               <str name="q">PID:york?816260</str>
            </lst>
         </lst>
         <result name="response" numfound="1" start="0">
            <doc>
               <str name="PID">york:816260</str>
               <arr name="dc.creator">
                  <str>Busse, Vera</str>
               </arr>
               <arr name="dc.date">
                  <str>2013</str>
                  <str>in press</str>
                  <str>2013</str>
                  <str>2010</str>
               </arr>
               <arr name="dc.description">
                  <str>For more information on the research instruments (reliability etc.), please see publications.</str>
               </arr>
               <arr name="dc.type">
                  <str>Interview protocol</str>
                  <str>Attitude questionnaire</str>
                  <str>Questionnaire</str>
                  <str>Self-efficacy questionnaire</str>
                  <str>http://www.iris-database.org/Instruments</str>
               </arr>
               <arr name="dc2.creator">
                  <str>Busse, Vera</str>
               </arr>
               <arr name="dc2.date">
                  <str>2013</str>
                  <str>in press</str>
                  <str>2013</str>
                  <str>2010</str>
               </arr>
               <arr name="dc2.description">
                  <str>For more information on the research instruments (reliability etc.), please see publications.</str>
               </arr>
               <arr name="dc2.type">
                  <str>Interview protocol</str>
                  <str>Attitude questionnaire</str>
                  <str>Questionnaire</str>
                  <str>Self-efficacy questionnaire</str>
                  <str>http://www.iris-database.org/Instruments</str>
               </arr>
               <arr name="dc3.creator">
                  <str>Busse, Vera</str>
               </arr>
               <date name="fgs.createdDate">2013-09-19T12:38:50.975Z</date>
               <date name="fgs.dateCreated.sort">2013-09-19T12:38:50.975Z</date>
               <str name="fgs.label">IRIS Instrument created by YODL workflow.</str>
               <date name="fgs.lastModifiedDate">2017-11-13T01:47:38.235Z</date>
               <str name="fgs.ownerId">iris-15a97d20-c6fb-4538-b0de-0f42d69bfee4</str>
               <str name="fgs.state">Active</str>
               <arr name="iris.email">
                  <str>vera.busse@uni-oldenburg.de/ vera.busse@gmail.com</str>
               </arr>
               <arr name="iris.feedback.count">
                  <str>0</str>
               </arr>
               <str name="iris.hasmaterials">Records with materials</str>
               <arr name="iris.instrument.author">
                  <str>Busse, Vera</str>
               </arr>
               <arr name="iris.instrument.instrumentType">
                  <str>Interview protocol / schedule</str>
                  <str>Questionnaire</str>
                  <str>Attitude questionnaire</str>
                  <str>Questionnaire</str>
                  <str>Other questionnaire</str>
                  <str>Questionnaire</str>
                  <str>Self-efficacy questionnaire</str>
               </arr>
               <str name="iris.instrument.instrumentType.alltypes">interview protocol / schedule interview protocol / schedule interview schedule attitude questionnaire attitude questionnaire  other questionnaire questionnaire  self-efficacy questionnaire self-efficacy questionnaire  </str>
               <arr name="iris.instrument.licence">
                  <str>Attribution-NonCommercial-ShareAlike</str>
               </arr>
               <str name="iris.instrument.notes">For more information on the research instruments (reliability etc.), please see publications.</str>
               <str name="iris.instrument.primaryInstrumentType">Questionnaire &gt; Other questionnaire</str>
               <arr name="iris.instrument.researchArea">
                  <str>Self-efficacy</str>
                  <str>Motivation</str>
               </arr>
               <arr name="iris.instrument.secondaryInstrumentType">
                  <str>Interview protocol / schedule</str>
                  <str>Questionnaire &gt; Attitude questionnaire</str>
                  <str>Questionnaire &gt; Self-efficacy questionnaire</str>
               </arr>
               <arr name="iris.instrument.typeOfFile">
                  <str>Text</str>
               </arr>
               <arr name="iris.participants.firstLanguage">
                  <str>English</str>
               </arr>
               <arr name="iris.participants.gender">
                  <str>mixed</str>
               </arr>
               <arr name="iris.participants.participantType">
                  <str>Foreign language learners</str>
               </arr>
               <arr name="iris.participants.proficiencyLearner">
                  <str>Intermediate/advanced</str>
               </arr>
               <arr name="iris.participants.targetLanguage">
                  <str>German</str>
               </arr>
               <arr name="iris.referenceid">
                  <str>2013_Busse_An exploration of motivation and self-beliefs of first year students of German</str>
                  <str>in press_Busse_How do students of German perceive feedback practices at university? A motivational analysis</str>
                  <str>2013_Busse_Walter_Foreign language learning motivation in higher education: A longitudinal study of motivational changes and their causes</str>
                  <str>2010_Busse_Williams_Why German? Motivation of students studying German at English universities</str>
                  <str>Ryan_The ideal L2 selves of Japanese learners of English</str>
               </arr>
               <str name="iris.references.allauthors">Busse (2013); Busse (in press); Busse &amp; Walter (2013); Busse &amp; Williams (2010)</str>
               <arr name="iris.references.author">
                  <str>Busse, Vera</str>
                  <str>Busse, Vera</str>
                  <str>Busse, Vera</str>
                  <str>Walter, C</str>
                  <str>Busse, Vera</str>
                  <str>Williams, M.</str>
                  <str>Ryan, S.</str>
               </arr>
               <str name="iris.references.author.lastnames">bussebussebussewalterbussewilliamsryan</str>
               <arr name="iris.references.author.noack">
                  <str>Busse, Vera</str>
                  <str>Busse, Vera</str>
                  <str>Busse, Vera</str>
                  <str>Walter, C</str>
                  <str>Busse, Vera</str>
                  <str>Williams, M.</str>
               </arr>
               <arr name="iris.references.journal">
                  <str>System</str>
                  <str>Journal of Second Language Writing</str>
                  <str>The Modern Language Journal</str>
                  <str>The Language Learning Journal</str>
               </arr>
               <arr name="iris.references.publicationDate">
                  <str>2013</str>
                  <str>in press</str>
                  <str>2013</str>
                  <str>2010</str>
                  <str>2008</str>
               </arr>
               <arr name="iris.references.publicationDateStr">
                  <str>2013</str>
                  <str>in press</str>
                  <str>2013</str>
                  <str>2010</str>
                  <str>2008</str>
               </arr>
               <arr name="iris.references.publicationType">
                  <str>Journal Article</str>
                  <str>Journal Article</str>
                  <str>Journal Article</str>
                  <str>Journal Article</str>
                  <str>Thesis</str>
               </arr>
               <arr name="iris2.email">
                  <str>vera.busse@uni-oldenburg.de/ vera.busse@gmail.com</str>
               </arr>
               <arr name="iris2.feedback.count">
                  <str>0</str>
               </arr>
               <str name="iris2.hasmaterials">Records with materials</str>
               <arr name="iris2.instrument.author">
                  <str>Busse, Vera</str>
               </arr>
               <arr name="iris2.instrument.instrumentType">
                  <str>Interview protocol / schedule</str>
                  <str>Questionnaire</str>
                  <str>Attitude questionnaire</str>
                  <str>Questionnaire</str>
                  <str>Other questionnaire</str>
                  <str>Questionnaire</str>
                  <str>Self-efficacy questionnaire</str>
               </arr>
               <str name="iris2.instrument.instrumentType.alltypes">interview protocol / schedule interview protocol / schedule interview schedule attitude questionnaire attitude questionnaire  other questionnaire questionnaire  self-efficacy questionnaire self-efficacy questionnaire  </str>
               <arr name="iris2.instrument.licence">
                  <str>Attribution-NonCommercial-ShareAlike</str>
               </arr>
               <str name="iris2.instrument.primaryInstrumentType">Questionnaire &gt; Other questionnaire</str>
               <arr name="iris2.instrument.researchArea">
                  <str>Self-efficacy</str>
                  <str>Motivation</str>
               </arr>
               <arr name="iris2.instrument.secondaryInstrumentType">
                  <str>Interview protocol / schedule</str>
                  <str>Questionnaire &gt; Attitude questionnaire</str>
                  <str>Questionnaire &gt; Self-efficacy questionnaire</str>
               </arr>
               <arr name="iris2.instrument.typeOfFile">
                  <str>Text</str>
               </arr>
               <arr name="iris2.participants.firstLanguage">
                  <str>English</str>
               </arr>
               <arr name="iris2.participants.gender">
                  <str>mixed</str>
               </arr>
               <arr name="iris2.participants.participantType">
                  <str>Foreign language learners</str>
               </arr>
               <arr name="iris2.participants.proficiencyLearner">
                  <str>Intermediate/advanced</str>
               </arr>
               <arr name="iris2.participants.targetLanguage">
                  <str>German</str>
               </arr>
               <arr name="iris2.referenceid">
                  <str>2013_Busse_An exploration of motivation and self-beliefs of first year students of German</str>
                  <str>in press_Busse_How do students of German perceive feedback practices at university? A motivational analysis</str>
                  <str>2013_Busse_Walter_Foreign language learning motivation in higher education: A longitudinal study of motivational changes and their causes</str>
                  <str>2010_Busse_Williams_Why German? Motivation of students studying German at English universities</str>
                  <str>Ryan_The ideal L2 selves of Japanese learners of English</str>
               </arr>
               <str name="iris2.references.allauthors">Busse (2013); Busse (in press); Busse &amp; Walter (2013); Busse &amp; Williams (2010)</str>
               <arr name="iris2.references.author">
                  <str>Busse, Vera</str>
                  <str>Busse, Vera</str>
                  <str>Busse, Vera</str>
                  <str>Walter, C</str>
                  <str>Busse, Vera</str>
                  <str>Williams, M.</str>
                  <str>Ryan, S.</str>
               </arr>
               <str name="iris2.references.author.lastnames">bussebussebussewalterbussewilliamsryan</str>
               <arr name="iris2.references.journal">
                  <str>System</str>
                  <str>Journal of Second Language Writing</str>
                  <str>The Modern Language Journal</str>
                  <str>The Language Learning Journal</str>
               </arr>
               <arr name="iris2.references.publicationDate">
                  <str>2013</str>
                  <str>in press</str>
                  <str>2013</str>
                  <str>2010</str>
                  <str>2008</str>
               </arr>
               <arr name="iris2.references.publicationDateStr">
                  <str>2013</str>
                  <str>in press</str>
                  <str>2013</str>
                  <str>2010</str>
                  <str>2008</str>
               </arr>
               <arr name="iris2.references.publicationLatestDate">
                  <str>2013</str>
               </arr>
               <arr name="iris2.references.publicationType">
                  <str>Journal Article</str>
                  <str>Journal Article</str>
                  <str>Journal Article</str>
                  <str>Journal Article</str>
                  <str>Thesis</str>
               </arr>
               <arr name="oai_dc.dc_xsi:schemaLocation">
                  <str>http://www.openarchives.org/OAI/2.0/oai_dc/ http://www.openarchives.org/OAI/2.0/oai_dc.xsd</str>
               </arr>
            </doc>
         </result>
      </response>
   </solr>
   <files>
      <file id="INSTRUMENT" mime="application/vnd.openxmlformats-officedocument.wordprocessingml.document" url="https://www.iris-database.org/iris/api/resource/york:816260/asset/INSTRUMENT?download=true"/>
   </files>
</record>
