<?xml version="1.0" encoding="ISO-8859-1"?>

<record pid="york:815156">
   <solr>
      <response>
         <lst name="responseHeader">
            <int name="status">0</int>
            <int name="QTime">547</int>
            <lst name="params">
               <str name="q">PID:york?815156</str>
            </lst>
         </lst>
         <result name="response" numfound="1" start="0">
            <doc>
               <str name="PID">york:815156</str>
               <arr name="dc.creator">
                  <str>Sato, Masatoshi</str>
                  <str>Lyster, Roy</str>
               </arr>
               <arr name="dc.date">
                  <str>2012</str>
               </arr>
               <arr name="dc.format">
                  <str>Not Applicable</str>
               </arr>
               <arr name="dc.identifier">
                  <str>york:815156</str>
               </arr>
               <arr name="dc.type">
                  <str>Picture description</str>
                  <str>http://www.iris-database.org/Instruments</str>
               </arr>
               <arr name="dc2.creator">
                  <str>Sato, Masatoshi</str>
                  <str>Lyster, Roy</str>
               </arr>
               <arr name="dc2.date">
                  <str>2012</str>
               </arr>
               <arr name="dc2.format">
                  <str>Not Applicable</str>
               </arr>
               <arr name="dc2.identifier">
                  <str>york:815156</str>
               </arr>
               <arr name="dc2.type">
                  <str>Picture description</str>
                  <str>http://www.iris-database.org/Instruments</str>
               </arr>
               <arr name="dc3.creator">
                  <str>Sato, Masatoshi</str>
                  <str>Lyster, Roy</str>
               </arr>
               <date name="fgs.createdDate">2013-08-19T19:18:06.695Z</date>
               <date name="fgs.dateCreated.sort">2013-08-19T19:18:06.695Z</date>
               <str name="fgs.label">IRIS Instrument created by YODL workflow.</str>
               <date name="fgs.lastModifiedDate">2017-10-07T15:22:18.734Z</date>
               <str name="fgs.ownerId">iris-4e0d4d78-f1a0-4811-989f-633a0f4a9cc4</str>
               <str name="fgs.state">Active</str>
               <arr name="iris.email">
                  <str>masatoshi.sato@mail.mcgill.ca</str>
               </arr>
               <arr name="iris.feedback.count">
                  <str>0</str>
               </arr>
               <str name="iris.hasmaterials">Records with materials</str>
               <arr name="iris.instrument.author">
                  <str>Sato, Masatoshi</str>
                  <str>Lyster, Roy</str>
               </arr>
               <arr name="iris.instrument.dataType">
                  <str>Oral production</str>
               </arr>
               <arr name="iris.instrument.dataType.alternate">
                  <str/>
               </arr>
               <arr name="iris.instrument.funder">
                  <str>Social Sciences and Humanities Research Council</str>
               </arr>
               <arr name="iris.instrument.instrumentType">
                  <str>Speaking test / Oral production test</str>
                  <str>Picture description</str>
               </arr>
               <str name="iris.instrument.instrumentType.alltypes">picture description picture description  </str>
               <arr name="iris.instrument.licence">
                  <str>Attribution-NonCommercial-ShareAlike</str>
               </arr>
               <arr name="iris.instrument.linguisticTarget">
                  <str>Tense</str>
               </arr>
               <str name="iris.instrument.primaryInstrumentType">Speaking test / Oral production test &gt; Picture description</str>
               <arr name="iris.instrument.researchArea">
                  <str>Acquisition</str>
                  <str>Speaking / Oral production</str>
               </arr>
               <arr name="iris.instrument.typeOfFile">
                  <str>Still Image</str>
               </arr>
               <arr name="iris.participants.firstLanguage">
                  <str>Japanese</str>
               </arr>
               <arr name="iris.participants.gender">
                  <str>mixed</str>
               </arr>
               <arr name="iris.participants.participantType">
                  <str>Foreign language learners</str>
               </arr>
               <arr name="iris.participants.proficiencyLearner">
                  <str>Pre-intermediate</str>
               </arr>
               <arr name="iris.participants.targetLanguage">
                  <str>English</str>
               </arr>
               <arr name="iris.referenceid">
                  <str>2012_Sato_Lyster_Peer interaction and corrective feedback for accuracy and fluency development: Monitoring, practice, and proceduralization</str>
               </arr>
               <str name="iris.references.allauthors">Sato &amp; Lyster (2012)</str>
               <arr name="iris.references.author">
                  <str>Sato, Masatoshi</str>
                  <str>Lyster, Roy</str>
               </arr>
               <str name="iris.references.author.lastnames">satolyster</str>
               <arr name="iris.references.author.noack">
                  <str>Sato, Masatoshi</str>
                  <str>Lyster, Roy</str>
               </arr>
               <arr name="iris.references.journal">
                  <str>Studies in Second Language Acquisition</str>
               </arr>
               <arr name="iris.references.publicationDate">
                  <str>2012</str>
               </arr>
               <arr name="iris.references.publicationDateStr">
                  <str>2012</str>
               </arr>
               <arr name="iris.references.publicationType">
                  <str>Journal Article</str>
               </arr>
               <arr name="iris2.email">
                  <str>masatoshi.sato@mail.mcgill.ca</str>
               </arr>
               <arr name="iris2.feedback.count">
                  <str>0</str>
               </arr>
               <str name="iris2.hasmaterials">Records with materials</str>
               <arr name="iris2.instrument.author">
                  <str>Sato, Masatoshi</str>
                  <str>Lyster, Roy</str>
               </arr>
               <arr name="iris2.instrument.dataType">
                  <str>Oral production</str>
               </arr>
               <arr name="iris2.instrument.funder">
                  <str>Social Sciences and Humanities Research Council</str>
               </arr>
               <arr name="iris2.instrument.instrumentType">
                  <str>Speaking test / Oral production test</str>
                  <str>Picture description</str>
               </arr>
               <str name="iris2.instrument.instrumentType.alltypes">picture description picture description  </str>
               <arr name="iris2.instrument.licence">
                  <str>Attribution-NonCommercial-ShareAlike</str>
               </arr>
               <arr name="iris2.instrument.linguisticTarget">
                  <str>Tense</str>
               </arr>
               <str name="iris2.instrument.primaryInstrumentType">Speaking test / Oral production test &gt; Picture description</str>
               <arr name="iris2.instrument.researchArea">
                  <str>Acquisition</str>
                  <str>Speaking / Oral production</str>
               </arr>
               <arr name="iris2.instrument.typeOfFile">
                  <str>Still Image</str>
               </arr>
               <arr name="iris2.participants.firstLanguage">
                  <str>Japanese</str>
               </arr>
               <arr name="iris2.participants.gender">
                  <str>mixed</str>
               </arr>
               <arr name="iris2.participants.participantType">
                  <str>Foreign language learners</str>
               </arr>
               <arr name="iris2.participants.proficiencyLearner">
                  <str>Pre-intermediate</str>
               </arr>
               <arr name="iris2.participants.targetLanguage">
                  <str>English</str>
               </arr>
               <arr name="iris2.referenceid">
                  <str>2012_Sato_Lyster_Peer interaction and corrective feedback for accuracy and fluency development: Monitoring, practice, and proceduralization</str>
               </arr>
               <str name="iris2.references.allauthors">Sato &amp; Lyster (2012)</str>
               <arr name="iris2.references.author">
                  <str>Sato, Masatoshi</str>
                  <str>Lyster, Roy</str>
               </arr>
               <str name="iris2.references.author.lastnames">satolyster</str>
               <arr name="iris2.references.journal">
                  <str>Studies in Second Language Acquisition</str>
               </arr>
               <arr name="iris2.references.publicationDate">
                  <str>2012</str>
               </arr>
               <arr name="iris2.references.publicationDateStr">
                  <str>2012</str>
               </arr>
               <arr name="iris2.references.publicationLatestDate">
                  <str>2012</str>
               </arr>
               <arr name="iris2.references.publicationType">
                  <str>Journal Article</str>
               </arr>
               <arr name="oai_dc.dc_xsi:schemaLocation">
                  <str>http://www.openarchives.org/OAI/2.0/oai_dc/ http://www.openarchives.org/OAI/2.0/oai_dc.xsd</str>
                  <str>http://www.openarchives.org/OAI/2.0/oai_dc/ http://www.openarchives.org/OAI/2.0/oai_dc.xsd</str>
               </arr>
            </doc>
         </result>
      </response>
   </solr>
   <files>
      <file id="INSTRUMENT" mime="application/pdf" url="https://www.iris-database.org/iris/api/resource/york:815156/asset/INSTRUMENT?download=true"/>
      <file id="INSTRUMENT1" mime="application/pdf" url="https://www.iris-database.org/iris/api/resource/york:815156/asset/INSTRUMENT1?download=true"/>
   </files>
</record>
