<?xml version="1.0" encoding="ISO-8859-1"?>

<record pid="york:808029">
   <solr>
      <response>
         <lst name="responseHeader">
            <int name="status">0</int>
            <int name="QTime">575</int>
            <lst name="params">
               <str name="q">PID:york?808029</str>
            </lst>
         </lst>
         <result name="response" numfound="1" start="0">
            <doc>
               <str name="PID">york:808029</str>
               <arr name="dc.creator">
                  <str>Majerus, Steve</str>
               </arr>
               <arr name="dc.date">
                  <str>2012</str>
                  <str>2008</str>
               </arr>
               <arr name="dc.format">
                  <str>English</str>
               </arr>
               <arr name="dc.subject">
                  <str>Lexicon (vocabulary)</str>
                  <str>STM capacity</str>
               </arr>
               <str name="dc.title">Serial order short-term memory task</str>
               <str name="dc.title.sort">Serial order short-term memory task</str>
               <arr name="dc.type">
                  <str>Working memory test</str>
                  <str>http://www.iris-database.org/Instruments</str>
               </arr>
               <arr name="dc2.creator">
                  <str>Majerus, Steve</str>
               </arr>
               <arr name="dc2.date">
                  <str>2012</str>
                  <str>2008</str>
               </arr>
               <arr name="dc2.format">
                  <str>English</str>
               </arr>
               <arr name="dc2.subject">
                  <str>Lexicon (vocabulary)</str>
                  <str>STM capacity</str>
               </arr>
               <str name="dc2.title">Serial order short-term memory task</str>
               <arr name="dc2.type">
                  <str>Working memory test</str>
                  <str>http://www.iris-database.org/Instruments</str>
               </arr>
               <arr name="dc3.creator">
                  <str>Majerus, Steve</str>
               </arr>
               <arr name="dc3.subject">
                  <str>Lexicon (vocabulary)</str>
                  <str>STM capacity</str>
               </arr>
               <str name="dc3.title">Serial order short-term memory task</str>
               <date name="fgs.createdDate">2013-01-07T16:27:15.561Z</date>
               <date name="fgs.dateCreated.sort">2013-01-07T16:27:15.561Z</date>
               <str name="fgs.label">IRIS Instrument created by YODL workflow.</str>
               <date name="fgs.lastModifiedDate">2017-10-08T16:21:37.259Z</date>
               <str name="fgs.ownerId">iris-580a9f0f-ed9e-4f5f-be7e-877243bddfd0</str>
               <str name="fgs.state">Active</str>
               <arr name="iris.email">
                  <str>smajerus@ulg.ac.be</str>
               </arr>
               <arr name="iris.feedback.count">
                  <str>0</str>
               </arr>
               <str name="iris.hasmaterials">Records with materials</str>
               <arr name="iris.instrument.author">
                  <str>Majerus, Steve</str>
               </arr>
               <arr name="iris.instrument.funder">
                  <str>Japan Society for Promotion of Science</str>
                  <str>Belgian Rotary Association (District 1630)</str>
               </arr>
               <arr name="iris.instrument.instrumentType">
                  <str>Working memory test</str>
                  <str>Other working memory test</str>
               </arr>
               <str name="iris.instrument.instrumentType.alltypes">other working memory test working memory test wm </str>
               <arr name="iris.instrument.licence">
                  <str>Attribution-NonCommercial-ShareAlike</str>
               </arr>
               <str name="iris.instrument.primaryInstrumentType">Working memory test &gt; Other working memory test</str>
               <arr name="iris.instrument.researchArea">
                  <str>Lexicon (vocabulary)</str>
                  <str>STM capacity</str>
               </arr>
               <arr name="iris.instrument.sourceLanguage">
                  <str>English</str>
               </arr>
               <arr name="iris.instrument.title">
                  <str>Serial order short-term memory task</str>
               </arr>
               <arr name="iris.instrument.typeOfFile">
                  <str>Text</str>
               </arr>
               <arr name="iris.participants.firstLanguage">
                  <str>English</str>
               </arr>
               <arr name="iris.participants.gender">
                  <str>mixed</str>
               </arr>
               <arr name="iris.participants.participantType">
                  <str>Foreign language learners</str>
                  <str>Second language learners</str>
               </arr>
               <arr name="iris.participants.targetLanguage">
                  <str>French</str>
               </arr>
               <arr name="iris.referenceid">
                  <str>2012_Attout_Van der Kaa_George_Majerus_Dissociating short-term memory and language impairment: The importance of item and serial order information</str>
                  <str>2008_Majerus_Poncelet_Van der Linden_Weekes_Lexical learning in bilingual adults: The relative importance of short-term memory for serial order and phonological knowledge</str>
               </arr>
               <str name="iris.references.allauthors">Attout, Van der Kaa, et al. (2012); Majerus, Poncelet, et al. (2008)</str>
               <arr name="iris.references.author">
                  <str>Attout, Lucie</str>
                  <str>Van der Kaa, Marie-Anne</str>
                  <str>George, Mercedes</str>
                  <str>Majerus, Steve</str>
                  <str>Majerus, Steve</str>
                  <str>Poncelet, Martine</str>
                  <str>Van der Linden, Martial</str>
                  <str>Weekes, Brendan</str>
               </arr>
               <str name="iris.references.author.lastnames">attoutvan der kaageorgemajerusmajerusponceletvan der lindenweekes</str>
               <arr name="iris.references.author.noack">
                  <str>Attout, Lucie</str>
                  <str>Van der Kaa, Marie-Anne</str>
                  <str>George, Mercedes</str>
                  <str>Majerus, Steve</str>
                  <str>Majerus, Steve</str>
                  <str>Poncelet, Martine</str>
                  <str>Van der Linden, Martial</str>
                  <str>Weekes, Brendan</str>
               </arr>
               <arr name="iris.references.journal">
                  <str>Aphasiology</str>
                  <str>Cognition</str>
               </arr>
               <arr name="iris.references.publicationDate">
                  <str>2012</str>
                  <str>2008</str>
               </arr>
               <arr name="iris.references.publicationDateStr">
                  <str>2012</str>
                  <str>2008</str>
               </arr>
               <arr name="iris.references.publicationType">
                  <str>Journal Article</str>
                  <str>Journal Article</str>
               </arr>
               <arr name="iris2.email">
                  <str>smajerus@ulg.ac.be</str>
               </arr>
               <arr name="iris2.feedback.count">
                  <str>0</str>
               </arr>
               <str name="iris2.hasmaterials">Records with materials</str>
               <arr name="iris2.instrument.author">
                  <str>Majerus, Steve</str>
               </arr>
               <arr name="iris2.instrument.funder">
                  <str>Japan Society for Promotion of Science</str>
                  <str>Belgian Rotary Association (District 1630)</str>
               </arr>
               <arr name="iris2.instrument.instrumentType">
                  <str>Working memory test</str>
                  <str>Other working memory test</str>
               </arr>
               <str name="iris2.instrument.instrumentType.alltypes">other working memory test working memory test wm </str>
               <arr name="iris2.instrument.licence">
                  <str>Attribution-NonCommercial-ShareAlike</str>
               </arr>
               <str name="iris2.instrument.primaryInstrumentType">Working memory test &gt; Other working memory test</str>
               <arr name="iris2.instrument.researchArea">
                  <str>Lexicon (vocabulary)</str>
                  <str>STM capacity</str>
               </arr>
               <arr name="iris2.instrument.sourceLanguage">
                  <str>English</str>
               </arr>
               <arr name="iris2.instrument.typeOfFile">
                  <str>Text</str>
               </arr>
               <arr name="iris2.participants.firstLanguage">
                  <str>English</str>
               </arr>
               <arr name="iris2.participants.gender">
                  <str>mixed</str>
               </arr>
               <arr name="iris2.participants.participantType">
                  <str>Foreign language learners</str>
                  <str>Second language learners</str>
               </arr>
               <arr name="iris2.participants.targetLanguage">
                  <str>French</str>
               </arr>
               <arr name="iris2.referenceid">
                  <str>2012_Attout_Van der Kaa_George_Majerus_Dissociating short-term memory and language impairment: The importance of item and serial order information</str>
                  <str>2008_Majerus_Poncelet_Van der Linden_Weekes_Lexical learning in bilingual adults: The relative importance of short-term memory for serial order and phonological knowledge</str>
               </arr>
               <str name="iris2.references.allauthors">Attout, Van der Kaa, et al. (2012); Majerus, Poncelet, et al. (2008)</str>
               <arr name="iris2.references.author">
                  <str>Attout, Lucie</str>
                  <str>Van der Kaa, Marie-Anne</str>
                  <str>George, Mercedes</str>
                  <str>Majerus, Steve</str>
                  <str>Majerus, Steve</str>
                  <str>Poncelet, Martine</str>
                  <str>Van der Linden, Martial</str>
                  <str>Weekes, Brendan</str>
               </arr>
               <str name="iris2.references.author.lastnames">attoutvan der kaageorgemajerusmajerusponceletvan der lindenweekes</str>
               <arr name="iris2.references.journal">
                  <str>Aphasiology</str>
                  <str>Cognition</str>
               </arr>
               <arr name="iris2.references.publicationDate">
                  <str>2012</str>
                  <str>2008</str>
               </arr>
               <arr name="iris2.references.publicationDateStr">
                  <str>2012</str>
                  <str>2008</str>
               </arr>
               <arr name="iris2.references.publicationLatestDate">
                  <str>2012</str>
               </arr>
               <arr name="iris2.references.publicationType">
                  <str>Journal Article</str>
                  <str>Journal Article</str>
               </arr>
               <arr name="oai_dc.dc_xsi:schemaLocation">
                  <str>http://www.openarchives.org/OAI/2.0/oai_dc/ http://www.openarchives.org/OAI/2.0/oai_dc.xsd</str>
               </arr>
            </doc>
         </result>
      </response>
   </solr>
   <files>
      <file id="INSTRUMENT" mime="application/pdf" url="https://www.iris-database.org/iris/api/resource/york:808029/asset/INSTRUMENT?download=true"/>
   </files>
</record>
