<?xml version="1.0" encoding="ISO-8859-1"?>

<record pid="york:852247">
   <solr>
      <response>
         <lst name="responseHeader">
            <int name="status">0</int>
            <int name="QTime">591</int>
            <lst name="params">
               <str name="q">PID:york?852247</str>
            </lst>
         </lst>
         <result name="response" numfound="1" start="0">
            <doc>
               <str name="PID">york:852247</str>
               <arr name="dc.creator">
                  <str>Ghanem, Carla</str>
               </arr>
               <arr name="dc.date">
                  <str>2015</str>
               </arr>
               <arr name="dc.description">
                  <str>Within this study questionnaires, observations, self-reflective journals, focus groups and interviews were used to collect data. The records for the questionnaire and the self-reflective journals are linked in IRIS.</str>
               </arr>
               <arr name="dc.identifier">
                  <str>york:852247</str>
               </arr>
               <arr name="dc.type">
                  <str>Biographical questionnaire</str>
                  <str>Questionnaire</str>
                  <str>http://www.iris-database.org/Instruments</str>
               </arr>
               <arr name="dc2.creator">
                  <str>Ghanem, Carla</str>
               </arr>
               <arr name="dc2.date">
                  <str>2015</str>
               </arr>
               <arr name="dc2.description">
                  <str>Within this study questionnaires, observations, self-reflective journals, focus groups and interviews were used to collect data. The records for the questionnaire and the self-reflective journals are linked in IRIS.</str>
               </arr>
               <arr name="dc2.identifier">
                  <str>york:852247</str>
               </arr>
               <arr name="dc2.type">
                  <str>Biographical questionnaire</str>
                  <str>Questionnaire</str>
                  <str>http://www.iris-database.org/Instruments</str>
               </arr>
               <arr name="dc3.creator">
                  <str>Ghanem, Carla</str>
               </arr>
               <date name="fgs.createdDate">2015-03-23T10:53:03.236Z</date>
               <date name="fgs.dateCreated.sort">2015-03-23T10:53:03.236Z</date>
               <str name="fgs.label">IRIS Instrument created by YODL workflow.</str>
               <date name="fgs.lastModifiedDate">2015-03-23T10:53:06.308Z</date>
               <str name="fgs.ownerId">iris-580a9f0f-ed9e-4f5f-be7e-877243bddfd0</str>
               <str name="fgs.state">Active</str>
               <arr name="iris.email">
                  <str>carla.ghanem@asu.edu</str>
               </arr>
               <arr name="iris.feedback.count">
                  <str>0</str>
               </arr>
               <str name="iris.hasmaterials">Records with information only (materials not yet held)</str>
               <arr name="iris.instrument.author">
                  <str>Ghanem, Carla</str>
               </arr>
               <arr name="iris.instrument.instrumentType">
                  <str>Questionnaire</str>
                  <str>Biographical questionnaire</str>
                  <str>Questionnaire</str>
                  <str>Other questionnaire</str>
               </arr>
               <str name="iris.instrument.instrumentType.alltypes">biographical questionnaire biographical questionnaire  other questionnaire questionnaire  </str>
               <arr name="iris.instrument.licence">
                  <str>Attribution-NonCommercial-ShareAlike</str>
               </arr>
               <str name="iris.instrument.notes">Within this study questionnaires, observations, self-reflective journals, focus groups and interviews were used to collect data. The records for the questionnaire and the self-reflective journals are linked in IRIS.</str>
               <str name="iris.instrument.primaryInstrumentType">Questionnaire &gt; Other questionnaire</str>
               <arr name="iris.instrument.researchArea">
                  <str>Cultural identity</str>
                  <str>Linguistic identity</str>
                  <str>Native / Non-native</str>
                  <str>Teaching methods (style, approach, technique)</str>
               </arr>
               <arr name="iris.instrument.secondaryInstrumentType">
                  <str>Questionnaire &gt; Biographical questionnaire</str>
               </arr>
               <arr name="iris.instrument.typeOfFile">
                  <str>Text</str>
               </arr>
               <arr name="iris.participants.participantType">
                  <str>Teachers</str>
               </arr>
               <arr name="iris.participants.targetLanguage">
                  <str>German</str>
               </arr>
               <arr name="iris.participants.yearsOfTeachingExperience">
                  <str>Participants had varying years of teaching experience</str>
               </arr>
               <arr name="iris.referenceid">
                  <str>2015_Ghanem_Teaching in the foreign language classroom: How being a native or non-native speaker of German influences culture teaching</str>
               </arr>
               <str name="iris.references.allauthors">Ghanem (2015)</str>
               <arr name="iris.references.author">
                  <str>Ghanem, Carla</str>
               </arr>
               <str name="iris.references.author.lastnames">ghanem</str>
               <arr name="iris.references.author.noack">
                  <str>Ghanem, Carla</str>
               </arr>
               <arr name="iris.references.journal">
                  <str>Language Teaching Research</str>
               </arr>
               <arr name="iris.references.publicationDate">
                  <str>2015</str>
               </arr>
               <arr name="iris.references.publicationDateStr">
                  <str>2015</str>
               </arr>
               <arr name="iris.references.publicationType">
                  <str>Journal Article</str>
               </arr>
               <arr name="iris2.email">
                  <str>carla.ghanem@asu.edu</str>
               </arr>
               <arr name="iris2.feedback.count">
                  <str>0</str>
               </arr>
               <str name="iris2.hasmaterials">Records with information only (materials not yet held)</str>
               <arr name="iris2.instrument.author">
                  <str>Ghanem, Carla</str>
               </arr>
               <arr name="iris2.instrument.instrumentType">
                  <str>Questionnaire</str>
                  <str>Biographical questionnaire</str>
                  <str>Questionnaire</str>
                  <str>Other questionnaire</str>
               </arr>
               <str name="iris2.instrument.instrumentType.alltypes">biographical questionnaire biographical questionnaire  other questionnaire questionnaire  </str>
               <arr name="iris2.instrument.licence">
                  <str>Attribution-NonCommercial-ShareAlike</str>
               </arr>
               <str name="iris2.instrument.primaryInstrumentType">Questionnaire &gt; Other questionnaire</str>
               <arr name="iris2.instrument.researchArea">
                  <str>Cultural identity</str>
                  <str>Linguistic identity</str>
                  <str>Native / Non-native</str>
                  <str>Teaching methods (style, approach, technique)</str>
               </arr>
               <arr name="iris2.instrument.secondaryInstrumentType">
                  <str>Questionnaire &gt; Biographical questionnaire</str>
               </arr>
               <arr name="iris2.instrument.typeOfFile">
                  <str>Text</str>
               </arr>
               <arr name="iris2.participants.participantType">
                  <str>Teachers</str>
               </arr>
               <arr name="iris2.participants.targetLanguage">
                  <str>German</str>
               </arr>
               <arr name="iris2.participants.yearsOfTeachingExperience">
                  <str>Participants had varying years of teaching experience</str>
               </arr>
               <arr name="iris2.referenceid">
                  <str>2015_Ghanem_Teaching in the foreign language classroom: How being a native or non-native speaker of German influences culture teaching</str>
               </arr>
               <str name="iris2.references.allauthors">Ghanem (2015)</str>
               <arr name="iris2.references.author">
                  <str>Ghanem, Carla</str>
               </arr>
               <str name="iris2.references.author.lastnames">ghanem</str>
               <arr name="iris2.references.journal">
                  <str>Language Teaching Research</str>
               </arr>
               <arr name="iris2.references.publicationDate">
                  <str>2015</str>
               </arr>
               <arr name="iris2.references.publicationDateStr">
                  <str>2015</str>
               </arr>
               <arr name="iris2.references.publicationLatestDate">
                  <str>2015</str>
               </arr>
               <arr name="iris2.references.publicationType">
                  <str>Journal Article</str>
               </arr>
               <arr name="oai_dc.dc_xsi:schemaLocation">
                  <str>http://www.openarchives.org/OAI/2.0/oai_dc/ http://www.openarchives.org/OAI/2.0/oai_dc.xsd</str>
                  <str>http://www.openarchives.org/OAI/2.0/oai_dc/ http://www.openarchives.org/OAI/2.0/oai_dc.xsd</str>
               </arr>
            </doc>
         </result>
      </response>
   </solr>
   <files/>
</record>
