<?xml version="1.0" encoding="ISO-8859-1"?>

<record pid="york:58762">
   <solr>
      <response>
         <lst name="responseHeader">
            <int name="status">0</int>
            <int name="QTime">439</int>
            <lst name="params">
               <str name="q">PID:york?58762</str>
            </lst>
         </lst>
         <result name="response" numfound="1" start="0">
            <doc>
               <str name="PID">york:58762</str>
               <arr name="dc.creator">
                  <str>Tarone, Elaine</str>
               </arr>
               <arr name="dc.date">
                  <str>in press</str>
               </arr>
               <arr name="dc.description">
                  <str>For detailed task instructions to use the photos in a Jigsaw Task and a Comparison task, visit the Learner Language pages at CARLA: http://www.carla.umn.edu/learnerlanguage/prompts.html Addition artwork and task instructions to support a question task and a narration task appear there as well.</str>
               </arr>
               <arr name="dc.format">
                  <str>English</str>
               </arr>
               <arr name="dc.identifier">
                  <str>york:58762</str>
               </arr>
               <arr name="dc.subject">
                  <str>Complexity</str>
               </arr>
               <str name="dc.title">Jigsaw and Comparison Tasks</str>
               <str name="dc.title.sort">Jigsaw and Comparison Tasks</str>
               <arr name="dc.type">
                  <str>Information exchange tasks</str>
                  <str>Video</str>
                  <str>Picture spot the difference</str>
                  <str>Information gap tasks (e.g. spot difference, map task)</str>
                  <str>http://www.iris-database.org/Instruments</str>
               </arr>
               <arr name="dc2.creator">
                  <str>Tarone, Elaine</str>
               </arr>
               <arr name="dc2.date">
                  <str>in press</str>
               </arr>
               <arr name="dc2.description">
                  <str>For detailed task instructions to use the photos in a Jigsaw Task and a Comparison task, visit the Learner Language pages at CARLA: http://www.carla.umn.edu/learnerlanguage/prompts.html Addition artwork and task instructions to support a question task and a narration task appear there as well.</str>
               </arr>
               <arr name="dc2.format">
                  <str>English</str>
               </arr>
               <arr name="dc2.identifier">
                  <str>york:58762</str>
               </arr>
               <arr name="dc2.subject">
                  <str>Complexity</str>
               </arr>
               <str name="dc2.title">Jigsaw and Comparison Tasks</str>
               <arr name="dc2.type">
                  <str>Information exchange tasks</str>
                  <str>Video</str>
                  <str>Picture spot the difference</str>
                  <str>Information gap tasks (e.g. spot difference, map task)</str>
                  <str>http://www.iris-database.org/Instruments</str>
               </arr>
               <arr name="dc3.creator">
                  <str>Tarone, Elaine</str>
               </arr>
               <arr name="dc3.subject">
                  <str>Complexity</str>
               </arr>
               <str name="dc3.title">Jigsaw and Comparison Tasks</str>
               <date name="fgs.createdDate">2012-02-06T20:01:01.934Z</date>
               <date name="fgs.dateCreated.sort">2012-02-06T20:01:01.934Z</date>
               <str name="fgs.label">IRIS Instrument created by YODL workflow.</str>
               <date name="fgs.lastModifiedDate">2017-11-02T15:35:31.16Z</date>
               <str name="fgs.ownerId">fedoraAdmin</str>
               <str name="fgs.state">Active</str>
               <arr name="iris.email">
                  <str>etarone@umn.edu</str>
               </arr>
               <arr name="iris.feedback.count">
                  <str>2</str>
               </arr>
               <arr name="iris.feedback.email_1">
                  <str>mariapilar.garciamayo@ehu.es</str>
               </arr>
               <arr name="iris.feedback.email_2">
                  <str>mariapilar.garciamayo@ehu.es</str>
               </arr>
               <arr name="iris.feedback.published_1">
                  <str>false</str>
               </arr>
               <arr name="iris.feedback.published_2">
                  <str>false</str>
               </arr>
               <arr name="iris.feedback.time_1">
                  <str>14 Jul 2014 15:33:09 GMT</str>
               </arr>
               <arr name="iris.feedback.time_2">
                  <str>14 Jul 2014 15:33:46 GMT</str>
               </arr>
               <str name="iris.hasmaterials">Records with materials</str>
               <arr name="iris.instrument.author">
                  <str>Tarone, Elaine</str>
               </arr>
               <arr name="iris.instrument.dataType">
                  <str>Oral production</str>
               </arr>
               <arr name="iris.instrument.dataType.alternate">
                  <str/>
               </arr>
               <arr name="iris.instrument.funder">
                  <str>Utilika Foundation</str>
                  <str>US Dept of Education Title VI LRC</str>
               </arr>
               <arr name="iris.instrument.instrumentType">
                  <str>Communicative / Interactive task</str>
                  <str>Information exchange</str>
                  <str>Video</str>
                  <str>Speaking test / Oral production test</str>
                  <str>Picture spot the difference</str>
                  <str>Communicative / Interactive task</str>
                  <str>Information gap</str>
               </arr>
               <str name="iris.instrument.instrumentType.alltypes">information exchange information exchange tasks  video video  picture spot the difference picture spot the difference  information gap information gap tasks (e.g. spot difference, map task)  </str>
               <arr name="iris.instrument.licence">
                  <str>Attribution-NonCommercial-ShareAlike</str>
               </arr>
               <arr name="iris.instrument.linguisticTarget">
                  <str>Aspect</str>
                  <str>Determiners</str>
                  <str>Gender</str>
                  <str>Number</str>
                  <str>Tense</str>
                  <str>Lexis (vocabulary)</str>
                  <str>Closed class</str>
                  <str>Open class</str>
                  <str>Morphology</str>
                  <str>Syntax</str>
               </arr>
               <str name="iris.instrument.notes">For detailed task instructions to use the photos in a Jigsaw Task and a Comparison task, visit the Learner Language pages at CARLA: http://www.carla.umn.edu/learnerlanguage/prompts.html Addition artwork and task instructions to support a question task and a narration task appear there as well.</str>
               <str name="iris.instrument.primaryInstrumentType">Communicative / Interactive task &gt; Information gap</str>
               <arr name="iris.instrument.researchArea">
                  <str>Complexity</str>
               </arr>
               <arr name="iris.instrument.secondaryInstrumentType">
                  <str>Communicative / Interactive task &gt; Information exchange</str>
                  <str>Video</str>
                  <str>Speaking test / Oral production test &gt; Picture spot the difference</str>
               </arr>
               <arr name="iris.instrument.sourceLanguage">
                  <str>English</str>
               </arr>
               <arr name="iris.instrument.title">
                  <str>Jigsaw and Comparison Tasks</str>
               </arr>
               <arr name="iris.instrument.typeOfFile">
                  <str>Still Image</str>
               </arr>
               <arr name="iris.participants.firstLanguage">
                  <str>English</str>
               </arr>
               <arr name="iris.participants.participantType">
                  <str>Foreign language learners</str>
               </arr>
               <arr name="iris.participants.targetLanguage">
                  <str>Chinese</str>
                  <str>Japanese</str>
                  <str>Korean</str>
                  <str>Farsi</str>
               </arr>
               <arr name="iris.referenceid">
                  <str>in press_Tarone_Learner language in unrehearsed communication: Nurturing individual differences in the classroom</str>
               </arr>
               <str name="iris.references.allauthors">Tarone (in press)</str>
               <arr name="iris.references.author">
                  <str>Tarone, Elaine</str>
               </arr>
               <str name="iris.references.author.lastnames">tarone</str>
               <arr name="iris.references.author.noack">
                  <str>Tarone, Elaine</str>
               </arr>
               <arr name="iris.references.booktitle">
                  <str>Learner language in unrehearsed communication: Nurturing individual differences in the classroom</str>
                  <str>Individual characteristics and subjective variables in language learning</str>
               </arr>
               <arr name="iris.references.editor">
                  <str>Chan, Wei Ming</str>
                  <str>Chin, Kwee Nyet</str>
                  <str>Bhatt, Sunil Kumar</str>
                  <str>Walker, Izumi</str>
               </arr>
               <arr name="iris.references.publicationDate">
                  <str>in press</str>
               </arr>
               <arr name="iris.references.publicationDateStr">
                  <str>in press</str>
               </arr>
               <arr name="iris.references.publicationType">
                  <str>Chapter</str>
               </arr>
               <arr name="iris2.email">
                  <str>etarone@umn.edu</str>
               </arr>
               <arr name="iris2.feedback.count">
                  <str>2</str>
               </arr>
               <arr name="iris2.feedback.email_1">
                  <str>mariapilar.garciamayo@ehu.es</str>
               </arr>
               <arr name="iris2.feedback.email_2">
                  <str>mariapilar.garciamayo@ehu.es</str>
               </arr>
               <arr name="iris2.feedback.published_1">
                  <str>false</str>
               </arr>
               <arr name="iris2.feedback.published_2">
                  <str>false</str>
               </arr>
               <arr name="iris2.feedback.time_1">
                  <str>14 Jul 2014 15:33:09 GMT</str>
               </arr>
               <arr name="iris2.feedback.time_2">
                  <str>14 Jul 2014 15:33:46 GMT</str>
               </arr>
               <str name="iris2.hasmaterials">Records with materials</str>
               <arr name="iris2.instrument.author">
                  <str>Tarone, Elaine</str>
               </arr>
               <arr name="iris2.instrument.dataType">
                  <str>Oral production</str>
               </arr>
               <arr name="iris2.instrument.funder">
                  <str>Utilika Foundation</str>
                  <str>US Dept of Education Title VI LRC</str>
               </arr>
               <arr name="iris2.instrument.instrumentType">
                  <str>Communicative / Interactive task</str>
                  <str>Information exchange</str>
                  <str>Video</str>
                  <str>Speaking test / Oral production test</str>
                  <str>Picture spot the difference</str>
                  <str>Communicative / Interactive task</str>
                  <str>Information gap</str>
               </arr>
               <str name="iris2.instrument.instrumentType.alltypes">information exchange information exchange tasks  video video  picture spot the difference picture spot the difference  information gap information gap tasks (e.g. spot difference, map task)  </str>
               <arr name="iris2.instrument.licence">
                  <str>Attribution-NonCommercial-ShareAlike</str>
               </arr>
               <arr name="iris2.instrument.linguisticTarget">
                  <str>Aspect</str>
                  <str>Determiners</str>
                  <str>Gender</str>
                  <str>Number</str>
                  <str>Tense</str>
                  <str>Lexis (vocabulary)</str>
                  <str>Closed class</str>
                  <str>Open class</str>
                  <str>Morphology</str>
                  <str>Syntax</str>
               </arr>
               <str name="iris2.instrument.primaryInstrumentType">Communicative / Interactive task &gt; Information gap</str>
               <arr name="iris2.instrument.researchArea">
                  <str>Complexity</str>
               </arr>
               <arr name="iris2.instrument.secondaryInstrumentType">
                  <str>Communicative / Interactive task &gt; Information exchange</str>
                  <str>Video</str>
                  <str>Speaking test / Oral production test &gt; Picture spot the difference</str>
               </arr>
               <arr name="iris2.instrument.sourceLanguage">
                  <str>English</str>
               </arr>
               <arr name="iris2.instrument.typeOfFile">
                  <str>Still Image</str>
               </arr>
               <arr name="iris2.participants.firstLanguage">
                  <str>English</str>
               </arr>
               <arr name="iris2.participants.participantType">
                  <str>Foreign language learners</str>
               </arr>
               <arr name="iris2.participants.targetLanguage">
                  <str>Chinese</str>
                  <str>Japanese</str>
                  <str>Korean</str>
                  <str>Farsi</str>
               </arr>
               <arr name="iris2.referenceid">
                  <str>in press_Tarone_Learner language in unrehearsed communication: Nurturing individual differences in the classroom</str>
               </arr>
               <str name="iris2.references.allauthors">Tarone (in press)</str>
               <arr name="iris2.references.author">
                  <str>Tarone, Elaine</str>
               </arr>
               <str name="iris2.references.author.lastnames">tarone</str>
               <arr name="iris2.references.booktitle">
                  <str>Learner language in unrehearsed communication: Nurturing individual differences in the classroom</str>
                  <str>Individual characteristics and subjective variables in language learning</str>
               </arr>
               <arr name="iris2.references.editor">
                  <str>Chan, Wei Ming</str>
                  <str>Chin, Kwee Nyet</str>
                  <str>Bhatt, Sunil Kumar</str>
                  <str>Walker, Izumi</str>
               </arr>
               <arr name="iris2.references.publicationDate">
                  <str>in press</str>
               </arr>
               <arr name="iris2.references.publicationDateStr">
                  <str>in press</str>
               </arr>
               <arr name="iris2.references.publicationLatestDate">
                  <str>in press</str>
               </arr>
               <arr name="iris2.references.publicationType">
                  <str>Chapter</str>
               </arr>
               <arr name="oai_dc.dc_xsi:schemaLocation">
                  <str>http://www.openarchives.org/OAI/2.0/oai_dc/ http://www.openarchives.org/OAI/2.0/oai_dc.xsd</str>
                  <str>http://www.openarchives.org/OAI/2.0/oai_dc/ http://www.openarchives.org/OAI/2.0/oai_dc.xsd</str>
                  <str>http://www.openarchives.org/OAI/2.0/oai_dc/ http://www.openarchives.org/OAI/2.0/oai_dc.xsd</str>
                  <str>http://www.openarchives.org/OAI/2.0/oai_dc/ http://www.openarchives.org/OAI/2.0/oai_dc.xsd</str>
               </arr>
            </doc>
         </result>
      </response>
   </solr>
   <files>
      <file id="INSTRUMENT" mime="image/jpg" url="https://www.iris-database.org/iris/api/resource/york:58762/asset/INSTRUMENT?download=true"/>
      <file id="INSTRUMENT1" mime="image/jpg" url="https://www.iris-database.org/iris/api/resource/york:58762/asset/INSTRUMENT1?download=true"/>
   </files>
</record>
