<?xml version="1.0" encoding="ISO-8859-1"?>

<record pid="york:851572">
   <solr>
      <response>
         <lst name="responseHeader">
            <int name="status">0</int>
            <int name="QTime">479</int>
            <lst name="params">
               <str name="q">PID:york?851572</str>
            </lst>
         </lst>
         <result name="response" numfound="1" start="0">
            <doc>
               <str name="PID">york:851572</str>
               <arr name="dc.creator">
                  <str>Boers, Frank</str>
                  <str>Eyckmans, June</str>
                  <str>Lindstromberg, Seth</str>
               </arr>
               <arr name="dc.date">
                  <str>2014</str>
               </arr>
               <arr name="dc.description">
                  <str>The Excel document contains the full list of stimulus expressions used. The Word document includes the dictation sheet and lists the stimulus expressions in the order of their dictation.</str>
               </arr>
               <arr name="dc.identifier">
                  <str>york:851572</str>
               </arr>
               <arr name="dc.type">
                  <str>Vocabulary test (productive)</str>
                  <str>Discrimination task</str>
                  <str>http://www.iris-database.org/Instruments</str>
               </arr>
               <arr name="dc2.creator">
                  <str>Boers, Frank</str>
                  <str>Eyckmans, June</str>
                  <str>Lindstromberg, Seth</str>
               </arr>
               <arr name="dc2.date">
                  <str>2014</str>
               </arr>
               <arr name="dc2.description">
                  <str>The Excel document contains the full list of stimulus expressions used. The Word document includes the dictation sheet and lists the stimulus expressions in the order of their dictation.</str>
               </arr>
               <arr name="dc2.identifier">
                  <str>york:851572</str>
               </arr>
               <arr name="dc2.type">
                  <str>Vocabulary test (productive)</str>
                  <str>Discrimination task</str>
                  <str>http://www.iris-database.org/Instruments</str>
               </arr>
               <arr name="dc3.creator">
                  <str>Boers, Frank</str>
                  <str>Eyckmans, June</str>
                  <str>Lindstromberg, Seth</str>
               </arr>
               <date name="fgs.createdDate">2015-02-24T16:06:12.381Z</date>
               <date name="fgs.dateCreated.sort">2015-02-24T16:06:12.381Z</date>
               <str name="fgs.label">IRIS Instrument created by YODL workflow.</str>
               <date name="fgs.lastModifiedDate">2017-05-28T19:12:28.84Z</date>
               <str name="fgs.ownerId">iris-580a9f0f-ed9e-4f5f-be7e-877243bddfd0</str>
               <str name="fgs.state">Active</str>
               <arr name="iris.email">
                  <str>sethl@hilderstone.net</str>
               </arr>
               <arr name="iris.feedback.count">
                  <str>0</str>
               </arr>
               <str name="iris.hasmaterials">Records with materials</str>
               <arr name="iris.instrument.author">
                  <str>Boers, Frank</str>
                  <str>Eyckmans, June</str>
                  <str>Lindstromberg, Seth</str>
               </arr>
               <arr name="iris.instrument.instrumentType">
                  <str>Vocabulary test</str>
                  <str>Productive</str>
                  <str>Speech perception</str>
                  <str>Discrimination task</str>
               </arr>
               <str name="iris.instrument.instrumentType.alltypes">productive vocabulary test (productive)  discrimination task discrimination task  </str>
               <arr name="iris.instrument.licence">
                  <str>Attribution-NonCommercial-ShareAlike</str>
               </arr>
               <arr name="iris.instrument.linguisticTarget">
                  <str>Collocations/lexical chunks</str>
               </arr>
               <str name="iris.instrument.notes">The Excel document contains the full list of stimulus expressions used. The Word document includes the dictation sheet and lists the stimulus expressions in the order of their dictation.</str>
               <str name="iris.instrument.primaryInstrumentType">Speech perception &gt; Discrimination task</str>
               <arr name="iris.instrument.researchArea">
                  <str>Lexicon (vocabulary)</str>
                  <str>Teaching materials and curriculum (syllabus, textbook design)</str>
                  <str>Teaching methods (style, approach, technique)</str>
               </arr>
               <arr name="iris.instrument.secondaryInstrumentType">
                  <str>Vocabulary test &gt; Productive</str>
               </arr>
               <arr name="iris.instrument.typeOfFile">
                  <str>Text</str>
               </arr>
               <arr name="iris.participants.participantType">
                  <str>Foreign language learners</str>
               </arr>
               <arr name="iris.participants.proficiencyLearner">
                  <str>IELTS (overall score) - Modest User (5)</str>
                  <str>CFER - Independent Speaker (Vantage or Upper intermediate)</str>
               </arr>
               <arr name="iris.participants.targetLanguage">
                  <str>English</str>
               </arr>
               <arr name="iris.referenceid">
                  <str>2014_Boers_Eyckmans_Lindstromberg_The effect of a discrimination task on L2 learners' recall of collocations and compounds</str>
               </arr>
               <str name="iris.references.allauthors">Boers, Eyckmans, et al. (2014)</str>
               <arr name="iris.references.author">
                  <str>Boers, Frank</str>
                  <str>Eyckmans, June</str>
                  <str>Lindstromberg, Seth</str>
               </arr>
               <str name="iris.references.author.lastnames">boerseyckmanslindstromberg</str>
               <arr name="iris.references.author.noack">
                  <str>Boers, Frank</str>
                  <str>Eyckmans, June</str>
                  <str>Lindstromberg, Seth</str>
               </arr>
               <arr name="iris.references.journal">
                  <str>International Journal of Applied Linguistics</str>
               </arr>
               <arr name="iris.references.publicationDate">
                  <str>2014</str>
               </arr>
               <arr name="iris.references.publicationDateStr">
                  <str>2014</str>
               </arr>
               <arr name="iris.references.publicationType">
                  <str>Journal Article</str>
               </arr>
               <arr name="iris2.email">
                  <str>sethl@hilderstone.net</str>
               </arr>
               <arr name="iris2.feedback.count">
                  <str>0</str>
               </arr>
               <str name="iris2.hasmaterials">Records with materials</str>
               <arr name="iris2.instrument.author">
                  <str>Boers, Frank</str>
                  <str>Eyckmans, June</str>
                  <str>Lindstromberg, Seth</str>
               </arr>
               <arr name="iris2.instrument.instrumentType">
                  <str>Vocabulary test</str>
                  <str>Productive</str>
                  <str>Speech perception</str>
                  <str>Discrimination task</str>
               </arr>
               <str name="iris2.instrument.instrumentType.alltypes">productive vocabulary test (productive)  discrimination task discrimination task  </str>
               <arr name="iris2.instrument.licence">
                  <str>Attribution-NonCommercial-ShareAlike</str>
               </arr>
               <arr name="iris2.instrument.linguisticTarget">
                  <str>Collocations/lexical chunks</str>
               </arr>
               <str name="iris2.instrument.primaryInstrumentType">Speech perception &gt; Discrimination task</str>
               <arr name="iris2.instrument.researchArea">
                  <str>Lexicon (vocabulary)</str>
                  <str>Teaching materials and curriculum (syllabus, textbook design)</str>
                  <str>Teaching methods (style, approach, technique)</str>
               </arr>
               <arr name="iris2.instrument.secondaryInstrumentType">
                  <str>Vocabulary test &gt; Productive</str>
               </arr>
               <arr name="iris2.instrument.typeOfFile">
                  <str>Text</str>
               </arr>
               <arr name="iris2.participants.participantType">
                  <str>Foreign language learners</str>
               </arr>
               <arr name="iris2.participants.proficiencyLearner">
                  <str>IELTS (overall score) - Modest User (5)</str>
                  <str>CFER - Independent Speaker (Vantage or Upper intermediate)</str>
               </arr>
               <arr name="iris2.participants.targetLanguage">
                  <str>English</str>
               </arr>
               <arr name="iris2.referenceid">
                  <str>2014_Boers_Eyckmans_Lindstromberg_The effect of a discrimination task on L2 learners' recall of collocations and compounds</str>
               </arr>
               <str name="iris2.references.allauthors">Boers, Eyckmans, et al. (2014)</str>
               <arr name="iris2.references.author">
                  <str>Boers, Frank</str>
                  <str>Eyckmans, June</str>
                  <str>Lindstromberg, Seth</str>
               </arr>
               <str name="iris2.references.author.lastnames">boerseyckmanslindstromberg</str>
               <arr name="iris2.references.journal">
                  <str>International Journal of Applied Linguistics</str>
               </arr>
               <arr name="iris2.references.publicationDate">
                  <str>2014</str>
               </arr>
               <arr name="iris2.references.publicationDateStr">
                  <str>2014</str>
               </arr>
               <arr name="iris2.references.publicationLatestDate">
                  <str>2014</str>
               </arr>
               <arr name="iris2.references.publicationType">
                  <str>Journal Article</str>
               </arr>
               <arr name="oai_dc.dc_xsi:schemaLocation">
                  <str>http://www.openarchives.org/OAI/2.0/oai_dc/ http://www.openarchives.org/OAI/2.0/oai_dc.xsd</str>
                  <str>http://www.openarchives.org/OAI/2.0/oai_dc/ http://www.openarchives.org/OAI/2.0/oai_dc.xsd</str>
                  <str>http://www.openarchives.org/OAI/2.0/oai_dc/ http://www.openarchives.org/OAI/2.0/oai_dc.xsd</str>
                  <str>http://www.openarchives.org/OAI/2.0/oai_dc/ http://www.openarchives.org/OAI/2.0/oai_dc.xsd</str>
                  <str>http://www.openarchives.org/OAI/2.0/oai_dc/ http://www.openarchives.org/OAI/2.0/oai_dc.xsd</str>
                  <str>http://www.openarchives.org/OAI/2.0/oai_dc/ http://www.openarchives.org/OAI/2.0/oai_dc.xsd</str>
                  <str>http://www.openarchives.org/OAI/2.0/oai_dc/ http://www.openarchives.org/OAI/2.0/oai_dc.xsd</str>
               </arr>
            </doc>
         </result>
      </response>
   </solr>
   <files>
      <file id="INSTRUMENT" mime="application/vnd.ms-excel" url="https://www.iris-database.org/iris/api/resource/york:851572/asset/INSTRUMENT?download=true"/>
      <file id="INSTRUMENT1" mime="application/msword" url="https://www.iris-database.org/iris/api/resource/york:851572/asset/INSTRUMENT1?download=true"/>
   </files>
</record>
