<?xml version="1.0" encoding="ISO-8859-1"?>

<record pid="york:822291">
   <solr>
      <response>
         <lst name="responseHeader">
            <int name="status">0</int>
            <int name="QTime">486</int>
            <lst name="params">
               <str name="q">PID:york?822291</str>
            </lst>
         </lst>
         <result name="response" numfound="1" start="0">
            <doc>
               <str name="PID">york:822291</str>
               <arr name="dc.creator">
                  <str>Yang, Yingli</str>
                  <str>Lyster, Roy</str>
               </arr>
               <arr name="dc.date">
                  <str>in press</str>
                  <str>2010</str>
               </arr>
               <arr name="dc.description">
                  <str>The dictogloss tasks, question-and-answer activity and picture-cued narrative task used in Yang and Lyster (2010) are linked in IRIS.</str>
               </arr>
               <arr name="dc.identifier">
                  <str>york:822291</str>
               </arr>
               <str name="dc.title">Dictogloss tasks</str>
               <str name="dc.title.sort">Dictogloss tasks</str>
               <arr name="dc.type">
                  <str>Dictogloss task</str>
                  <str>Listening test</str>
                  <str>http://www.iris-database.org/Instruments</str>
               </arr>
               <arr name="dc2.creator">
                  <str>Yang, Yingli</str>
                  <str>Lyster, Roy</str>
               </arr>
               <arr name="dc2.date">
                  <str>in press</str>
                  <str>2010</str>
               </arr>
               <arr name="dc2.description">
                  <str>The dictogloss tasks, question-and-answer activity and picture-cued narrative task used in Yang and Lyster (2010) are linked in IRIS.</str>
               </arr>
               <arr name="dc2.identifier">
                  <str>york:822291</str>
               </arr>
               <str name="dc2.title">Dictogloss tasks</str>
               <arr name="dc2.type">
                  <str>Dictogloss task</str>
                  <str>Listening test</str>
                  <str>http://www.iris-database.org/Instruments</str>
               </arr>
               <arr name="dc3.creator">
                  <str>Yang, Yingli</str>
                  <str>Lyster, Roy</str>
               </arr>
               <str name="dc3.title">Dictogloss tasks</str>
               <date name="fgs.createdDate">2014-05-14T09:16:06.384Z</date>
               <date name="fgs.dateCreated.sort">2014-05-14T09:16:06.384Z</date>
               <str name="fgs.label">IRIS Instrument created by YODL workflow.</str>
               <date name="fgs.lastModifiedDate">2017-10-16T15:21:19.849Z</date>
               <str name="fgs.ownerId">iris-580a9f0f-ed9e-4f5f-be7e-877243bddfd0</str>
               <str name="fgs.state">Active</str>
               <arr name="iris.email">
                  <str>roy.lyster@mcgill.ca</str>
               </arr>
               <arr name="iris.feedback.count">
                  <str>0</str>
               </arr>
               <str name="iris.hasmaterials">Records with materials</str>
               <arr name="iris.instrument.author">
                  <str>Yang, Yingli</str>
                  <str>Lyster, Roy</str>
               </arr>
               <arr name="iris.instrument.instrumentType">
                  <str>Dictogloss task</str>
                  <str>Listening / Aural test</str>
               </arr>
               <str name="iris.instrument.instrumentType.alltypes">dictogloss task dictogloss task  listening / aural test listening / aural test aural test </str>
               <arr name="iris.instrument.licence">
                  <str>Attribution-NonCommercial-ShareAlike</str>
               </arr>
               <arr name="iris.instrument.linguisticTarget">
                  <str>Verbs</str>
                  <str>Tense</str>
               </arr>
               <str name="iris.instrument.notes">The dictogloss tasks, question-and-answer activity and picture-cued narrative task used in Yang and Lyster (2010) are linked in IRIS.</str>
               <str name="iris.instrument.primaryInstrumentType">Dictogloss task</str>
               <arr name="iris.instrument.researchArea">
                  <str>Acquisition</str>
                  <str>Effectiveness of teaching</str>
                  <str>Error correction / Corrective feedback</str>
                  <str>Morphosyntax (grammar)</str>
                  <str>Teaching methods (style, approach, technique)</str>
                  <str>Speaking / Oral production</str>
               </arr>
               <arr name="iris.instrument.secondaryInstrumentType">
                  <str>Listening / Aural test</str>
               </arr>
               <arr name="iris.instrument.title">
                  <str>Dictogloss tasks</str>
               </arr>
               <arr name="iris.instrument.typeOfFile">
                  <str>Text</str>
               </arr>
               <arr name="iris.participants.firstLanguage">
                  <str>Chinese</str>
               </arr>
               <arr name="iris.participants.participantType">
                  <str>Foreign language learners</str>
                  <str/>
               </arr>
               <arr name="iris.participants.targetLanguage">
                  <str>English</str>
               </arr>
               <arr name="iris.referenceid">
                  <str>in press_Jerome_Three men in a boat (to say nothing of the dog)</str>
                  <str>2010_Yang_Lyster_Effects of form-focused practice and feedback on Chinese EFL learners' acquisition of regular and irregular past tense forms</str>
               </arr>
               <str name="iris.references.allauthors">Yang &amp; Lyster (2010)</str>
               <arr name="iris.references.author">
                  <str>Jerome, K.</str>
                  <str>Yang, Yingli</str>
                  <str>Lyster, Roy</str>
               </arr>
               <str name="iris.references.author.lastnames">jeromeyanglyster</str>
               <arr name="iris.references.author.noack">
                  <str>Yang, Yingli</str>
                  <str>Lyster, Roy</str>
               </arr>
               <arr name="iris.references.journal">
                  <str>Studies in Second Language Acquisition</str>
               </arr>
               <arr name="iris.references.placeOfPublication">
                  <str>Bristol, UK</str>
               </arr>
               <arr name="iris.references.publicationDate">
                  <str>in press</str>
                  <str>2010</str>
               </arr>
               <arr name="iris.references.publicationDateStr">
                  <str>in press</str>
                  <str>2010</str>
               </arr>
               <arr name="iris.references.publicationType">
                  <str>Other</str>
                  <str>Book</str>
                  <str>Journal Article</str>
               </arr>
               <arr name="iris.references.publisher">
                  <str>Arrowsmith</str>
               </arr>
               <arr name="iris2.email">
                  <str>roy.lyster@mcgill.ca</str>
               </arr>
               <arr name="iris2.feedback.count">
                  <str>0</str>
               </arr>
               <str name="iris2.hasmaterials">Records with materials</str>
               <arr name="iris2.instrument.author">
                  <str>Yang, Yingli</str>
                  <str>Lyster, Roy</str>
               </arr>
               <arr name="iris2.instrument.instrumentType">
                  <str>Dictogloss task</str>
                  <str>Listening / Aural test</str>
               </arr>
               <str name="iris2.instrument.instrumentType.alltypes">dictogloss task dictogloss task  listening / aural test listening / aural test aural test </str>
               <arr name="iris2.instrument.licence">
                  <str>Attribution-NonCommercial-ShareAlike</str>
               </arr>
               <arr name="iris2.instrument.linguisticTarget">
                  <str>Verbs</str>
                  <str>Tense</str>
               </arr>
               <str name="iris2.instrument.primaryInstrumentType">Dictogloss task</str>
               <arr name="iris2.instrument.researchArea">
                  <str>Acquisition</str>
                  <str>Effectiveness of teaching</str>
                  <str>Error correction / Corrective feedback</str>
                  <str>Morphosyntax (grammar)</str>
                  <str>Teaching methods (style, approach, technique)</str>
                  <str>Speaking / Oral production</str>
               </arr>
               <arr name="iris2.instrument.secondaryInstrumentType">
                  <str>Listening / Aural test</str>
               </arr>
               <arr name="iris2.instrument.typeOfFile">
                  <str>Text</str>
               </arr>
               <arr name="iris2.participants.firstLanguage">
                  <str>Chinese</str>
               </arr>
               <arr name="iris2.participants.participantType">
                  <str>Foreign language learners</str>
                  <str/>
               </arr>
               <arr name="iris2.participants.targetLanguage">
                  <str>English</str>
               </arr>
               <arr name="iris2.referenceid">
                  <str>in press_Jerome_Three men in a boat (to say nothing of the dog)</str>
                  <str>2010_Yang_Lyster_Effects of form-focused practice and feedback on Chinese EFL learners' acquisition of regular and irregular past tense forms</str>
               </arr>
               <str name="iris2.references.allauthors">Yang &amp; Lyster (2010)</str>
               <arr name="iris2.references.author">
                  <str>Jerome, K.</str>
                  <str>Yang, Yingli</str>
                  <str>Lyster, Roy</str>
               </arr>
               <str name="iris2.references.author.lastnames">jeromeyanglyster</str>
               <arr name="iris2.references.journal">
                  <str>Studies in Second Language Acquisition</str>
               </arr>
               <arr name="iris2.references.placeOfPublication">
                  <str>Bristol, UK</str>
               </arr>
               <arr name="iris2.references.publicationDate">
                  <str>in press</str>
                  <str>2010</str>
               </arr>
               <arr name="iris2.references.publicationDateStr">
                  <str>in press</str>
                  <str>2010</str>
               </arr>
               <arr name="iris2.references.publicationLatestDate">
                  <str>2010</str>
               </arr>
               <arr name="iris2.references.publicationType">
                  <str>Other</str>
                  <str>Book</str>
                  <str>Journal Article</str>
               </arr>
               <arr name="iris2.references.publisher">
                  <str>Arrowsmith</str>
               </arr>
               <arr name="oai_dc.dc_xsi:schemaLocation">
                  <str>http://www.openarchives.org/OAI/2.0/oai_dc/ http://www.openarchives.org/OAI/2.0/oai_dc.xsd</str>
                  <str>http://www.openarchives.org/OAI/2.0/oai_dc/ http://www.openarchives.org/OAI/2.0/oai_dc.xsd</str>
               </arr>
            </doc>
         </result>
      </response>
   </solr>
   <files>
      <file id="INSTRUMENT" mime="application/vnd.openxmlformats-officedocument.wordprocessingml.document" url="https://www.iris-database.org/iris/api/resource/york:822291/asset/INSTRUMENT?download=true"/>
   </files>
</record>
