<?xml version="1.0" encoding="ISO-8859-1"?>

<record pid="york:823337">
   <solr>
      <response>
         <lst name="responseHeader">
            <int name="status">0</int>
            <int name="QTime">491</int>
            <lst name="params">
               <str name="q">PID:york?823337</str>
            </lst>
         </lst>
         <result name="response" numfound="1" start="0">
            <doc>
               <str name="PID">york:823337</str>
               <arr name="dc.creator">
                  <str>Roothooft, Hanne</str>
               </arr>
               <arr name="dc.date">
                  <str>2014</str>
               </arr>
               <arr name="dc.description">
                  <str>This questionnaire was piloted with three teachers before it was used for a study involving ten teachers. It was given to the teachers after observations of their lessons and the aim was to compare teachers' beliefs with their practice. Based on what some of the teachers reported, it is estimated to take about half an hour to complete.</str>
               </arr>
               <arr name="dc.format">
                  <str>English</str>
               </arr>
               <arr name="dc.identifier">
                  <str>york:823337</str>
               </arr>
               <str name="dc.title">questionnaire on oral feedback</str>
               <str name="dc.title.sort">questionnaire on oral feedback</str>
               <arr name="dc.type">
                  <str>Attitude questionnaire</str>
                  <str>http://www.iris-database.org/Instruments</str>
               </arr>
               <arr name="dc2.creator">
                  <str>Roothooft, Hanne</str>
               </arr>
               <arr name="dc2.date">
                  <str>2014</str>
               </arr>
               <arr name="dc2.description">
                  <str>This questionnaire was piloted with three teachers before it was used for a study involving ten teachers. It was given to the teachers after observations of their lessons and the aim was to compare teachers' beliefs with their practice. Based on what some of the teachers reported, it is estimated to take about half an hour to complete.</str>
               </arr>
               <arr name="dc2.format">
                  <str>English</str>
               </arr>
               <arr name="dc2.identifier">
                  <str>york:823337</str>
               </arr>
               <str name="dc2.title">questionnaire on oral feedback</str>
               <arr name="dc2.type">
                  <str>Attitude questionnaire</str>
                  <str>http://www.iris-database.org/Instruments</str>
               </arr>
               <arr name="dc3.creator">
                  <str>Roothooft, Hanne</str>
               </arr>
               <str name="dc3.title">questionnaire on oral feedback</str>
               <date name="fgs.createdDate">2014-09-08T16:38:31.766Z</date>
               <date name="fgs.dateCreated.sort">2014-09-08T16:38:31.766Z</date>
               <str name="fgs.label">IRIS Instrument created by YODL workflow.</str>
               <date name="fgs.lastModifiedDate">2017-09-19T02:50:38.516Z</date>
               <str name="fgs.ownerId"> iris-b1db74c9-105a-4e59-b189-559a0770c9b5</str>
               <str name="fgs.state">Active</str>
               <arr name="iris.email">
                  <str>hanne.roothooft@hotmail.com</str>
               </arr>
               <arr name="iris.feedback.count">
                  <str>0</str>
               </arr>
               <str name="iris.hasmaterials">Records with materials</str>
               <arr name="iris.instrument.author">
                  <str>Roothooft, Hanne</str>
               </arr>
               <arr name="iris.instrument.dataType">
                  <str>Open response</str>
                  <str>Qualitative</str>
               </arr>
               <arr name="iris.instrument.dataType.alternate">
                  <str/>
                  <str/>
               </arr>
               <arr name="iris.instrument.instrumentType">
                  <str>Questionnaire</str>
                  <str>Attitude questionnaire</str>
               </arr>
               <str name="iris.instrument.instrumentType.alltypes">attitude questionnaire attitude questionnaire  </str>
               <arr name="iris.instrument.licence">
                  <str>Attribution-NonCommercial-ShareAlike</str>
               </arr>
               <str name="iris.instrument.notes">This questionnaire was piloted with three teachers before it was used for a study involving ten teachers. It was given to the teachers after observations of their lessons and the aim was to compare teachers' beliefs with their practice. Based on what some of the teachers reported, it is estimated to take about half an hour to complete.</str>
               <str name="iris.instrument.primaryInstrumentType">Questionnaire &gt; Attitude questionnaire</str>
               <arr name="iris.instrument.researchArea">
                  <str>Error correction / Corrective feedback</str>
                  <str>Interaction</str>
                  <str>Teacher cognition</str>
               </arr>
               <arr name="iris.instrument.sourceLanguage">
                  <str>English</str>
               </arr>
               <arr name="iris.instrument.title">
                  <str>questionnaire on oral feedback</str>
               </arr>
               <arr name="iris.instrument.typeOfFile">
                  <str>Text</str>
               </arr>
               <arr name="iris.participants.participantType">
                  <str>Teachers</str>
               </arr>
               <arr name="iris.referenceid">
                  <str>2014_Roothooft_The relationship between adult EFL teachers' oral feedback practices and their beliefs</str>
               </arr>
               <str name="iris.references.allauthors">Roothooft (2014)</str>
               <arr name="iris.references.author">
                  <str>Roothooft, Hanne</str>
               </arr>
               <str name="iris.references.author.lastnames">roothooft</str>
               <arr name="iris.references.author.noack">
                  <str>Roothooft, Hanne</str>
               </arr>
               <arr name="iris.references.journal">
                  <str>System</str>
               </arr>
               <arr name="iris.references.publicationDate">
                  <str>2014</str>
               </arr>
               <arr name="iris.references.publicationDateStr">
                  <str>2014</str>
               </arr>
               <arr name="iris.references.publicationType">
                  <str>Journal Article</str>
               </arr>
               <arr name="iris2.email">
                  <str>hanne.roothooft@hotmail.com</str>
               </arr>
               <arr name="iris2.feedback.count">
                  <str>0</str>
               </arr>
               <str name="iris2.hasmaterials">Records with materials</str>
               <arr name="iris2.instrument.author">
                  <str>Roothooft, Hanne</str>
               </arr>
               <arr name="iris2.instrument.dataType">
                  <str>Open response</str>
                  <str>Qualitative</str>
               </arr>
               <arr name="iris2.instrument.instrumentType">
                  <str>Questionnaire</str>
                  <str>Attitude questionnaire</str>
               </arr>
               <str name="iris2.instrument.instrumentType.alltypes">attitude questionnaire attitude questionnaire  </str>
               <arr name="iris2.instrument.licence">
                  <str>Attribution-NonCommercial-ShareAlike</str>
               </arr>
               <str name="iris2.instrument.primaryInstrumentType">Questionnaire &gt; Attitude questionnaire</str>
               <arr name="iris2.instrument.researchArea">
                  <str>Error correction / Corrective feedback</str>
                  <str>Interaction</str>
                  <str>Teacher cognition</str>
               </arr>
               <arr name="iris2.instrument.sourceLanguage">
                  <str>English</str>
               </arr>
               <arr name="iris2.instrument.typeOfFile">
                  <str>Text</str>
               </arr>
               <arr name="iris2.participants.participantType">
                  <str>Teachers</str>
               </arr>
               <arr name="iris2.referenceid">
                  <str>2014_Roothooft_The relationship between adult EFL teachers' oral feedback practices and their beliefs</str>
               </arr>
               <str name="iris2.references.allauthors">Roothooft (2014)</str>
               <arr name="iris2.references.author">
                  <str>Roothooft, Hanne</str>
               </arr>
               <str name="iris2.references.author.lastnames">roothooft</str>
               <arr name="iris2.references.journal">
                  <str>System</str>
               </arr>
               <arr name="iris2.references.publicationDate">
                  <str>2014</str>
               </arr>
               <arr name="iris2.references.publicationDateStr">
                  <str>2014</str>
               </arr>
               <arr name="iris2.references.publicationLatestDate">
                  <str>2014</str>
               </arr>
               <arr name="iris2.references.publicationType">
                  <str>Journal Article</str>
               </arr>
               <arr name="oai_dc.dc_xsi:schemaLocation">
                  <str>http://www.openarchives.org/OAI/2.0/oai_dc/ http://www.openarchives.org/OAI/2.0/oai_dc.xsd</str>
                  <str>http://www.openarchives.org/OAI/2.0/oai_dc/ http://www.openarchives.org/OAI/2.0/oai_dc.xsd</str>
               </arr>
            </doc>
         </result>
      </response>
   </solr>
   <files>
      <file id="INSTRUMENT" mime="application/msword" url="https://www.iris-database.org/iris/api/resource/york:823337/asset/INSTRUMENT?download=true"/>
   </files>
</record>
