<?xml version="1.0" encoding="ISO-8859-1"?>

<record pid="york:823620">
   <solr>
      <response>
         <lst name="responseHeader">
            <int name="status">0</int>
            <int name="QTime">603</int>
            <lst name="params">
               <str name="q">PID:york?823620</str>
            </lst>
         </lst>
         <result name="response" numfound="1" start="0">
            <doc>
               <str name="PID">york:823620</str>
               <arr name="dc.creator">
                  <str>Tavakoli, Parvaneh</str>
                  <str>Eckerth, Johannes</str>
               </arr>
               <arr name="dc.date">
                  <str>2012</str>
               </arr>
               <arr name="dc.identifier">
                  <str>york:823620</str>
               </arr>
               <str name="dc.title">Reading task 1 and vocabularies</str>
               <str name="dc.title.sort">Reading task 1 and vocabularies</str>
               <arr name="dc.type">
                  <str>Reading comprehension test</str>
                  <str>Vocabulary test (receptive)</str>
                  <str>Vocabulary test (productive)</str>
                  <str>http://www.iris-database.org/Instruments</str>
               </arr>
               <arr name="dc2.creator">
                  <str>Tavakoli, Parvaneh</str>
                  <str>Eckerth, Johannes</str>
               </arr>
               <arr name="dc2.date">
                  <str>2012</str>
               </arr>
               <arr name="dc2.identifier">
                  <str>york:823620</str>
               </arr>
               <str name="dc2.title">Reading task 1 and vocabularies</str>
               <arr name="dc2.type">
                  <str>Reading comprehension test</str>
                  <str>Vocabulary test (receptive)</str>
                  <str>Vocabulary test (productive)</str>
                  <str>http://www.iris-database.org/Instruments</str>
               </arr>
               <arr name="dc3.creator">
                  <str>Tavakoli, Parvaneh</str>
                  <str>Eckerth, Johannes</str>
               </arr>
               <str name="dc3.title">Reading task 1 and vocabularies</str>
               <date name="fgs.createdDate">2014-09-18T19:37:23.987Z</date>
               <date name="fgs.dateCreated.sort">2014-09-18T19:37:23.987Z</date>
               <str name="fgs.label">IRIS Instrument created by YODL workflow.</str>
               <date name="fgs.lastModifiedDate">2017-09-04T21:24:56.165Z</date>
               <str name="fgs.ownerId">iris-580a9f0f-ed9e-4f5f-be7e-877243bddfd0</str>
               <str name="fgs.state">Active</str>
               <arr name="iris.email">
                  <str>p.tavakoli@reading.ac.uk</str>
               </arr>
               <arr name="iris.feedback.count">
                  <str>2</str>
               </arr>
               <arr name="iris.feedback.email_1">
                  <str>aafiyasalman@gmail.com</str>
               </arr>
               <arr name="iris.feedback.email_2">
                  <str>aafiyasalman@gmail.com</str>
               </arr>
               <arr name="iris.feedback.name_1">
                  <str>aafiya</str>
               </arr>
               <arr name="iris.feedback.name_2">
                  <str>aafiya</str>
               </arr>
               <arr name="iris.feedback.notes_1">
                  <str>Hi !&lt;br/&gt;&lt;br/&gt;Well ! Something is Funny here . . . unable to open up this Zip file !Thank you !</str>
               </arr>
               <arr name="iris.feedback.notes_2">
                  <str>Hi !&lt;br/&gt;&lt;br/&gt;Well ! Something is Funny here . . . unable to open up this Zip file !Thank you !</str>
               </arr>
               <arr name="iris.feedback.published_1">
                  <str>false</str>
               </arr>
               <arr name="iris.feedback.published_2">
                  <str>false</str>
               </arr>
               <arr name="iris.feedback.time_1">
                  <str>14 Aug 2015 15:41:42 GMT</str>
               </arr>
               <arr name="iris.feedback.time_2">
                  <str>14 Aug 2015 15:41:49 GMT</str>
               </arr>
               <arr name="iris.feedback.usage_1">
                  <str>1</str>
               </arr>
               <arr name="iris.feedback.usage_2">
                  <str>1</str>
               </arr>
               <str name="iris.hasmaterials">Records with materials</str>
               <arr name="iris.instrument.author">
                  <str>Tavakoli, Parvaneh</str>
                  <str>Eckerth, Johannes</str>
               </arr>
               <arr name="iris.instrument.instrumentType">
                  <str>Comprehension test</str>
                  <str>Reading</str>
                  <str>Vocabulary test</str>
                  <str>Receptive</str>
                  <str>Vocabulary test</str>
                  <str>Productive</str>
               </arr>
               <str name="iris.instrument.instrumentType.alltypes">reading reading comprehension test  receptive vocabulary test (receptive)  productive vocabulary test (productive)  </str>
               <arr name="iris.instrument.licence">
                  <str>Attribution-NonCommercial-ShareAlike</str>
               </arr>
               <str name="iris.instrument.primaryInstrumentType">Comprehension test &gt; Reading</str>
               <arr name="iris.instrument.researchArea">
                  <str>Acquisition</str>
                  <str>Processing</str>
                  <str>Reading</str>
               </arr>
               <arr name="iris.instrument.secondaryInstrumentType">
                  <str>Vocabulary test &gt; Receptive</str>
                  <str>Vocabulary test &gt; Productive</str>
               </arr>
               <arr name="iris.instrument.title">
                  <str>Reading task 1 and vocabularies</str>
               </arr>
               <arr name="iris.instrument.typeOfFile">
                  <str>Text</str>
               </arr>
               <arr name="iris.participants.participantType">
                  <str>Foreign language learners</str>
               </arr>
               <arr name="iris.referenceid">
                  <str>2012_Eckerth_Tavakoli_The effects of word frequency and elaboration of word processing on incidental L2 vocabulary acquisition through reading</str>
               </arr>
               <str name="iris.references.allauthors">Eckerth &amp; Tavakoli (2012)</str>
               <arr name="iris.references.author">
                  <str>Eckerth, Johannes</str>
                  <str>Tavakoli, Parvaneh</str>
               </arr>
               <str name="iris.references.author.lastnames">eckerthtavakoli</str>
               <arr name="iris.references.author.noack">
                  <str>Eckerth, Johannes</str>
                  <str>Tavakoli, Parvaneh</str>
               </arr>
               <arr name="iris.references.journal">
                  <str>Language Teaching Research</str>
               </arr>
               <arr name="iris.references.publicationDate">
                  <str>2012</str>
               </arr>
               <arr name="iris.references.publicationDateStr">
                  <str>2012</str>
               </arr>
               <arr name="iris.references.publicationType">
                  <str>Journal Article</str>
               </arr>
               <arr name="iris2.email">
                  <str>p.tavakoli@reading.ac.uk</str>
               </arr>
               <arr name="iris2.feedback.count">
                  <str>2</str>
               </arr>
               <arr name="iris2.feedback.email_1">
                  <str>aafiyasalman@gmail.com</str>
               </arr>
               <arr name="iris2.feedback.email_2">
                  <str>aafiyasalman@gmail.com</str>
               </arr>
               <arr name="iris2.feedback.name_1">
                  <str>aafiya</str>
               </arr>
               <arr name="iris2.feedback.name_2">
                  <str>aafiya</str>
               </arr>
               <arr name="iris2.feedback.notes_1">
                  <str>Hi !&lt;br/&gt;&lt;br/&gt;Well ! Something is Funny here . . . unable to open up this Zip file !Thank you !</str>
               </arr>
               <arr name="iris2.feedback.notes_2">
                  <str>Hi !&lt;br/&gt;&lt;br/&gt;Well ! Something is Funny here . . . unable to open up this Zip file !Thank you !</str>
               </arr>
               <arr name="iris2.feedback.published_1">
                  <str>false</str>
               </arr>
               <arr name="iris2.feedback.published_2">
                  <str>false</str>
               </arr>
               <arr name="iris2.feedback.time_1">
                  <str>14 Aug 2015 15:41:42 GMT</str>
               </arr>
               <arr name="iris2.feedback.time_2">
                  <str>14 Aug 2015 15:41:49 GMT</str>
               </arr>
               <arr name="iris2.feedback.usage_1">
                  <str>1</str>
               </arr>
               <arr name="iris2.feedback.usage_2">
                  <str>1</str>
               </arr>
               <str name="iris2.hasmaterials">Records with materials</str>
               <arr name="iris2.instrument.author">
                  <str>Tavakoli, Parvaneh</str>
                  <str>Eckerth, Johannes</str>
               </arr>
               <arr name="iris2.instrument.instrumentType">
                  <str>Comprehension test</str>
                  <str>Reading</str>
                  <str>Vocabulary test</str>
                  <str>Receptive</str>
                  <str>Vocabulary test</str>
                  <str>Productive</str>
               </arr>
               <str name="iris2.instrument.instrumentType.alltypes">reading reading comprehension test  receptive vocabulary test (receptive)  productive vocabulary test (productive)  </str>
               <arr name="iris2.instrument.licence">
                  <str>Attribution-NonCommercial-ShareAlike</str>
               </arr>
               <str name="iris2.instrument.primaryInstrumentType">Comprehension test &gt; Reading</str>
               <arr name="iris2.instrument.researchArea">
                  <str>Acquisition</str>
                  <str>Processing</str>
                  <str>Reading</str>
               </arr>
               <arr name="iris2.instrument.secondaryInstrumentType">
                  <str>Vocabulary test &gt; Receptive</str>
                  <str>Vocabulary test &gt; Productive</str>
               </arr>
               <arr name="iris2.instrument.typeOfFile">
                  <str>Text</str>
               </arr>
               <arr name="iris2.participants.participantType">
                  <str>Foreign language learners</str>
               </arr>
               <arr name="iris2.referenceid">
                  <str>2012_Eckerth_Tavakoli_The effects of word frequency and elaboration of word processing on incidental L2 vocabulary acquisition through reading</str>
               </arr>
               <str name="iris2.references.allauthors">Eckerth &amp; Tavakoli (2012)</str>
               <arr name="iris2.references.author">
                  <str>Eckerth, Johannes</str>
                  <str>Tavakoli, Parvaneh</str>
               </arr>
               <str name="iris2.references.author.lastnames">eckerthtavakoli</str>
               <arr name="iris2.references.journal">
                  <str>Language Teaching Research</str>
               </arr>
               <arr name="iris2.references.publicationDate">
                  <str>2012</str>
               </arr>
               <arr name="iris2.references.publicationDateStr">
                  <str>2012</str>
               </arr>
               <arr name="iris2.references.publicationLatestDate">
                  <str>2012</str>
               </arr>
               <arr name="iris2.references.publicationType">
                  <str>Journal Article</str>
               </arr>
               <arr name="oai_dc.dc_xsi:schemaLocation">
                  <str>http://www.openarchives.org/OAI/2.0/oai_dc/ http://www.openarchives.org/OAI/2.0/oai_dc.xsd</str>
                  <str>http://www.openarchives.org/OAI/2.0/oai_dc/ http://www.openarchives.org/OAI/2.0/oai_dc.xsd</str>
               </arr>
            </doc>
         </result>
      </response>
   </solr>
   <files>
      <file id="INSTRUMENT" mime="application/pdf" url="https://www.iris-database.org/iris/api/resource/york:823620/asset/INSTRUMENT?download=true"/>
   </files>
</record>
