<?xml version="1.0" encoding="ISO-8859-1"?>

<record pid="york:822999">
   <solr>
      <response>
         <lst name="responseHeader">
            <int name="status">0</int>
            <int name="QTime">549</int>
            <lst name="params">
               <str name="q">PID:york?822999</str>
            </lst>
         </lst>
         <result name="response" numfound="1" start="0">
            <doc>
               <str name="PID">york:822999</str>
               <arr name="dc.creator">
                  <str>Satar, H. Muge</str>
                  <str>Ozdener, Nesrin</str>
               </arr>
               <arr name="dc.date">
                  <str>2003</str>
                  <str>2008</str>
               </arr>
               <arr name="dc.description">
                  <str>The records for the communication tasks (presented on a website); speaking tests (pre- and post-); general speaking proficiency scale; language development scale; foreign language learning anxiety scale; open-ended questionnaire and end of study questionnaire used in this study are all linked on IRIS.</str>
               </arr>
               <arr name="dc.identifier">
                  <str>york:822999</str>
               </arr>
               <str name="dc.title">Speaking test (pre- and post-)</str>
               <str name="dc.title.sort">Speaking test (pre- and post-)</str>
               <arr name="dc.type">
                  <str>Information exchange tasks</str>
                  <str>Proficiency test</str>
                  <str>Rating guidelines / Criteria</str>
                  <str>http://www.iris-database.org/Instruments</str>
               </arr>
               <arr name="dc2.creator">
                  <str>Satar, H. Muge</str>
                  <str>Ozdener, Nesrin</str>
               </arr>
               <arr name="dc2.date">
                  <str>2003</str>
                  <str>2008</str>
               </arr>
               <arr name="dc2.description">
                  <str>The records for the communication tasks (presented on a website); speaking tests (pre- and post-); general speaking proficiency scale; language development scale; foreign language learning anxiety scale; open-ended questionnaire and end of study questionnaire used in this study are all linked on IRIS.</str>
               </arr>
               <arr name="dc2.identifier">
                  <str>york:822999</str>
               </arr>
               <str name="dc2.title">Speaking test (pre- and post-)</str>
               <arr name="dc2.type">
                  <str>Information exchange tasks</str>
                  <str>Proficiency test</str>
                  <str>Rating guidelines / Criteria</str>
                  <str>http://www.iris-database.org/Instruments</str>
               </arr>
               <arr name="dc3.creator">
                  <str>Satar, H. Muge</str>
                  <str>Ozdener, Nesrin</str>
               </arr>
               <str name="dc3.title">Speaking test (pre- and post-)</str>
               <date name="fgs.createdDate">2014-08-08T16:55:16.072Z</date>
               <date name="fgs.dateCreated.sort">2014-08-08T16:55:16.072Z</date>
               <str name="fgs.label">IRIS Instrument created by YODL workflow.</str>
               <date name="fgs.lastModifiedDate">2017-09-17T09:11:19.614Z</date>
               <str name="fgs.ownerId">iris-580a9f0f-ed9e-4f5f-be7e-877243bddfd0</str>
               <str name="fgs.state">Active</str>
               <arr name="iris.email">
                  <str>H.M.Satar@open.ac.uk</str>
               </arr>
               <arr name="iris.feedback.count">
                  <str>0</str>
               </arr>
               <str name="iris.hasmaterials">Records with materials</str>
               <arr name="iris.instrument.author">
                  <str>Satar, H. Muge</str>
                  <str>Ozdener, Nesrin</str>
               </arr>
               <arr name="iris.instrument.instrumentType">
                  <str>Communicative / Interactive task</str>
                  <str>Information exchange</str>
                  <str>Proficiency test</str>
                  <str>Speaking test / Oral production test</str>
                  <str>Rating guidelines / Criteria</str>
               </arr>
               <str name="iris.instrument.instrumentType.alltypes">information exchange information exchange tasks  proficiency test proficiency test  rating guidelines / criteria rating guidelines / criteria  </str>
               <arr name="iris.instrument.licence">
                  <str>Attribution-NonCommercial-ShareAlike</str>
               </arr>
               <str name="iris.instrument.notes">The records for the communication tasks (presented on a website); speaking tests (pre- and post-); general speaking proficiency scale; language development scale; foreign language learning anxiety scale; open-ended questionnaire and end of study questionnaire used in this study are all linked on IRIS.</str>
               <str name="iris.instrument.primaryInstrumentType">Speaking test / Oral production test &gt; Rating guidelines / Criteria</str>
               <arr name="iris.instrument.researchArea">
                  <str>Proficiency</str>
                  <str>Learner attitudes</str>
                  <str>Speaking / Oral production</str>
                  <str>Acquisition</str>
               </arr>
               <arr name="iris.instrument.secondaryInstrumentType">
                  <str>Communicative / Interactive task &gt; Information exchange</str>
                  <str>Proficiency test</str>
               </arr>
               <arr name="iris.instrument.title">
                  <str>Speaking test (pre- and post-)</str>
               </arr>
               <arr name="iris.instrument.typeOfFile">
                  <str>Text</str>
                  <str>Still Image</str>
               </arr>
               <arr name="iris.participants.firstLanguage">
                  <str>Turkish</str>
               </arr>
               <arr name="iris.participants.participantType">
                  <str>Foreign language learners</str>
               </arr>
               <arr name="iris.participants.targetLanguage">
                  <str>English</str>
               </arr>
               <arr name="iris.referenceid">
                  <str>2003_Fulcher_Testing Second Language Speaking</str>
                  <str>2008_Satar_Ozdener_The effects of synchronous CMC on speaking proficiency and anxiety: Text versus voice chat</str>
               </arr>
               <str name="iris.references.allauthors">Satar &amp; Ozdener (2008)</str>
               <arr name="iris.references.author">
                  <str>Fulcher, G.</str>
                  <str>Satar, H. Muge</str>
                  <str>Ozdener, Nesrin</str>
               </arr>
               <str name="iris.references.author.lastnames">fulchersatarozdener</str>
               <arr name="iris.references.author.noack">
                  <str>Satar, H. Muge</str>
                  <str>Ozdener, Nesrin</str>
               </arr>
               <arr name="iris.references.journal">
                  <str>The Modern Language Journal</str>
               </arr>
               <arr name="iris.references.placeOfPublication">
                  <str>Harlow, UK</str>
               </arr>
               <arr name="iris.references.publicationDate">
                  <str>2003</str>
                  <str>2008</str>
               </arr>
               <arr name="iris.references.publicationDateStr">
                  <str>2003</str>
                  <str>2008</str>
               </arr>
               <arr name="iris.references.publicationType">
                  <str>Book</str>
                  <str>Journal Article</str>
               </arr>
               <arr name="iris.references.publisher">
                  <str>Longman</str>
               </arr>
               <arr name="iris2.email">
                  <str>H.M.Satar@open.ac.uk</str>
               </arr>
               <arr name="iris2.feedback.count">
                  <str>0</str>
               </arr>
               <str name="iris2.hasmaterials">Records with materials</str>
               <arr name="iris2.instrument.author">
                  <str>Satar, H. Muge</str>
                  <str>Ozdener, Nesrin</str>
               </arr>
               <arr name="iris2.instrument.instrumentType">
                  <str>Communicative / Interactive task</str>
                  <str>Information exchange</str>
                  <str>Proficiency test</str>
                  <str>Speaking test / Oral production test</str>
                  <str>Rating guidelines / Criteria</str>
               </arr>
               <str name="iris2.instrument.instrumentType.alltypes">information exchange information exchange tasks  proficiency test proficiency test  rating guidelines / criteria rating guidelines / criteria  </str>
               <arr name="iris2.instrument.licence">
                  <str>Attribution-NonCommercial-ShareAlike</str>
               </arr>
               <str name="iris2.instrument.primaryInstrumentType">Speaking test / Oral production test &gt; Rating guidelines / Criteria</str>
               <arr name="iris2.instrument.researchArea">
                  <str>Proficiency</str>
                  <str>Learner attitudes</str>
                  <str>Speaking / Oral production</str>
                  <str>Acquisition</str>
               </arr>
               <arr name="iris2.instrument.secondaryInstrumentType">
                  <str>Communicative / Interactive task &gt; Information exchange</str>
                  <str>Proficiency test</str>
               </arr>
               <arr name="iris2.instrument.typeOfFile">
                  <str>Text</str>
                  <str>Still Image</str>
               </arr>
               <arr name="iris2.participants.firstLanguage">
                  <str>Turkish</str>
               </arr>
               <arr name="iris2.participants.participantType">
                  <str>Foreign language learners</str>
               </arr>
               <arr name="iris2.participants.targetLanguage">
                  <str>English</str>
               </arr>
               <arr name="iris2.referenceid">
                  <str>2003_Fulcher_Testing Second Language Speaking</str>
                  <str>2008_Satar_Ozdener_The effects of synchronous CMC on speaking proficiency and anxiety: Text versus voice chat</str>
               </arr>
               <str name="iris2.references.allauthors">Satar &amp; Ozdener (2008)</str>
               <arr name="iris2.references.author">
                  <str>Fulcher, G.</str>
                  <str>Satar, H. Muge</str>
                  <str>Ozdener, Nesrin</str>
               </arr>
               <str name="iris2.references.author.lastnames">fulchersatarozdener</str>
               <arr name="iris2.references.journal">
                  <str>The Modern Language Journal</str>
               </arr>
               <arr name="iris2.references.placeOfPublication">
                  <str>Harlow, UK</str>
               </arr>
               <arr name="iris2.references.publicationDate">
                  <str>2003</str>
                  <str>2008</str>
               </arr>
               <arr name="iris2.references.publicationDateStr">
                  <str>2003</str>
                  <str>2008</str>
               </arr>
               <arr name="iris2.references.publicationLatestDate">
                  <str>2008</str>
               </arr>
               <arr name="iris2.references.publicationType">
                  <str>Book</str>
                  <str>Journal Article</str>
               </arr>
               <arr name="iris2.references.publisher">
                  <str>Longman</str>
               </arr>
               <arr name="oai_dc.dc_xsi:schemaLocation">
                  <str>http://www.openarchives.org/OAI/2.0/oai_dc/ http://www.openarchives.org/OAI/2.0/oai_dc.xsd</str>
                  <str>http://www.openarchives.org/OAI/2.0/oai_dc/ http://www.openarchives.org/OAI/2.0/oai_dc.xsd</str>
                  <str>http://www.openarchives.org/OAI/2.0/oai_dc/ http://www.openarchives.org/OAI/2.0/oai_dc.xsd</str>
                  <str>http://www.openarchives.org/OAI/2.0/oai_dc/ http://www.openarchives.org/OAI/2.0/oai_dc.xsd</str>
                  <str>http://www.openarchives.org/OAI/2.0/oai_dc/ http://www.openarchives.org/OAI/2.0/oai_dc.xsd</str>
                  <str>http://www.openarchives.org/OAI/2.0/oai_dc/ http://www.openarchives.org/OAI/2.0/oai_dc.xsd</str>
               </arr>
            </doc>
         </result>
      </response>
   </solr>
   <files>
      <file id="INSTRUMENT" mime="application/vnd.openxmlformats-officedocument.wordprocessingml.document" url="https://www.iris-database.org/iris/api/resource/york:822999/asset/INSTRUMENT?download=true"/>
   </files>
</record>
