<?xml version="1.0" encoding="ISO-8859-1"?>

<record pid="york:852572">
   <solr>
      <response>
         <lst name="responseHeader">
            <int name="status">0</int>
            <int name="QTime">465</int>
            <lst name="params">
               <str name="q">PID:york?852572</str>
            </lst>
         </lst>
         <result name="response" numfound="1" start="0">
            <doc>
               <str name="PID">york:852572</str>
               <arr name="dc.creator">
                  <str>Ranta, Leila</str>
                  <str>Meckelborg, Amy</str>
               </arr>
               <arr name="dc.date">
                  <str>1993</str>
                  <str>1989</str>
                  <str>2013</str>
               </arr>
               <arr name="dc.description">
                  <str>This instrument contains the file 'Language Log v 9.2. (16). EXE', a demo of the Language Activity Log (LAL) used in Ranta and Meckelborg (2013) which can be opened and viewed on any PC. The LAL is a computerised log which the authors used to collect data on the quantity and quality of exposure experienced by 17 Chinese graduate students at a Canadian university. Participants completed the log once a month for one week, over a six-month period. This instrument also contains other files which require FileMaker software for access. Should you wish to access these files and/or use the log for research, please contact Leila Ranta at lranta@ualberta.ca.</str>
               </arr>
               <arr name="dc.identifier">
                  <str>york:852572</str>
               </arr>
               <str name="dc.title">Ranta Language Activity Log</str>
               <str name="dc.title.sort">Ranta Language Activity Log</str>
               <arr name="dc.type">
                  <str>Other</str>
                  <str>http://www.iris-database.org/Instruments</str>
               </arr>
               <arr name="dc2.creator">
                  <str>Ranta, Leila</str>
                  <str>Meckelborg, Amy</str>
               </arr>
               <arr name="dc2.date">
                  <str>1993</str>
                  <str>1989</str>
                  <str>2013</str>
               </arr>
               <arr name="dc2.description">
                  <str>This instrument contains the file 'Language Log v 9.2. (16). EXE', a demo of the Language Activity Log (LAL) used in Ranta and Meckelborg (2013) which can be opened and viewed on any PC. The LAL is a computerised log which the authors used to collect data on the quantity and quality of exposure experienced by 17 Chinese graduate students at a Canadian university. Participants completed the log once a month for one week, over a six-month period. This instrument also contains other files which require FileMaker software for access. Should you wish to access these files and/or use the log for research, please contact Leila Ranta at lranta@ualberta.ca.</str>
               </arr>
               <arr name="dc2.identifier">
                  <str>york:852572</str>
               </arr>
               <str name="dc2.title">Ranta Language Activity Log</str>
               <arr name="dc2.type">
                  <str>Other</str>
                  <str>http://www.iris-database.org/Instruments</str>
               </arr>
               <arr name="dc3.creator">
                  <str>Ranta, Leila</str>
                  <str>Meckelborg, Amy</str>
               </arr>
               <str name="dc3.title">Ranta Language Activity Log</str>
               <date name="fgs.createdDate">2015-04-17T13:09:22.282Z</date>
               <date name="fgs.dateCreated.sort">2015-04-17T13:09:22.282Z</date>
               <str name="fgs.label">IRIS Instrument created by YODL workflow.</str>
               <date name="fgs.lastModifiedDate">2017-06-05T15:58:37.963Z</date>
               <str name="fgs.ownerId">iris-580a9f0f-ed9e-4f5f-be7e-877243bddfd0</str>
               <str name="fgs.state">Active</str>
               <arr name="iris.email">
                  <str>lranta@ualberta.ca</str>
               </arr>
               <arr name="iris.feedback.count">
                  <str>0</str>
               </arr>
               <str name="iris.hasmaterials">Records with materials</str>
               <arr name="iris.instrument.author">
                  <str>Ranta, Leila</str>
                  <str>Meckelborg, Amy</str>
               </arr>
               <arr name="iris.instrument.instrumentType">
                  <str>Coding scheme</str>
                  <str>Other coding scheme</str>
               </arr>
               <str name="iris.instrument.instrumentType.alltypes">other coding scheme other coding scheme  </str>
               <arr name="iris.instrument.licence">
                  <str>Attribution-NonCommercial-ShareAlike</str>
               </arr>
               <str name="iris.instrument.notes">This instrument contains the file 'Language Log v 9.2. (16). EXE', a demo of the Language Activity Log (LAL) used in Ranta and Meckelborg (2013) which can be opened and viewed on any PC. The LAL is a computerised log which the authors used to collect data on the quantity and quality of exposure experienced by 17 Chinese graduate students at a Canadian university. Participants completed the log once a month for one week, over a six-month period. This instrument also contains other files which require FileMaker software for access. Should you wish to access these files and/or use the log for research, please contact Leila Ranta at lranta@ualberta.ca.</str>
               <str name="iris.instrument.primaryInstrumentType">Coding scheme &gt; Other coding scheme</str>
               <arr name="iris.instrument.researchArea">
                  <str>Implicit learning</str>
                  <str>Interaction</str>
                  <str>Study abroad</str>
               </arr>
               <arr name="iris.instrument.software">
                  <str>FileMaker</str>
               </arr>
               <arr name="iris.instrument.title">
                  <str>Ranta Language Activity Log</str>
               </arr>
               <arr name="iris.instrument.typeOfFile">
                  <str>Software</str>
               </arr>
               <arr name="iris.participants.firstLanguage">
                  <str>Chinese</str>
               </arr>
               <arr name="iris.participants.participantType">
                  <str>Foreign language learners</str>
                  <str>Second language learners</str>
                  <str/>
               </arr>
               <arr name="iris.participants.targetLanguage">
                  <str>English</str>
               </arr>
               <arr name="iris.referenceid">
                  <str>1993_Brecht_Robinson_Qualitative analysis of second language acquisition in study abroad: The ACTR/NFLC Project. NFLC Occassional Papers</str>
                  <str>1989_Kaplan_French in the community: A survey of language used abroad</str>
                  <str>2013_Ranta_Meckelborg_How much exposure do international graduate students really get? Measuring language use in a naturalistic setting</str>
               </arr>
               <str name="iris.references.allauthors">Ranta &amp; Meckelborg (2013)</str>
               <arr name="iris.references.author">
                  <str>Brecht, R.</str>
                  <str>Robinson, J.</str>
                  <str>Kaplan, M.</str>
                  <str>Ranta, Leila</str>
                  <str>Meckelborg, Amy</str>
               </arr>
               <str name="iris.references.author.lastnames">brechtrobinsonkaplanrantameckelborg</str>
               <arr name="iris.references.author.noack">
                  <str>Ranta, Leila</str>
                  <str>Meckelborg, Amy</str>
               </arr>
               <arr name="iris.references.journal">
                  <str>Canadian Modern Language Review</str>
               </arr>
               <arr name="iris.references.placeOfPublication">
                  <str>Washington DC</str>
               </arr>
               <arr name="iris.references.publicationDate">
                  <str>1993</str>
                  <str>1989</str>
                  <str>2013</str>
               </arr>
               <arr name="iris.references.publicationDateStr">
                  <str>1993</str>
                  <str>1989</str>
                  <str>2013</str>
               </arr>
               <arr name="iris.references.publicationType">
                  <str>Electronic Resource</str>
                  <str>Other</str>
                  <str>Book</str>
                  <str>Journal Article</str>
                  <str>Journal Article</str>
               </arr>
               <arr name="iris.references.publisher">
                  <str>National Foreign Language Center</str>
               </arr>
               <arr name="iris2.email">
                  <str>lranta@ualberta.ca</str>
               </arr>
               <arr name="iris2.feedback.count">
                  <str>0</str>
               </arr>
               <str name="iris2.hasmaterials">Records with materials</str>
               <arr name="iris2.instrument.author">
                  <str>Ranta, Leila</str>
                  <str>Meckelborg, Amy</str>
               </arr>
               <arr name="iris2.instrument.instrumentType">
                  <str>Coding scheme</str>
                  <str>Other coding scheme</str>
               </arr>
               <str name="iris2.instrument.instrumentType.alltypes">other coding scheme other coding scheme  </str>
               <arr name="iris2.instrument.licence">
                  <str>Attribution-NonCommercial-ShareAlike</str>
               </arr>
               <str name="iris2.instrument.primaryInstrumentType">Coding scheme &gt; Other coding scheme</str>
               <arr name="iris2.instrument.researchArea">
                  <str>Implicit learning</str>
                  <str>Interaction</str>
                  <str>Study abroad</str>
               </arr>
               <arr name="iris2.instrument.software">
                  <str>FileMaker</str>
               </arr>
               <arr name="iris2.instrument.typeOfFile">
                  <str>Software</str>
               </arr>
               <arr name="iris2.participants.firstLanguage">
                  <str>Chinese</str>
               </arr>
               <arr name="iris2.participants.participantType">
                  <str>Foreign language learners</str>
                  <str>Second language learners</str>
                  <str/>
               </arr>
               <arr name="iris2.participants.targetLanguage">
                  <str>English</str>
               </arr>
               <arr name="iris2.referenceid">
                  <str>1993_Brecht_Robinson_Qualitative analysis of second language acquisition in study abroad: The ACTR/NFLC Project. NFLC Occassional Papers</str>
                  <str>1989_Kaplan_French in the community: A survey of language used abroad</str>
                  <str>2013_Ranta_Meckelborg_How much exposure do international graduate students really get? Measuring language use in a naturalistic setting</str>
               </arr>
               <str name="iris2.references.allauthors">Ranta &amp; Meckelborg (2013)</str>
               <arr name="iris2.references.author">
                  <str>Brecht, R.</str>
                  <str>Robinson, J.</str>
                  <str>Kaplan, M.</str>
                  <str>Ranta, Leila</str>
                  <str>Meckelborg, Amy</str>
               </arr>
               <str name="iris2.references.author.lastnames">brechtrobinsonkaplanrantameckelborg</str>
               <arr name="iris2.references.journal">
                  <str>Canadian Modern Language Review</str>
               </arr>
               <arr name="iris2.references.placeOfPublication">
                  <str>Washington DC</str>
               </arr>
               <arr name="iris2.references.publicationDate">
                  <str>1993</str>
                  <str>1989</str>
                  <str>2013</str>
               </arr>
               <arr name="iris2.references.publicationDateStr">
                  <str>1993</str>
                  <str>1989</str>
                  <str>2013</str>
               </arr>
               <arr name="iris2.references.publicationLatestDate">
                  <str>2013</str>
               </arr>
               <arr name="iris2.references.publicationType">
                  <str>Electronic Resource</str>
                  <str>Other</str>
                  <str>Book</str>
                  <str>Journal Article</str>
                  <str>Journal Article</str>
               </arr>
               <arr name="iris2.references.publisher">
                  <str>National Foreign Language Center</str>
               </arr>
               <arr name="oai_dc.dc_xsi:schemaLocation">
                  <str>http://www.openarchives.org/OAI/2.0/oai_dc/ http://www.openarchives.org/OAI/2.0/oai_dc.xsd</str>
                  <str>http://www.openarchives.org/OAI/2.0/oai_dc/ http://www.openarchives.org/OAI/2.0/oai_dc.xsd</str>
               </arr>
            </doc>
         </result>
      </response>
   </solr>
   <files>
      <file id="INSTRUMENT" mime="application/octet-stream" url="https://www.iris-database.org/iris/api/resource/york:852572/asset/INSTRUMENT?download=true"/>
      <file id="INSTRUMENT1" mime="application/octet-stream" url="https://www.iris-database.org/iris/api/resource/york:852572/asset/INSTRUMENT1?download=true"/>
      <file id="INSTRUMENT2" mime="application/octet-stream" url="https://www.iris-database.org/iris/api/resource/york:852572/asset/INSTRUMENT2?download=true"/>
      <file id="INSTRUMENT3" mime="application/octet-stream" url="https://www.iris-database.org/iris/api/resource/york:852572/asset/INSTRUMENT3?download=true"/>
      <file id="INSTRUMENT4" mime="application/octet-stream" url="https://www.iris-database.org/iris/api/resource/york:852572/asset/INSTRUMENT4?download=true"/>
      <file id="INSTRUMENT5" mime="application/octet-stream" url="https://www.iris-database.org/iris/api/resource/york:852572/asset/INSTRUMENT5?download=true"/>
      <file id="INSTRUMENT6" mime="application/octet-stream" url="https://www.iris-database.org/iris/api/resource/york:852572/asset/INSTRUMENT6?download=true"/>
      <file id="INSTRUMENT7" mime="application/octet-stream" url="https://www.iris-database.org/iris/api/resource/york:852572/asset/INSTRUMENT7?download=true"/>
      <file id="INSTRUMENT8" mime="application/octet-stream" url="https://www.iris-database.org/iris/api/resource/york:852572/asset/INSTRUMENT8?download=true"/>
      <file id="INSTRUMENT9" mime="application/octet-stream" url="https://www.iris-database.org/iris/api/resource/york:852572/asset/INSTRUMENT9?download=true"/>
      <file id="INSTRUMENT10" mime="application/octet-stream" url="https://www.iris-database.org/iris/api/resource/york:852572/asset/INSTRUMENT10?download=true"/>
      <file id="INSTRUMENT11" mime="application/octet-stream" url="https://www.iris-database.org/iris/api/resource/york:852572/asset/INSTRUMENT11?download=true"/>
      <file id="INSTRUMENT12" mime="application/octet-stream" url="https://www.iris-database.org/iris/api/resource/york:852572/asset/INSTRUMENT12?download=true"/>
      <file id="INSTRUMENT13" mime="application/octet-stream" url="https://www.iris-database.org/iris/api/resource/york:852572/asset/INSTRUMENT13?download=true"/>
      <file id="INSTRUMENT14" mime="application/octet-stream" url="https://www.iris-database.org/iris/api/resource/york:852572/asset/INSTRUMENT14?download=true"/>
      <file id="INSTRUMENT15" mime="application/octet-stream" url="https://www.iris-database.org/iris/api/resource/york:852572/asset/INSTRUMENT15?download=true"/>
      <file id="INSTRUMENT16" mime="application/octet-stream" url="https://www.iris-database.org/iris/api/resource/york:852572/asset/INSTRUMENT16?download=true"/>
      <file id="INSTRUMENT17" mime="application/octet-stream" url="https://www.iris-database.org/iris/api/resource/york:852572/asset/INSTRUMENT17?download=true"/>
      <file id="INSTRUMENT18" mime="application/octet-stream" url="https://www.iris-database.org/iris/api/resource/york:852572/asset/INSTRUMENT18?download=true"/>
      <file id="INSTRUMENT19" mime="application/octet-stream" url="https://www.iris-database.org/iris/api/resource/york:852572/asset/INSTRUMENT19?download=true"/>
      <file id="INSTRUMENT20" mime="application/octet-stream" url="https://www.iris-database.org/iris/api/resource/york:852572/asset/INSTRUMENT20?download=true"/>
      <file id="INSTRUMENT21" mime="application/octet-stream" url="https://www.iris-database.org/iris/api/resource/york:852572/asset/INSTRUMENT21?download=true"/>
   </files>
</record>
