<?xml version="1.0" encoding="ISO-8859-1"?>

<record pid="york:822998">
   <solr>
      <response>
         <lst name="responseHeader">
            <int name="status">0</int>
            <int name="QTime">472</int>
            <lst name="params">
               <str name="q">PID:york?822998</str>
            </lst>
         </lst>
         <result name="response" numfound="1" start="0">
            <doc>
               <str name="PID">york:822998</str>
               <arr name="dc.creator">
                  <str>Izquierdo, Jesus</str>
                  <str>Collins, Laura</str>
               </arr>
               <arr name="dc.date">
                  <str>2002</str>
                  <str>2008</str>
               </arr>
               <arr name="dc.description">
                  <str>In Izquierdo and Collins (2008), the authors also conducted a retrospective interview in which the participants were shown the target passages they had responded to and asked to comment on their thinking during the task.</str>
               </arr>
               <arr name="dc.identifier">
                  <str>york:822998</str>
               </arr>
               <str name="dc.title">Cloze test</str>
               <str name="dc.title.sort">Cloze test</str>
               <arr name="dc.type">
                  <str>Gap-fill / Cloze test</str>
                  <str>http://www.iris-database.org/Instruments</str>
               </arr>
               <arr name="dc2.creator">
                  <str>Izquierdo, Jesus</str>
                  <str>Collins, Laura</str>
               </arr>
               <arr name="dc2.date">
                  <str>2002</str>
                  <str>2008</str>
               </arr>
               <arr name="dc2.description">
                  <str>In Izquierdo and Collins (2008), the authors also conducted a retrospective interview in which the participants were shown the target passages they had responded to and asked to comment on their thinking during the task.</str>
               </arr>
               <arr name="dc2.identifier">
                  <str>york:822998</str>
               </arr>
               <str name="dc2.title">Cloze test</str>
               <arr name="dc2.type">
                  <str>Gap-fill / Cloze test</str>
                  <str>http://www.iris-database.org/Instruments</str>
               </arr>
               <arr name="dc3.creator">
                  <str>Izquierdo, Jesus</str>
                  <str>Collins, Laura</str>
               </arr>
               <str name="dc3.title">Cloze test</str>
               <date name="fgs.createdDate">2014-08-08T16:15:48.843Z</date>
               <date name="fgs.dateCreated.sort">2014-08-08T16:15:48.843Z</date>
               <str name="fgs.label">IRIS Instrument created by YODL workflow.</str>
               <date name="fgs.lastModifiedDate">2014-12-10T08:46:06.18Z</date>
               <str name="fgs.ownerId">iris-580a9f0f-ed9e-4f5f-be7e-877243bddfd0</str>
               <str name="fgs.state">Active</str>
               <arr name="iris.email">
                  <str>jesus.izquierdo@mail.mcgill.ca</str>
               </arr>
               <arr name="iris.feedback.count">
                  <str>0</str>
               </arr>
               <str name="iris.hasmaterials">Records with information only (materials not yet held)</str>
               <arr name="iris.instrument.author">
                  <str>Izquierdo, Jesus</str>
                  <str>Collins, Laura</str>
               </arr>
               <arr name="iris.instrument.instrumentType">
                  <str>Gap-fill / Cloze test / Fill in the blank</str>
               </arr>
               <str name="iris.instrument.instrumentType.alltypes">gap-fill / cloze test / fill in the blank gap-fill / cloze test / fill in the blank fill in the blank, cloze,gap fill </str>
               <arr name="iris.instrument.licence">
                  <str>Attribution-NonCommercial-ShareAlike</str>
               </arr>
               <arr name="iris.instrument.linguisticTarget">
                  <str>Aspect</str>
                  <str>Tense</str>
               </arr>
               <str name="iris.instrument.notes">In Izquierdo and Collins (2008), the authors also conducted a retrospective interview in which the participants were shown the target passages they had responded to and asked to comment on their thinking during the task.</str>
               <str name="iris.instrument.primaryInstrumentType">Gap-fill / Cloze test / Fill in the blank</str>
               <arr name="iris.instrument.researchArea">
                  <str>Acquisition</str>
                  <str>Cross-linguistic influence</str>
                  <str>Morphosyntax (grammar)</str>
               </arr>
               <arr name="iris.instrument.title">
                  <str>Cloze test</str>
               </arr>
               <arr name="iris.instrument.typeOfFile">
                  <str>Text</str>
               </arr>
               <arr name="iris.participants.firstLanguage">
                  <str>English</str>
                  <str>Spanish</str>
               </arr>
               <arr name="iris.participants.participantType">
                  <str>Foreign language learners</str>
                  <str>Second language learners</str>
               </arr>
               <arr name="iris.participants.targetLanguage">
                  <str>French</str>
               </arr>
               <arr name="iris.referenceid">
                  <str>2002_Collins_The role of LI influence and lexical aspect in the acquisition of temporal morphology</str>
                  <str>2008_Izquierdo_Collins_The facilitative role of L1 influence in tense-aspect marking: A comparison of Hispanophone and Anglophone learners of French</str>
               </arr>
               <str name="iris.references.allauthors">Izquierdo &amp; Collins (2008); </str>
               <arr name="iris.references.author">
                  <str>Collins, Laura</str>
                  <str>Izquierdo, Jesus</str>
                  <str>Collins, Laura</str>
               </arr>
               <str name="iris.references.author.lastnames">collinsizquierdocollins</str>
               <arr name="iris.references.author.noack">
                  <str>Izquierdo, Jesus</str>
                  <str>Collins, Laura</str>
               </arr>
               <arr name="iris.references.journal">
                  <str>The Modern Language Journal</str>
               </arr>
               <arr name="iris.references.publicationDate">
                  <str>2002</str>
                  <str>2008</str>
               </arr>
               <arr name="iris.references.publicationDateStr">
                  <str>2002</str>
                  <str>2008</str>
               </arr>
               <arr name="iris.references.publicationType">
                  <str>Journal Article</str>
                  <str>Journal Article</str>
               </arr>
               <arr name="iris2.email">
                  <str>jesus.izquierdo@mail.mcgill.ca</str>
               </arr>
               <arr name="iris2.feedback.count">
                  <str>0</str>
               </arr>
               <str name="iris2.hasmaterials">Records with information only (materials not yet held)</str>
               <arr name="iris2.instrument.author">
                  <str>Izquierdo, Jesus</str>
                  <str>Collins, Laura</str>
               </arr>
               <arr name="iris2.instrument.instrumentType">
                  <str>Gap-fill / Cloze test / Fill in the blank</str>
               </arr>
               <str name="iris2.instrument.instrumentType.alltypes">gap-fill / cloze test / fill in the blank gap-fill / cloze test / fill in the blank fill in the blank, cloze,gap fill </str>
               <arr name="iris2.instrument.licence">
                  <str>Attribution-NonCommercial-ShareAlike</str>
               </arr>
               <arr name="iris2.instrument.linguisticTarget">
                  <str>Aspect</str>
                  <str>Tense</str>
               </arr>
               <str name="iris2.instrument.primaryInstrumentType">Gap-fill / Cloze test / Fill in the blank</str>
               <arr name="iris2.instrument.researchArea">
                  <str>Acquisition</str>
                  <str>Cross-linguistic influence</str>
                  <str>Morphosyntax (grammar)</str>
               </arr>
               <arr name="iris2.instrument.typeOfFile">
                  <str>Text</str>
               </arr>
               <arr name="iris2.participants.firstLanguage">
                  <str>English</str>
                  <str>Spanish</str>
               </arr>
               <arr name="iris2.participants.participantType">
                  <str>Foreign language learners</str>
                  <str>Second language learners</str>
               </arr>
               <arr name="iris2.participants.targetLanguage">
                  <str>French</str>
               </arr>
               <arr name="iris2.referenceid">
                  <str>2002_Collins_The role of LI influence and lexical aspect in the acquisition of temporal morphology</str>
                  <str>2008_Izquierdo_Collins_The facilitative role of L1 influence in tense-aspect marking: A comparison of Hispanophone and Anglophone learners of French</str>
               </arr>
               <str name="iris2.references.allauthors">Izquierdo &amp; Collins (2008); </str>
               <arr name="iris2.references.author">
                  <str>Collins, Laura</str>
                  <str>Izquierdo, Jesus</str>
                  <str>Collins, Laura</str>
               </arr>
               <str name="iris2.references.author.lastnames">collinsizquierdocollins</str>
               <arr name="iris2.references.journal">
                  <str>The Modern Language Journal</str>
               </arr>
               <arr name="iris2.references.publicationDate">
                  <str>2002</str>
                  <str>2008</str>
               </arr>
               <arr name="iris2.references.publicationDateStr">
                  <str>2002</str>
                  <str>2008</str>
               </arr>
               <arr name="iris2.references.publicationLatestDate">
                  <str>2008</str>
               </arr>
               <arr name="iris2.references.publicationType">
                  <str>Journal Article</str>
                  <str>Journal Article</str>
               </arr>
               <arr name="oai_dc.dc_xsi:schemaLocation">
                  <str>http://www.openarchives.org/OAI/2.0/oai_dc/ http://www.openarchives.org/OAI/2.0/oai_dc.xsd</str>
                  <str>http://www.openarchives.org/OAI/2.0/oai_dc/ http://www.openarchives.org/OAI/2.0/oai_dc.xsd</str>
                  <str>http://www.openarchives.org/OAI/2.0/oai_dc/ http://www.openarchives.org/OAI/2.0/oai_dc.xsd</str>
               </arr>
            </doc>
         </result>
      </response>
   </solr>
   <files/>
</record>
