<?xml version="1.0" encoding="ISO-8859-1"?>

<record pid="york:823618">
   <solr>
      <response>
         <lst name="responseHeader">
            <int name="status">0</int>
            <int name="QTime">537</int>
            <lst name="params">
               <str name="q">PID:york?823618</str>
            </lst>
         </lst>
         <result name="response" numfound="1" start="0">
            <doc>
               <str name="PID">york:823618</str>
               <arr name="dc.creator">
                  <str>Stringer, D.</str>
               </arr>
               <arr name="dc.date">
                  <str>2013</str>
                  <str>2011</str>
               </arr>
               <arr name="dc.description">
                  <str>See uploaded file with supplementary notes</str>
               </arr>
               <arr name="dc.identifier">
                  <str>york:823618</str>
               </arr>
               <str name="dc.title">Visual stimuli (animation) for Aladdin experiments</str>
               <str name="dc.title.sort">Visual stimuli (animation) for Aladdin experiments</str>
               <arr name="dc.type">
                  <str>Stimuli for laboratory studies (visual - pictorial)</str>
                  <str>Stimuli for laboratory studies (visual)</str>
                  <str>Stimuli for laboratory studies (visual - verbal)</str>
                  <str>http://www.iris-database.org/Instruments</str>
               </arr>
               <arr name="dc2.creator">
                  <str>Stringer, D.</str>
               </arr>
               <arr name="dc2.date">
                  <str>2013</str>
                  <str>2011</str>
               </arr>
               <arr name="dc2.description">
                  <str>See uploaded file with supplementary notes</str>
               </arr>
               <arr name="dc2.identifier">
                  <str>york:823618</str>
               </arr>
               <str name="dc2.title">Visual stimuli (animation) for Aladdin experiments</str>
               <arr name="dc2.type">
                  <str>Stimuli for laboratory studies (visual - pictorial)</str>
                  <str>Stimuli for laboratory studies (visual)</str>
                  <str>Stimuli for laboratory studies (visual - verbal)</str>
                  <str>http://www.iris-database.org/Instruments</str>
               </arr>
               <arr name="dc3.creator">
                  <str>Stringer, D.</str>
               </arr>
               <str name="dc3.title">Visual stimuli (animation) for Aladdin experiments</str>
               <date name="fgs.createdDate">2014-09-17T18:17:09.388Z</date>
               <date name="fgs.dateCreated.sort">2014-09-17T18:17:09.388Z</date>
               <str name="fgs.label">IRIS Instrument created by YODL workflow.</str>
               <date name="fgs.lastModifiedDate">2017-08-11T20:11:14.59Z</date>
               <str name="fgs.ownerId">iris-580a9f0f-ed9e-4f5f-be7e-877243bddfd0</str>
               <str name="fgs.state">Active</str>
               <arr name="iris.email">
                  <str>ds6@indiana.edu</str>
               </arr>
               <arr name="iris.feedback.count">
                  <str>0</str>
               </arr>
               <str name="iris.hasmaterials">Records with materials</str>
               <arr name="iris.instrument.author">
                  <str>Stringer, D.</str>
               </arr>
               <arr name="iris.instrument.instrumentType">
                  <str>Stimuli for laboratory studies</str>
                  <str>Visual</str>
                  <str>Pictorial</str>
                  <str>Stimuli for laboratory studies</str>
                  <str>Visual</str>
                  <str>Stimuli for laboratory studies</str>
                  <str>Visual</str>
                  <str>Verbal</str>
               </arr>
               <str name="iris.instrument.instrumentType.alltypes">pictorial stimuli for laboratory studies (visual - pictorial)  visual stimuli for laboratory studies (visual)  verbal stimuli for laboratory studies (visual - verbal)  </str>
               <arr name="iris.instrument.licence">
                  <str>Attribution-NonCommercial-ShareAlike</str>
               </arr>
               <arr name="iris.instrument.linguisticTarget">
                  <str>Prepositions</str>
                  <str>Syntax</str>
                  <str>Motion events</str>
               </arr>
               <str name="iris.instrument.notes">See uploaded file with supplementary notes</str>
               <str name="iris.instrument.primaryInstrumentType">Stimuli for laboratory studies &gt; Visual &gt; Pictorial</str>
               <arr name="iris.instrument.researchArea">
                  <str>Acquisition</str>
                  <str>Morphosyntax (grammar)</str>
               </arr>
               <arr name="iris.instrument.secondaryInstrumentType">
                  <str>Stimuli for laboratory studies &gt; Visual</str>
                  <str>Stimuli for laboratory studies &gt; Visual &gt; Verbal</str>
               </arr>
               <arr name="iris.instrument.title">
                  <str>Visual stimuli (animation) for Aladdin experiments</str>
               </arr>
               <arr name="iris.instrument.typeOfFile">
                  <str>Text</str>
               </arr>
               <arr name="iris.participants.participantType">
                  <str>Foreign language learners</str>
               </arr>
               <arr name="iris.referenceid">
                  <str>2013_Stringer_Modifying the teaching of modifiers: A lesson from Universal Grammar</str>
                  <str>2011_Stringer_Burghardt_Seo_Wang_Straight on through to Universal Grammar: Spatial modifiers in second language acquisition</str>
               </arr>
               <str name="iris.references.allauthors">Stringer (2013); Stringer, Burghardt, et al. (2011)</str>
               <arr name="iris.references.author">
                  <str>Stringer, D.</str>
                  <str>Stringer, D.</str>
                  <str>Burghardt, B.</str>
                  <str>Seo, H. K.</str>
                  <str>Wang, Y. T.</str>
               </arr>
               <str name="iris.references.author.lastnames">stringerstringerburghardtseowang</str>
               <arr name="iris.references.author.noack">
                  <str>Stringer, D.</str>
                  <str>Stringer, D.</str>
                  <str>Burghardt, B.</str>
                  <str>Seo, H. K.</str>
                  <str>Wang, Y. T.</str>
               </arr>
               <arr name="iris.references.booktitle">
                  <str>Modifying the teaching of modifiers: A lesson from Universal Grammar</str>
                  <str>Universal Grammar and the Second Language Classroom</str>
               </arr>
               <arr name="iris.references.editor">
                  <str>Whong, M.</str>
                  <str>Gil, K. H.</str>
                  <str>Marsden, Heather</str>
               </arr>
               <arr name="iris.references.journal">
                  <str>Second Language Research</str>
               </arr>
               <arr name="iris.references.publicationDate">
                  <str>2013</str>
                  <str>2011</str>
               </arr>
               <arr name="iris.references.publicationDateStr">
                  <str>2013</str>
                  <str>2011</str>
               </arr>
               <arr name="iris.references.publicationType">
                  <str>Chapter</str>
                  <str>Journal Article</str>
               </arr>
               <arr name="iris2.email">
                  <str>ds6@indiana.edu</str>
               </arr>
               <arr name="iris2.feedback.count">
                  <str>0</str>
               </arr>
               <str name="iris2.hasmaterials">Records with materials</str>
               <arr name="iris2.instrument.author">
                  <str>Stringer, D.</str>
               </arr>
               <arr name="iris2.instrument.instrumentType">
                  <str>Stimuli for laboratory studies</str>
                  <str>Visual</str>
                  <str>Pictorial</str>
                  <str>Stimuli for laboratory studies</str>
                  <str>Visual</str>
                  <str>Stimuli for laboratory studies</str>
                  <str>Visual</str>
                  <str>Verbal</str>
               </arr>
               <str name="iris2.instrument.instrumentType.alltypes">pictorial stimuli for laboratory studies (visual - pictorial)  visual stimuli for laboratory studies (visual)  verbal stimuli for laboratory studies (visual - verbal)  </str>
               <arr name="iris2.instrument.licence">
                  <str>Attribution-NonCommercial-ShareAlike</str>
               </arr>
               <arr name="iris2.instrument.linguisticTarget">
                  <str>Prepositions</str>
                  <str>Syntax</str>
                  <str>Motion events</str>
               </arr>
               <str name="iris2.instrument.primaryInstrumentType">Stimuli for laboratory studies &gt; Visual &gt; Pictorial</str>
               <arr name="iris2.instrument.researchArea">
                  <str>Acquisition</str>
                  <str>Morphosyntax (grammar)</str>
               </arr>
               <arr name="iris2.instrument.secondaryInstrumentType">
                  <str>Stimuli for laboratory studies &gt; Visual</str>
                  <str>Stimuli for laboratory studies &gt; Visual &gt; Verbal</str>
               </arr>
               <arr name="iris2.instrument.typeOfFile">
                  <str>Text</str>
               </arr>
               <arr name="iris2.participants.participantType">
                  <str>Foreign language learners</str>
               </arr>
               <arr name="iris2.referenceid">
                  <str>2013_Stringer_Modifying the teaching of modifiers: A lesson from Universal Grammar</str>
                  <str>2011_Stringer_Burghardt_Seo_Wang_Straight on through to Universal Grammar: Spatial modifiers in second language acquisition</str>
               </arr>
               <str name="iris2.references.allauthors">Stringer (2013); Stringer, Burghardt, et al. (2011)</str>
               <arr name="iris2.references.author">
                  <str>Stringer, D.</str>
                  <str>Stringer, D.</str>
                  <str>Burghardt, B.</str>
                  <str>Seo, H. K.</str>
                  <str>Wang, Y. T.</str>
               </arr>
               <str name="iris2.references.author.lastnames">stringerstringerburghardtseowang</str>
               <arr name="iris2.references.booktitle">
                  <str>Modifying the teaching of modifiers: A lesson from Universal Grammar</str>
                  <str>Universal Grammar and the Second Language Classroom</str>
               </arr>
               <arr name="iris2.references.editor">
                  <str>Whong, M.</str>
                  <str>Gil, K. H.</str>
                  <str>Marsden, Heather</str>
               </arr>
               <arr name="iris2.references.journal">
                  <str>Second Language Research</str>
               </arr>
               <arr name="iris2.references.publicationDate">
                  <str>2013</str>
                  <str>2011</str>
               </arr>
               <arr name="iris2.references.publicationDateStr">
                  <str>2013</str>
                  <str>2011</str>
               </arr>
               <arr name="iris2.references.publicationLatestDate">
                  <str>2013</str>
               </arr>
               <arr name="iris2.references.publicationType">
                  <str>Chapter</str>
                  <str>Journal Article</str>
               </arr>
               <arr name="oai_dc.dc_xsi:schemaLocation">
                  <str>http://www.openarchives.org/OAI/2.0/oai_dc/ http://www.openarchives.org/OAI/2.0/oai_dc.xsd</str>
                  <str>http://www.openarchives.org/OAI/2.0/oai_dc/ http://www.openarchives.org/OAI/2.0/oai_dc.xsd</str>
               </arr>
            </doc>
         </result>
      </response>
   </solr>
   <files>
      <file id="INSTRUMENT" mime="application/pdf" url="https://www.iris-database.org/iris/api/resource/york:823618/asset/INSTRUMENT?download=true"/>
      <file id="INSTRUMENT1" mime="application/octet-stream" url="https://www.iris-database.org/iris/api/resource/york:823618/asset/INSTRUMENT1?download=true"/>
   </files>
</record>
