<?xml version="1.0" encoding="ISO-8859-1"?>

<record pid="york:847872">
   <solr>
      <response>
         <lst name="responseHeader">
            <int name="status">0</int>
            <int name="QTime">475</int>
            <lst name="params">
               <str name="q">PID:york?847872</str>
            </lst>
         </lst>
         <result name="response" numfound="1" start="0">
            <doc>
               <str name="PID">york:847872</str>
               <arr name="dc.creator">
                  <str>Chan, Ricky K. W.</str>
                  <str>Leung, Janny H. C.</str>
               </arr>
               <arr name="dc.date">
                  <str>2014</str>
               </arr>
               <arr name="dc.description">
                  <str>The materials used for the training phase; the testing phase; the inclusion-exclusion task and retrospective verbal reports used in this study are all linked in IRIS.</str>
               </arr>
               <arr name="dc.identifier">
                  <str>york:847872</str>
               </arr>
               <str name="dc.title">Testing Phase: Pronunciation judgement task</str>
               <str name="dc.title.sort">Testing Phase: Pronunciation judgement task</str>
               <arr name="dc.type">
                  <str>Discrimination task</str>
                  <str>Vocabulary test (receptive)</str>
                  <str>http://www.iris-database.org/Instruments</str>
               </arr>
               <arr name="dc2.creator">
                  <str>Chan, Ricky K. W.</str>
                  <str>Leung, Janny H. C.</str>
               </arr>
               <arr name="dc2.date">
                  <str>2014</str>
               </arr>
               <arr name="dc2.description">
                  <str>The materials used for the training phase; the testing phase; the inclusion-exclusion task and retrospective verbal reports used in this study are all linked in IRIS.</str>
               </arr>
               <arr name="dc2.identifier">
                  <str>york:847872</str>
               </arr>
               <str name="dc2.title">Testing Phase: Pronunciation judgement task</str>
               <arr name="dc2.type">
                  <str>Discrimination task</str>
                  <str>Vocabulary test (receptive)</str>
                  <str>http://www.iris-database.org/Instruments</str>
               </arr>
               <arr name="dc3.creator">
                  <str>Chan, Ricky K. W.</str>
                  <str>Leung, Janny H. C.</str>
               </arr>
               <str name="dc3.title">Testing Phase: Pronunciation judgement task</str>
               <date name="fgs.createdDate">2015-01-29T16:34:23.483Z</date>
               <date name="fgs.dateCreated.sort">2015-01-29T16:34:23.483Z</date>
               <str name="fgs.label">IRIS Instrument created by YODL workflow.</str>
               <date name="fgs.lastModifiedDate">2017-09-29T22:46:11.036Z</date>
               <str name="fgs.ownerId">iris-a24a89bf-4c33-4fde-99ff-5f2121a5ba0f</str>
               <str name="fgs.state">Active</str>
               <arr name="iris.email">
                  <str>rickychan0809@gmail.com</str>
               </arr>
               <arr name="iris.feedback.count">
                  <str>0</str>
               </arr>
               <str name="iris.hasmaterials">Records with materials</str>
               <arr name="iris.instrument.author">
                  <str>Chan, Ricky K. W.</str>
                  <str>Leung, Janny H. C.</str>
               </arr>
               <arr name="iris.instrument.instrumentType">
                  <str>Speech perception</str>
                  <str>Discrimination task</str>
                  <str>Vocabulary test</str>
                  <str>Receptive</str>
               </arr>
               <str name="iris.instrument.instrumentType.alltypes">discrimination task discrimination task  receptive vocabulary test (receptive)  </str>
               <arr name="iris.instrument.licence">
                  <str>Attribution-NonCommercial-ShareAlike</str>
               </arr>
               <arr name="iris.instrument.linguisticTarget">
                  <str>Stress</str>
               </arr>
               <str name="iris.instrument.notes">The materials used for the training phase; the testing phase; the inclusion-exclusion task and retrospective verbal reports used in this study are all linked in IRIS.</str>
               <str name="iris.instrument.primaryInstrumentType">Speech perception &gt; Discrimination task</str>
               <arr name="iris.instrument.researchArea">
                  <str>Acquisition</str>
                  <str>Fluency</str>
                  <str>Phonology</str>
                  <str>Processing</str>
               </arr>
               <arr name="iris.instrument.secondaryInstrumentType">
                  <str>Vocabulary test &gt; Receptive</str>
               </arr>
               <arr name="iris.instrument.title">
                  <str>Testing Phase: Pronunciation judgement task</str>
               </arr>
               <arr name="iris.instrument.typeOfFile">
                  <str>Software</str>
               </arr>
               <arr name="iris.participants.firstLanguage">
                  <str>Chinese</str>
               </arr>
               <arr name="iris.participants.participantType">
                  <str>Foreign language learners</str>
                  <str/>
               </arr>
               <arr name="iris.participants.targetLanguage">
                  <str>Spanish</str>
                  <str>English</str>
               </arr>
               <arr name="iris.referenceid">
                  <str>2014_Chan_Leung_Implicit learning of L2 word stress regularities</str>
               </arr>
               <str name="iris.references.allauthors">Chan &amp; Leung (2014)</str>
               <arr name="iris.references.author">
                  <str>Chan, Ricky K. W.</str>
                  <str>Leung, Janny H. C.</str>
               </arr>
               <str name="iris.references.author.lastnames">chanleung</str>
               <arr name="iris.references.author.noack">
                  <str>Chan, Ricky K. W.</str>
                  <str>Leung, Janny H. C.</str>
               </arr>
               <arr name="iris.references.journal">
                  <str>Second Language Research</str>
               </arr>
               <arr name="iris.references.publicationDate">
                  <str>2014</str>
               </arr>
               <arr name="iris.references.publicationDateStr">
                  <str>2014</str>
               </arr>
               <arr name="iris.references.publicationType">
                  <str>Journal Article</str>
               </arr>
               <arr name="iris2.email">
                  <str>rickychan0809@gmail.com</str>
               </arr>
               <arr name="iris2.feedback.count">
                  <str>0</str>
               </arr>
               <str name="iris2.hasmaterials">Records with materials</str>
               <arr name="iris2.instrument.author">
                  <str>Chan, Ricky K. W.</str>
                  <str>Leung, Janny H. C.</str>
               </arr>
               <arr name="iris2.instrument.instrumentType">
                  <str>Speech perception</str>
                  <str>Discrimination task</str>
                  <str>Vocabulary test</str>
                  <str>Receptive</str>
               </arr>
               <str name="iris2.instrument.instrumentType.alltypes">discrimination task discrimination task  receptive vocabulary test (receptive)  </str>
               <arr name="iris2.instrument.licence">
                  <str>Attribution-NonCommercial-ShareAlike</str>
               </arr>
               <arr name="iris2.instrument.linguisticTarget">
                  <str>Stress</str>
               </arr>
               <str name="iris2.instrument.primaryInstrumentType">Speech perception &gt; Discrimination task</str>
               <arr name="iris2.instrument.researchArea">
                  <str>Acquisition</str>
                  <str>Fluency</str>
                  <str>Phonology</str>
                  <str>Processing</str>
               </arr>
               <arr name="iris2.instrument.secondaryInstrumentType">
                  <str>Vocabulary test &gt; Receptive</str>
               </arr>
               <arr name="iris2.instrument.typeOfFile">
                  <str>Software</str>
               </arr>
               <arr name="iris2.participants.firstLanguage">
                  <str>Chinese</str>
               </arr>
               <arr name="iris2.participants.participantType">
                  <str>Foreign language learners</str>
                  <str/>
               </arr>
               <arr name="iris2.participants.targetLanguage">
                  <str>Spanish</str>
                  <str>English</str>
               </arr>
               <arr name="iris2.referenceid">
                  <str>2014_Chan_Leung_Implicit learning of L2 word stress regularities</str>
               </arr>
               <str name="iris2.references.allauthors">Chan &amp; Leung (2014)</str>
               <arr name="iris2.references.author">
                  <str>Chan, Ricky K. W.</str>
                  <str>Leung, Janny H. C.</str>
               </arr>
               <str name="iris2.references.author.lastnames">chanleung</str>
               <arr name="iris2.references.journal">
                  <str>Second Language Research</str>
               </arr>
               <arr name="iris2.references.publicationDate">
                  <str>2014</str>
               </arr>
               <arr name="iris2.references.publicationDateStr">
                  <str>2014</str>
               </arr>
               <arr name="iris2.references.publicationLatestDate">
                  <str>2014</str>
               </arr>
               <arr name="iris2.references.publicationType">
                  <str>Journal Article</str>
               </arr>
               <arr name="oai_dc.dc_xsi:schemaLocation">
                  <str>http://www.openarchives.org/OAI/2.0/oai_dc/ http://www.openarchives.org/OAI/2.0/oai_dc.xsd</str>
                  <str>http://www.openarchives.org/OAI/2.0/oai_dc/ http://www.openarchives.org/OAI/2.0/oai_dc.xsd</str>
                  <str>http://www.openarchives.org/OAI/2.0/oai_dc/ http://www.openarchives.org/OAI/2.0/oai_dc.xsd</str>
                  <str>http://www.openarchives.org/OAI/2.0/oai_dc/ http://www.openarchives.org/OAI/2.0/oai_dc.xsd</str>
               </arr>
            </doc>
         </result>
      </response>
   </solr>
   <files>
      <file id="INSTRUMENT" mime="application/vnd.openxmlformats-officedocument.wordprocessingml.document" url="https://www.iris-database.org/iris/api/resource/york:847872/asset/INSTRUMENT?download=true"/>
   </files>
</record>
