<?xml version="1.0" encoding="ISO-8859-1"?>

<record pid="york:822311">
   <solr>
      <response>
         <lst name="responseHeader">
            <int name="status">0</int>
            <int name="QTime">516</int>
            <lst name="params">
               <str name="q">PID:york?822311</str>
            </lst>
         </lst>
         <result name="response" numfound="1" start="0">
            <doc>
               <str name="PID">york:822311</str>
               <arr name="dc.creator">
                  <str>Sheen, Younghee</str>
               </arr>
               <arr name="dc.date">
                  <str>2008</str>
               </arr>
               <arr name="dc.description">
                  <str>The two narration tasks were used to elicit article errors during the recast treatment sessions of the study. The narration tasks are linked in IRIS to the language anxiety questionnaire, speed dictation test, writing test and error correction test used in the referenced study (Sheen, 2008).</str>
               </arr>
               <arr name="dc.identifier">
                  <str>york:822311</str>
               </arr>
               <str name="dc.title">Narration tasks</str>
               <str name="dc.title.sort">Narration tasks</str>
               <arr name="dc.type">
                  <str>Stimulated recall</str>
                  <str>Narration / Story retelling</str>
                  <str>http://www.iris-database.org/Instruments</str>
               </arr>
               <arr name="dc2.creator">
                  <str>Sheen, Younghee</str>
               </arr>
               <arr name="dc2.date">
                  <str>2008</str>
               </arr>
               <arr name="dc2.description">
                  <str>The two narration tasks were used to elicit article errors during the recast treatment sessions of the study. The narration tasks are linked in IRIS to the language anxiety questionnaire, speed dictation test, writing test and error correction test used in the referenced study (Sheen, 2008).</str>
               </arr>
               <arr name="dc2.identifier">
                  <str>york:822311</str>
               </arr>
               <str name="dc2.title">Narration tasks</str>
               <arr name="dc2.type">
                  <str>Stimulated recall</str>
                  <str>Narration / Story retelling</str>
                  <str>http://www.iris-database.org/Instruments</str>
               </arr>
               <arr name="dc3.creator">
                  <str>Sheen, Younghee</str>
               </arr>
               <str name="dc3.title">Narration tasks</str>
               <date name="fgs.createdDate">2014-05-26T15:48:20.208Z</date>
               <date name="fgs.dateCreated.sort">2014-05-26T15:48:20.208Z</date>
               <str name="fgs.label">IRIS Instrument created by YODL workflow.</str>
               <date name="fgs.lastModifiedDate">2016-02-19T08:48:16.83Z</date>
               <str name="fgs.ownerId">iris-580a9f0f-ed9e-4f5f-be7e-877243bddfd0</str>
               <str name="fgs.state">Active</str>
               <arr name="iris.feedback.count">
                  <str>0</str>
               </arr>
               <str name="iris.hasmaterials">Records with information only (materials not yet held)</str>
               <arr name="iris.instrument.author">
                  <str>Sheen, Younghee</str>
               </arr>
               <arr name="iris.instrument.instrumentType">
                  <str>Stimulated recall</str>
                  <str>Speaking test / Oral production test</str>
                  <str>Narration / Story retelling </str>
               </arr>
               <str name="iris.instrument.instrumentType.alltypes">stimulated recall stimulated recall  narration / story retelling  narration / story retelling   </str>
               <arr name="iris.instrument.licence">
                  <str>Attribution-NonCommercial-ShareAlike</str>
               </arr>
               <arr name="iris.instrument.linguisticTarget">
                  <str>Articles</str>
               </arr>
               <str name="iris.instrument.notes">The two narration tasks were used to elicit article errors during the recast treatment sessions of the study. The narration tasks are linked in IRIS to the language anxiety questionnaire, speed dictation test, writing test and error correction test used in the referenced study (Sheen, 2008).</str>
               <str name="iris.instrument.primaryInstrumentType">Stimulated recall</str>
               <arr name="iris.instrument.researchArea">
                  <str>Acquisition</str>
                  <str>Error correction / Corrective feedback</str>
                  <str>Morphosyntax (grammar)</str>
                  <str>Speaking / Oral production</str>
                  <str>Teaching methods (style, approach, technique)</str>
               </arr>
               <arr name="iris.instrument.secondaryInstrumentType">
                  <str>Speaking test / Oral production test &gt; Narration / Story retelling </str>
               </arr>
               <arr name="iris.instrument.title">
                  <str>Narration tasks</str>
               </arr>
               <arr name="iris.instrument.typeOfFile">
                  <str>Text</str>
               </arr>
               <arr name="iris.participants.firstLanguage">
                  <str>Polish</str>
                  <str>Spanish</str>
                  <str>Korean</str>
                  <str>Japanese</str>
                  <str>Russian</str>
                  <str>Chinese</str>
                  <str>Turkish</str>
               </arr>
               <arr name="iris.participants.participantType">
                  <str>Foreign language learners</str>
               </arr>
               <arr name="iris.participants.targetLanguage">
                  <str>English</str>
               </arr>
               <arr name="iris.referenceid">
                  <str>2008_Sheen_Recasts, language anxiety, modified output, and L2 learning</str>
               </arr>
               <str name="iris.references.allauthors">Sheen (2008)</str>
               <arr name="iris.references.author">
                  <str>Sheen, Younghee</str>
               </arr>
               <str name="iris.references.author.lastnames">sheen</str>
               <arr name="iris.references.author.noack">
                  <str>Sheen, Younghee</str>
               </arr>
               <arr name="iris.references.journal">
                  <str>Language Learning</str>
               </arr>
               <arr name="iris.references.publicationDate">
                  <str>2008</str>
               </arr>
               <arr name="iris.references.publicationDateStr">
                  <str>2008</str>
               </arr>
               <arr name="iris.references.publicationType">
                  <str>Other</str>
                  <str>Journal Article</str>
               </arr>
               <arr name="iris2.feedback.count">
                  <str>0</str>
               </arr>
               <str name="iris2.hasmaterials">Records with information only (materials not yet held)</str>
               <arr name="iris2.instrument.author">
                  <str>Sheen, Younghee</str>
               </arr>
               <arr name="iris2.instrument.instrumentType">
                  <str>Stimulated recall</str>
                  <str>Speaking test / Oral production test</str>
                  <str>Narration / Story retelling </str>
               </arr>
               <str name="iris2.instrument.instrumentType.alltypes">stimulated recall stimulated recall  narration / story retelling  narration / story retelling   </str>
               <arr name="iris2.instrument.licence">
                  <str>Attribution-NonCommercial-ShareAlike</str>
               </arr>
               <arr name="iris2.instrument.linguisticTarget">
                  <str>Articles</str>
               </arr>
               <str name="iris2.instrument.primaryInstrumentType">Stimulated recall</str>
               <arr name="iris2.instrument.researchArea">
                  <str>Acquisition</str>
                  <str>Error correction / Corrective feedback</str>
                  <str>Morphosyntax (grammar)</str>
                  <str>Speaking / Oral production</str>
                  <str>Teaching methods (style, approach, technique)</str>
               </arr>
               <arr name="iris2.instrument.secondaryInstrumentType">
                  <str>Speaking test / Oral production test &gt; Narration / Story retelling </str>
               </arr>
               <arr name="iris2.instrument.typeOfFile">
                  <str>Text</str>
               </arr>
               <arr name="iris2.participants.firstLanguage">
                  <str>Polish</str>
                  <str>Spanish</str>
                  <str>Korean</str>
                  <str>Japanese</str>
                  <str>Russian</str>
                  <str>Chinese</str>
                  <str>Turkish</str>
               </arr>
               <arr name="iris2.participants.participantType">
                  <str>Foreign language learners</str>
               </arr>
               <arr name="iris2.participants.targetLanguage">
                  <str>English</str>
               </arr>
               <arr name="iris2.referenceid">
                  <str>2008_Sheen_Recasts, language anxiety, modified output, and L2 learning</str>
               </arr>
               <str name="iris2.references.allauthors">Sheen (2008)</str>
               <arr name="iris2.references.author">
                  <str>Sheen, Younghee</str>
               </arr>
               <str name="iris2.references.author.lastnames">sheen</str>
               <arr name="iris2.references.journal">
                  <str>Language Learning</str>
               </arr>
               <arr name="iris2.references.publicationDate">
                  <str>2008</str>
               </arr>
               <arr name="iris2.references.publicationDateStr">
                  <str>2008</str>
               </arr>
               <arr name="iris2.references.publicationLatestDate">
                  <str>2008</str>
               </arr>
               <arr name="iris2.references.publicationType">
                  <str>Other</str>
                  <str>Journal Article</str>
               </arr>
               <arr name="oai_dc.dc_xsi:schemaLocation">
                  <str>http://www.openarchives.org/OAI/2.0/oai_dc/ http://www.openarchives.org/OAI/2.0/oai_dc.xsd</str>
                  <str>http://www.openarchives.org/OAI/2.0/oai_dc/ http://www.openarchives.org/OAI/2.0/oai_dc.xsd</str>
                  <str>http://www.openarchives.org/OAI/2.0/oai_dc/ http://www.openarchives.org/OAI/2.0/oai_dc.xsd</str>
                  <str>http://www.openarchives.org/OAI/2.0/oai_dc/ http://www.openarchives.org/OAI/2.0/oai_dc.xsd</str>
                  <str>http://www.openarchives.org/OAI/2.0/oai_dc/ http://www.openarchives.org/OAI/2.0/oai_dc.xsd</str>
               </arr>
            </doc>
         </result>
      </response>
   </solr>
   <files/>
</record>
