<?xml version="1.0" encoding="ISO-8859-1"?>

<record pid="york:815395">
   <solr>
      <response>
         <lst name="responseHeader">
            <int name="status">0</int>
            <int name="QTime">479</int>
            <lst name="params">
               <str name="q">PID:york?815395</str>
            </lst>
         </lst>
         <result name="response" numfound="1" start="0">
            <doc>
               <str name="PID">york:815395</str>
               <arr name="dc.creator">
                  <str>Lee, Haemoon</str>
                  <str>Park, Heesoo</str>
               </arr>
               <arr name="dc.date">
                  <str>2010</str>
               </arr>
               <arr name="dc.description">
                  <str>Materials were used to measure learners sensitivity to natural style markers.</str>
               </arr>
               <arr name="dc.identifier">
                  <str>york:815395</str>
               </arr>
               <arr name="dc.subject">
                  <str>Native / Non-native</str>
               </arr>
               <arr name="dc.type">
                  <str>Grammaticality judgement sentences or acceptability judgement</str>
                  <str>http://www.iris-database.org/Instruments</str>
               </arr>
               <arr name="dc2.creator">
                  <str>Lee, Haemoon</str>
                  <str>Park, Heesoo</str>
               </arr>
               <arr name="dc2.date">
                  <str>2010</str>
               </arr>
               <arr name="dc2.description">
                  <str>Materials were used to measure learners sensitivity to natural style markers.</str>
               </arr>
               <arr name="dc2.identifier">
                  <str>york:815395</str>
               </arr>
               <arr name="dc2.subject">
                  <str>Native / Non-native</str>
               </arr>
               <arr name="dc2.type">
                  <str>Grammaticality judgement sentences or acceptability judgement</str>
                  <str>http://www.iris-database.org/Instruments</str>
               </arr>
               <arr name="dc3.creator">
                  <str>Lee, Haemoon</str>
                  <str>Park, Heesoo</str>
               </arr>
               <arr name="dc3.subject">
                  <str>Native / Non-native</str>
               </arr>
               <date name="fgs.createdDate">2013-08-27T13:28:13.335Z</date>
               <date name="fgs.dateCreated.sort">2013-08-27T13:28:13.335Z</date>
               <str name="fgs.label">IRIS Instrument created by YODL workflow.</str>
               <date name="fgs.lastModifiedDate">2017-10-18T21:10:52.212Z</date>
               <str name="fgs.ownerId">iris-73bfaeb4-8151-4a5a-87b4-4698c180e1f0</str>
               <str name="fgs.state">Active</str>
               <arr name="iris.email">
                  <str>haemoon@skku.edu</str>
               </arr>
               <arr name="iris.feedback.count">
                  <str>0</str>
               </arr>
               <str name="iris.hasmaterials">Records with materials</str>
               <arr name="iris.instrument.author">
                  <str>Lee, Haemoon</str>
                  <str>Park, Heesoo</str>
               </arr>
               <arr name="iris.instrument.instrumentType">
                  <str>Grammaticality / Acceptability judgement test</str>
               </arr>
               <str name="iris.instrument.instrumentType.alltypes">grammaticality / acceptability judgement test grammaticality / acceptability judgement test grammaticality judgement sentences,grammaticality judgement test,acceptability judgement test,gjt,grammaticality judgment test </str>
               <arr name="iris.instrument.licence">
                  <str>Attribution-NonCommercial-ShareAlike</str>
               </arr>
               <str name="iris.instrument.notes">Materials were used to measure learners sensitivity to natural style markers.</str>
               <str name="iris.instrument.primaryInstrumentType">Grammaticality / Acceptability judgement test</str>
               <arr name="iris.instrument.researchArea">
                  <str>Native / Non-native</str>
               </arr>
               <arr name="iris.instrument.typeOfFile">
                  <str>Text</str>
               </arr>
               <arr name="iris.participants.participantType">
                  <str>Second language learners</str>
               </arr>
               <arr name="iris.referenceid">
                  <str>2010_Lee_Park_Korean EFL learners&#8217; sensitivity to stylistic differences in their letter writing</str>
               </arr>
               <str name="iris.references.allauthors">Lee &amp; Park (2010)</str>
               <arr name="iris.references.author">
                  <str>Lee, Haemoon</str>
                  <str>Park, Heesoo</str>
               </arr>
               <str name="iris.references.author.lastnames">leepark</str>
               <arr name="iris.references.author.noack">
                  <str>Lee, Haemoon</str>
                  <str>Park, Heesoo</str>
               </arr>
               <arr name="iris.references.journal">
                  <str>English Language and Literature</str>
               </arr>
               <arr name="iris.references.publicationDate">
                  <str>2010</str>
               </arr>
               <arr name="iris.references.publicationDateStr">
                  <str>2010</str>
               </arr>
               <arr name="iris.references.publicationType">
                  <str>Journal Article</str>
               </arr>
               <arr name="iris2.email">
                  <str>haemoon@skku.edu</str>
               </arr>
               <arr name="iris2.feedback.count">
                  <str>0</str>
               </arr>
               <str name="iris2.hasmaterials">Records with materials</str>
               <arr name="iris2.instrument.author">
                  <str>Lee, Haemoon</str>
                  <str>Park, Heesoo</str>
               </arr>
               <arr name="iris2.instrument.instrumentType">
                  <str>Grammaticality / Acceptability judgement test</str>
               </arr>
               <str name="iris2.instrument.instrumentType.alltypes">grammaticality / acceptability judgement test grammaticality / acceptability judgement test grammaticality judgement sentences,grammaticality judgement test,acceptability judgement test,gjt,grammaticality judgment test </str>
               <arr name="iris2.instrument.licence">
                  <str>Attribution-NonCommercial-ShareAlike</str>
               </arr>
               <str name="iris2.instrument.primaryInstrumentType">Grammaticality / Acceptability judgement test</str>
               <arr name="iris2.instrument.researchArea">
                  <str>Native / Non-native</str>
               </arr>
               <arr name="iris2.instrument.typeOfFile">
                  <str>Text</str>
               </arr>
               <arr name="iris2.participants.participantType">
                  <str>Second language learners</str>
               </arr>
               <arr name="iris2.referenceid">
                  <str>2010_Lee_Park_Korean EFL learners&#8217; sensitivity to stylistic differences in their letter writing</str>
               </arr>
               <str name="iris2.references.allauthors">Lee &amp; Park (2010)</str>
               <arr name="iris2.references.author">
                  <str>Lee, Haemoon</str>
                  <str>Park, Heesoo</str>
               </arr>
               <str name="iris2.references.author.lastnames">leepark</str>
               <arr name="iris2.references.journal">
                  <str>English Language and Literature</str>
               </arr>
               <arr name="iris2.references.publicationDate">
                  <str>2010</str>
               </arr>
               <arr name="iris2.references.publicationDateStr">
                  <str>2010</str>
               </arr>
               <arr name="iris2.references.publicationLatestDate">
                  <str>2010</str>
               </arr>
               <arr name="iris2.references.publicationType">
                  <str>Journal Article</str>
               </arr>
               <arr name="oai_dc.dc_xsi:schemaLocation">
                  <str>http://www.openarchives.org/OAI/2.0/oai_dc/ http://www.openarchives.org/OAI/2.0/oai_dc.xsd</str>
                  <str>http://www.openarchives.org/OAI/2.0/oai_dc/ http://www.openarchives.org/OAI/2.0/oai_dc.xsd</str>
                  <str>http://www.openarchives.org/OAI/2.0/oai_dc/ http://www.openarchives.org/OAI/2.0/oai_dc.xsd</str>
               </arr>
            </doc>
         </result>
      </response>
   </solr>
   <files>
      <file id="INSTRUMENT" mime="application/msword" url="https://www.iris-database.org/iris/api/resource/york:815395/asset/INSTRUMENT?download=true"/>
      <file id="INSTRUMENT1" mime="application/msword" url="https://www.iris-database.org/iris/api/resource/york:815395/asset/INSTRUMENT1?download=true"/>
      <file id="INSTRUMENT2" mime="application/msword" url="https://www.iris-database.org/iris/api/resource/york:815395/asset/INSTRUMENT2?download=true"/>
      <file id="INSTRUMENT3" mime="application/msword" url="https://www.iris-database.org/iris/api/resource/york:815395/asset/INSTRUMENT3?download=true"/>
      <file id="INSTRUMENT4" mime="application/msword" url="https://www.iris-database.org/iris/api/resource/york:815395/asset/INSTRUMENT4?download=true"/>
      <file id="INSTRUMENT5" mime="application/msword" url="https://www.iris-database.org/iris/api/resource/york:815395/asset/INSTRUMENT5?download=true"/>
      <file id="INSTRUMENT6" mime="application/msword" url="https://www.iris-database.org/iris/api/resource/york:815395/asset/INSTRUMENT6?download=true"/>
      <file id="INSTRUMENT7" mime="application/msword" url="https://www.iris-database.org/iris/api/resource/york:815395/asset/INSTRUMENT7?download=true"/>
      <file id="INSTRUMENT8" mime="application/msword" url="https://www.iris-database.org/iris/api/resource/york:815395/asset/INSTRUMENT8?download=true"/>
      <file id="INSTRUMENT9" mime="application/msword" url="https://www.iris-database.org/iris/api/resource/york:815395/asset/INSTRUMENT9?download=true"/>
      <file id="INSTRUMENT10" mime="application/msword" url="https://www.iris-database.org/iris/api/resource/york:815395/asset/INSTRUMENT10?download=true"/>
      <file id="INSTRUMENT11" mime="application/msword" url="https://www.iris-database.org/iris/api/resource/york:815395/asset/INSTRUMENT11?download=true"/>
      <file id="INSTRUMENT12" mime="application/msword" url="https://www.iris-database.org/iris/api/resource/york:815395/asset/INSTRUMENT12?download=true"/>
      <file id="INSTRUMENT13" mime="application/msword" url="https://www.iris-database.org/iris/api/resource/york:815395/asset/INSTRUMENT13?download=true"/>
      <file id="INSTRUMENT14" mime="application/msword" url="https://www.iris-database.org/iris/api/resource/york:815395/asset/INSTRUMENT14?download=true"/>
      <file id="INSTRUMENT15" mime="application/msword" url="https://www.iris-database.org/iris/api/resource/york:815395/asset/INSTRUMENT15?download=true"/>
      <file id="INSTRUMENT16" mime="application/msword" url="https://www.iris-database.org/iris/api/resource/york:815395/asset/INSTRUMENT16?download=true"/>
      <file id="INSTRUMENT17" mime="application/msword" url="https://www.iris-database.org/iris/api/resource/york:815395/asset/INSTRUMENT17?download=true"/>
      <file id="INSTRUMENT18" mime="application/msword" url="https://www.iris-database.org/iris/api/resource/york:815395/asset/INSTRUMENT18?download=true"/>
      <file id="INSTRUMENT19" mime="application/msword" url="https://www.iris-database.org/iris/api/resource/york:815395/asset/INSTRUMENT19?download=true"/>
      <file id="INSTRUMENT20" mime="application/msword" url="https://www.iris-database.org/iris/api/resource/york:815395/asset/INSTRUMENT20?download=true"/>
      <file id="INSTRUMENT21" mime="application/msword" url="https://www.iris-database.org/iris/api/resource/york:815395/asset/INSTRUMENT21?download=true"/>
      <file id="INSTRUMENT22" mime="application/msword" url="https://www.iris-database.org/iris/api/resource/york:815395/asset/INSTRUMENT22?download=true"/>
      <file id="INSTRUMENT23" mime="application/msword" url="https://www.iris-database.org/iris/api/resource/york:815395/asset/INSTRUMENT23?download=true"/>
      <file id="INSTRUMENT24" mime="application/msword" url="https://www.iris-database.org/iris/api/resource/york:815395/asset/INSTRUMENT24?download=true"/>
      <file id="INSTRUMENT25" mime="application/msword" url="https://www.iris-database.org/iris/api/resource/york:815395/asset/INSTRUMENT25?download=true"/>
      <file id="INSTRUMENT26" mime="application/msword" url="https://www.iris-database.org/iris/api/resource/york:815395/asset/INSTRUMENT26?download=true"/>
      <file id="INSTRUMENT27" mime="application/msword" url="https://www.iris-database.org/iris/api/resource/york:815395/asset/INSTRUMENT27?download=true"/>
      <file id="INSTRUMENT28" mime="application/msword" url="https://www.iris-database.org/iris/api/resource/york:815395/asset/INSTRUMENT28?download=true"/>
      <file id="INSTRUMENT29" mime="application/msword" url="https://www.iris-database.org/iris/api/resource/york:815395/asset/INSTRUMENT29?download=true"/>
      <file id="INSTRUMENT30" mime="application/msword" url="https://www.iris-database.org/iris/api/resource/york:815395/asset/INSTRUMENT30?download=true"/>
      <file id="INSTRUMENT31" mime="application/msword" url="https://www.iris-database.org/iris/api/resource/york:815395/asset/INSTRUMENT31?download=true"/>
      <file id="INSTRUMENT32" mime="application/msword" url="https://www.iris-database.org/iris/api/resource/york:815395/asset/INSTRUMENT32?download=true"/>
      <file id="INSTRUMENT33" mime="application/msword" url="https://www.iris-database.org/iris/api/resource/york:815395/asset/INSTRUMENT33?download=true"/>
      <file id="INSTRUMENT34" mime="application/msword" url="https://www.iris-database.org/iris/api/resource/york:815395/asset/INSTRUMENT34?download=true"/>
      <file id="INSTRUMENT35" mime="application/msword" url="https://www.iris-database.org/iris/api/resource/york:815395/asset/INSTRUMENT35?download=true"/>
   </files>
</record>
