<?xml version="1.0" encoding="ISO-8859-1"?>

<record pid="york:814778">
   <solr>
      <response>
         <lst name="responseHeader">
            <int name="status">0</int>
            <int name="QTime">482</int>
            <lst name="params">
               <str name="q">PID:york?814778</str>
            </lst>
         </lst>
         <result name="response" numfound="1" start="0">
            <doc>
               <str name="PID">york:814778</str>
               <arr name="dc.creator">
                  <str>Kubanyiova, Magdalena</str>
               </arr>
               <arr name="dc.date">
                  <str>2006</str>
               </arr>
               <arr name="dc.description">
                  <str>Full article is open access http://tesl-ej.org/ej38/a5abs.html</str>
               </arr>
               <arr name="dc.identifier">
                  <str>york:814778</str>
               </arr>
               <str name="dc.title">Motivating Classroom Environment Scales</str>
               <str name="dc.title.sort">Motivating Classroom Environment Scales</str>
               <arr name="dc.type">
                  <str>Questionnaire</str>
                  <str>http://www.iris-database.org/Instruments</str>
               </arr>
               <arr name="dc2.creator">
                  <str>Kubanyiova, Magdalena</str>
               </arr>
               <arr name="dc2.date">
                  <str>2006</str>
               </arr>
               <arr name="dc2.description">
                  <str>Full article is open access http://tesl-ej.org/ej38/a5abs.html</str>
               </arr>
               <arr name="dc2.identifier">
                  <str>york:814778</str>
               </arr>
               <str name="dc2.title">Motivating Classroom Environment Scales</str>
               <arr name="dc2.type">
                  <str>Questionnaire</str>
                  <str>http://www.iris-database.org/Instruments</str>
               </arr>
               <arr name="dc3.creator">
                  <str>Kubanyiova, Magdalena</str>
               </arr>
               <str name="dc3.title">Motivating Classroom Environment Scales</str>
               <date name="fgs.createdDate">2013-07-18T22:47:33.929Z</date>
               <date name="fgs.dateCreated.sort">2013-07-18T22:47:33.929Z</date>
               <str name="fgs.label">IRIS Instrument created by YODL workflow.</str>
               <date name="fgs.lastModifiedDate">2017-10-23T00:29:29.543Z</date>
               <str name="fgs.ownerId">iris-580a9f0f-ed9e-4f5f-be7e-877243bddfd0</str>
               <str name="fgs.state">Active</str>
               <arr name="iris.email">
                  <str>m.kubanyiova@bham.ac.uk</str>
               </arr>
               <arr name="iris.feedback.count">
                  <str>2</str>
               </arr>
               <arr name="iris.feedback.email_1">
                  <str>maritnewns@kpnmail.nl</str>
               </arr>
               <arr name="iris.feedback.email_2">
                  <str>maritnewns@kpnmail.nl</str>
               </arr>
               <arr name="iris.feedback.published_1">
                  <str>false</str>
               </arr>
               <arr name="iris.feedback.published_2">
                  <str>false</str>
               </arr>
               <arr name="iris.feedback.time_1">
                  <str>9 Jul 2014 18:35:53 GMT</str>
               </arr>
               <arr name="iris.feedback.time_2">
                  <str>9 Jul 2014 18:36:12 GMT</str>
               </arr>
               <str name="iris.hasmaterials">Records with materials</str>
               <arr name="iris.instrument.author">
                  <str>Kubanyiova, Magdalena</str>
               </arr>
               <arr name="iris.instrument.dataType">
                  <str>Closed response format</str>
               </arr>
               <arr name="iris.instrument.dataType.alternate">
                  <str/>
               </arr>
               <arr name="iris.instrument.instrumentType">
                  <str>Questionnaire</str>
                  <str>Other questionnaire</str>
               </arr>
               <str name="iris.instrument.instrumentType.alltypes">other questionnaire questionnaire  </str>
               <arr name="iris.instrument.licence">
                  <str>Attribution-NonCommercial-ShareAlike</str>
               </arr>
               <str name="iris.instrument.notes">Full article is open access http://tesl-ej.org/ej38/a5abs.html</str>
               <str name="iris.instrument.primaryInstrumentType">Questionnaire &gt; Other questionnaire</str>
               <arr name="iris.instrument.researchArea">
                  <str>Motivation</str>
                  <str>Effectiveness of teaching</str>
                  <str>Teaching methods (style, approach, technique)</str>
                  <str>Group dynamics</str>
               </arr>
               <arr name="iris.instrument.title">
                  <str>Motivating Classroom Environment Scales</str>
               </arr>
               <arr name="iris.instrument.typeOfFile">
                  <str>Text</str>
               </arr>
               <arr name="iris.participants.firstLanguage">
                  <str>Slovak</str>
               </arr>
               <arr name="iris.participants.gender">
                  <str>mixed</str>
               </arr>
               <arr name="iris.participants.participantType">
                  <str>Foreign language learners</str>
               </arr>
               <arr name="iris.participants.proficiencyLearner">
                  <str>Pre-intermediate</str>
                  <str>Intermediate</str>
                  <str>Intermediate/advanced</str>
               </arr>
               <arr name="iris.participants.targetLanguage">
                  <str>English</str>
               </arr>
               <arr name="iris.referenceid">
                  <str>2006_Kubanyiova_Developing a motivational teaching practice in EFL teachers in Slovakia: Challenges of promoting teacher change in EFL contexts</str>
               </arr>
               <str name="iris.references.allauthors">Kubanyiova (2006)</str>
               <arr name="iris.references.author">
                  <str>Kubanyiova, Magdalena</str>
               </arr>
               <str name="iris.references.author.lastnames">kubanyiova</str>
               <arr name="iris.references.author.noack">
                  <str>Kubanyiova, Magdalena</str>
               </arr>
               <arr name="iris.references.journal">
                  <str>TESL-EJ</str>
               </arr>
               <arr name="iris.references.publicationDate">
                  <str>2006</str>
               </arr>
               <arr name="iris.references.publicationDateStr">
                  <str>2006</str>
               </arr>
               <arr name="iris.references.publicationType">
                  <str>Journal Article</str>
               </arr>
               <arr name="iris2.email">
                  <str>m.kubanyiova@bham.ac.uk</str>
               </arr>
               <arr name="iris2.feedback.count">
                  <str>2</str>
               </arr>
               <arr name="iris2.feedback.email_1">
                  <str>maritnewns@kpnmail.nl</str>
               </arr>
               <arr name="iris2.feedback.email_2">
                  <str>maritnewns@kpnmail.nl</str>
               </arr>
               <arr name="iris2.feedback.published_1">
                  <str>false</str>
               </arr>
               <arr name="iris2.feedback.published_2">
                  <str>false</str>
               </arr>
               <arr name="iris2.feedback.time_1">
                  <str>9 Jul 2014 18:35:53 GMT</str>
               </arr>
               <arr name="iris2.feedback.time_2">
                  <str>9 Jul 2014 18:36:12 GMT</str>
               </arr>
               <str name="iris2.hasmaterials">Records with materials</str>
               <arr name="iris2.instrument.author">
                  <str>Kubanyiova, Magdalena</str>
               </arr>
               <arr name="iris2.instrument.dataType">
                  <str>Closed response format</str>
               </arr>
               <arr name="iris2.instrument.instrumentType">
                  <str>Questionnaire</str>
                  <str>Other questionnaire</str>
               </arr>
               <str name="iris2.instrument.instrumentType.alltypes">other questionnaire questionnaire  </str>
               <arr name="iris2.instrument.licence">
                  <str>Attribution-NonCommercial-ShareAlike</str>
               </arr>
               <str name="iris2.instrument.primaryInstrumentType">Questionnaire &gt; Other questionnaire</str>
               <arr name="iris2.instrument.researchArea">
                  <str>Motivation</str>
                  <str>Effectiveness of teaching</str>
                  <str>Teaching methods (style, approach, technique)</str>
                  <str>Group dynamics</str>
               </arr>
               <arr name="iris2.instrument.typeOfFile">
                  <str>Text</str>
               </arr>
               <arr name="iris2.participants.firstLanguage">
                  <str>Slovak</str>
               </arr>
               <arr name="iris2.participants.gender">
                  <str>mixed</str>
               </arr>
               <arr name="iris2.participants.participantType">
                  <str>Foreign language learners</str>
               </arr>
               <arr name="iris2.participants.proficiencyLearner">
                  <str>Pre-intermediate</str>
                  <str>Intermediate</str>
                  <str>Intermediate/advanced</str>
               </arr>
               <arr name="iris2.participants.targetLanguage">
                  <str>English</str>
               </arr>
               <arr name="iris2.referenceid">
                  <str>2006_Kubanyiova_Developing a motivational teaching practice in EFL teachers in Slovakia: Challenges of promoting teacher change in EFL contexts</str>
               </arr>
               <str name="iris2.references.allauthors">Kubanyiova (2006)</str>
               <arr name="iris2.references.author">
                  <str>Kubanyiova, Magdalena</str>
               </arr>
               <str name="iris2.references.author.lastnames">kubanyiova</str>
               <arr name="iris2.references.journal">
                  <str>TESL-EJ</str>
               </arr>
               <arr name="iris2.references.publicationDate">
                  <str>2006</str>
               </arr>
               <arr name="iris2.references.publicationDateStr">
                  <str>2006</str>
               </arr>
               <arr name="iris2.references.publicationLatestDate">
                  <str>2006</str>
               </arr>
               <arr name="iris2.references.publicationType">
                  <str>Journal Article</str>
               </arr>
               <arr name="oai_dc.dc_xsi:schemaLocation">
                  <str>http://www.openarchives.org/OAI/2.0/oai_dc/ http://www.openarchives.org/OAI/2.0/oai_dc.xsd</str>
                  <str>http://www.openarchives.org/OAI/2.0/oai_dc/ http://www.openarchives.org/OAI/2.0/oai_dc.xsd</str>
               </arr>
            </doc>
         </result>
      </response>
   </solr>
   <files>
      <file id="INSTRUMENT" mime="application/msword" url="https://www.iris-database.org/iris/api/resource/york:814778/asset/INSTRUMENT?download=true"/>
   </files>
</record>
