<?xml version="1.0" encoding="ISO-8859-1"?>

<record pid="york:808095">
   <solr>
      <response>
         <lst name="responseHeader">
            <int name="status">0</int>
            <int name="QTime">471</int>
            <lst name="params">
               <str name="q">PID:york?808095</str>
            </lst>
         </lst>
         <result name="response" numfound="1" start="0">
            <doc>
               <str name="PID">york:808095</str>
               <arr name="dc.creator">
                  <str>Tagarelli, Kaitlyn</str>
               </arr>
               <arr name="dc.date">
                  <str>2011</str>
                  <str>2005</str>
               </arr>
               <arr name="dc.description">
                  <str>This is a version of the Operation Span (Word) from the Georgia Tech Attention and Working Memory Lab (http://psychology.gatech.edu/renglelab/Eprime1.html), adapted from E-Prime to use with SuperLab.</str>
               </arr>
               <arr name="dc.format">
                  <str>English</str>
               </arr>
               <arr name="dc.identifier">
                  <str>york:808095</str>
               </arr>
               <arr name="dc.subject">
                  <str>Acquisition</str>
               </arr>
               <str name="dc.title">Operation-Word Span Task</str>
               <str name="dc.title.sort">Operation-Word Span Task</str>
               <arr name="dc.type">
                  <str>Operation / Digit span</str>
                  <str>http://www.iris-database.org/Instruments</str>
               </arr>
               <arr name="dc2.creator">
                  <str>Tagarelli, Kaitlyn</str>
               </arr>
               <arr name="dc2.date">
                  <str>2011</str>
                  <str>2005</str>
               </arr>
               <arr name="dc2.description">
                  <str>This is a version of the Operation Span (Word) from the Georgia Tech Attention and Working Memory Lab (http://psychology.gatech.edu/renglelab/Eprime1.html), adapted from E-Prime to use with SuperLab.</str>
               </arr>
               <arr name="dc2.format">
                  <str>English</str>
               </arr>
               <arr name="dc2.identifier">
                  <str>york:808095</str>
               </arr>
               <arr name="dc2.subject">
                  <str>Acquisition</str>
               </arr>
               <str name="dc2.title">Operation-Word Span Task</str>
               <arr name="dc2.type">
                  <str>Operation / Digit span</str>
                  <str>http://www.iris-database.org/Instruments</str>
               </arr>
               <arr name="dc3.creator">
                  <str>Tagarelli, Kaitlyn</str>
               </arr>
               <arr name="dc3.subject">
                  <str>Acquisition</str>
               </arr>
               <str name="dc3.title">Operation-Word Span Task</str>
               <date name="fgs.createdDate">2013-01-09T14:28:55.125Z</date>
               <date name="fgs.dateCreated.sort">2013-01-09T14:28:55.125Z</date>
               <str name="fgs.label">IRIS Instrument created by YODL workflow.</str>
               <date name="fgs.lastModifiedDate">2017-10-25T15:23:46.092Z</date>
               <str name="fgs.ownerId">iris-c413c187-b4c1-4b42-9dda-40136e656a4d</str>
               <str name="fgs.state">Active</str>
               <arr name="iris.email">
                  <str>kmt49@georgetown.edu</str>
               </arr>
               <arr name="iris.feedback.count">
                  <str>0</str>
               </arr>
               <str name="iris.hasmaterials">Records with materials</str>
               <arr name="iris.instrument.author">
                  <str>Tagarelli, Kaitlyn</str>
               </arr>
               <arr name="iris.instrument.dataType">
                  <str>Oral production</str>
               </arr>
               <arr name="iris.instrument.dataType.alternate">
                  <str/>
               </arr>
               <arr name="iris.instrument.instrumentType">
                  <str>Working memory test</str>
                  <str>Operation / Digit span</str>
               </arr>
               <str name="iris.instrument.instrumentType.alltypes">operation / digit span operation / digit span wm </str>
               <arr name="iris.instrument.licence">
                  <str>Attribution-NonCommercial-ShareAlike</str>
               </arr>
               <str name="iris.instrument.notes">This is a version of the Operation Span (Word) from the Georgia Tech Attention and Working Memory Lab (http://psychology.gatech.edu/renglelab/Eprime1.html), adapted from E-Prime to use with SuperLab.</str>
               <str name="iris.instrument.primaryInstrumentType">Working memory test &gt; Operation / Digit span</str>
               <arr name="iris.instrument.researchArea">
                  <str>Acquisition</str>
               </arr>
               <arr name="iris.instrument.software">
                  <str>SuperLab</str>
               </arr>
               <arr name="iris.instrument.sourceLanguage">
                  <str>English</str>
               </arr>
               <arr name="iris.instrument.title">
                  <str>Operation-Word Span Task</str>
               </arr>
               <arr name="iris.instrument.typeOfFile">
                  <str>Software</str>
                  <str>Text</str>
               </arr>
               <arr name="iris.participants.firstLanguage">
                  <str>English</str>
               </arr>
               <arr name="iris.participants.gender">
                  <str>mixed</str>
               </arr>
               <arr name="iris.participants.participantType">
                  <str>Artificial language learners</str>
               </arr>
               <arr name="iris.referenceid">
                  <str>2011_Tagarelli_Borges Mota_Rebuschat_The role of working memory in implicit and explicit language learning</str>
                  <str>2005_Unsworth_Heitz_Schrock_Engle_An automated version of the operation span task</str>
               </arr>
               <str name="iris.references.allauthors">Tagarelli, Borges Mota, et al. (2011)</str>
               <arr name="iris.references.author">
                  <str>Tagarelli, Kaitlyn M.</str>
                  <str>Borges Mota, Mailce</str>
                  <str>Rebuschat, Patrick</str>
                  <str>Unsworth, N</str>
                  <str>Heitz, R.P.</str>
                  <str>Schrock, J.C.</str>
                  <str>Engle, Randall</str>
               </arr>
               <str name="iris.references.author.lastnames">tagarelliborges motarebuschatunsworthheitzschrockengle</str>
               <arr name="iris.references.author.noack">
                  <str>Tagarelli, Kaitlyn M.</str>
                  <str>Borges Mota, Mailce</str>
                  <str>Rebuschat, Patrick</str>
               </arr>
               <arr name="iris.references.conferenceName">
                  <str>Cognitive Science Society</str>
               </arr>
               <arr name="iris.references.publicationDate">
                  <str>2011</str>
                  <str>2005</str>
               </arr>
               <arr name="iris.references.publicationDateStr">
                  <str>2011</str>
                  <str>2005</str>
               </arr>
               <arr name="iris.references.publicationType">
                  <str>Proceedings</str>
                  <str>Journal Article</str>
               </arr>
               <arr name="iris2.email">
                  <str>kmt49@georgetown.edu</str>
               </arr>
               <arr name="iris2.feedback.count">
                  <str>0</str>
               </arr>
               <str name="iris2.hasmaterials">Records with materials</str>
               <arr name="iris2.instrument.author">
                  <str>Tagarelli, Kaitlyn</str>
               </arr>
               <arr name="iris2.instrument.dataType">
                  <str>Oral production</str>
               </arr>
               <arr name="iris2.instrument.instrumentType">
                  <str>Working memory test</str>
                  <str>Operation / Digit span</str>
               </arr>
               <str name="iris2.instrument.instrumentType.alltypes">operation / digit span operation / digit span wm </str>
               <arr name="iris2.instrument.licence">
                  <str>Attribution-NonCommercial-ShareAlike</str>
               </arr>
               <str name="iris2.instrument.primaryInstrumentType">Working memory test &gt; Operation / Digit span</str>
               <arr name="iris2.instrument.researchArea">
                  <str>Acquisition</str>
               </arr>
               <arr name="iris2.instrument.software">
                  <str>SuperLab</str>
               </arr>
               <arr name="iris2.instrument.sourceLanguage">
                  <str>English</str>
               </arr>
               <arr name="iris2.instrument.typeOfFile">
                  <str>Software</str>
                  <str>Text</str>
               </arr>
               <arr name="iris2.participants.firstLanguage">
                  <str>English</str>
               </arr>
               <arr name="iris2.participants.gender">
                  <str>mixed</str>
               </arr>
               <arr name="iris2.participants.participantType">
                  <str>Artificial language learners</str>
               </arr>
               <arr name="iris2.referenceid">
                  <str>2011_Tagarelli_Borges Mota_Rebuschat_The role of working memory in implicit and explicit language learning</str>
                  <str>2005_Unsworth_Heitz_Schrock_Engle_An automated version of the operation span task</str>
               </arr>
               <str name="iris2.references.allauthors">Tagarelli, Borges Mota, et al. (2011)</str>
               <arr name="iris2.references.author">
                  <str>Tagarelli, Kaitlyn M.</str>
                  <str>Borges Mota, Mailce</str>
                  <str>Rebuschat, Patrick</str>
                  <str>Unsworth, N</str>
                  <str>Heitz, R.P.</str>
                  <str>Schrock, J.C.</str>
                  <str>Engle, Randall</str>
               </arr>
               <str name="iris2.references.author.lastnames">tagarelliborges motarebuschatunsworthheitzschrockengle</str>
               <arr name="iris2.references.conferenceName">
                  <str>Cognitive Science Society</str>
               </arr>
               <arr name="iris2.references.publicationDate">
                  <str>2011</str>
                  <str>2005</str>
               </arr>
               <arr name="iris2.references.publicationDateStr">
                  <str>2011</str>
                  <str>2005</str>
               </arr>
               <arr name="iris2.references.publicationLatestDate">
                  <str>2011</str>
               </arr>
               <arr name="iris2.references.publicationType">
                  <str>Proceedings</str>
                  <str>Journal Article</str>
               </arr>
               <arr name="oai_dc.dc_xsi:schemaLocation">
                  <str>http://www.openarchives.org/OAI/2.0/oai_dc/ http://www.openarchives.org/OAI/2.0/oai_dc.xsd</str>
                  <str>http://www.openarchives.org/OAI/2.0/oai_dc/ http://www.openarchives.org/OAI/2.0/oai_dc.xsd</str>
               </arr>
            </doc>
         </result>
      </response>
   </solr>
   <files>
      <file id="INSTRUMENT" mime="application/octet-stream" url="https://www.iris-database.org/iris/api/resource/york:808095/asset/INSTRUMENT?download=true"/>
      <file id="INSTRUMENT1" mime="application/msword" url="https://www.iris-database.org/iris/api/resource/york:808095/asset/INSTRUMENT1?download=true"/>
      <file id="INSTRUMENT2" mime="application/msword" url="https://www.iris-database.org/iris/api/resource/york:808095/asset/INSTRUMENT2?download=true"/>
   </files>
</record>
