<?xml version="1.0" encoding="ISO-8859-1"?>

<record pid="york:822280">
   <solr>
      <response>
         <lst name="responseHeader">
            <int name="status">0</int>
            <int name="QTime">491</int>
            <lst name="params">
               <str name="q">PID:york?822280</str>
            </lst>
         </lst>
         <result name="response" numfound="1" start="0">
            <doc>
               <str name="PID">york:822280</str>
               <arr name="dc.creator">
                  <str>Henry, Nicholas</str>
                  <str>Culman, Hillah</str>
                  <str>VanPatten, Bill</str>
               </arr>
               <arr name="dc.date">
                  <str>2009</str>
               </arr>
               <arr name="dc.identifier">
                  <str>york:822280</str>
               </arr>
               <str name="dc.title">Structured input sentences</str>
               <str name="dc.title.sort">Structured input sentences</str>
               <arr name="dc.type">
                  <str>Listening / Aural test</str>
                  <str>Gap-fill / Cloze test / Fill in the blank</str>
                  <str>Receptive grammar test</str>
                  <str>Stimuli for laboratory studies (audio)</str>
                  <str>http://www.iris-database.org/Instruments</str>
               </arr>
               <arr name="dc2.creator">
                  <str>Henry, Nicholas</str>
                  <str>Culman, Hillah</str>
                  <str>VanPatten, Bill</str>
               </arr>
               <arr name="dc2.date">
                  <str>2009</str>
               </arr>
               <arr name="dc2.identifier">
                  <str>york:822280</str>
               </arr>
               <str name="dc2.title">Structured input sentences</str>
               <arr name="dc2.type">
                  <str>Listening / Aural test</str>
                  <str>Gap-fill / Cloze test / Fill in the blank</str>
                  <str>Receptive grammar test</str>
                  <str>Stimuli for laboratory studies (audio)</str>
                  <str>http://www.iris-database.org/Instruments</str>
               </arr>
               <arr name="dc3.creator">
                  <str>Henry, Nicholas</str>
                  <str>Culman, Hillah</str>
                  <str>VanPatten, Bill</str>
               </arr>
               <str name="dc3.title">Structured input sentences</str>
               <date name="fgs.createdDate">2014-05-06T19:06:06.99Z</date>
               <date name="fgs.dateCreated.sort">2014-05-06T19:06:06.99Z</date>
               <str name="fgs.label">IRIS Instrument created by YODL workflow.</str>
               <date name="fgs.lastModifiedDate">2016-02-26T09:46:49.759Z</date>
               <str name="fgs.ownerId">iris-580a9f0f-ed9e-4f5f-be7e-877243bddfd0</str>
               <str name="fgs.state">Active</str>
               <arr name="iris.email">
                  <str>aliasbvp@gmail.com</str>
               </arr>
               <arr name="iris.feedback.count">
                  <str>0</str>
               </arr>
               <str name="iris.hasmaterials">Records with information only (materials not yet held)</str>
               <arr name="iris.instrument.author">
                  <str>Henry, Nicholas</str>
                  <str>Culman, Hillah</str>
                  <str>VanPatten, Bill</str>
               </arr>
               <arr name="iris.instrument.instrumentType">
                  <str>Listening / Aural test</str>
                  <str>Gap-fill / Cloze test / Fill in the blank</str>
                  <str>Grammar test / Morphosyntax test</str>
                  <str>Receptive</str>
                  <str>Stimuli for laboratory studies</str>
                  <str>Audio</str>
               </arr>
               <str name="iris.instrument.instrumentType.alltypes">listening / aural test listening / aural test aural test gap-fill / cloze test / fill in the blank gap-fill / cloze test / fill in the blank fill in the blank, cloze,gap fill receptive receptive grammar test  audio stimuli for laboratory studies (audio)  </str>
               <arr name="iris.instrument.licence">
                  <str>Attribution-NonCommercial-ShareAlike</str>
               </arr>
               <arr name="iris.instrument.linguisticTarget">
                  <str>Case</str>
                  <str>Articles</str>
               </arr>
               <str name="iris.instrument.primaryInstrumentType">Listening / Aural test</str>
               <arr name="iris.instrument.researchArea">
                  <str>Acquisition</str>
                  <str>Comprehension</str>
                  <str>Learner strategies</str>
                  <str>Listening</str>
                  <str>Morphosyntax (grammar)</str>
                  <str>Processing instruction</str>
                  <str>Sentence processing</str>
                  <str>Teaching methods (style, approach, technique)</str>
               </arr>
               <arr name="iris.instrument.secondaryInstrumentType">
                  <str>Gap-fill / Cloze test / Fill in the blank</str>
                  <str>Grammar test / Morphosyntax test &gt; Receptive</str>
                  <str>Stimuli for laboratory studies &gt; Audio</str>
               </arr>
               <arr name="iris.instrument.title">
                  <str>Structured input sentences</str>
               </arr>
               <arr name="iris.instrument.typeOfFile">
                  <str>Sound</str>
                  <str>Still Image</str>
               </arr>
               <arr name="iris.participants.firstLanguage">
                  <str>English</str>
               </arr>
               <arr name="iris.participants.participantType">
                  <str>Foreign language learners</str>
                  <str/>
               </arr>
               <arr name="iris.participants.targetLanguage">
                  <str>German</str>
               </arr>
               <arr name="iris.referenceid">
                  <str>2009_Henry_Culman_VanPatten_More on the effects of explicit information in instructed SLA</str>
               </arr>
               <str name="iris.references.allauthors">Henry, Culman, et al. (2009)</str>
               <arr name="iris.references.author">
                  <str>Henry, Nicholas</str>
                  <str>Culman, Hillah</str>
                  <str>VanPatten, Bill</str>
               </arr>
               <str name="iris.references.author.lastnames">henryculmanvanpatten</str>
               <arr name="iris.references.author.noack">
                  <str>Henry, Nicholas</str>
                  <str>Culman, Hillah</str>
                  <str>VanPatten, Bill</str>
               </arr>
               <arr name="iris.references.journal">
                  <str>Studies in Second Language Acquisition</str>
               </arr>
               <arr name="iris.references.publicationDate">
                  <str>2009</str>
               </arr>
               <arr name="iris.references.publicationDateStr">
                  <str>2009</str>
               </arr>
               <arr name="iris.references.publicationType">
                  <str>Journal Article</str>
               </arr>
               <arr name="iris2.email">
                  <str>aliasbvp@gmail.com</str>
               </arr>
               <arr name="iris2.feedback.count">
                  <str>0</str>
               </arr>
               <str name="iris2.hasmaterials">Records with information only (materials not yet held)</str>
               <arr name="iris2.instrument.author">
                  <str>Henry, Nicholas</str>
                  <str>Culman, Hillah</str>
                  <str>VanPatten, Bill</str>
               </arr>
               <arr name="iris2.instrument.instrumentType">
                  <str>Listening / Aural test</str>
                  <str>Gap-fill / Cloze test / Fill in the blank</str>
                  <str>Grammar test / Morphosyntax test</str>
                  <str>Receptive</str>
                  <str>Stimuli for laboratory studies</str>
                  <str>Audio</str>
               </arr>
               <str name="iris2.instrument.instrumentType.alltypes">listening / aural test listening / aural test aural test gap-fill / cloze test / fill in the blank gap-fill / cloze test / fill in the blank fill in the blank, cloze,gap fill receptive receptive grammar test  audio stimuli for laboratory studies (audio)  </str>
               <arr name="iris2.instrument.licence">
                  <str>Attribution-NonCommercial-ShareAlike</str>
               </arr>
               <arr name="iris2.instrument.linguisticTarget">
                  <str>Case</str>
                  <str>Articles</str>
               </arr>
               <str name="iris2.instrument.primaryInstrumentType">Listening / Aural test</str>
               <arr name="iris2.instrument.researchArea">
                  <str>Acquisition</str>
                  <str>Comprehension</str>
                  <str>Learner strategies</str>
                  <str>Listening</str>
                  <str>Morphosyntax (grammar)</str>
                  <str>Processing instruction</str>
                  <str>Sentence processing</str>
                  <str>Teaching methods (style, approach, technique)</str>
               </arr>
               <arr name="iris2.instrument.secondaryInstrumentType">
                  <str>Gap-fill / Cloze test / Fill in the blank</str>
                  <str>Grammar test / Morphosyntax test &gt; Receptive</str>
                  <str>Stimuli for laboratory studies &gt; Audio</str>
               </arr>
               <arr name="iris2.instrument.typeOfFile">
                  <str>Sound</str>
                  <str>Still Image</str>
               </arr>
               <arr name="iris2.participants.firstLanguage">
                  <str>English</str>
               </arr>
               <arr name="iris2.participants.participantType">
                  <str>Foreign language learners</str>
                  <str/>
               </arr>
               <arr name="iris2.participants.targetLanguage">
                  <str>German</str>
               </arr>
               <arr name="iris2.referenceid">
                  <str>2009_Henry_Culman_VanPatten_More on the effects of explicit information in instructed SLA</str>
               </arr>
               <str name="iris2.references.allauthors">Henry, Culman, et al. (2009)</str>
               <arr name="iris2.references.author">
                  <str>Henry, Nicholas</str>
                  <str>Culman, Hillah</str>
                  <str>VanPatten, Bill</str>
               </arr>
               <str name="iris2.references.author.lastnames">henryculmanvanpatten</str>
               <arr name="iris2.references.journal">
                  <str>Studies in Second Language Acquisition</str>
               </arr>
               <arr name="iris2.references.publicationDate">
                  <str>2009</str>
               </arr>
               <arr name="iris2.references.publicationDateStr">
                  <str>2009</str>
               </arr>
               <arr name="iris2.references.publicationLatestDate">
                  <str>2009</str>
               </arr>
               <arr name="iris2.references.publicationType">
                  <str>Journal Article</str>
               </arr>
               <arr name="oai_dc.dc_xsi:schemaLocation">
                  <str>http://www.openarchives.org/OAI/2.0/oai_dc/ http://www.openarchives.org/OAI/2.0/oai_dc.xsd</str>
                  <str>http://www.openarchives.org/OAI/2.0/oai_dc/ http://www.openarchives.org/OAI/2.0/oai_dc.xsd</str>
                  <str>http://www.openarchives.org/OAI/2.0/oai_dc/ http://www.openarchives.org/OAI/2.0/oai_dc.xsd</str>
               </arr>
            </doc>
         </result>
      </response>
   </solr>
   <files/>
</record>
