<?xml version="1.0" encoding="ISO-8859-1"?>

<record pid="york:848340">
   <solr>
      <response>
         <lst name="responseHeader">
            <int name="status">0</int>
            <int name="QTime">500</int>
            <lst name="params">
               <str name="q">PID:york?848340</str>
            </lst>
         </lst>
         <result name="response" numfound="1" start="0">
            <doc>
               <str name="PID">york:848340</str>
               <arr name="dc.creator">
                  <str>Kelch, Ken</str>
                  <str>Santana-Williamson, Eliana</str>
               </arr>
               <arr name="dc.date">
                  <str>2002</str>
               </arr>
               <arr name="dc.identifier">
                  <str>york:848340</str>
               </arr>
               <arr name="dc.type">
                  <str>Attitude questionnaire</str>
                  <str>Other speech perception task</str>
                  <str>Language background questionnaire</str>
                  <str>http://www.iris-database.org/Instruments</str>
               </arr>
               <arr name="dc2.creator">
                  <str>Kelch, Ken</str>
                  <str>Santana-Williamson, Eliana</str>
               </arr>
               <arr name="dc2.date">
                  <str>2002</str>
               </arr>
               <arr name="dc2.identifier">
                  <str>york:848340</str>
               </arr>
               <arr name="dc2.type">
                  <str>Attitude questionnaire</str>
                  <str>Other speech perception task</str>
                  <str>Language background questionnaire</str>
                  <str>http://www.iris-database.org/Instruments</str>
               </arr>
               <arr name="dc3.creator">
                  <str>Kelch, Ken</str>
                  <str>Santana-Williamson, Eliana</str>
               </arr>
               <date name="fgs.createdDate">2015-02-18T13:32:21.394Z</date>
               <date name="fgs.dateCreated.sort">2015-02-18T13:32:21.394Z</date>
               <str name="fgs.label">IRIS Instrument created by YODL workflow.</str>
               <date name="fgs.lastModifiedDate">2017-11-04T17:31:46.307Z</date>
               <str name="fgs.ownerId">iris-5a53f875-7488-4f75-b2eb-73d764f00b4e</str>
               <str name="fgs.state">Active</str>
               <arr name="iris.email">
                  <str>kkelch@alliant.edu</str>
               </arr>
               <arr name="iris.feedback.count">
                  <str>0</str>
               </arr>
               <str name="iris.hasmaterials">Records with materials</str>
               <arr name="iris.instrument.author">
                  <str>Kelch, Ken</str>
                  <str>Santana-Williamson, Eliana</str>
               </arr>
               <arr name="iris.instrument.instrumentType">
                  <str>Questionnaire</str>
                  <str>Attitude questionnaire</str>
                  <str>Speech perception</str>
                  <str>Other speech perception task</str>
                  <str>Questionnaire</str>
                  <str>Language background questionnaire</str>
               </arr>
               <str name="iris.instrument.instrumentType.alltypes">attitude questionnaire attitude questionnaire  other speech perception task other speech perception task  language background questionnaire language background questionnaire  </str>
               <arr name="iris.instrument.licence">
                  <str>Attribution-NonCommercial-ShareAlike</str>
               </arr>
               <str name="iris.instrument.primaryInstrumentType">Questionnaire &gt; Attitude questionnaire</str>
               <arr name="iris.instrument.researchArea">
                  <str>Effectiveness of teaching</str>
                  <str>Native / Non-native</str>
                  <str>Teaching methods (style, approach, technique)</str>
               </arr>
               <arr name="iris.instrument.secondaryInstrumentType">
                  <str>Speech perception &gt; Other speech perception task</str>
                  <str>Questionnaire &gt; Language background questionnaire</str>
               </arr>
               <arr name="iris.instrument.typeOfFile">
                  <str>Text</str>
               </arr>
               <arr name="iris.participants.participantType">
                  <str>Second language learners</str>
               </arr>
               <arr name="iris.referenceid">
                  <str>2002_Kelch_Santana-Williamson_ESL students' attitudes toward native- and nonnative-speaking instructors' accents</str>
               </arr>
               <str name="iris.references.allauthors">Kelch &amp; Santana-Williamson (2002)</str>
               <arr name="iris.references.author">
                  <str>Kelch, Ken</str>
                  <str>Santana-Williamson, Eliana</str>
               </arr>
               <str name="iris.references.author.lastnames">kelchsantana-williamson</str>
               <arr name="iris.references.author.noack">
                  <str>Kelch, Ken</str>
                  <str>Santana-Williamson, Eliana</str>
               </arr>
               <arr name="iris.references.journal">
                  <str>The CATESOL Journal</str>
               </arr>
               <arr name="iris.references.publicationDate">
                  <str>2002</str>
               </arr>
               <arr name="iris.references.publicationDateStr">
                  <str>2002</str>
               </arr>
               <arr name="iris.references.publicationType">
                  <str>Journal Article</str>
               </arr>
               <arr name="iris2.email">
                  <str>kkelch@alliant.edu</str>
               </arr>
               <arr name="iris2.feedback.count">
                  <str>0</str>
               </arr>
               <str name="iris2.hasmaterials">Records with materials</str>
               <arr name="iris2.instrument.author">
                  <str>Kelch, Ken</str>
                  <str>Santana-Williamson, Eliana</str>
               </arr>
               <arr name="iris2.instrument.instrumentType">
                  <str>Questionnaire</str>
                  <str>Attitude questionnaire</str>
                  <str>Speech perception</str>
                  <str>Other speech perception task</str>
                  <str>Questionnaire</str>
                  <str>Language background questionnaire</str>
               </arr>
               <str name="iris2.instrument.instrumentType.alltypes">attitude questionnaire attitude questionnaire  other speech perception task other speech perception task  language background questionnaire language background questionnaire  </str>
               <arr name="iris2.instrument.licence">
                  <str>Attribution-NonCommercial-ShareAlike</str>
               </arr>
               <str name="iris2.instrument.primaryInstrumentType">Questionnaire &gt; Attitude questionnaire</str>
               <arr name="iris2.instrument.researchArea">
                  <str>Effectiveness of teaching</str>
                  <str>Native / Non-native</str>
                  <str>Teaching methods (style, approach, technique)</str>
               </arr>
               <arr name="iris2.instrument.secondaryInstrumentType">
                  <str>Speech perception &gt; Other speech perception task</str>
                  <str>Questionnaire &gt; Language background questionnaire</str>
               </arr>
               <arr name="iris2.instrument.typeOfFile">
                  <str>Text</str>
               </arr>
               <arr name="iris2.participants.participantType">
                  <str>Second language learners</str>
               </arr>
               <arr name="iris2.referenceid">
                  <str>2002_Kelch_Santana-Williamson_ESL students' attitudes toward native- and nonnative-speaking instructors' accents</str>
               </arr>
               <str name="iris2.references.allauthors">Kelch &amp; Santana-Williamson (2002)</str>
               <arr name="iris2.references.author">
                  <str>Kelch, Ken</str>
                  <str>Santana-Williamson, Eliana</str>
               </arr>
               <str name="iris2.references.author.lastnames">kelchsantana-williamson</str>
               <arr name="iris2.references.journal">
                  <str>The CATESOL Journal</str>
               </arr>
               <arr name="iris2.references.publicationDate">
                  <str>2002</str>
               </arr>
               <arr name="iris2.references.publicationDateStr">
                  <str>2002</str>
               </arr>
               <arr name="iris2.references.publicationLatestDate">
                  <str>2002</str>
               </arr>
               <arr name="iris2.references.publicationType">
                  <str>Journal Article</str>
               </arr>
               <arr name="oai_dc.dc_xsi:schemaLocation">
                  <str>http://www.openarchives.org/OAI/2.0/oai_dc/ http://www.openarchives.org/OAI/2.0/oai_dc.xsd</str>
                  <str>http://www.openarchives.org/OAI/2.0/oai_dc/ http://www.openarchives.org/OAI/2.0/oai_dc.xsd</str>
               </arr>
            </doc>
         </result>
      </response>
   </solr>
   <files>
      <file id="INSTRUMENT" mime="application/vnd.openxmlformats-officedocument.wordprocessingml.document" url="https://www.iris-database.org/iris/api/resource/york:848340/asset/INSTRUMENT?download=true"/>
      <file id="INSTRUMENT1" mime="application/vnd.openxmlformats-officedocument.wordprocessingml.document" url="https://www.iris-database.org/iris/api/resource/york:848340/asset/INSTRUMENT1?download=true"/>
      <file id="INSTRUMENT2" mime="application/vnd.openxmlformats-officedocument.wordprocessingml.document" url="https://www.iris-database.org/iris/api/resource/york:848340/asset/INSTRUMENT2?download=true"/>
   </files>
</record>
