<?xml version="1.0" encoding="ISO-8859-1"?>

<record pid="york:807442">
   <solr>
      <response>
         <lst name="responseHeader">
            <int name="status">0</int>
            <int name="QTime">459</int>
            <lst name="params">
               <str name="q">PID:york?807442</str>
            </lst>
         </lst>
         <result name="response" numfound="1" start="0">
            <doc>
               <str name="PID">york:807442</str>
               <arr name="dc.creator">
                  <str>Li, Ping</str>
               </arr>
               <arr name="dc.date">
                  <str>2006</str>
               </arr>
               <arr name="dc.description">
                  <str>The newly revised Language History Questionnaire is based on (Li, Sepanski &amp; Zhao, 2006) that many colleagues have used in the past. The new LHQ has much enhanced functionality on the web and can collect data in the cloud (and it works much better than googleforms). Data will be accumulatively saved as the participants fill in the online questionnaire (there will no longer be transcription errors with data collected this way). Privacy issues are considered by an investigator-based sign-up process and the participants will use randomly assigned numbers to complete the LHQ. More information can be found at http://cogsci.psu.edu/lhq.shtml.</str>
               </arr>
               <arr name="dc.format">
                  <str>English</str>
               </arr>
               <arr name="dc.subject">
                  <str>Cultural identity</str>
                  <str>Identity</str>
                  <str>Linguistic identity</str>
               </arr>
               <str name="dc.title">LHQ - Language History Questionnaire</str>
               <str name="dc.title.sort">LHQ - Language History Questionnaire</str>
               <arr name="dc.type">
                  <str>Language background questionnaire</str>
                  <str>Proficiency questionnaire</str>
                  <str>Language preferences or dominance questionnaire</str>
                  <str>Biographical questionnaire</str>
                  <str>Questionnaire</str>
                  <str>http://www.iris-database.org/Instruments</str>
               </arr>
               <arr name="dc2.creator">
                  <str>Li, Ping</str>
               </arr>
               <arr name="dc2.date">
                  <str>2006</str>
               </arr>
               <arr name="dc2.description">
                  <str>The newly revised Language History Questionnaire is based on (Li, Sepanski &amp; Zhao, 2006) that many colleagues have used in the past. The new LHQ has much enhanced functionality on the web and can collect data in the cloud (and it works much better than googleforms). Data will be accumulatively saved as the participants fill in the online questionnaire (there will no longer be transcription errors with data collected this way). Privacy issues are considered by an investigator-based sign-up process and the participants will use randomly assigned numbers to complete the LHQ. More information can be found at http://cogsci.psu.edu/lhq.shtml.</str>
               </arr>
               <arr name="dc2.format">
                  <str>English</str>
               </arr>
               <arr name="dc2.subject">
                  <str>Cultural identity</str>
                  <str>Identity</str>
                  <str>Linguistic identity</str>
               </arr>
               <str name="dc2.title">LHQ - Language History Questionnaire</str>
               <arr name="dc2.type">
                  <str>Language background questionnaire</str>
                  <str>Proficiency questionnaire</str>
                  <str>Language preferences or dominance questionnaire</str>
                  <str>Biographical questionnaire</str>
                  <str>Questionnaire</str>
                  <str>http://www.iris-database.org/Instruments</str>
               </arr>
               <arr name="dc3.creator">
                  <str>Li, Ping</str>
               </arr>
               <arr name="dc3.subject">
                  <str>Cultural identity</str>
                  <str>Identity</str>
                  <str>Linguistic identity</str>
               </arr>
               <str name="dc3.title">LHQ - Language History Questionnaire</str>
               <date name="fgs.createdDate">2012-12-03T15:27:16.952Z</date>
               <date name="fgs.dateCreated.sort">2012-12-03T15:27:16.952Z</date>
               <str name="fgs.label">IRIS Instrument created by YODL workflow.</str>
               <date name="fgs.lastModifiedDate">2017-10-17T23:38:33.469Z</date>
               <str name="fgs.ownerId">iris-580a9f0f-ed9e-4f5f-be7e-877243bddfd0</str>
               <str name="fgs.state">Active</str>
               <arr name="iris.email">
                  <str>pul8@psu.edu</str>
               </arr>
               <arr name="iris.feedback.count">
                  <str>1</str>
               </arr>
               <arr name="iris.feedback.name_1">
                  <str>Annemarie Doran</str>
               </arr>
               <arr name="iris.feedback.notes_1">
                  <str>Received an error message when I clicked the link: error 404, not found.</str>
               </arr>
               <arr name="iris.feedback.published_1">
                  <str>false</str>
               </arr>
               <arr name="iris.feedback.time_1">
                  <str>15 May 2013 21:25:29 GMT</str>
               </arr>
               <arr name="iris.feedback.usage_1">
                  <str>1</str>
               </arr>
               <str name="iris.hasmaterials">Records with materials</str>
               <arr name="iris.instrument.author">
                  <str>Li, Ping</str>
               </arr>
               <arr name="iris.instrument.dataType">
                  <str>Closed response format</str>
                  <str>Open response</str>
                  <str>Written production</str>
               </arr>
               <arr name="iris.instrument.dataType.alternate">
                  <str/>
                  <str/>
                  <str/>
               </arr>
               <arr name="iris.instrument.instrumentType">
                  <str>Questionnaire</str>
                  <str>Language background questionnaire</str>
                  <str>Questionnaire</str>
                  <str>Proficiency questionnaire</str>
                  <str>Questionnaire</str>
                  <str>Language preferences or dominance questionnaire</str>
                  <str>Questionnaire</str>
                  <str>Biographical questionnaire</str>
                  <str>Questionnaire</str>
                  <str>Other questionnaire</str>
               </arr>
               <str name="iris.instrument.instrumentType.alltypes">language background questionnaire language background questionnaire  proficiency questionnaire proficiency questionnaire  language preferences or dominance questionnaire language preferences or dominance questionnaire  biographical questionnaire biographical questionnaire  other questionnaire questionnaire  </str>
               <arr name="iris.instrument.licence">
                  <str>Attribution-NonCommercial-ShareAlike</str>
               </arr>
               <str name="iris.instrument.notes">The newly revised Language History Questionnaire is based on (Li, Sepanski &amp; Zhao, 2006) that many colleagues have used in the past. The new LHQ has much enhanced functionality on the web and can collect data in the cloud (and it works much better than googleforms). Data will be accumulatively saved as the participants fill in the online questionnaire (there will no longer be transcription errors with data collected this way). Privacy issues are considered by an investigator-based sign-up process and the participants will use randomly assigned numbers to complete the LHQ. More information can be found at http://cogsci.psu.edu/lhq.shtml.</str>
               <str name="iris.instrument.primaryInstrumentType">Questionnaire &gt; Language background questionnaire</str>
               <arr name="iris.instrument.researchArea">
                  <str>Cultural identity</str>
                  <str>Identity</str>
                  <str>Linguistic identity</str>
               </arr>
               <arr name="iris.instrument.secondaryInstrumentType">
                  <str>Questionnaire &gt; Proficiency questionnaire</str>
                  <str>Questionnaire &gt; Language preferences or dominance questionnaire</str>
                  <str>Questionnaire &gt; Biographical questionnaire</str>
                  <str>Questionnaire &gt; Other questionnaire</str>
               </arr>
               <arr name="iris.instrument.sourceLanguage">
                  <str>English</str>
               </arr>
               <arr name="iris.instrument.title">
                  <str>LHQ - Language History Questionnaire</str>
               </arr>
               <arr name="iris.instrument.typeOfFile">
                  <str>Text</str>
               </arr>
               <arr name="iris.participants.participantType">
                  <str>Foreign language learners</str>
                  <str>Language users</str>
                  <str>Second language learners</str>
               </arr>
               <arr name="iris.referenceid">
                  <str>2006_Li_Sepanski_Zhao_Language history questionnaire: A web-based interface for bilingual research</str>
               </arr>
               <str name="iris.references.allauthors">Li, Sepanski, et al. (2006)</str>
               <arr name="iris.references.author">
                  <str>Li, Ping</str>
                  <str>Sepanski, S</str>
                  <str>Zhao, X</str>
               </arr>
               <str name="iris.references.author.lastnames">lisepanskizhao</str>
               <arr name="iris.references.author.noack">
                  <str>Li, Ping</str>
                  <str>Sepanski, S</str>
                  <str>Zhao, X</str>
               </arr>
               <arr name="iris.references.journal">
                  <str>Behavior Research Methods</str>
               </arr>
               <arr name="iris.references.publicationDate">
                  <str>2006</str>
               </arr>
               <arr name="iris.references.publicationDateStr">
                  <str>2006</str>
               </arr>
               <arr name="iris.references.publicationType">
                  <str>Journal Article</str>
               </arr>
               <arr name="iris2.email">
                  <str>pul8@psu.edu</str>
               </arr>
               <arr name="iris2.feedback.count">
                  <str>1</str>
               </arr>
               <arr name="iris2.feedback.name_1">
                  <str>Annemarie Doran</str>
               </arr>
               <arr name="iris2.feedback.notes_1">
                  <str>Received an error message when I clicked the link: error 404, not found.</str>
               </arr>
               <arr name="iris2.feedback.published_1">
                  <str>false</str>
               </arr>
               <arr name="iris2.feedback.time_1">
                  <str>15 May 2013 21:25:29 GMT</str>
               </arr>
               <arr name="iris2.feedback.usage_1">
                  <str>1</str>
               </arr>
               <str name="iris2.hasmaterials">Records with materials</str>
               <arr name="iris2.instrument.author">
                  <str>Li, Ping</str>
               </arr>
               <arr name="iris2.instrument.dataType">
                  <str>Closed response format</str>
                  <str>Open response</str>
                  <str>Written production</str>
               </arr>
               <arr name="iris2.instrument.instrumentType">
                  <str>Questionnaire</str>
                  <str>Language background questionnaire</str>
                  <str>Questionnaire</str>
                  <str>Proficiency questionnaire</str>
                  <str>Questionnaire</str>
                  <str>Language preferences or dominance questionnaire</str>
                  <str>Questionnaire</str>
                  <str>Biographical questionnaire</str>
                  <str>Questionnaire</str>
                  <str>Other questionnaire</str>
               </arr>
               <str name="iris2.instrument.instrumentType.alltypes">language background questionnaire language background questionnaire  proficiency questionnaire proficiency questionnaire  language preferences or dominance questionnaire language preferences or dominance questionnaire  biographical questionnaire biographical questionnaire  other questionnaire questionnaire  </str>
               <arr name="iris2.instrument.licence">
                  <str>Attribution-NonCommercial-ShareAlike</str>
               </arr>
               <str name="iris2.instrument.primaryInstrumentType">Questionnaire &gt; Language background questionnaire</str>
               <arr name="iris2.instrument.researchArea">
                  <str>Cultural identity</str>
                  <str>Identity</str>
                  <str>Linguistic identity</str>
               </arr>
               <arr name="iris2.instrument.secondaryInstrumentType">
                  <str>Questionnaire &gt; Proficiency questionnaire</str>
                  <str>Questionnaire &gt; Language preferences or dominance questionnaire</str>
                  <str>Questionnaire &gt; Biographical questionnaire</str>
                  <str>Questionnaire &gt; Other questionnaire</str>
               </arr>
               <arr name="iris2.instrument.sourceLanguage">
                  <str>English</str>
               </arr>
               <arr name="iris2.instrument.typeOfFile">
                  <str>Text</str>
               </arr>
               <arr name="iris2.participants.participantType">
                  <str>Foreign language learners</str>
                  <str>Language users</str>
                  <str>Second language learners</str>
               </arr>
               <arr name="iris2.referenceid">
                  <str>2006_Li_Sepanski_Zhao_Language history questionnaire: A web-based interface for bilingual research</str>
               </arr>
               <str name="iris2.references.allauthors">Li, Sepanski, et al. (2006)</str>
               <arr name="iris2.references.author">
                  <str>Li, Ping</str>
                  <str>Sepanski, S</str>
                  <str>Zhao, X</str>
               </arr>
               <str name="iris2.references.author.lastnames">lisepanskizhao</str>
               <arr name="iris2.references.journal">
                  <str>Behavior Research Methods</str>
               </arr>
               <arr name="iris2.references.publicationDate">
                  <str>2006</str>
               </arr>
               <arr name="iris2.references.publicationDateStr">
                  <str>2006</str>
               </arr>
               <arr name="iris2.references.publicationLatestDate">
                  <str>2006</str>
               </arr>
               <arr name="iris2.references.publicationType">
                  <str>Journal Article</str>
               </arr>
               <arr name="oai_dc.dc_xsi:schemaLocation">
                  <str>http://www.openarchives.org/OAI/2.0/oai_dc/ http://www.openarchives.org/OAI/2.0/oai_dc.xsd</str>
               </arr>
            </doc>
         </result>
      </response>
   </solr>
   <files/>
</record>
