<?xml version="1.0" encoding="ISO-8859-1"?>

<record pid="york:851574">
   <solr>
      <response>
         <lst name="responseHeader">
            <int name="status">0</int>
            <int name="QTime">796</int>
            <lst name="params">
               <str name="q">PID:york?851574</str>
            </lst>
         </lst>
         <result name="response" numfound="1" start="0">
            <doc>
               <str name="PID">york:851574</str>
               <arr name="dc.creator">
                  <str>Sylven, Liss Kerstin</str>
                  <str>Thompson, Amy</str>
               </arr>
               <arr name="dc.date">
                  <str>2015</str>
               </arr>
               <arr name="dc.identifier">
                  <str>york:851574</str>
               </arr>
               <arr name="dc.subject">
                  <str>Bilingualism</str>
               </arr>
               <arr name="dc.type">
                  <str>Language background questionnaire</str>
                  <str>http://www.iris-database.org/Instruments</str>
               </arr>
               <arr name="dc2.creator">
                  <str>Sylven, Liss Kerstin</str>
                  <str>Thompson, Amy</str>
               </arr>
               <arr name="dc2.date">
                  <str>2015</str>
               </arr>
               <arr name="dc2.identifier">
                  <str>york:851574</str>
               </arr>
               <arr name="dc2.subject">
                  <str>Bilingualism</str>
               </arr>
               <arr name="dc2.type">
                  <str>Language background questionnaire</str>
                  <str>http://www.iris-database.org/Instruments</str>
               </arr>
               <arr name="dc3.creator">
                  <str>Sylven, Liss Kerstin</str>
                  <str>Thompson, Amy</str>
               </arr>
               <arr name="dc3.subject">
                  <str>Bilingualism</str>
               </arr>
               <date name="fgs.createdDate">2015-02-24T23:06:49.873Z</date>
               <date name="fgs.dateCreated.sort">2015-02-24T23:06:49.873Z</date>
               <str name="fgs.label">IRIS Instrument created by YODL workflow.</str>
               <date name="fgs.lastModifiedDate">2017-11-03T23:29:55.315Z</date>
               <str name="fgs.ownerId">iris-b2c44048-a106-4eed-84e9-e71d7bef9b34</str>
               <str name="fgs.state">Active</str>
               <arr name="iris.email">
                  <str>athompson@usf.edu</str>
               </arr>
               <arr name="iris.feedback.count">
                  <str>0</str>
               </arr>
               <str name="iris.hasmaterials">Records with materials</str>
               <arr name="iris.instrument.author">
                  <str>Sylven, Liss Kerstin</str>
                  <str>Thompson, Amy</str>
               </arr>
               <arr name="iris.instrument.instrumentType">
                  <str>Questionnaire</str>
                  <str>Language background questionnaire</str>
               </arr>
               <str name="iris.instrument.instrumentType.alltypes">language background questionnaire language background questionnaire  </str>
               <arr name="iris.instrument.licence">
                  <str>Attribution-NonCommercial-ShareAlike</str>
               </arr>
               <str name="iris.instrument.primaryInstrumentType">Questionnaire &gt; Language background questionnaire</str>
               <arr name="iris.instrument.researchArea">
                  <str>Bilingualism</str>
               </arr>
               <arr name="iris.instrument.typeOfFile">
                  <str>Text</str>
               </arr>
               <arr name="iris.participants.participantType">
                  <str>Adolescent learners</str>
                  <str>Second language learners</str>
                  <str/>
               </arr>
               <arr name="iris.referenceid">
                  <str>2015_Sylven_Thompson_Language Learning Motivation and CLIL: Is there a connection?</str>
               </arr>
               <str name="iris.references.allauthors">Sylven &amp; Thompson (2015)</str>
               <arr name="iris.references.author">
                  <str>Sylven, Liss Kerstin</str>
                  <str>Thompson, Amy</str>
               </arr>
               <str name="iris.references.author.lastnames">sylventhompson</str>
               <arr name="iris.references.author.noack">
                  <str>Sylven, Liss Kerstin</str>
                  <str>Thompson, Amy</str>
               </arr>
               <arr name="iris.references.journal">
                  <str>Journal of Immersion and Content-Based Language Education</str>
               </arr>
               <arr name="iris.references.publicationDate">
                  <str>2015</str>
               </arr>
               <arr name="iris.references.publicationDateStr">
                  <str>2015</str>
               </arr>
               <arr name="iris.references.publicationType">
                  <str>Journal Article</str>
               </arr>
               <arr name="iris2.email">
                  <str>athompson@usf.edu</str>
               </arr>
               <arr name="iris2.feedback.count">
                  <str>0</str>
               </arr>
               <str name="iris2.hasmaterials">Records with materials</str>
               <arr name="iris2.instrument.author">
                  <str>Sylven, Liss Kerstin</str>
                  <str>Thompson, Amy</str>
               </arr>
               <arr name="iris2.instrument.instrumentType">
                  <str>Questionnaire</str>
                  <str>Language background questionnaire</str>
               </arr>
               <str name="iris2.instrument.instrumentType.alltypes">language background questionnaire language background questionnaire  </str>
               <arr name="iris2.instrument.licence">
                  <str>Attribution-NonCommercial-ShareAlike</str>
               </arr>
               <str name="iris2.instrument.primaryInstrumentType">Questionnaire &gt; Language background questionnaire</str>
               <arr name="iris2.instrument.researchArea">
                  <str>Bilingualism</str>
               </arr>
               <arr name="iris2.instrument.typeOfFile">
                  <str>Text</str>
               </arr>
               <arr name="iris2.participants.participantType">
                  <str>Adolescent learners</str>
                  <str>Second language learners</str>
                  <str/>
               </arr>
               <arr name="iris2.referenceid">
                  <str>2015_Sylven_Thompson_Language Learning Motivation and CLIL: Is there a connection?</str>
               </arr>
               <str name="iris2.references.allauthors">Sylven &amp; Thompson (2015)</str>
               <arr name="iris2.references.author">
                  <str>Sylven, Liss Kerstin</str>
                  <str>Thompson, Amy</str>
               </arr>
               <str name="iris2.references.author.lastnames">sylventhompson</str>
               <arr name="iris2.references.journal">
                  <str>Journal of Immersion and Content-Based Language Education</str>
               </arr>
               <arr name="iris2.references.publicationDate">
                  <str>2015</str>
               </arr>
               <arr name="iris2.references.publicationDateStr">
                  <str>2015</str>
               </arr>
               <arr name="iris2.references.publicationLatestDate">
                  <str>2015</str>
               </arr>
               <arr name="iris2.references.publicationType">
                  <str>Journal Article</str>
               </arr>
               <arr name="oai_dc.dc_xsi:schemaLocation">
                  <str>http://www.openarchives.org/OAI/2.0/oai_dc/ http://www.openarchives.org/OAI/2.0/oai_dc.xsd</str>
                  <str>http://www.openarchives.org/OAI/2.0/oai_dc/ http://www.openarchives.org/OAI/2.0/oai_dc.xsd</str>
                  <str>http://www.openarchives.org/OAI/2.0/oai_dc/ http://www.openarchives.org/OAI/2.0/oai_dc.xsd</str>
                  <str>http://www.openarchives.org/OAI/2.0/oai_dc/ http://www.openarchives.org/OAI/2.0/oai_dc.xsd</str>
               </arr>
            </doc>
         </result>
      </response>
   </solr>
   <files>
      <file id="INSTRUMENT" mime="application/pdf" url="https://www.iris-database.org/iris/api/resource/york:851574/asset/INSTRUMENT?download=true"/>
   </files>
</record>
