<?xml version="1.0" encoding="ISO-8859-1"?>

<record pid="york:822268">
   <solr>
      <response>
         <lst name="responseHeader">
            <int name="status">0</int>
            <int name="QTime">491</int>
            <lst name="params">
               <str name="q">PID:york?822268</str>
            </lst>
         </lst>
         <result name="response" numfound="1" start="0">
            <doc>
               <str name="PID">york:822268</str>
               <arr name="dc.creator">
                  <str>Bowles, Melissa</str>
               </arr>
               <arr name="dc.date">
                  <str>2008</str>
               </arr>
               <arr name="dc.description">
                  <str>This instrument contains the verbalization (think-aloud) instructions for the experimental task. These instructions can be found in the article's appendices. The author has kindly given permission for the verbalization instructions to be held in IRIS.</str>
               </arr>
               <arr name="dc.identifier">
                  <str>york:822268</str>
               </arr>
               <str name="dc.title">Verbalization instructions (think-aloud), experimental task</str>
               <str name="dc.title.sort">Verbalization instructions (think-aloud), experimental task</str>
               <arr name="dc.type">
                  <str>Receptive grammar test</str>
                  <str>Gap-fill / Cloze test</str>
                  <str>Stimuli for laboratory studies (visual - verbal)</str>
                  <str>Concurrent think aloud</str>
                  <str>http://www.iris-database.org/Instruments</str>
               </arr>
               <arr name="dc2.creator">
                  <str>Bowles, Melissa</str>
               </arr>
               <arr name="dc2.date">
                  <str>2008</str>
               </arr>
               <arr name="dc2.description">
                  <str>This instrument contains the verbalization (think-aloud) instructions for the experimental task. These instructions can be found in the article's appendices. The author has kindly given permission for the verbalization instructions to be held in IRIS.</str>
               </arr>
               <arr name="dc2.identifier">
                  <str>york:822268</str>
               </arr>
               <str name="dc2.title">Verbalization instructions (think-aloud), experimental task</str>
               <arr name="dc2.type">
                  <str>Receptive grammar test</str>
                  <str>Gap-fill / Cloze test</str>
                  <str>Stimuli for laboratory studies (visual - verbal)</str>
                  <str>Concurrent think aloud</str>
                  <str>http://www.iris-database.org/Instruments</str>
               </arr>
               <arr name="dc3.creator">
                  <str>Bowles, Melissa</str>
               </arr>
               <str name="dc3.title">Verbalization instructions (think-aloud), experimental task</str>
               <date name="fgs.createdDate">2014-04-27T15:24:36.5Z</date>
               <date name="fgs.dateCreated.sort">2014-04-27T15:24:36.5Z</date>
               <str name="fgs.label">IRIS Instrument created by YODL workflow.</str>
               <date name="fgs.lastModifiedDate">2017-10-08T09:05:42.182Z</date>
               <str name="fgs.ownerId">iris-580a9f0f-ed9e-4f5f-be7e-877243bddfd0</str>
               <str name="fgs.state">Active</str>
               <arr name="iris.email">
                  <str>bowlesm@uiuc.edu</str>
               </arr>
               <arr name="iris.feedback.count">
                  <str>0</str>
               </arr>
               <str name="iris.hasmaterials">Records with materials</str>
               <arr name="iris.instrument.author">
                  <str>Bowles, Melissa</str>
               </arr>
               <arr name="iris.instrument.instrumentType">
                  <str>Grammar test / Morphosyntax test</str>
                  <str>Receptive</str>
                  <str>Gap-fill / Cloze test / Fill in the blank</str>
                  <str>Stimuli for laboratory studies</str>
                  <str>Visual</str>
                  <str>Verbal</str>
                  <str>Introspective technique / Think-aloud protocol / Self-report</str>
                  <str>Concurrent think-aloud</str>
               </arr>
               <str name="iris.instrument.instrumentType.alltypes">receptive receptive grammar test  gap-fill / cloze test / fill in the blank gap-fill / cloze test / fill in the blank fill in the blank, cloze,gap fill verbal stimuli for laboratory studies (visual - verbal)  concurrent think-aloud concurrent think-aloud  </str>
               <arr name="iris.instrument.licence">
                  <str>Attribution-NonCommercial-ShareAlike</str>
               </arr>
               <arr name="iris.instrument.linguisticTarget">
                  <str>Pronouns</str>
                  <str>Verbs</str>
               </arr>
               <str name="iris.instrument.notes">This instrument contains the verbalization (think-aloud) instructions for the experimental task. These instructions can be found in the article's appendices. The author has kindly given permission for the verbalization instructions to be held in IRIS.</str>
               <str name="iris.instrument.primaryInstrumentType">Introspective technique / Think-aloud protocol / Self-report &gt; Concurrent think-aloud</str>
               <arr name="iris.instrument.researchArea">
                  <str>Acquisition</str>
                  <str>Meta-analysis</str>
                  <str>Processing</str>
                  <str>Teaching methods (style, approach, technique)</str>
               </arr>
               <arr name="iris.instrument.secondaryInstrumentType">
                  <str>Grammar test / Morphosyntax test &gt; Receptive</str>
                  <str>Gap-fill / Cloze test / Fill in the blank</str>
                  <str>Stimuli for laboratory studies &gt; Visual &gt; Verbal</str>
               </arr>
               <arr name="iris.instrument.title">
                  <str>Verbalization instructions (think-aloud), experimental task</str>
               </arr>
               <arr name="iris.instrument.typeOfFile">
                  <str>Text</str>
               </arr>
               <arr name="iris.participants.firstLanguage">
                  <str>English</str>
               </arr>
               <arr name="iris.participants.participantType">
                  <str>Foreign language learners</str>
                  <str>Monolinguals</str>
                  <str/>
               </arr>
               <arr name="iris.participants.targetLanguage">
                  <str>Spanish</str>
               </arr>
               <arr name="iris.referenceid">
                  <str>2008_Bowles_Task type and reactivity of verbal reports in SLA</str>
               </arr>
               <str name="iris.references.allauthors">Bowles (2008)</str>
               <arr name="iris.references.author">
                  <str>Bowles, Melissa</str>
               </arr>
               <str name="iris.references.author.lastnames">bowles</str>
               <arr name="iris.references.author.noack">
                  <str>Bowles, Melissa</str>
               </arr>
               <arr name="iris.references.journal">
                  <str>Studies in Second Language Acquisition</str>
               </arr>
               <arr name="iris.references.publicationDate">
                  <str>2008</str>
               </arr>
               <arr name="iris.references.publicationDateStr">
                  <str>2008</str>
               </arr>
               <arr name="iris.references.publicationType">
                  <str>Journal Article</str>
               </arr>
               <arr name="iris2.email">
                  <str>bowlesm@uiuc.edu</str>
               </arr>
               <arr name="iris2.feedback.count">
                  <str>0</str>
               </arr>
               <str name="iris2.hasmaterials">Records with materials</str>
               <arr name="iris2.instrument.author">
                  <str>Bowles, Melissa</str>
               </arr>
               <arr name="iris2.instrument.instrumentType">
                  <str>Grammar test / Morphosyntax test</str>
                  <str>Receptive</str>
                  <str>Gap-fill / Cloze test / Fill in the blank</str>
                  <str>Stimuli for laboratory studies</str>
                  <str>Visual</str>
                  <str>Verbal</str>
                  <str>Introspective technique / Think-aloud protocol / Self-report</str>
                  <str>Concurrent think-aloud</str>
               </arr>
               <str name="iris2.instrument.instrumentType.alltypes">receptive receptive grammar test  gap-fill / cloze test / fill in the blank gap-fill / cloze test / fill in the blank fill in the blank, cloze,gap fill verbal stimuli for laboratory studies (visual - verbal)  concurrent think-aloud concurrent think-aloud  </str>
               <arr name="iris2.instrument.licence">
                  <str>Attribution-NonCommercial-ShareAlike</str>
               </arr>
               <arr name="iris2.instrument.linguisticTarget">
                  <str>Pronouns</str>
                  <str>Verbs</str>
               </arr>
               <str name="iris2.instrument.primaryInstrumentType">Introspective technique / Think-aloud protocol / Self-report &gt; Concurrent think-aloud</str>
               <arr name="iris2.instrument.researchArea">
                  <str>Acquisition</str>
                  <str>Meta-analysis</str>
                  <str>Processing</str>
                  <str>Teaching methods (style, approach, technique)</str>
               </arr>
               <arr name="iris2.instrument.secondaryInstrumentType">
                  <str>Grammar test / Morphosyntax test &gt; Receptive</str>
                  <str>Gap-fill / Cloze test / Fill in the blank</str>
                  <str>Stimuli for laboratory studies &gt; Visual &gt; Verbal</str>
               </arr>
               <arr name="iris2.instrument.typeOfFile">
                  <str>Text</str>
               </arr>
               <arr name="iris2.participants.firstLanguage">
                  <str>English</str>
               </arr>
               <arr name="iris2.participants.participantType">
                  <str>Foreign language learners</str>
                  <str>Monolinguals</str>
                  <str/>
               </arr>
               <arr name="iris2.participants.targetLanguage">
                  <str>Spanish</str>
               </arr>
               <arr name="iris2.referenceid">
                  <str>2008_Bowles_Task type and reactivity of verbal reports in SLA</str>
               </arr>
               <str name="iris2.references.allauthors">Bowles (2008)</str>
               <arr name="iris2.references.author">
                  <str>Bowles, Melissa</str>
               </arr>
               <str name="iris2.references.author.lastnames">bowles</str>
               <arr name="iris2.references.journal">
                  <str>Studies in Second Language Acquisition</str>
               </arr>
               <arr name="iris2.references.publicationDate">
                  <str>2008</str>
               </arr>
               <arr name="iris2.references.publicationDateStr">
                  <str>2008</str>
               </arr>
               <arr name="iris2.references.publicationLatestDate">
                  <str>2008</str>
               </arr>
               <arr name="iris2.references.publicationType">
                  <str>Journal Article</str>
               </arr>
               <arr name="oai_dc.dc_xsi:schemaLocation">
                  <str>http://www.openarchives.org/OAI/2.0/oai_dc/ http://www.openarchives.org/OAI/2.0/oai_dc.xsd</str>
                  <str>http://www.openarchives.org/OAI/2.0/oai_dc/ http://www.openarchives.org/OAI/2.0/oai_dc.xsd</str>
                  <str>http://www.openarchives.org/OAI/2.0/oai_dc/ http://www.openarchives.org/OAI/2.0/oai_dc.xsd</str>
                  <str>http://www.openarchives.org/OAI/2.0/oai_dc/ http://www.openarchives.org/OAI/2.0/oai_dc.xsd</str>
                  <str>http://www.openarchives.org/OAI/2.0/oai_dc/ http://www.openarchives.org/OAI/2.0/oai_dc.xsd</str>
               </arr>
            </doc>
         </result>
      </response>
   </solr>
   <files>
      <file id="INSTRUMENT" mime="application/vnd.openxmlformats-officedocument.wordprocessingml.document" url="https://www.iris-database.org/iris/api/resource/york:822268/asset/INSTRUMENT?download=true"/>
   </files>
</record>
