<?xml version="1.0" encoding="ISO-8859-1"?>

<record pid="york:808126">
   <solr>
      <response>
         <lst name="responseHeader">
            <int name="status">0</int>
            <int name="QTime">593</int>
            <lst name="params">
               <str name="q">PID:york?808126</str>
            </lst>
         </lst>
         <result name="response" numfound="1" start="0">
            <doc>
               <str name="PID">york:808126</str>
               <arr name="dc.creator">
                  <str>Erlam, Rosemary</str>
               </arr>
               <arr name="dc.date">
                  <str>2010</str>
               </arr>
               <arr name="dc.identifier">
                  <str>york:808126</str>
               </arr>
               <str name="dc.title">Implicit and explicit recasts (oral imitation tests)</str>
               <str name="dc.title.sort">Implicit and explicit recasts (oral imitation tests)</str>
               <arr name="dc.type">
                  <str>Receptive grammar test</str>
                  <str>Listening / Aural test</str>
                  <str>Working memory test (Listening span)</str>
                  <str>Elicited imitation protocol / Sentence repetition task</str>
                  <str>Other speaking test / oral production test</str>
                  <str>http://www.iris-database.org/Instruments</str>
               </arr>
               <arr name="dc2.creator">
                  <str>Erlam, Rosemary</str>
               </arr>
               <arr name="dc2.date">
                  <str>2010</str>
               </arr>
               <arr name="dc2.identifier">
                  <str>york:808126</str>
               </arr>
               <str name="dc2.title">Implicit and explicit recasts (oral imitation tests)</str>
               <arr name="dc2.type">
                  <str>Receptive grammar test</str>
                  <str>Listening / Aural test</str>
                  <str>Working memory test (Listening span)</str>
                  <str>Elicited imitation protocol / Sentence repetition task</str>
                  <str>Other speaking test / oral production test</str>
                  <str>http://www.iris-database.org/Instruments</str>
               </arr>
               <arr name="dc3.creator">
                  <str>Erlam, Rosemary</str>
               </arr>
               <str name="dc3.title">Implicit and explicit recasts (oral imitation tests)</str>
               <date name="fgs.createdDate">2013-01-15T15:32:45.193Z</date>
               <date name="fgs.dateCreated.sort">2013-01-15T15:32:45.193Z</date>
               <str name="fgs.label">IRIS Instrument created by YODL workflow.</str>
               <date name="fgs.lastModifiedDate">2017-05-12T10:14:30.342Z</date>
               <str name="fgs.ownerId">iris-580a9f0f-ed9e-4f5f-be7e-877243bddfd0</str>
               <str name="fgs.state">Active</str>
               <arr name="iris.email">
                  <str>r.erlam@auckland.ac.nz</str>
               </arr>
               <arr name="iris.feedback.count">
                  <str>0</str>
               </arr>
               <str name="iris.hasmaterials">Records with materials</str>
               <arr name="iris.instrument.author">
                  <str>Erlam, Rosemary</str>
               </arr>
               <arr name="iris.instrument.dataType">
                  <str>Oral comprehension</str>
                  <str>Oral production</str>
               </arr>
               <arr name="iris.instrument.dataType.alternate">
                  <str/>
                  <str/>
               </arr>
               <arr name="iris.instrument.instrumentType">
                  <str>Grammar test / Morphosyntax test</str>
                  <str>Receptive</str>
                  <str>Listening / Aural test</str>
                  <str>Working memory test</str>
                  <str>Listening span</str>
                  <str>Elicited imitation protocol / Sentence repetition task</str>
                  <str>Speaking test / Oral production test</str>
                  <str>Other speaking test / oral production test</str>
               </arr>
               <str name="iris.instrument.instrumentType.alltypes">receptive receptive grammar test  listening / aural test listening / aural test aural test listening span working memory test (listening span) wm elicited imitation protocol / sentence repetition task elicited imitation protocol / sentence repetition task elicited imitation other speaking test / oral production test other speaking test / oral production test  </str>
               <arr name="iris.instrument.licence">
                  <str>Attribution-NonCommercial-ShareAlike</str>
               </arr>
               <arr name="iris.instrument.linguisticTarget">
                  <str>Syntax</str>
                  <str>Tense</str>
                  <str>Gender</str>
               </arr>
               <str name="iris.instrument.primaryInstrumentType">Elicited imitation protocol / Sentence repetition task</str>
               <arr name="iris.instrument.researchArea">
                  <str>Morphosyntax (grammar)</str>
                  <str>Teaching methods (style, approach, technique)</str>
               </arr>
               <arr name="iris.instrument.secondaryInstrumentType">
                  <str>Grammar test / Morphosyntax test &gt; Receptive</str>
                  <str>Listening / Aural test</str>
                  <str>Working memory test &gt; Listening span</str>
                  <str>Speaking test / Oral production test &gt; Other speaking test / oral production test</str>
               </arr>
               <arr name="iris.instrument.title">
                  <str>Implicit and explicit recasts (oral imitation tests)</str>
               </arr>
               <arr name="iris.instrument.typeOfFile">
                  <str>Text</str>
               </arr>
               <arr name="iris.participants.firstLanguage">
                  <str>English</str>
               </arr>
               <arr name="iris.participants.gender">
                  <str>mixed</str>
               </arr>
               <arr name="iris.participants.participantType">
                  <str>Second language learners</str>
               </arr>
               <arr name="iris.participants.proficiencyLearner">
                  <str>Yrs 2 &amp; 3 American university</str>
               </arr>
               <arr name="iris.participants.targetLanguage">
                  <str>French</str>
               </arr>
               <arr name="iris.referenceid">
                  <str>2010_Erlam_Loewen_Implicit and explicit recasts in L2 oral French interaction</str>
               </arr>
               <str name="iris.references.allauthors">Erlam &amp; Loewen (2010)</str>
               <arr name="iris.references.author">
                  <str>Erlam, Rosemary</str>
                  <str>Loewen, Shawn</str>
               </arr>
               <str name="iris.references.author.lastnames">erlamloewen</str>
               <arr name="iris.references.author.noack">
                  <str>Erlam, Rosemary</str>
                  <str>Loewen, Shawn</str>
               </arr>
               <arr name="iris.references.journal">
                  <str>Canadian Modern Language Review</str>
               </arr>
               <arr name="iris.references.publicationDate">
                  <str>2010</str>
               </arr>
               <arr name="iris.references.publicationDateStr">
                  <str>2010</str>
               </arr>
               <arr name="iris.references.publicationType">
                  <str>Journal Article</str>
               </arr>
               <arr name="iris2.email">
                  <str>r.erlam@auckland.ac.nz</str>
               </arr>
               <arr name="iris2.feedback.count">
                  <str>0</str>
               </arr>
               <str name="iris2.hasmaterials">Records with materials</str>
               <arr name="iris2.instrument.author">
                  <str>Erlam, Rosemary</str>
               </arr>
               <arr name="iris2.instrument.dataType">
                  <str>Oral comprehension</str>
                  <str>Oral production</str>
               </arr>
               <arr name="iris2.instrument.instrumentType">
                  <str>Grammar test / Morphosyntax test</str>
                  <str>Receptive</str>
                  <str>Listening / Aural test</str>
                  <str>Working memory test</str>
                  <str>Listening span</str>
                  <str>Elicited imitation protocol / Sentence repetition task</str>
                  <str>Speaking test / Oral production test</str>
                  <str>Other speaking test / oral production test</str>
               </arr>
               <str name="iris2.instrument.instrumentType.alltypes">receptive receptive grammar test  listening / aural test listening / aural test aural test listening span working memory test (listening span) wm elicited imitation protocol / sentence repetition task elicited imitation protocol / sentence repetition task elicited imitation other speaking test / oral production test other speaking test / oral production test  </str>
               <arr name="iris2.instrument.licence">
                  <str>Attribution-NonCommercial-ShareAlike</str>
               </arr>
               <arr name="iris2.instrument.linguisticTarget">
                  <str>Syntax</str>
                  <str>Tense</str>
                  <str>Gender</str>
               </arr>
               <str name="iris2.instrument.primaryInstrumentType">Elicited imitation protocol / Sentence repetition task</str>
               <arr name="iris2.instrument.researchArea">
                  <str>Morphosyntax (grammar)</str>
                  <str>Teaching methods (style, approach, technique)</str>
               </arr>
               <arr name="iris2.instrument.secondaryInstrumentType">
                  <str>Grammar test / Morphosyntax test &gt; Receptive</str>
                  <str>Listening / Aural test</str>
                  <str>Working memory test &gt; Listening span</str>
                  <str>Speaking test / Oral production test &gt; Other speaking test / oral production test</str>
               </arr>
               <arr name="iris2.instrument.typeOfFile">
                  <str>Text</str>
               </arr>
               <arr name="iris2.participants.firstLanguage">
                  <str>English</str>
               </arr>
               <arr name="iris2.participants.gender">
                  <str>mixed</str>
               </arr>
               <arr name="iris2.participants.participantType">
                  <str>Second language learners</str>
               </arr>
               <arr name="iris2.participants.proficiencyLearner">
                  <str>Yrs 2 &amp; 3 American university</str>
               </arr>
               <arr name="iris2.participants.targetLanguage">
                  <str>French</str>
               </arr>
               <arr name="iris2.referenceid">
                  <str>2010_Erlam_Loewen_Implicit and explicit recasts in L2 oral French interaction</str>
               </arr>
               <str name="iris2.references.allauthors">Erlam &amp; Loewen (2010)</str>
               <arr name="iris2.references.author">
                  <str>Erlam, Rosemary</str>
                  <str>Loewen, Shawn</str>
               </arr>
               <str name="iris2.references.author.lastnames">erlamloewen</str>
               <arr name="iris2.references.journal">
                  <str>Canadian Modern Language Review</str>
               </arr>
               <arr name="iris2.references.publicationDate">
                  <str>2010</str>
               </arr>
               <arr name="iris2.references.publicationDateStr">
                  <str>2010</str>
               </arr>
               <arr name="iris2.references.publicationLatestDate">
                  <str>2010</str>
               </arr>
               <arr name="iris2.references.publicationType">
                  <str>Journal Article</str>
               </arr>
               <arr name="oai_dc.dc_xsi:schemaLocation">
                  <str>http://www.openarchives.org/OAI/2.0/oai_dc/ http://www.openarchives.org/OAI/2.0/oai_dc.xsd</str>
                  <str>http://www.openarchives.org/OAI/2.0/oai_dc/ http://www.openarchives.org/OAI/2.0/oai_dc.xsd</str>
                  <str>http://www.openarchives.org/OAI/2.0/oai_dc/ http://www.openarchives.org/OAI/2.0/oai_dc.xsd</str>
                  <str>http://www.openarchives.org/OAI/2.0/oai_dc/ http://www.openarchives.org/OAI/2.0/oai_dc.xsd</str>
               </arr>
            </doc>
         </result>
      </response>
   </solr>
   <files>
      <file id="INSTRUMENT2" mime="application/msword" url="https://www.iris-database.org/iris/api/resource/york:808126/asset/INSTRUMENT2?download=true"/>
      <file id="INSTRUMENT3" mime="application/msword" url="https://www.iris-database.org/iris/api/resource/york:808126/asset/INSTRUMENT3?download=true"/>
   </files>
</record>
