<?xml version="1.0" encoding="ISO-8859-1"?>

<record pid="york:808509">
   <solr>
      <response>
         <lst name="responseHeader">
            <int name="status">0</int>
            <int name="QTime">729</int>
            <lst name="params">
               <str name="q">PID:york?808509</str>
            </lst>
         </lst>
         <result name="response" numfound="1" start="0">
            <doc>
               <str name="PID">york:808509</str>
               <arr name="dc.creator">
                  <str>Zhu, D</str>
               </arr>
               <arr name="dc.date">
                  <str>2008</str>
               </arr>
               <arr name="dc.format">
                  <str>English</str>
               </arr>
               <arr name="dc.subject">
                  <str>Motivation</str>
               </arr>
               <arr name="dc.type">
                  <str>Interview protocol</str>
                  <str>http://www.iris-database.org/Instruments</str>
               </arr>
               <arr name="dc2.creator">
                  <str>Zhu, D</str>
               </arr>
               <arr name="dc2.date">
                  <str>2008</str>
               </arr>
               <arr name="dc2.format">
                  <str>English</str>
               </arr>
               <arr name="dc2.subject">
                  <str>Motivation</str>
               </arr>
               <arr name="dc2.type">
                  <str>Interview protocol</str>
                  <str>http://www.iris-database.org/Instruments</str>
               </arr>
               <arr name="dc3.creator">
                  <str>Zhu, D</str>
               </arr>
               <arr name="dc3.subject">
                  <str>Motivation</str>
               </arr>
               <date name="fgs.createdDate">2013-02-13T18:09:52.224Z</date>
               <date name="fgs.dateCreated.sort">2013-02-13T18:09:52.224Z</date>
               <str name="fgs.label">IRIS Instrument created by YODL workflow.</str>
               <date name="fgs.lastModifiedDate">2017-07-11T14:17:04.602Z</date>
               <str name="fgs.ownerId">iris-580a9f0f-ed9e-4f5f-be7e-877243bddfd0</str>
               <str name="fgs.state">Active</str>
               <arr name="iris.feedback.count">
                  <str>1</str>
               </arr>
               <arr name="iris.feedback.email_1">
                  <str>doug.flahive@colostate.edu</str>
               </arr>
               <arr name="iris.feedback.published_1">
                  <str>false</str>
               </arr>
               <arr name="iris.feedback.time_1">
                  <str>10 Jul 2014 18:39:36 GMT</str>
               </arr>
               <str name="iris.hasmaterials">Records with materials</str>
               <arr name="iris.instrument.author">
                  <str>Zhu, D</str>
               </arr>
               <arr name="iris.instrument.instrumentType">
                  <str>Interview protocol / schedule</str>
               </arr>
               <str name="iris.instrument.instrumentType.alltypes">interview protocol / schedule interview protocol / schedule interview schedule </str>
               <arr name="iris.instrument.licence">
                  <str>Attribution-NonCommercial-ShareAlike</str>
               </arr>
               <str name="iris.instrument.primaryInstrumentType">Interview protocol / schedule</str>
               <arr name="iris.instrument.researchArea">
                  <str>Motivation</str>
               </arr>
               <arr name="iris.instrument.sourceLanguage">
                  <str>English</str>
               </arr>
               <arr name="iris.instrument.typeOfFile">
                  <str>Text</str>
               </arr>
               <arr name="iris.participants.firstLanguage">
                  <str>Chinese</str>
               </arr>
               <arr name="iris.participants.participantType">
                  <str>Foreign language learners</str>
               </arr>
               <arr name="iris.participants.targetLanguage">
                  <str>English</str>
               </arr>
               <arr name="iris.referenceid">
                  <str>2008_Kyriacou_Zhu_Shanghai pupils' motivation towards learning English and the perceived influence of important others</str>
                  <str>Zhu_EFL learning motivation in Shanghai upper-secondary students and the influence of important others</str>
               </arr>
               <str name="iris.references.allauthors">Kyriacou &amp; Zhu (2008); Zhu (2007)</str>
               <arr name="iris.references.author">
                  <str>Kyriacou, C</str>
                  <str>Zhu, D</str>
                  <str>Zhu, D</str>
               </arr>
               <str name="iris.references.author.lastnames">kyriacouzhuzhu</str>
               <arr name="iris.references.author.noack">
                  <str>Kyriacou, C</str>
                  <str>Zhu, D</str>
                  <str>Zhu, D</str>
               </arr>
               <arr name="iris.references.journal">
                  <str>Educational Studies</str>
               </arr>
               <arr name="iris.references.publicationDate">
                  <str>2008</str>
                  <str>2007</str>
               </arr>
               <arr name="iris.references.publicationDateStr">
                  <str>2008</str>
                  <str>2007</str>
               </arr>
               <arr name="iris.references.publicationType">
                  <str>Journal Article</str>
                  <str>Thesis</str>
               </arr>
               <arr name="iris2.feedback.count">
                  <str>1</str>
               </arr>
               <arr name="iris2.feedback.email_1">
                  <str>doug.flahive@colostate.edu</str>
               </arr>
               <arr name="iris2.feedback.published_1">
                  <str>false</str>
               </arr>
               <arr name="iris2.feedback.time_1">
                  <str>10 Jul 2014 18:39:36 GMT</str>
               </arr>
               <str name="iris2.hasmaterials">Records with materials</str>
               <arr name="iris2.instrument.author">
                  <str>Zhu, D</str>
               </arr>
               <arr name="iris2.instrument.instrumentType">
                  <str>Interview protocol / schedule</str>
               </arr>
               <str name="iris2.instrument.instrumentType.alltypes">interview protocol / schedule interview protocol / schedule interview schedule </str>
               <arr name="iris2.instrument.licence">
                  <str>Attribution-NonCommercial-ShareAlike</str>
               </arr>
               <str name="iris2.instrument.primaryInstrumentType">Interview protocol / schedule</str>
               <arr name="iris2.instrument.researchArea">
                  <str>Motivation</str>
               </arr>
               <arr name="iris2.instrument.sourceLanguage">
                  <str>English</str>
               </arr>
               <arr name="iris2.instrument.typeOfFile">
                  <str>Text</str>
               </arr>
               <arr name="iris2.participants.firstLanguage">
                  <str>Chinese</str>
               </arr>
               <arr name="iris2.participants.participantType">
                  <str>Foreign language learners</str>
               </arr>
               <arr name="iris2.participants.targetLanguage">
                  <str>English</str>
               </arr>
               <arr name="iris2.referenceid">
                  <str>2008_Kyriacou_Zhu_Shanghai pupils' motivation towards learning English and the perceived influence of important others</str>
                  <str>Zhu_EFL learning motivation in Shanghai upper-secondary students and the influence of important others</str>
               </arr>
               <str name="iris2.references.allauthors">Kyriacou &amp; Zhu (2008); Zhu (2007)</str>
               <arr name="iris2.references.author">
                  <str>Kyriacou, C</str>
                  <str>Zhu, D</str>
                  <str>Zhu, D</str>
               </arr>
               <str name="iris2.references.author.lastnames">kyriacouzhuzhu</str>
               <arr name="iris2.references.journal">
                  <str>Educational Studies</str>
               </arr>
               <arr name="iris2.references.publicationDate">
                  <str>2008</str>
                  <str>2007</str>
               </arr>
               <arr name="iris2.references.publicationDateStr">
                  <str>2008</str>
                  <str>2007</str>
               </arr>
               <arr name="iris2.references.publicationLatestDate">
                  <str>2008</str>
               </arr>
               <arr name="iris2.references.publicationType">
                  <str>Journal Article</str>
                  <str>Thesis</str>
               </arr>
               <arr name="oai_dc.dc_xsi:schemaLocation">
                  <str>http://www.openarchives.org/OAI/2.0/oai_dc/ http://www.openarchives.org/OAI/2.0/oai_dc.xsd</str>
               </arr>
            </doc>
         </result>
      </response>
   </solr>
   <files>
      <file id="INSTRUMENT" mime="application/pdf" url="https://www.iris-database.org/iris/api/resource/york:808509/asset/INSTRUMENT?download=true"/>
   </files>
</record>
