<?xml version="1.0" encoding="ISO-8859-1"?>

<record pid="york:847444">
   <solr>
      <response>
         <lst name="responseHeader">
            <int name="status">0</int>
            <int name="QTime">524</int>
            <lst name="params">
               <str name="q">PID:york?847444</str>
            </lst>
         </lst>
         <result name="response" numfound="1" start="0">
            <doc>
               <str name="PID">york:847444</str>
               <arr name="dc.creator">
                  <str>Suzuki, Yuichi</str>
               </arr>
               <arr name="dc.date">
                  <str>in press</str>
               </arr>
               <arr name="dc.description">
                  <str>This instrument contains the stimulus sentences (MS Excel doc.) and corresponding audio files (list 1 and list 2).</str>
               </arr>
               <arr name="dc.identifier">
                  <str>york:847444</str>
               </arr>
               <str name="dc.title">Elicited Imitation and Word-Monitoring Tasks</str>
               <str name="dc.title.sort">Elicited Imitation and Word-Monitoring Tasks</str>
               <arr name="dc.type">
                  <str>Elicited imitation protocol / Sentence repetition task</str>
                  <str>Other</str>
                  <str>http://www.iris-database.org/Instruments</str>
               </arr>
               <arr name="dc2.creator">
                  <str>Suzuki, Yuichi</str>
               </arr>
               <arr name="dc2.date">
                  <str>in press</str>
               </arr>
               <arr name="dc2.description">
                  <str>This instrument contains the stimulus sentences (MS Excel doc.) and corresponding audio files (list 1 and list 2).</str>
               </arr>
               <arr name="dc2.identifier">
                  <str>york:847444</str>
               </arr>
               <str name="dc2.title">Elicited Imitation and Word-Monitoring Tasks</str>
               <arr name="dc2.type">
                  <str>Elicited imitation protocol / Sentence repetition task</str>
                  <str>Other</str>
                  <str>http://www.iris-database.org/Instruments</str>
               </arr>
               <arr name="dc3.creator">
                  <str>Suzuki, Yuichi</str>
               </arr>
               <str name="dc3.title">Elicited Imitation and Word-Monitoring Tasks</str>
               <date name="fgs.createdDate">2015-01-15T02:21:15.261Z</date>
               <date name="fgs.dateCreated.sort">2015-01-15T02:21:15.261Z</date>
               <str name="fgs.label">IRIS Instrument created by YODL workflow.</str>
               <date name="fgs.lastModifiedDate">2017-10-26T07:48:13.347Z</date>
               <str name="fgs.ownerId">iris-649602ac-6cf8-4daf-9582-3376a1a2ab31</str>
               <str name="fgs.state">Active</str>
               <arr name="iris.email">
                  <str>yuicchi0819@gmail.com</str>
               </arr>
               <arr name="iris.feedback.count">
                  <str>0</str>
               </arr>
               <str name="iris.hasmaterials">Records with materials</str>
               <arr name="iris.instrument.author">
                  <str>Suzuki, Yuichi</str>
               </arr>
               <arr name="iris.instrument.instrumentType">
                  <str>Elicited imitation protocol / Sentence repetition task</str>
                  <str>Speaking test / Oral production test</str>
                  <str>Other speaking test / oral production test</str>
               </arr>
               <str name="iris.instrument.instrumentType.alltypes">elicited imitation protocol / sentence repetition task elicited imitation protocol / sentence repetition task elicited imitation other speaking test / oral production test other speaking test / oral production test  </str>
               <arr name="iris.instrument.licence">
                  <str>Attribution-NonCommercial-ShareAlike</str>
               </arr>
               <str name="iris.instrument.notes">This instrument contains the stimulus sentences (MS Excel doc.) and corresponding audio files (list 1 and list 2).</str>
               <str name="iris.instrument.primaryInstrumentType">Elicited imitation protocol / Sentence repetition task</str>
               <arr name="iris.instrument.researchArea">
                  <str>Speaking / Oral production</str>
                  <str>Research methods</str>
                  <str>Morphosyntax (grammar)</str>
               </arr>
               <arr name="iris.instrument.secondaryInstrumentType">
                  <str>Speaking test / Oral production test &gt; Other speaking test / oral production test</str>
               </arr>
               <arr name="iris.instrument.title">
                  <str>Elicited Imitation and Word-Monitoring Tasks</str>
               </arr>
               <arr name="iris.instrument.typeOfFile">
                  <str>Text</str>
                  <str>Sound</str>
               </arr>
               <arr name="iris.participants.participantType">
                  <str>Second language learners</str>
               </arr>
               <arr name="iris.participants.targetLanguage">
                  <str>Japanese</str>
               </arr>
               <arr name="iris.referenceid">
                  <str>in press_Suzuki_DeKeyser_Comparing elicited imitation and word monitoring as measures of implicit knowledge</str>
               </arr>
               <str name="iris.references.allauthors">Suzuki &amp; DeKeyser (in press)</str>
               <arr name="iris.references.author">
                  <str>Suzuki, Yuichi</str>
                  <str>DeKeyser, Robert</str>
               </arr>
               <str name="iris.references.author.lastnames">suzukidekeyser</str>
               <arr name="iris.references.author.noack">
                  <str>Suzuki, Yuichi</str>
                  <str>DeKeyser, Robert</str>
               </arr>
               <arr name="iris.references.journal">
                  <str>Language Learning</str>
               </arr>
               <arr name="iris.references.publicationDate">
                  <str>in press</str>
               </arr>
               <arr name="iris.references.publicationDateStr">
                  <str>in press</str>
               </arr>
               <arr name="iris.references.publicationType">
                  <str>Journal Article</str>
               </arr>
               <arr name="iris2.email">
                  <str>yuicchi0819@gmail.com</str>
               </arr>
               <arr name="iris2.feedback.count">
                  <str>0</str>
               </arr>
               <str name="iris2.hasmaterials">Records with materials</str>
               <arr name="iris2.instrument.author">
                  <str>Suzuki, Yuichi</str>
               </arr>
               <arr name="iris2.instrument.instrumentType">
                  <str>Elicited imitation protocol / Sentence repetition task</str>
                  <str>Speaking test / Oral production test</str>
                  <str>Other speaking test / oral production test</str>
               </arr>
               <str name="iris2.instrument.instrumentType.alltypes">elicited imitation protocol / sentence repetition task elicited imitation protocol / sentence repetition task elicited imitation other speaking test / oral production test other speaking test / oral production test  </str>
               <arr name="iris2.instrument.licence">
                  <str>Attribution-NonCommercial-ShareAlike</str>
               </arr>
               <str name="iris2.instrument.primaryInstrumentType">Elicited imitation protocol / Sentence repetition task</str>
               <arr name="iris2.instrument.researchArea">
                  <str>Speaking / Oral production</str>
                  <str>Research methods</str>
                  <str>Morphosyntax (grammar)</str>
               </arr>
               <arr name="iris2.instrument.secondaryInstrumentType">
                  <str>Speaking test / Oral production test &gt; Other speaking test / oral production test</str>
               </arr>
               <arr name="iris2.instrument.typeOfFile">
                  <str>Text</str>
                  <str>Sound</str>
               </arr>
               <arr name="iris2.participants.participantType">
                  <str>Second language learners</str>
               </arr>
               <arr name="iris2.participants.targetLanguage">
                  <str>Japanese</str>
               </arr>
               <arr name="iris2.referenceid">
                  <str>in press_Suzuki_DeKeyser_Comparing elicited imitation and word monitoring as measures of implicit knowledge</str>
               </arr>
               <str name="iris2.references.allauthors">Suzuki &amp; DeKeyser (in press)</str>
               <arr name="iris2.references.author">
                  <str>Suzuki, Yuichi</str>
                  <str>DeKeyser, Robert</str>
               </arr>
               <str name="iris2.references.author.lastnames">suzukidekeyser</str>
               <arr name="iris2.references.journal">
                  <str>Language Learning</str>
               </arr>
               <arr name="iris2.references.publicationDate">
                  <str>in press</str>
               </arr>
               <arr name="iris2.references.publicationDateStr">
                  <str>in press</str>
               </arr>
               <arr name="iris2.references.publicationLatestDate">
                  <str>in press</str>
               </arr>
               <arr name="iris2.references.publicationType">
                  <str>Journal Article</str>
               </arr>
               <arr name="oai_dc.dc_xsi:schemaLocation">
                  <str>http://www.openarchives.org/OAI/2.0/oai_dc/ http://www.openarchives.org/OAI/2.0/oai_dc.xsd</str>
                  <str>http://www.openarchives.org/OAI/2.0/oai_dc/ http://www.openarchives.org/OAI/2.0/oai_dc.xsd</str>
                  <str>http://www.openarchives.org/OAI/2.0/oai_dc/ http://www.openarchives.org/OAI/2.0/oai_dc.xsd</str>
                  <str>http://www.openarchives.org/OAI/2.0/oai_dc/ http://www.openarchives.org/OAI/2.0/oai_dc.xsd</str>
                  <str>http://www.openarchives.org/OAI/2.0/oai_dc/ http://www.openarchives.org/OAI/2.0/oai_dc.xsd</str>
                  <str>http://www.openarchives.org/OAI/2.0/oai_dc/ http://www.openarchives.org/OAI/2.0/oai_dc.xsd</str>
               </arr>
            </doc>
         </result>
      </response>
   </solr>
   <files>
      <file id="INSTRUMENT" mime="application/vnd.openxmlformats-officedocument.spreadsheetml.sheet" url="https://www.iris-database.org/iris/api/resource/york:847444/asset/INSTRUMENT?download=true"/>
      <file id="INSTRUMENT1" mime="application/zip" url="https://www.iris-database.org/iris/api/resource/york:847444/asset/INSTRUMENT1?download=true"/>
      <file id="INSTRUMENT2" mime="application/zip" url="https://www.iris-database.org/iris/api/resource/york:847444/asset/INSTRUMENT2?download=true"/>
   </files>
</record>
