<?xml version="1.0" encoding="ISO-8859-1"?>

<record pid="york:841173">
   <solr>
      <response>
         <lst name="responseHeader">
            <int name="status">0</int>
            <int name="QTime">496</int>
            <lst name="params">
               <str name="q">PID:york?841173</str>
            </lst>
         </lst>
         <result name="response" numfound="1" start="0">
            <doc>
               <str name="PID">york:841173</str>
               <arr name="dc.creator">
                  <str>Ziegler, Nicole</str>
               </arr>
               <arr name="dc.date">
                  <str>2014</str>
               </arr>
               <arr name="dc.description">
                  <str>All bilingual participants in the Park and Zeigler (2014) were required to complete this online questionnaire addressing their language background, language use, and educational experience.</str>
               </arr>
               <arr name="dc.identifier">
                  <str>york:841173</str>
               </arr>
               <str name="dc.title">Questionnaire</str>
               <str name="dc.title.sort">Questionnaire</str>
               <arr name="dc.type">
                  <str>Biographical questionnaire</str>
                  <str>Language background questionnaire</str>
                  <str>Proficiency questionnaire</str>
                  <str>http://www.iris-database.org/Instruments</str>
               </arr>
               <arr name="dc2.creator">
                  <str>Ziegler, Nicole</str>
               </arr>
               <arr name="dc2.date">
                  <str>2014</str>
               </arr>
               <arr name="dc2.description">
                  <str>All bilingual participants in the Park and Zeigler (2014) were required to complete this online questionnaire addressing their language background, language use, and educational experience.</str>
               </arr>
               <arr name="dc2.identifier">
                  <str>york:841173</str>
               </arr>
               <str name="dc2.title">Questionnaire</str>
               <arr name="dc2.type">
                  <str>Biographical questionnaire</str>
                  <str>Language background questionnaire</str>
                  <str>Proficiency questionnaire</str>
                  <str>http://www.iris-database.org/Instruments</str>
               </arr>
               <arr name="dc3.creator">
                  <str>Ziegler, Nicole</str>
               </arr>
               <str name="dc3.title">Questionnaire</str>
               <date name="fgs.createdDate">2014-12-11T13:47:08.434Z</date>
               <date name="fgs.dateCreated.sort">2014-12-11T13:47:08.434Z</date>
               <str name="fgs.label">IRIS Instrument created by YODL workflow.</str>
               <date name="fgs.lastModifiedDate">2017-11-08T23:14:46.836Z</date>
               <str name="fgs.ownerId">iris-580a9f0f-ed9e-4f5f-be7e-877243bddfd0</str>
               <str name="fgs.state">Active</str>
               <arr name="iris.email">
                  <str>nziegler@hawaii.edu</str>
               </arr>
               <arr name="iris.feedback.count">
                  <str>0</str>
               </arr>
               <str name="iris.hasmaterials">Records with materials</str>
               <arr name="iris.instrument.author">
                  <str>Ziegler, Nicole</str>
               </arr>
               <arr name="iris.instrument.instrumentType">
                  <str>Questionnaire</str>
                  <str>Biographical questionnaire</str>
                  <str>Questionnaire</str>
                  <str>Language background questionnaire</str>
                  <str>Questionnaire</str>
                  <str>Proficiency questionnaire</str>
               </arr>
               <str name="iris.instrument.instrumentType.alltypes">biographical questionnaire biographical questionnaire  language background questionnaire language background questionnaire  proficiency questionnaire proficiency questionnaire  </str>
               <arr name="iris.instrument.licence">
                  <str>Attribution-NonCommercial-ShareAlike</str>
               </arr>
               <str name="iris.instrument.notes">All bilingual participants in the Park and Zeigler (2014) were required to complete this online questionnaire addressing their language background, language use, and educational experience.</str>
               <str name="iris.instrument.primaryInstrumentType">Questionnaire &gt; Language background questionnaire</str>
               <arr name="iris.instrument.researchArea">
                  <str>Linguistic identity</str>
                  <str>Native / Non-native</str>
               </arr>
               <arr name="iris.instrument.secondaryInstrumentType">
                  <str>Questionnaire &gt; Biographical questionnaire</str>
                  <str>Questionnaire &gt; Proficiency questionnaire</str>
               </arr>
               <arr name="iris.instrument.title">
                  <str>Questionnaire</str>
               </arr>
               <arr name="iris.instrument.typeOfFile">
                  <str>Text</str>
               </arr>
               <arr name="iris.participants.firstLanguage">
                  <str>Korean</str>
                  <str>English</str>
               </arr>
               <arr name="iris.participants.participantType">
                  <str>Native speakers</str>
                  <str>Second language learners</str>
               </arr>
               <arr name="iris.participants.targetLanguage">
                  <str>English</str>
               </arr>
               <arr name="iris.referenceid">
                  <str>2014_Park_Ziegler_Cognitive shift in the bilingual mind: Spatial concepts in Korean-English bilinguals</str>
               </arr>
               <str name="iris.references.allauthors">Park &amp; Ziegler (2014)</str>
               <arr name="iris.references.author">
                  <str>Park, Hae In</str>
                  <str>Ziegler, Nicole</str>
               </arr>
               <str name="iris.references.author.lastnames">parkziegler</str>
               <arr name="iris.references.author.noack">
                  <str>Park, Hae In</str>
                  <str>Ziegler, Nicole</str>
               </arr>
               <arr name="iris.references.journal">
                  <str>Bilingualism: Language and Cognition</str>
               </arr>
               <arr name="iris.references.publicationDate">
                  <str>2014</str>
               </arr>
               <arr name="iris.references.publicationDateStr">
                  <str>2014</str>
               </arr>
               <arr name="iris.references.publicationType">
                  <str>Journal Article</str>
               </arr>
               <arr name="iris2.email">
                  <str>nziegler@hawaii.edu</str>
               </arr>
               <arr name="iris2.feedback.count">
                  <str>0</str>
               </arr>
               <str name="iris2.hasmaterials">Records with materials</str>
               <arr name="iris2.instrument.author">
                  <str>Ziegler, Nicole</str>
               </arr>
               <arr name="iris2.instrument.instrumentType">
                  <str>Questionnaire</str>
                  <str>Biographical questionnaire</str>
                  <str>Questionnaire</str>
                  <str>Language background questionnaire</str>
                  <str>Questionnaire</str>
                  <str>Proficiency questionnaire</str>
               </arr>
               <str name="iris2.instrument.instrumentType.alltypes">biographical questionnaire biographical questionnaire  language background questionnaire language background questionnaire  proficiency questionnaire proficiency questionnaire  </str>
               <arr name="iris2.instrument.licence">
                  <str>Attribution-NonCommercial-ShareAlike</str>
               </arr>
               <str name="iris2.instrument.primaryInstrumentType">Questionnaire &gt; Language background questionnaire</str>
               <arr name="iris2.instrument.researchArea">
                  <str>Linguistic identity</str>
                  <str>Native / Non-native</str>
               </arr>
               <arr name="iris2.instrument.secondaryInstrumentType">
                  <str>Questionnaire &gt; Biographical questionnaire</str>
                  <str>Questionnaire &gt; Proficiency questionnaire</str>
               </arr>
               <arr name="iris2.instrument.typeOfFile">
                  <str>Text</str>
               </arr>
               <arr name="iris2.participants.firstLanguage">
                  <str>Korean</str>
                  <str>English</str>
               </arr>
               <arr name="iris2.participants.participantType">
                  <str>Native speakers</str>
                  <str>Second language learners</str>
               </arr>
               <arr name="iris2.participants.targetLanguage">
                  <str>English</str>
               </arr>
               <arr name="iris2.referenceid">
                  <str>2014_Park_Ziegler_Cognitive shift in the bilingual mind: Spatial concepts in Korean-English bilinguals</str>
               </arr>
               <str name="iris2.references.allauthors">Park &amp; Ziegler (2014)</str>
               <arr name="iris2.references.author">
                  <str>Park, Hae In</str>
                  <str>Ziegler, Nicole</str>
               </arr>
               <str name="iris2.references.author.lastnames">parkziegler</str>
               <arr name="iris2.references.journal">
                  <str>Bilingualism: Language and Cognition</str>
               </arr>
               <arr name="iris2.references.publicationDate">
                  <str>2014</str>
               </arr>
               <arr name="iris2.references.publicationDateStr">
                  <str>2014</str>
               </arr>
               <arr name="iris2.references.publicationLatestDate">
                  <str>2014</str>
               </arr>
               <arr name="iris2.references.publicationType">
                  <str>Journal Article</str>
               </arr>
               <arr name="oai_dc.dc_xsi:schemaLocation">
                  <str>http://www.openarchives.org/OAI/2.0/oai_dc/ http://www.openarchives.org/OAI/2.0/oai_dc.xsd</str>
                  <str>http://www.openarchives.org/OAI/2.0/oai_dc/ http://www.openarchives.org/OAI/2.0/oai_dc.xsd</str>
               </arr>
            </doc>
         </result>
      </response>
   </solr>
   <files>
      <file id="INSTRUMENT" mime="application/pdf" url="https://www.iris-database.org/iris/api/resource/york:841173/asset/INSTRUMENT?download=true"/>
   </files>
</record>
