<?xml version="1.0" encoding="ISO-8859-1"?>

<record pid="york:822310">
   <solr>
      <response>
         <lst name="responseHeader">
            <int name="status">0</int>
            <int name="QTime">499</int>
            <lst name="params">
               <str name="q">PID:york?822310</str>
            </lst>
         </lst>
         <result name="response" numfound="1" start="0">
            <doc>
               <str name="PID">york:822310</str>
               <arr name="dc.creator">
                  <str>Lee-Ellis, Sunyoung</str>
               </arr>
               <arr name="dc.date">
                  <str>2011</str>
                  <str>2009</str>
               </arr>
               <arr name="dc.identifier">
                  <str>york:822310</str>
               </arr>
               <str name="dc.title">Elicitation task/computerized pictures</str>
               <str name="dc.title.sort">Elicitation task/computerized pictures</str>
               <arr name="dc.type">
                  <str>Communicative task</str>
                  <str>Productive grammar test</str>
                  <str>Stimulated recall</str>
                  <str>Stimuli for laboratory studies (visual - pictorial)</str>
                  <str>Picture description</str>
                  <str>http://www.iris-database.org/Instruments</str>
               </arr>
               <arr name="dc2.creator">
                  <str>Lee-Ellis, Sunyoung</str>
               </arr>
               <arr name="dc2.date">
                  <str>2011</str>
                  <str>2009</str>
               </arr>
               <arr name="dc2.identifier">
                  <str>york:822310</str>
               </arr>
               <str name="dc2.title">Elicitation task/computerized pictures</str>
               <arr name="dc2.type">
                  <str>Communicative task</str>
                  <str>Productive grammar test</str>
                  <str>Stimulated recall</str>
                  <str>Stimuli for laboratory studies (visual - pictorial)</str>
                  <str>Picture description</str>
                  <str>http://www.iris-database.org/Instruments</str>
               </arr>
               <arr name="dc3.creator">
                  <str>Lee-Ellis, Sunyoung</str>
               </arr>
               <str name="dc3.title">Elicitation task/computerized pictures</str>
               <date name="fgs.createdDate">2014-05-26T15:12:44.8Z</date>
               <date name="fgs.dateCreated.sort">2014-05-26T15:12:44.8Z</date>
               <str name="fgs.label">IRIS Instrument created by YODL workflow.</str>
               <date name="fgs.lastModifiedDate">2016-02-15T15:42:21.416Z</date>
               <str name="fgs.ownerId">iris-580a9f0f-ed9e-4f5f-be7e-877243bddfd0</str>
               <str name="fgs.state">Active</str>
               <arr name="iris.email">
                  <str>sunyoung@umd.edu</str>
               </arr>
               <arr name="iris.feedback.count">
                  <str>0</str>
               </arr>
               <str name="iris.hasmaterials">Records with information only (materials not yet held)</str>
               <arr name="iris.instrument.author">
                  <str>Lee-Ellis, Sunyoung</str>
               </arr>
               <arr name="iris.instrument.instrumentType">
                  <str>Communicative / Interactive task</str>
                  <str>Other task</str>
                  <str>Grammar test / Morphosyntax test</str>
                  <str>Productive</str>
                  <str>Stimulated recall</str>
                  <str>Stimuli for laboratory studies</str>
                  <str>Visual</str>
                  <str>Pictorial</str>
                  <str>Speaking test / Oral production test</str>
                  <str>Picture description</str>
               </arr>
               <str name="iris.instrument.instrumentType.alltypes">other task communicative task  productive productive grammar test  stimulated recall stimulated recall  pictorial stimuli for laboratory studies (visual - pictorial)  picture description picture description  </str>
               <arr name="iris.instrument.licence">
                  <str>Attribution-NonCommercial-ShareAlike</str>
               </arr>
               <arr name="iris.instrument.linguisticTarget">
                  <str>Syntax</str>
               </arr>
               <str name="iris.instrument.primaryInstrumentType">Stimulated recall</str>
               <arr name="iris.instrument.researchArea">
                  <str>Acquisition</str>
                  <str>Morphosyntax (grammar)</str>
                  <str>Speaking / Oral production</str>
               </arr>
               <arr name="iris.instrument.secondaryInstrumentType">
                  <str>Communicative / Interactive task &gt; Other task</str>
                  <str>Grammar test / Morphosyntax test &gt; Productive</str>
                  <str>Stimuli for laboratory studies &gt; Visual &gt; Pictorial</str>
                  <str>Speaking test / Oral production test &gt; Picture description</str>
               </arr>
               <arr name="iris.instrument.title">
                  <str>Elicitation task/computerized pictures</str>
               </arr>
               <arr name="iris.instrument.typeOfFile">
                  <str>Still Image</str>
               </arr>
               <arr name="iris.participants.firstLanguage">
                  <str>English</str>
                  <str>Korean</str>
               </arr>
               <arr name="iris.participants.participantType">
                  <str>Foreign language learners</str>
                  <str>Native speakers</str>
                  <str/>
                  <str>Bilinguals</str>
               </arr>
               <arr name="iris.participants.targetLanguage">
                  <str>Korean</str>
               </arr>
               <arr name="iris.referenceid">
                  <str>2011_Lee-Ellis_The elicited production of Korean relative clauses by heritage speakers</str>
                  <str>2009_Zukowski_Elicited production of relative clauses in children with Williams syndrome</str>
               </arr>
               <str name="iris.references.allauthors">Lee-Ellis (2011)</str>
               <arr name="iris.references.author">
                  <str>Lee-Ellis, Sunyoung</str>
                  <str>Zukowski, A.</str>
               </arr>
               <str name="iris.references.author.lastnames">lee-elliszukowski</str>
               <arr name="iris.references.author.noack">
                  <str>Lee-Ellis, Sunyoung</str>
               </arr>
               <arr name="iris.references.journal">
                  <str>Studies in Second Language Acquisition</str>
               </arr>
               <arr name="iris.references.publicationDate">
                  <str>2011</str>
                  <str>2009</str>
               </arr>
               <arr name="iris.references.publicationDateStr">
                  <str>2011</str>
                  <str>2009</str>
               </arr>
               <arr name="iris.references.publicationType">
                  <str>Journal Article</str>
                  <str>Journal Article</str>
               </arr>
               <arr name="iris2.email">
                  <str>sunyoung@umd.edu</str>
               </arr>
               <arr name="iris2.feedback.count">
                  <str>0</str>
               </arr>
               <str name="iris2.hasmaterials">Records with information only (materials not yet held)</str>
               <arr name="iris2.instrument.author">
                  <str>Lee-Ellis, Sunyoung</str>
               </arr>
               <arr name="iris2.instrument.instrumentType">
                  <str>Communicative / Interactive task</str>
                  <str>Other task</str>
                  <str>Grammar test / Morphosyntax test</str>
                  <str>Productive</str>
                  <str>Stimulated recall</str>
                  <str>Stimuli for laboratory studies</str>
                  <str>Visual</str>
                  <str>Pictorial</str>
                  <str>Speaking test / Oral production test</str>
                  <str>Picture description</str>
               </arr>
               <str name="iris2.instrument.instrumentType.alltypes">other task communicative task  productive productive grammar test  stimulated recall stimulated recall  pictorial stimuli for laboratory studies (visual - pictorial)  picture description picture description  </str>
               <arr name="iris2.instrument.licence">
                  <str>Attribution-NonCommercial-ShareAlike</str>
               </arr>
               <arr name="iris2.instrument.linguisticTarget">
                  <str>Syntax</str>
               </arr>
               <str name="iris2.instrument.primaryInstrumentType">Stimulated recall</str>
               <arr name="iris2.instrument.researchArea">
                  <str>Acquisition</str>
                  <str>Morphosyntax (grammar)</str>
                  <str>Speaking / Oral production</str>
               </arr>
               <arr name="iris2.instrument.secondaryInstrumentType">
                  <str>Communicative / Interactive task &gt; Other task</str>
                  <str>Grammar test / Morphosyntax test &gt; Productive</str>
                  <str>Stimuli for laboratory studies &gt; Visual &gt; Pictorial</str>
                  <str>Speaking test / Oral production test &gt; Picture description</str>
               </arr>
               <arr name="iris2.instrument.typeOfFile">
                  <str>Still Image</str>
               </arr>
               <arr name="iris2.participants.firstLanguage">
                  <str>English</str>
                  <str>Korean</str>
               </arr>
               <arr name="iris2.participants.participantType">
                  <str>Foreign language learners</str>
                  <str>Native speakers</str>
                  <str/>
                  <str>Bilinguals</str>
               </arr>
               <arr name="iris2.participants.targetLanguage">
                  <str>Korean</str>
               </arr>
               <arr name="iris2.referenceid">
                  <str>2011_Lee-Ellis_The elicited production of Korean relative clauses by heritage speakers</str>
                  <str>2009_Zukowski_Elicited production of relative clauses in children with Williams syndrome</str>
               </arr>
               <str name="iris2.references.allauthors">Lee-Ellis (2011)</str>
               <arr name="iris2.references.author">
                  <str>Lee-Ellis, Sunyoung</str>
                  <str>Zukowski, A.</str>
               </arr>
               <str name="iris2.references.author.lastnames">lee-elliszukowski</str>
               <arr name="iris2.references.journal">
                  <str>Studies in Second Language Acquisition</str>
               </arr>
               <arr name="iris2.references.publicationDate">
                  <str>2011</str>
                  <str>2009</str>
               </arr>
               <arr name="iris2.references.publicationDateStr">
                  <str>2011</str>
                  <str>2009</str>
               </arr>
               <arr name="iris2.references.publicationLatestDate">
                  <str>2011</str>
               </arr>
               <arr name="iris2.references.publicationType">
                  <str>Journal Article</str>
                  <str>Journal Article</str>
               </arr>
               <arr name="oai_dc.dc_xsi:schemaLocation">
                  <str>http://www.openarchives.org/OAI/2.0/oai_dc/ http://www.openarchives.org/OAI/2.0/oai_dc.xsd</str>
                  <str>http://www.openarchives.org/OAI/2.0/oai_dc/ http://www.openarchives.org/OAI/2.0/oai_dc.xsd</str>
                  <str>http://www.openarchives.org/OAI/2.0/oai_dc/ http://www.openarchives.org/OAI/2.0/oai_dc.xsd</str>
               </arr>
            </doc>
         </result>
      </response>
   </solr>
   <files/>
</record>
