<?xml version="1.0" encoding="ISO-8859-1"?>

<record pid="york:851537">
   <solr>
      <response>
         <lst name="responseHeader">
            <int name="status">0</int>
            <int name="QTime">541</int>
            <lst name="params">
               <str name="q">PID:york?851537</str>
            </lst>
         </lst>
         <result name="response" numfound="1" start="0">
            <doc>
               <str name="PID">york:851537</str>
               <arr name="dc.creator">
                  <str>Lim, Hyojung</str>
                  <str>Godfroid, Aline</str>
               </arr>
               <arr name="dc.date">
                  <str>2009</str>
                  <str>2014</str>
               </arr>
               <arr name="dc.description">
                  <str>The semantic classification task, Sentence construction task, Sentence verification task and Language background questionnaire used in the referenced article are linked in IRIS. Please note that the stimuli held in IRIS also contain lists of any items that were ultimately removed from the data set because they were not performing well (as listed in Appendix C of the article).</str>
               </arr>
               <arr name="dc.identifier">
                  <str>york:851537</str>
               </arr>
               <str name="dc.title">Sentence verification task</str>
               <str name="dc.title.sort">Sentence verification task</str>
               <arr name="dc.type">
                  <str>Reading comprehension test</str>
                  <str>Gap-fill / Cloze test</str>
                  <str>Stimuli for laboratory studies (visual - verbal)</str>
                  <str>Word list</str>
                  <str>Script for psycholinguistic techniques (self-paced reading)</str>
                  <str>Grammaticality judgement sentences or acceptability judgement</str>
                  <str>http://www.iris-database.org/Instruments</str>
               </arr>
               <arr name="dc2.creator">
                  <str>Lim, Hyojung</str>
                  <str>Godfroid, Aline</str>
               </arr>
               <arr name="dc2.date">
                  <str>2009</str>
                  <str>2014</str>
               </arr>
               <arr name="dc2.description">
                  <str>The semantic classification task, Sentence construction task, Sentence verification task and Language background questionnaire used in the referenced article are linked in IRIS. Please note that the stimuli held in IRIS also contain lists of any items that were ultimately removed from the data set because they were not performing well (as listed in Appendix C of the article).</str>
               </arr>
               <arr name="dc2.identifier">
                  <str>york:851537</str>
               </arr>
               <str name="dc2.title">Sentence verification task</str>
               <arr name="dc2.type">
                  <str>Reading comprehension test</str>
                  <str>Gap-fill / Cloze test</str>
                  <str>Stimuli for laboratory studies (visual - verbal)</str>
                  <str>Word list</str>
                  <str>Script for psycholinguistic techniques (self-paced reading)</str>
                  <str>Grammaticality judgement sentences or acceptability judgement</str>
                  <str>http://www.iris-database.org/Instruments</str>
               </arr>
               <arr name="dc3.creator">
                  <str>Lim, Hyojung</str>
                  <str>Godfroid, Aline</str>
               </arr>
               <str name="dc3.title">Sentence verification task</str>
               <date name="fgs.createdDate">2015-02-21T15:48:13.742Z</date>
               <date name="fgs.dateCreated.sort">2015-02-21T15:48:13.742Z</date>
               <str name="fgs.label">IRIS Instrument created by YODL workflow.</str>
               <date name="fgs.lastModifiedDate">2017-06-04T10:54:58.658Z</date>
               <str name="fgs.ownerId">iris-580a9f0f-ed9e-4f5f-be7e-877243bddfd0</str>
               <str name="fgs.state">Active</str>
               <arr name="iris.email">
                  <str>godfroid@msu.edu</str>
               </arr>
               <arr name="iris.feedback.count">
                  <str>0</str>
               </arr>
               <str name="iris.hasmaterials">Records with materials</str>
               <arr name="iris.instrument.author">
                  <str>Lim, Hyojung</str>
                  <str>Godfroid, Aline</str>
               </arr>
               <arr name="iris.instrument.instrumentType">
                  <str>Comprehension test</str>
                  <str>Reading</str>
                  <str>Gap-fill / Cloze test / Fill in the blank</str>
                  <str>Stimuli for laboratory studies</str>
                  <str>Visual</str>
                  <str>Verbal</str>
                  <str>Word list</str>
                  <str>Script for psycholinguistic techniques</str>
                  <str>Self-paced reading</str>
                  <str>Grammaticality / Acceptability judgement test</str>
               </arr>
               <str name="iris.instrument.instrumentType.alltypes">reading reading comprehension test  gap-fill / cloze test / fill in the blank gap-fill / cloze test / fill in the blank fill in the blank, cloze,gap fill verbal stimuli for laboratory studies (visual - verbal)  word list word list  self-paced reading script for psycholinguistic techniques (self-paced reading)  grammaticality / acceptability judgement test grammaticality / acceptability judgement test grammaticality judgement sentences,grammaticality judgement test,acceptability judgement test,gjt,grammaticality judgment test </str>
               <arr name="iris.instrument.licence">
                  <str>Attribution-NonCommercial-ShareAlike</str>
               </arr>
               <arr name="iris.instrument.linguisticTarget">
                  <str>Semantics</str>
               </arr>
               <str name="iris.instrument.notes">The semantic classification task, Sentence construction task, Sentence verification task and Language background questionnaire used in the referenced article are linked in IRIS. Please note that the stimuli held in IRIS also contain lists of any items that were ultimately removed from the data set because they were not performing well (as listed in Appendix C of the article).</str>
               <str name="iris.instrument.primaryInstrumentType">Stimuli for laboratory studies &gt; Visual &gt; Verbal</str>
               <arr name="iris.instrument.researchArea">
                  <str>Morphosyntax (grammar)</str>
                  <str>Processing</str>
               </arr>
               <arr name="iris.instrument.secondaryInstrumentType">
                  <str>Comprehension test &gt; Reading</str>
                  <str>Gap-fill / Cloze test / Fill in the blank</str>
                  <str>Word list</str>
                  <str>Script for psycholinguistic techniques &gt; Self-paced reading</str>
                  <str>Grammaticality / Acceptability judgement test</str>
               </arr>
               <arr name="iris.instrument.software">
                  <str>DMDX</str>
               </arr>
               <arr name="iris.instrument.title">
                  <str>Sentence verification task</str>
               </arr>
               <arr name="iris.instrument.typeOfFile">
                  <str>Text</str>
                  <str>Software</str>
               </arr>
               <arr name="iris.participants.firstLanguage">
                  <str>Korean</str>
                  <str>English</str>
               </arr>
               <arr name="iris.participants.participantType">
                  <str>Second language learners</str>
                  <str>Native speakers</str>
               </arr>
               <arr name="iris.participants.targetLanguage">
                  <str>English</str>
               </arr>
               <arr name="iris.referenceid">
                  <str>2009_Hulstijn_Van Gelderen_Schoonen_Automatization in second language acquisition: What does the coefficient of variation tell us</str>
                  <str>2014_Lim_Godfroid_Automatization in second language sentence processing: A partial, conceptual replication of Hulstijn, Van Gelderen, and Schoonen's 2009 study</str>
               </arr>
               <str name="iris.references.allauthors">Lim &amp; Godfroid (2014); </str>
               <arr name="iris.references.author">
                  <str>Hulstijn, Jan</str>
                  <str>Van Gelderen, A.</str>
                  <str>Schoonen, Rob</str>
                  <str>Lim, Hyojung</str>
                  <str>Godfroid, Aline</str>
               </arr>
               <str name="iris.references.author.lastnames">hulstijnvan gelderenschoonenlimgodfroid</str>
               <arr name="iris.references.author.noack">
                  <str>Lim, Hyojung</str>
                  <str>Godfroid, Aline</str>
               </arr>
               <arr name="iris.references.journal">
                  <str>Applied Psycholinguistics</str>
               </arr>
               <arr name="iris.references.publicationDate">
                  <str>2009</str>
                  <str>2014</str>
               </arr>
               <arr name="iris.references.publicationDateStr">
                  <str>2009</str>
                  <str>2014</str>
               </arr>
               <arr name="iris.references.publicationType">
                  <str>Journal Article</str>
                  <str>Journal Article</str>
               </arr>
               <arr name="iris2.email">
                  <str>godfroid@msu.edu</str>
               </arr>
               <arr name="iris2.feedback.count">
                  <str>0</str>
               </arr>
               <str name="iris2.hasmaterials">Records with materials</str>
               <arr name="iris2.instrument.author">
                  <str>Lim, Hyojung</str>
                  <str>Godfroid, Aline</str>
               </arr>
               <arr name="iris2.instrument.instrumentType">
                  <str>Comprehension test</str>
                  <str>Reading</str>
                  <str>Gap-fill / Cloze test / Fill in the blank</str>
                  <str>Stimuli for laboratory studies</str>
                  <str>Visual</str>
                  <str>Verbal</str>
                  <str>Word list</str>
                  <str>Script for psycholinguistic techniques</str>
                  <str>Self-paced reading</str>
                  <str>Grammaticality / Acceptability judgement test</str>
               </arr>
               <str name="iris2.instrument.instrumentType.alltypes">reading reading comprehension test  gap-fill / cloze test / fill in the blank gap-fill / cloze test / fill in the blank fill in the blank, cloze,gap fill verbal stimuli for laboratory studies (visual - verbal)  word list word list  self-paced reading script for psycholinguistic techniques (self-paced reading)  grammaticality / acceptability judgement test grammaticality / acceptability judgement test grammaticality judgement sentences,grammaticality judgement test,acceptability judgement test,gjt,grammaticality judgment test </str>
               <arr name="iris2.instrument.licence">
                  <str>Attribution-NonCommercial-ShareAlike</str>
               </arr>
               <arr name="iris2.instrument.linguisticTarget">
                  <str>Semantics</str>
               </arr>
               <str name="iris2.instrument.primaryInstrumentType">Stimuli for laboratory studies &gt; Visual &gt; Verbal</str>
               <arr name="iris2.instrument.researchArea">
                  <str>Morphosyntax (grammar)</str>
                  <str>Processing</str>
               </arr>
               <arr name="iris2.instrument.secondaryInstrumentType">
                  <str>Comprehension test &gt; Reading</str>
                  <str>Gap-fill / Cloze test / Fill in the blank</str>
                  <str>Word list</str>
                  <str>Script for psycholinguistic techniques &gt; Self-paced reading</str>
                  <str>Grammaticality / Acceptability judgement test</str>
               </arr>
               <arr name="iris2.instrument.software">
                  <str>DMDX</str>
               </arr>
               <arr name="iris2.instrument.typeOfFile">
                  <str>Text</str>
                  <str>Software</str>
               </arr>
               <arr name="iris2.participants.firstLanguage">
                  <str>Korean</str>
                  <str>English</str>
               </arr>
               <arr name="iris2.participants.participantType">
                  <str>Second language learners</str>
                  <str>Native speakers</str>
               </arr>
               <arr name="iris2.participants.targetLanguage">
                  <str>English</str>
               </arr>
               <arr name="iris2.referenceid">
                  <str>2009_Hulstijn_Van Gelderen_Schoonen_Automatization in second language acquisition: What does the coefficient of variation tell us</str>
                  <str>2014_Lim_Godfroid_Automatization in second language sentence processing: A partial, conceptual replication of Hulstijn, Van Gelderen, and Schoonen's 2009 study</str>
               </arr>
               <str name="iris2.references.allauthors">Lim &amp; Godfroid (2014); </str>
               <arr name="iris2.references.author">
                  <str>Hulstijn, Jan</str>
                  <str>Van Gelderen, A.</str>
                  <str>Schoonen, Rob</str>
                  <str>Lim, Hyojung</str>
                  <str>Godfroid, Aline</str>
               </arr>
               <str name="iris2.references.author.lastnames">hulstijnvan gelderenschoonenlimgodfroid</str>
               <arr name="iris2.references.journal">
                  <str>Applied Psycholinguistics</str>
               </arr>
               <arr name="iris2.references.publicationDate">
                  <str>2009</str>
                  <str>2014</str>
               </arr>
               <arr name="iris2.references.publicationDateStr">
                  <str>2009</str>
                  <str>2014</str>
               </arr>
               <arr name="iris2.references.publicationLatestDate">
                  <str>2014</str>
               </arr>
               <arr name="iris2.references.publicationType">
                  <str>Journal Article</str>
                  <str>Journal Article</str>
               </arr>
               <arr name="oai_dc.dc_xsi:schemaLocation">
                  <str>http://www.openarchives.org/OAI/2.0/oai_dc/ http://www.openarchives.org/OAI/2.0/oai_dc.xsd</str>
                  <str>http://www.openarchives.org/OAI/2.0/oai_dc/ http://www.openarchives.org/OAI/2.0/oai_dc.xsd</str>
                  <str>http://www.openarchives.org/OAI/2.0/oai_dc/ http://www.openarchives.org/OAI/2.0/oai_dc.xsd</str>
                  <str>http://www.openarchives.org/OAI/2.0/oai_dc/ http://www.openarchives.org/OAI/2.0/oai_dc.xsd</str>
                  <str>http://www.openarchives.org/OAI/2.0/oai_dc/ http://www.openarchives.org/OAI/2.0/oai_dc.xsd</str>
                  <str>http://www.openarchives.org/OAI/2.0/oai_dc/ http://www.openarchives.org/OAI/2.0/oai_dc.xsd</str>
                  <str>http://www.openarchives.org/OAI/2.0/oai_dc/ http://www.openarchives.org/OAI/2.0/oai_dc.xsd</str>
               </arr>
            </doc>
         </result>
      </response>
   </solr>
   <files>
      <file id="INSTRUMENT" mime="application/vnd.openxmlformats-officedocument.wordprocessingml.document" url="https://www.iris-database.org/iris/api/resource/york:851537/asset/INSTRUMENT?download=true"/>
   </files>
</record>
