<?xml version="1.0" encoding="ISO-8859-1"?>

<record pid="york:805245">
   <solr>
      <response>
         <lst name="responseHeader">
            <int name="status">0</int>
            <int name="QTime">458</int>
            <lst name="params">
               <str name="q">PID:york?805245</str>
            </lst>
         </lst>
         <result name="response" numfound="1" start="0">
            <doc>
               <str name="PID">york:805245</str>
               <arr name="dc.creator">
                  <str>De Jong, Nivja</str>
                  <str>Steinel, Margarita</str>
                  <str>Florijn, Arjen</str>
                  <str>Schoonen, Rob</str>
                  <str>Hulstijn, Jan</str>
               </arr>
               <arr name="dc.date">
                  <str>2012</str>
                  <str>in press</str>
                  <str>2012</str>
               </arr>
               <arr name="dc.description">
                  <str>The .doc file is the original grammar test. The .txt file lists all answers that were counted as correct answers. The grammar test was previously piloted.</str>
               </arr>
               <arr name="dc.format">
                  <str>Dutch</str>
               </arr>
               <arr name="dc.subject">
                  <str>Morphosyntax (grammar)</str>
               </arr>
               <arr name="dc.type">
                  <str>Productive grammar test</str>
                  <str>http://www.iris-database.org/Instruments</str>
               </arr>
               <arr name="dc2.creator">
                  <str>De Jong, Nivja</str>
                  <str>Steinel, Margarita</str>
                  <str>Florijn, Arjen</str>
                  <str>Schoonen, Rob</str>
                  <str>Hulstijn, Jan</str>
               </arr>
               <arr name="dc2.date">
                  <str>2012</str>
                  <str>in press</str>
                  <str>2012</str>
               </arr>
               <arr name="dc2.description">
                  <str>The .doc file is the original grammar test. The .txt file lists all answers that were counted as correct answers. The grammar test was previously piloted.</str>
               </arr>
               <arr name="dc2.format">
                  <str>Dutch</str>
               </arr>
               <arr name="dc2.subject">
                  <str>Morphosyntax (grammar)</str>
               </arr>
               <arr name="dc2.type">
                  <str>Productive grammar test</str>
                  <str>http://www.iris-database.org/Instruments</str>
               </arr>
               <arr name="dc3.creator">
                  <str>De Jong, Nivja</str>
                  <str>Steinel, Margarita</str>
                  <str>Florijn, Arjen</str>
                  <str>Schoonen, Rob</str>
                  <str>Hulstijn, Jan</str>
               </arr>
               <arr name="dc3.subject">
                  <str>Morphosyntax (grammar)</str>
               </arr>
               <date name="fgs.createdDate">2012-08-28T08:04:30.965Z</date>
               <date name="fgs.dateCreated.sort">2012-08-28T08:04:30.965Z</date>
               <str name="fgs.label">IRIS Instrument created by YODL workflow.</str>
               <date name="fgs.lastModifiedDate">2017-09-13T03:11:34.064Z</date>
               <str name="fgs.ownerId">iris-691e924b-7637-48a5-b82f-92d1de24eddb</str>
               <str name="fgs.state">Active</str>
               <arr name="iris.email">
                  <str>nivjadj@gmail.com</str>
               </arr>
               <arr name="iris.feedback.count">
                  <str>3</str>
               </arr>
               <arr name="iris.feedback.email_2">
                  <str>barry.o'sullivan@britishcouncil.org</str>
               </arr>
               <arr name="iris.feedback.email_3">
                  <str>barry.o'sullivan@britishcouncil.org</str>
               </arr>
               <arr name="iris.feedback.name_1">
                  <str>Nivja de Jong</str>
               </arr>
               <arr name="iris.feedback.notes_1">
                  <str>There is a mistake in the information about the grammar test. It now states that it (secondarily) also test productive vocabulary. This is a mistake, the test was made to test productive grammar knowledge. (At this moment I cannot edit this information).</str>
               </arr>
               <arr name="iris.feedback.published_1">
                  <str>false</str>
               </arr>
               <arr name="iris.feedback.published_2">
                  <str>false</str>
               </arr>
               <arr name="iris.feedback.published_3">
                  <str>false</str>
               </arr>
               <arr name="iris.feedback.time_1">
                  <str>28 Aug 2012 09:04:20 GMT</str>
               </arr>
               <arr name="iris.feedback.time_2">
                  <str>10 Jul 2014 13:04:02 GMT</str>
               </arr>
               <arr name="iris.feedback.time_3">
                  <str>10 Jul 2014 13:06:34 GMT</str>
               </arr>
               <arr name="iris.feedback.usage_1">
                  <str>3</str>
               </arr>
               <str name="iris.hasmaterials">Records with materials</str>
               <arr name="iris.instrument.author">
                  <str>De Jong, Nivja</str>
                  <str>Steinel, Margarita</str>
                  <str>Florijn, Arjen</str>
                  <str>Schoonen, Rob</str>
                  <str>Hulstijn, Jan</str>
               </arr>
               <arr name="iris.instrument.dataType">
                  <str>Closed response format</str>
               </arr>
               <arr name="iris.instrument.dataType.alternate">
                  <str/>
               </arr>
               <arr name="iris.instrument.funder">
                  <str>Irish Research Council for Humanities and Social Sciences</str>
               </arr>
               <arr name="iris.instrument.instrumentType">
                  <str>Grammar test / Morphosyntax test</str>
                  <str>Productive</str>
               </arr>
               <str name="iris.instrument.instrumentType.alltypes">productive productive grammar test  </str>
               <arr name="iris.instrument.licence">
                  <str>Attribution-NonCommercial-ShareAlike</str>
               </arr>
               <arr name="iris.instrument.linguisticTarget">
                  <str>Morphosyntax (grammar)</str>
                  <str>Aspect</str>
                  <str>Case</str>
                  <str>Determiners</str>
                  <str>Gender</str>
                  <str>Number</str>
                  <str>Tense</str>
                  <str>Syntax</str>
               </arr>
               <str name="iris.instrument.notes">The .doc file is the original grammar test. The .txt file lists all answers that were counted as correct answers. The grammar test was previously piloted.</str>
               <str name="iris.instrument.primaryInstrumentType">Grammar test / Morphosyntax test &gt; Productive</str>
               <arr name="iris.instrument.researchArea">
                  <str>Morphosyntax (grammar)</str>
               </arr>
               <arr name="iris.instrument.sourceLanguage">
                  <str>Dutch</str>
               </arr>
               <arr name="iris.instrument.typeOfFile">
                  <str>Text</str>
               </arr>
               <arr name="iris.participants.gender">
                  <str>mixed</str>
               </arr>
               <arr name="iris.participants.participantType">
                  <str>Second language learners</str>
               </arr>
               <arr name="iris.participants.proficiencyLearner">
                  <str>Pre-intermediate</str>
                  <str>Intermediate</str>
                  <str>Intermediate/advanced</str>
                  <str>Advanced</str>
                  <str>Near native</str>
               </arr>
               <arr name="iris.participants.targetLanguage">
                  <str>Dutch</str>
               </arr>
               <arr name="iris.referenceid">
                  <str>2012_De Jong_Steinel_Florijn_Schoonen_Hulstijn_Facets of speaking proficiency</str>
                  <str>in press_De Jong_Steinel_Florijn_Schoonen_Hulstijn_Linguistic skills and speaking fluency in a second language</str>
                  <str>2012_Hulstijn_Schoonen_De Jong_Steinel_Florijn_Linguistic competences of learners of Dutch as a second language at the B1 and B2 levels of speaking proficiency of the common European framework of reference for languages (CEFR)</str>
               </arr>
               <str name="iris.references.allauthors">De Jong, Steinel, et al. (2012); De Jong, Steinel, et al. (in press); Hulstijn, Schoonen, et al. (2012)</str>
               <arr name="iris.references.author">
                  <str>De Jong, Nivja</str>
                  <str>Steinel, Margarita</str>
                  <str>Florijn, Arjen</str>
                  <str>Schoonen, Rob</str>
                  <str>Hulstijn, Jan</str>
                  <str>De Jong, Nivja</str>
                  <str>Steinel, Margarita</str>
                  <str>Florijn, Arjen</str>
                  <str>Schoonen, Rob</str>
                  <str>Hulstijn, Jan</str>
                  <str>Hulstijn, Jan</str>
                  <str>Schoonen, Rob</str>
                  <str>De Jong, Nivja</str>
                  <str>Steinel, Margarita</str>
                  <str>Florijn, Arjen</str>
               </arr>
               <str name="iris.references.author.lastnames">de jongsteinelflorijnschoonenhulstijnde jongsteinelflorijnschoonenhulstijnhulstijnschoonende jongsteinelflorijn</str>
               <arr name="iris.references.author.noack">
                  <str>De Jong, Nivja</str>
                  <str>Steinel, Margarita</str>
                  <str>Florijn, Arjen</str>
                  <str>Schoonen, Rob</str>
                  <str>Hulstijn, Jan</str>
                  <str>De Jong, Nivja</str>
                  <str>Steinel, Margarita</str>
                  <str>Florijn, Arjen</str>
                  <str>Schoonen, Rob</str>
                  <str>Hulstijn, Jan</str>
                  <str>Hulstijn, Jan</str>
                  <str>Schoonen, Rob</str>
                  <str>De Jong, Nivja</str>
                  <str>Steinel, Margarita</str>
                  <str>Florijn, Arjen</str>
               </arr>
               <arr name="iris.references.journal">
                  <str>Studies in Second Language Acquisition</str>
                  <str>Applied Psycholinguistics</str>
                  <str>Language Testing</str>
               </arr>
               <arr name="iris.references.publicationDate">
                  <str>2012</str>
                  <str>in press</str>
                  <str>2012</str>
               </arr>
               <arr name="iris.references.publicationDateStr">
                  <str>2012</str>
                  <str>in press</str>
                  <str>2012</str>
               </arr>
               <arr name="iris.references.publicationType">
                  <str>Journal Article</str>
                  <str>Journal Article</str>
                  <str>Journal Article</str>
               </arr>
               <arr name="iris2.email">
                  <str>nivjadj@gmail.com</str>
               </arr>
               <arr name="iris2.feedback.count">
                  <str>3</str>
               </arr>
               <arr name="iris2.feedback.email_2">
                  <str>barry.o'sullivan@britishcouncil.org</str>
               </arr>
               <arr name="iris2.feedback.email_3">
                  <str>barry.o'sullivan@britishcouncil.org</str>
               </arr>
               <arr name="iris2.feedback.name_1">
                  <str>Nivja de Jong</str>
               </arr>
               <arr name="iris2.feedback.notes_1">
                  <str>There is a mistake in the information about the grammar test. It now states that it (secondarily) also test productive vocabulary. This is a mistake, the test was made to test productive grammar knowledge. (At this moment I cannot edit this information).</str>
               </arr>
               <arr name="iris2.feedback.published_1">
                  <str>false</str>
               </arr>
               <arr name="iris2.feedback.published_2">
                  <str>false</str>
               </arr>
               <arr name="iris2.feedback.published_3">
                  <str>false</str>
               </arr>
               <arr name="iris2.feedback.time_1">
                  <str>28 Aug 2012 09:04:20 GMT</str>
               </arr>
               <arr name="iris2.feedback.time_2">
                  <str>10 Jul 2014 13:04:02 GMT</str>
               </arr>
               <arr name="iris2.feedback.time_3">
                  <str>10 Jul 2014 13:06:34 GMT</str>
               </arr>
               <arr name="iris2.feedback.usage_1">
                  <str>3</str>
               </arr>
               <str name="iris2.hasmaterials">Records with materials</str>
               <arr name="iris2.instrument.author">
                  <str>De Jong, Nivja</str>
                  <str>Steinel, Margarita</str>
                  <str>Florijn, Arjen</str>
                  <str>Schoonen, Rob</str>
                  <str>Hulstijn, Jan</str>
               </arr>
               <arr name="iris2.instrument.dataType">
                  <str>Closed response format</str>
               </arr>
               <arr name="iris2.instrument.funder">
                  <str>Irish Research Council for Humanities and Social Sciences</str>
               </arr>
               <arr name="iris2.instrument.instrumentType">
                  <str>Grammar test / Morphosyntax test</str>
                  <str>Productive</str>
               </arr>
               <str name="iris2.instrument.instrumentType.alltypes">productive productive grammar test  </str>
               <arr name="iris2.instrument.licence">
                  <str>Attribution-NonCommercial-ShareAlike</str>
               </arr>
               <arr name="iris2.instrument.linguisticTarget">
                  <str>Morphosyntax (grammar)</str>
                  <str>Aspect</str>
                  <str>Case</str>
                  <str>Determiners</str>
                  <str>Gender</str>
                  <str>Number</str>
                  <str>Tense</str>
                  <str>Syntax</str>
               </arr>
               <str name="iris2.instrument.primaryInstrumentType">Grammar test / Morphosyntax test &gt; Productive</str>
               <arr name="iris2.instrument.researchArea">
                  <str>Morphosyntax (grammar)</str>
               </arr>
               <arr name="iris2.instrument.sourceLanguage">
                  <str>Dutch</str>
               </arr>
               <arr name="iris2.instrument.typeOfFile">
                  <str>Text</str>
               </arr>
               <arr name="iris2.participants.gender">
                  <str>mixed</str>
               </arr>
               <arr name="iris2.participants.participantType">
                  <str>Second language learners</str>
               </arr>
               <arr name="iris2.participants.proficiencyLearner">
                  <str>Pre-intermediate</str>
                  <str>Intermediate</str>
                  <str>Intermediate/advanced</str>
                  <str>Advanced</str>
                  <str>Near native</str>
               </arr>
               <arr name="iris2.participants.targetLanguage">
                  <str>Dutch</str>
               </arr>
               <arr name="iris2.referenceid">
                  <str>2012_De Jong_Steinel_Florijn_Schoonen_Hulstijn_Facets of speaking proficiency</str>
                  <str>in press_De Jong_Steinel_Florijn_Schoonen_Hulstijn_Linguistic skills and speaking fluency in a second language</str>
                  <str>2012_Hulstijn_Schoonen_De Jong_Steinel_Florijn_Linguistic competences of learners of Dutch as a second language at the B1 and B2 levels of speaking proficiency of the common European framework of reference for languages (CEFR)</str>
               </arr>
               <str name="iris2.references.allauthors">De Jong, Steinel, et al. (2012); De Jong, Steinel, et al. (in press); Hulstijn, Schoonen, et al. (2012)</str>
               <arr name="iris2.references.author">
                  <str>De Jong, Nivja</str>
                  <str>Steinel, Margarita</str>
                  <str>Florijn, Arjen</str>
                  <str>Schoonen, Rob</str>
                  <str>Hulstijn, Jan</str>
                  <str>De Jong, Nivja</str>
                  <str>Steinel, Margarita</str>
                  <str>Florijn, Arjen</str>
                  <str>Schoonen, Rob</str>
                  <str>Hulstijn, Jan</str>
                  <str>Hulstijn, Jan</str>
                  <str>Schoonen, Rob</str>
                  <str>De Jong, Nivja</str>
                  <str>Steinel, Margarita</str>
                  <str>Florijn, Arjen</str>
               </arr>
               <str name="iris2.references.author.lastnames">de jongsteinelflorijnschoonenhulstijnde jongsteinelflorijnschoonenhulstijnhulstijnschoonende jongsteinelflorijn</str>
               <arr name="iris2.references.journal">
                  <str>Studies in Second Language Acquisition</str>
                  <str>Applied Psycholinguistics</str>
                  <str>Language Testing</str>
               </arr>
               <arr name="iris2.references.publicationDate">
                  <str>2012</str>
                  <str>in press</str>
                  <str>2012</str>
               </arr>
               <arr name="iris2.references.publicationDateStr">
                  <str>2012</str>
                  <str>in press</str>
                  <str>2012</str>
               </arr>
               <arr name="iris2.references.publicationLatestDate">
                  <str>2012</str>
               </arr>
               <arr name="iris2.references.publicationType">
                  <str>Journal Article</str>
                  <str>Journal Article</str>
                  <str>Journal Article</str>
               </arr>
               <arr name="oai_dc.dc_xsi:schemaLocation">
                  <str>http://www.openarchives.org/OAI/2.0/oai_dc/ http://www.openarchives.org/OAI/2.0/oai_dc.xsd</str>
               </arr>
            </doc>
         </result>
      </response>
   </solr>
   <files>
      <file id="INSTRUMENT" mime="application/msword" url="https://www.iris-database.org/iris/api/resource/york:805245/asset/INSTRUMENT?download=true"/>
      <file id="INSTRUMENT1" mime="application/octet-stream" url="https://www.iris-database.org/iris/api/resource/york:805245/asset/INSTRUMENT1?download=true"/>
   </files>
</record>
