<?xml version="1.0" encoding="ISO-8859-1"?>

<record pid="york:852227">
   <solr>
      <response>
         <lst name="responseHeader">
            <int name="status">0</int>
            <int name="QTime">521</int>
            <lst name="params">
               <str name="q">PID:york?852227</str>
            </lst>
         </lst>
         <result name="response" numfound="1" start="0">
            <doc>
               <str name="PID">york:852227</str>
               <arr name="dc.creator">
                  <str>Calvert, Megan</str>
                  <str>Sheen, Younghee</str>
               </arr>
               <arr name="dc.date">
                  <str>2015</str>
               </arr>
               <arr name="dc.description">
                  <str>The teaching activities and post-task student questionnaire used in this study are linked in IRIS. Please see the article for details of the task cycle and how the teaching activities were used.</str>
               </arr>
               <arr name="dc.identifier">
                  <str>york:852227</str>
               </arr>
               <arr name="dc.subject">
                  <str>Teaching methods (style, approach, technique)</str>
               </arr>
               <arr name="dc.type">
                  <str>Attitude questionnaire</str>
                  <str>Debriefing questionnaire</str>
                  <str>Learning style questionnaire</str>
                  <str>http://www.iris-database.org/Instruments</str>
               </arr>
               <arr name="dc2.creator">
                  <str>Calvert, Megan</str>
                  <str>Sheen, Younghee</str>
               </arr>
               <arr name="dc2.date">
                  <str>2015</str>
               </arr>
               <arr name="dc2.description">
                  <str>The teaching activities and post-task student questionnaire used in this study are linked in IRIS. Please see the article for details of the task cycle and how the teaching activities were used.</str>
               </arr>
               <arr name="dc2.identifier">
                  <str>york:852227</str>
               </arr>
               <arr name="dc2.subject">
                  <str>Teaching methods (style, approach, technique)</str>
               </arr>
               <arr name="dc2.type">
                  <str>Attitude questionnaire</str>
                  <str>Debriefing questionnaire</str>
                  <str>Learning style questionnaire</str>
                  <str>http://www.iris-database.org/Instruments</str>
               </arr>
               <arr name="dc3.creator">
                  <str>Calvert, Megan</str>
                  <str>Sheen, Younghee</str>
               </arr>
               <arr name="dc3.subject">
                  <str>Teaching methods (style, approach, technique)</str>
               </arr>
               <date name="fgs.createdDate">2015-03-20T18:40:41.044Z</date>
               <date name="fgs.dateCreated.sort">2015-03-20T18:40:41.044Z</date>
               <str name="fgs.label">IRIS Instrument created by YODL workflow.</str>
               <date name="fgs.lastModifiedDate">2017-09-04T16:08:08.999Z</date>
               <str name="fgs.ownerId">iris-580a9f0f-ed9e-4f5f-be7e-877243bddfd0</str>
               <str name="fgs.state">Active</str>
               <arr name="iris.email">
                  <str>calvert.megan@gmail.com</str>
               </arr>
               <arr name="iris.feedback.count">
                  <str>0</str>
               </arr>
               <str name="iris.hasmaterials">Records with materials</str>
               <arr name="iris.instrument.author">
                  <str>Calvert, Megan</str>
                  <str>Sheen, Younghee</str>
               </arr>
               <arr name="iris.instrument.instrumentType">
                  <str>Questionnaire</str>
                  <str>Attitude questionnaire</str>
                  <str>Questionnaire</str>
                  <str>Debriefing questionnaire</str>
                  <str>Questionnaire</str>
                  <str>Learning style questionnaire</str>
               </arr>
               <str name="iris.instrument.instrumentType.alltypes">attitude questionnaire attitude questionnaire  debriefing questionnaire debriefing questionnaire  learning style questionnaire learning style questionnaire learner style questionnaire </str>
               <arr name="iris.instrument.licence">
                  <str>Attribution-NonCommercial-ShareAlike</str>
               </arr>
               <str name="iris.instrument.notes">The teaching activities and post-task student questionnaire used in this study are linked in IRIS. Please see the article for details of the task cycle and how the teaching activities were used.</str>
               <str name="iris.instrument.primaryInstrumentType">Questionnaire &gt; Attitude questionnaire</str>
               <arr name="iris.instrument.researchArea">
                  <str>Teaching methods (style, approach, technique)</str>
               </arr>
               <arr name="iris.instrument.secondaryInstrumentType">
                  <str>Questionnaire &gt; Debriefing questionnaire</str>
                  <str>Questionnaire &gt; Learning style questionnaire</str>
               </arr>
               <arr name="iris.instrument.typeOfFile">
                  <str>Text</str>
               </arr>
               <arr name="iris.participants.participantType">
                  <str>Foreign language learners</str>
                  <str>Teachers</str>
               </arr>
               <arr name="iris.participants.targetLanguage">
                  <str>English</str>
               </arr>
               <arr name="iris.referenceid">
                  <str>2015_Calvert_Sheen_Task-based language learning and teaching: An action-research study</str>
               </arr>
               <str name="iris.references.allauthors">Calvert &amp; Sheen (2015)</str>
               <arr name="iris.references.author">
                  <str>Calvert, Megan</str>
                  <str>Sheen, Younghee</str>
               </arr>
               <str name="iris.references.author.lastnames">calvertsheen</str>
               <arr name="iris.references.author.noack">
                  <str>Calvert, Megan</str>
                  <str>Sheen, Younghee</str>
               </arr>
               <arr name="iris.references.journal">
                  <str>Language Teaching Research</str>
               </arr>
               <arr name="iris.references.publicationDate">
                  <str>2015</str>
               </arr>
               <arr name="iris.references.publicationDateStr">
                  <str>2015</str>
               </arr>
               <arr name="iris.references.publicationType">
                  <str>Journal Article</str>
               </arr>
               <arr name="iris2.email">
                  <str>calvert.megan@gmail.com</str>
               </arr>
               <arr name="iris2.feedback.count">
                  <str>0</str>
               </arr>
               <str name="iris2.hasmaterials">Records with materials</str>
               <arr name="iris2.instrument.author">
                  <str>Calvert, Megan</str>
                  <str>Sheen, Younghee</str>
               </arr>
               <arr name="iris2.instrument.instrumentType">
                  <str>Questionnaire</str>
                  <str>Attitude questionnaire</str>
                  <str>Questionnaire</str>
                  <str>Debriefing questionnaire</str>
                  <str>Questionnaire</str>
                  <str>Learning style questionnaire</str>
               </arr>
               <str name="iris2.instrument.instrumentType.alltypes">attitude questionnaire attitude questionnaire  debriefing questionnaire debriefing questionnaire  learning style questionnaire learning style questionnaire learner style questionnaire </str>
               <arr name="iris2.instrument.licence">
                  <str>Attribution-NonCommercial-ShareAlike</str>
               </arr>
               <str name="iris2.instrument.primaryInstrumentType">Questionnaire &gt; Attitude questionnaire</str>
               <arr name="iris2.instrument.researchArea">
                  <str>Teaching methods (style, approach, technique)</str>
               </arr>
               <arr name="iris2.instrument.secondaryInstrumentType">
                  <str>Questionnaire &gt; Debriefing questionnaire</str>
                  <str>Questionnaire &gt; Learning style questionnaire</str>
               </arr>
               <arr name="iris2.instrument.typeOfFile">
                  <str>Text</str>
               </arr>
               <arr name="iris2.participants.participantType">
                  <str>Foreign language learners</str>
                  <str>Teachers</str>
               </arr>
               <arr name="iris2.participants.targetLanguage">
                  <str>English</str>
               </arr>
               <arr name="iris2.referenceid">
                  <str>2015_Calvert_Sheen_Task-based language learning and teaching: An action-research study</str>
               </arr>
               <str name="iris2.references.allauthors">Calvert &amp; Sheen (2015)</str>
               <arr name="iris2.references.author">
                  <str>Calvert, Megan</str>
                  <str>Sheen, Younghee</str>
               </arr>
               <str name="iris2.references.author.lastnames">calvertsheen</str>
               <arr name="iris2.references.journal">
                  <str>Language Teaching Research</str>
               </arr>
               <arr name="iris2.references.publicationDate">
                  <str>2015</str>
               </arr>
               <arr name="iris2.references.publicationDateStr">
                  <str>2015</str>
               </arr>
               <arr name="iris2.references.publicationLatestDate">
                  <str>2015</str>
               </arr>
               <arr name="iris2.references.publicationType">
                  <str>Journal Article</str>
               </arr>
               <arr name="oai_dc.dc_xsi:schemaLocation">
                  <str>http://www.openarchives.org/OAI/2.0/oai_dc/ http://www.openarchives.org/OAI/2.0/oai_dc.xsd</str>
                  <str>http://www.openarchives.org/OAI/2.0/oai_dc/ http://www.openarchives.org/OAI/2.0/oai_dc.xsd</str>
                  <str>http://www.openarchives.org/OAI/2.0/oai_dc/ http://www.openarchives.org/OAI/2.0/oai_dc.xsd</str>
               </arr>
            </doc>
         </result>
      </response>
   </solr>
   <files>
      <file id="INSTRUMENT" mime="application/vnd.openxmlformats-officedocument.wordprocessingml.document" url="https://www.iris-database.org/iris/api/resource/york:852227/asset/INSTRUMENT?download=true"/>
   </files>
</record>
