<?xml version="1.0" encoding="ISO-8859-1"?>

<record pid="york:818858">
   <solr>
      <response>
         <lst name="responseHeader">
            <int name="status">0</int>
            <int name="QTime">492</int>
            <lst name="params">
               <str name="q">PID:york?818858</str>
            </lst>
         </lst>
         <result name="response" numfound="1" start="0">
            <doc>
               <str name="PID">york:818858</str>
               <arr name="dc.creator">
                  <str>Webb, Stuart</str>
               </arr>
               <arr name="dc.date">
                  <str>2013</str>
               </arr>
               <arr name="dc.description">
                  <str>This instrument was used as Post test 4 in Webb et al. (2013). The instrument is linked in IRIS to 'Receptive collocation test (1)', 'Receptive collocation test (2)', 'Productive collocation test' and 'Productive test of meaning'. All five instruments were used together in Webb et al. (2013).</str>
               </arr>
               <str name="dc.title">Receptive test of meaning</str>
               <str name="dc.title.sort">Receptive test of meaning</str>
               <arr name="dc.type">
                  <str>Writing test</str>
                  <str>Vocabulary test (receptive)</str>
                  <str>L2 (L3, L4, etc.) to L1</str>
                  <str>http://www.iris-database.org/Instruments</str>
               </arr>
               <arr name="dc2.creator">
                  <str>Webb, Stuart</str>
               </arr>
               <arr name="dc2.date">
                  <str>2013</str>
               </arr>
               <arr name="dc2.description">
                  <str>This instrument was used as Post test 4 in Webb et al. (2013). The instrument is linked in IRIS to 'Receptive collocation test (1)', 'Receptive collocation test (2)', 'Productive collocation test' and 'Productive test of meaning'. All five instruments were used together in Webb et al. (2013).</str>
               </arr>
               <str name="dc2.title">Receptive test of meaning</str>
               <arr name="dc2.type">
                  <str>Writing test</str>
                  <str>Vocabulary test (receptive)</str>
                  <str>L2 (L3, L4, etc.) to L1</str>
                  <str>http://www.iris-database.org/Instruments</str>
               </arr>
               <arr name="dc3.creator">
                  <str>Webb, Stuart</str>
               </arr>
               <str name="dc3.title">Receptive test of meaning</str>
               <date name="fgs.createdDate">2013-11-23T17:48:23.728Z</date>
               <date name="fgs.dateCreated.sort">2013-11-23T17:48:23.728Z</date>
               <str name="fgs.label">IRIS Instrument created by YODL workflow.</str>
               <date name="fgs.lastModifiedDate">2017-04-24T04:47:03.716Z</date>
               <str name="fgs.ownerId">iris-580a9f0f-ed9e-4f5f-be7e-877243bddfd0</str>
               <str name="fgs.state">Active</str>
               <arr name="iris.email">
                  <str>stuart.webb@vuw.ac.nz</str>
               </arr>
               <arr name="iris.feedback.count">
                  <str>0</str>
               </arr>
               <str name="iris.hasmaterials">Records with materials</str>
               <arr name="iris.instrument.author">
                  <str>Webb, Stuart</str>
               </arr>
               <arr name="iris.instrument.instrumentType">
                  <str>Writing test</str>
                  <str>Vocabulary test</str>
                  <str>Receptive</str>
                  <str>Translation task</str>
                  <str>L2 (L3, L4, etc.) to L1</str>
               </arr>
               <str name="iris.instrument.instrumentType.alltypes">writing test writing test  receptive vocabulary test (receptive)  l2 (l3, l4, etc.) to l1 l2 (l3, l4, etc.) to l1  </str>
               <arr name="iris.instrument.licence">
                  <str>Attribution-NonCommercial-ShareAlike</str>
               </arr>
               <arr name="iris.instrument.linguisticTarget">
                  <str>Collocations/lexical chunks</str>
               </arr>
               <str name="iris.instrument.notes">This instrument was used as Post test 4 in Webb et al. (2013). The instrument is linked in IRIS to 'Receptive collocation test (1)', 'Receptive collocation test (2)', 'Productive collocation test' and 'Productive test of meaning'. All five instruments were used together in Webb et al. (2013).</str>
               <str name="iris.instrument.primaryInstrumentType">Vocabulary test &gt; Receptive</str>
               <arr name="iris.instrument.researchArea">
                  <str>Acquisition</str>
                  <str>Lexicon (vocabulary)</str>
                  <str>Morphosyntax (grammar)</str>
                  <str>Comprehension</str>
                  <str>Processing</str>
                  <str>Incidental learning</str>
                  <str>Working memory</str>
               </arr>
               <arr name="iris.instrument.secondaryInstrumentType">
                  <str>Writing test</str>
                  <str>Translation task &gt; L2 (L3, L4, etc.) to L1</str>
               </arr>
               <arr name="iris.instrument.title">
                  <str>Receptive test of meaning</str>
               </arr>
               <arr name="iris.instrument.typeOfFile">
                  <str>Text</str>
               </arr>
               <arr name="iris.participants.participantType">
                  <str>Foreign language learners</str>
                  <str>Second language learners</str>
                  <str>University students</str>
               </arr>
               <arr name="iris.referenceid">
                  <str>2013_Webb_Newton_Chang_Incidental learning of collocation</str>
               </arr>
               <str name="iris.references.allauthors">Webb, Newton, et al. (2013)</str>
               <arr name="iris.references.author">
                  <str>Webb, S.</str>
                  <str>Newton, J.</str>
                  <str>Chang, A.</str>
               </arr>
               <str name="iris.references.author.lastnames">webbnewtonchang</str>
               <arr name="iris.references.author.noack">
                  <str>Webb, S.</str>
                  <str>Newton, J.</str>
                  <str>Chang, A.</str>
               </arr>
               <arr name="iris.references.journal">
                  <str>Language Learning</str>
               </arr>
               <arr name="iris.references.publicationDate">
                  <str>2013</str>
               </arr>
               <arr name="iris.references.publicationDateStr">
                  <str>2013</str>
               </arr>
               <arr name="iris.references.publicationType">
                  <str>Journal Article</str>
               </arr>
               <arr name="iris2.email">
                  <str>stuart.webb@vuw.ac.nz</str>
               </arr>
               <arr name="iris2.feedback.count">
                  <str>0</str>
               </arr>
               <str name="iris2.hasmaterials">Records with materials</str>
               <arr name="iris2.instrument.author">
                  <str>Webb, Stuart</str>
               </arr>
               <arr name="iris2.instrument.instrumentType">
                  <str>Writing test</str>
                  <str>Vocabulary test</str>
                  <str>Receptive</str>
                  <str>Translation task</str>
                  <str>L2 (L3, L4, etc.) to L1</str>
               </arr>
               <str name="iris2.instrument.instrumentType.alltypes">writing test writing test  receptive vocabulary test (receptive)  l2 (l3, l4, etc.) to l1 l2 (l3, l4, etc.) to l1  </str>
               <arr name="iris2.instrument.licence">
                  <str>Attribution-NonCommercial-ShareAlike</str>
               </arr>
               <arr name="iris2.instrument.linguisticTarget">
                  <str>Collocations/lexical chunks</str>
               </arr>
               <str name="iris2.instrument.primaryInstrumentType">Vocabulary test &gt; Receptive</str>
               <arr name="iris2.instrument.researchArea">
                  <str>Acquisition</str>
                  <str>Lexicon (vocabulary)</str>
                  <str>Morphosyntax (grammar)</str>
                  <str>Comprehension</str>
                  <str>Processing</str>
                  <str>Incidental learning</str>
                  <str>Working memory</str>
               </arr>
               <arr name="iris2.instrument.secondaryInstrumentType">
                  <str>Writing test</str>
                  <str>Translation task &gt; L2 (L3, L4, etc.) to L1</str>
               </arr>
               <arr name="iris2.instrument.typeOfFile">
                  <str>Text</str>
               </arr>
               <arr name="iris2.participants.participantType">
                  <str>Foreign language learners</str>
                  <str>Second language learners</str>
                  <str>University students</str>
               </arr>
               <arr name="iris2.referenceid">
                  <str>2013_Webb_Newton_Chang_Incidental learning of collocation</str>
               </arr>
               <str name="iris2.references.allauthors">Webb, Newton, et al. (2013)</str>
               <arr name="iris2.references.author">
                  <str>Webb, S.</str>
                  <str>Newton, J.</str>
                  <str>Chang, A.</str>
               </arr>
               <str name="iris2.references.author.lastnames">webbnewtonchang</str>
               <arr name="iris2.references.journal">
                  <str>Language Learning</str>
               </arr>
               <arr name="iris2.references.publicationDate">
                  <str>2013</str>
               </arr>
               <arr name="iris2.references.publicationDateStr">
                  <str>2013</str>
               </arr>
               <arr name="iris2.references.publicationLatestDate">
                  <str>2013</str>
               </arr>
               <arr name="iris2.references.publicationType">
                  <str>Journal Article</str>
               </arr>
               <arr name="oai_dc.dc_xsi:schemaLocation">
                  <str>http://www.openarchives.org/OAI/2.0/oai_dc/ http://www.openarchives.org/OAI/2.0/oai_dc.xsd</str>
               </arr>
            </doc>
         </result>
      </response>
   </solr>
   <files>
      <file id="INSTRUMENT" mime="application/msword" url="https://www.iris-database.org/iris/api/resource/york:818858/asset/INSTRUMENT?download=true"/>
   </files>
</record>
