<?xml version="1.0" encoding="ISO-8859-1"?>

<record pid="york:833245">
   <solr>
      <response>
         <lst name="responseHeader">
            <int name="status">0</int>
            <int name="QTime">488</int>
            <lst name="params">
               <str name="q">PID:york?833245</str>
            </lst>
         </lst>
         <result name="response" numfound="1" start="0">
            <doc>
               <str name="PID">york:833245</str>
               <arr name="dc.creator">
                  <str>Derwing, Tracey</str>
                  <str>Munro, Murray</str>
                  <str>Foote, Jennifer A.</str>
                  <str>Waugh, Erin</str>
                  <str>Fleming, Jason</str>
               </arr>
               <arr name="dc.date">
                  <str>2014</str>
               </arr>
               <arr name="dc.description">
                  <str>The records for the L2 speaker perception tasks: 1) cloze task 2) sentence dictation task 3) oddity task 4) word stress perception in a sentence context 5) word stress recognition task and the L2 speaker production tasks 6) the suitcase narrative 7) a safety talk 8) true or false sentence reading task used in this study are all linked in IRIS.</str>
               </arr>
               <arr name="dc.identifier">
                  <str>york:833245</str>
               </arr>
               <str name="dc.title">L2 speaker production tasks: True/false sentence reading task</str>
               <str name="dc.title.sort">L2 speaker production tasks: True/false sentence reading task</str>
               <arr name="dc.type">
                  <str>Other speech perception task</str>
                  <str>Vocabulary test (productive)</str>
                  <str>Reading aloud / Word naming test</str>
                  <str>Other</str>
                  <str>http://www.iris-database.org/Instruments</str>
               </arr>
               <arr name="dc2.creator">
                  <str>Derwing, Tracey</str>
                  <str>Munro, Murray</str>
                  <str>Foote, Jennifer A.</str>
                  <str>Waugh, Erin</str>
                  <str>Fleming, Jason</str>
               </arr>
               <arr name="dc2.date">
                  <str>2014</str>
               </arr>
               <arr name="dc2.description">
                  <str>The records for the L2 speaker perception tasks: 1) cloze task 2) sentence dictation task 3) oddity task 4) word stress perception in a sentence context 5) word stress recognition task and the L2 speaker production tasks 6) the suitcase narrative 7) a safety talk 8) true or false sentence reading task used in this study are all linked in IRIS.</str>
               </arr>
               <arr name="dc2.identifier">
                  <str>york:833245</str>
               </arr>
               <str name="dc2.title">L2 speaker production tasks: True/false sentence reading task</str>
               <arr name="dc2.type">
                  <str>Other speech perception task</str>
                  <str>Vocabulary test (productive)</str>
                  <str>Reading aloud / Word naming test</str>
                  <str>Other</str>
                  <str>http://www.iris-database.org/Instruments</str>
               </arr>
               <arr name="dc3.creator">
                  <str>Derwing, Tracey</str>
                  <str>Munro, Murray</str>
                  <str>Foote, Jennifer A.</str>
                  <str>Waugh, Erin</str>
                  <str>Fleming, Jason</str>
               </arr>
               <str name="dc3.title">L2 speaker production tasks: True/false sentence reading task</str>
               <date name="fgs.createdDate">2014-11-05T14:44:37.913Z</date>
               <date name="fgs.dateCreated.sort">2014-11-05T14:44:37.913Z</date>
               <str name="fgs.label">IRIS Instrument created by YODL workflow.</str>
               <date name="fgs.lastModifiedDate">2016-02-19T08:42:59.824Z</date>
               <str name="fgs.ownerId">iris-580a9f0f-ed9e-4f5f-be7e-877243bddfd0</str>
               <str name="fgs.state">Active</str>
               <arr name="iris.feedback.count">
                  <str>0</str>
               </arr>
               <str name="iris.hasmaterials">Records with information only (materials not yet held)</str>
               <arr name="iris.instrument.author">
                  <str>Derwing, Tracey</str>
                  <str>Munro, Murray</str>
                  <str>Foote, Jennifer A.</str>
                  <str>Waugh, Erin</str>
                  <str>Fleming, Jason</str>
               </arr>
               <arr name="iris.instrument.instrumentType">
                  <str>Speech perception</str>
                  <str>Other speech perception task</str>
                  <str>Vocabulary test</str>
                  <str>Productive</str>
                  <str>Reading test</str>
                  <str>Reading aloud / Word naming test</str>
                  <str>Speaking test / Oral production test</str>
                  <str>Other speaking test / oral production test</str>
               </arr>
               <str name="iris.instrument.instrumentType.alltypes">other speech perception task other speech perception task  productive vocabulary test (productive)  reading aloud / word naming test reading aloud / word naming test  other speaking test / oral production test other speaking test / oral production test  </str>
               <arr name="iris.instrument.licence">
                  <str>Attribution-NonCommercial-ShareAlike</str>
               </arr>
               <str name="iris.instrument.notes">The records for the L2 speaker perception tasks: 1) cloze task 2) sentence dictation task 3) oddity task 4) word stress perception in a sentence context 5) word stress recognition task and the L2 speaker production tasks 6) the suitcase narrative 7) a safety talk 8) true or false sentence reading task used in this study are all linked in IRIS.</str>
               <str name="iris.instrument.primaryInstrumentType">Speech perception &gt; Other speech perception task</str>
               <arr name="iris.instrument.researchArea">
                  <str>Pronunciation</str>
                  <str>Speaking / Oral production</str>
                  <str>Fluency</str>
               </arr>
               <arr name="iris.instrument.secondaryInstrumentType">
                  <str>Vocabulary test &gt; Productive</str>
                  <str>Reading test &gt; Reading aloud / Word naming test</str>
                  <str>Speaking test / Oral production test &gt; Other speaking test / oral production test</str>
               </arr>
               <arr name="iris.instrument.title">
                  <str>L2 speaker production tasks: True/false sentence reading task</str>
               </arr>
               <arr name="iris.instrument.typeOfFile">
                  <str>Text</str>
               </arr>
               <arr name="iris.participants.domainOfUse">
                  <str>Work</str>
               </arr>
               <arr name="iris.participants.participantType">
                  <str>Second language learners</str>
               </arr>
               <arr name="iris.participants.targetLanguage">
                  <str>English</str>
               </arr>
               <arr name="iris.referenceid">
                  <str>2014_Derwing_Munro_Foote_Waugh_Fleming_Opening the window on comprehensible pronunciation after 19 years: A workplace training study</str>
               </arr>
               <str name="iris.references.allauthors">Derwing, Munro, et al. (2014)</str>
               <arr name="iris.references.author">
                  <str>Derwing, Tracey</str>
                  <str>Munro, Murray</str>
                  <str>Foote, Jennifer A.</str>
                  <str>Waugh, Erin</str>
                  <str>Fleming, Jason</str>
               </arr>
               <str name="iris.references.author.lastnames">derwingmunrofootewaughfleming</str>
               <arr name="iris.references.author.noack">
                  <str>Derwing, Tracey</str>
                  <str>Munro, Murray</str>
                  <str>Foote, Jennifer A.</str>
                  <str>Waugh, Erin</str>
                  <str>Fleming, Jason</str>
               </arr>
               <arr name="iris.references.journal">
                  <str>Language Learning</str>
               </arr>
               <arr name="iris.references.publicationDate">
                  <str>2014</str>
               </arr>
               <arr name="iris.references.publicationDateStr">
                  <str>2014</str>
               </arr>
               <arr name="iris.references.publicationType">
                  <str>Journal Article</str>
               </arr>
               <arr name="iris2.feedback.count">
                  <str>0</str>
               </arr>
               <str name="iris2.hasmaterials">Records with information only (materials not yet held)</str>
               <arr name="iris2.instrument.author">
                  <str>Derwing, Tracey</str>
                  <str>Munro, Murray</str>
                  <str>Foote, Jennifer A.</str>
                  <str>Waugh, Erin</str>
                  <str>Fleming, Jason</str>
               </arr>
               <arr name="iris2.instrument.instrumentType">
                  <str>Speech perception</str>
                  <str>Other speech perception task</str>
                  <str>Vocabulary test</str>
                  <str>Productive</str>
                  <str>Reading test</str>
                  <str>Reading aloud / Word naming test</str>
                  <str>Speaking test / Oral production test</str>
                  <str>Other speaking test / oral production test</str>
               </arr>
               <str name="iris2.instrument.instrumentType.alltypes">other speech perception task other speech perception task  productive vocabulary test (productive)  reading aloud / word naming test reading aloud / word naming test  other speaking test / oral production test other speaking test / oral production test  </str>
               <arr name="iris2.instrument.licence">
                  <str>Attribution-NonCommercial-ShareAlike</str>
               </arr>
               <str name="iris2.instrument.primaryInstrumentType">Speech perception &gt; Other speech perception task</str>
               <arr name="iris2.instrument.researchArea">
                  <str>Pronunciation</str>
                  <str>Speaking / Oral production</str>
                  <str>Fluency</str>
               </arr>
               <arr name="iris2.instrument.secondaryInstrumentType">
                  <str>Vocabulary test &gt; Productive</str>
                  <str>Reading test &gt; Reading aloud / Word naming test</str>
                  <str>Speaking test / Oral production test &gt; Other speaking test / oral production test</str>
               </arr>
               <arr name="iris2.instrument.typeOfFile">
                  <str>Text</str>
               </arr>
               <arr name="iris2.participants.domainOfUse">
                  <str>Work</str>
               </arr>
               <arr name="iris2.participants.participantType">
                  <str>Second language learners</str>
               </arr>
               <arr name="iris2.participants.targetLanguage">
                  <str>English</str>
               </arr>
               <arr name="iris2.referenceid">
                  <str>2014_Derwing_Munro_Foote_Waugh_Fleming_Opening the window on comprehensible pronunciation after 19 years: A workplace training study</str>
               </arr>
               <str name="iris2.references.allauthors">Derwing, Munro, et al. (2014)</str>
               <arr name="iris2.references.author">
                  <str>Derwing, Tracey</str>
                  <str>Munro, Murray</str>
                  <str>Foote, Jennifer A.</str>
                  <str>Waugh, Erin</str>
                  <str>Fleming, Jason</str>
               </arr>
               <str name="iris2.references.author.lastnames">derwingmunrofootewaughfleming</str>
               <arr name="iris2.references.journal">
                  <str>Language Learning</str>
               </arr>
               <arr name="iris2.references.publicationDate">
                  <str>2014</str>
               </arr>
               <arr name="iris2.references.publicationDateStr">
                  <str>2014</str>
               </arr>
               <arr name="iris2.references.publicationLatestDate">
                  <str>2014</str>
               </arr>
               <arr name="iris2.references.publicationType">
                  <str>Journal Article</str>
               </arr>
               <arr name="oai_dc.dc_xsi:schemaLocation">
                  <str>http://www.openarchives.org/OAI/2.0/oai_dc/ http://www.openarchives.org/OAI/2.0/oai_dc.xsd</str>
                  <str>http://www.openarchives.org/OAI/2.0/oai_dc/ http://www.openarchives.org/OAI/2.0/oai_dc.xsd</str>
                  <str>http://www.openarchives.org/OAI/2.0/oai_dc/ http://www.openarchives.org/OAI/2.0/oai_dc.xsd</str>
                  <str>http://www.openarchives.org/OAI/2.0/oai_dc/ http://www.openarchives.org/OAI/2.0/oai_dc.xsd</str>
                  <str>http://www.openarchives.org/OAI/2.0/oai_dc/ http://www.openarchives.org/OAI/2.0/oai_dc.xsd</str>
                  <str>http://www.openarchives.org/OAI/2.0/oai_dc/ http://www.openarchives.org/OAI/2.0/oai_dc.xsd</str>
               </arr>
            </doc>
         </result>
      </response>
   </solr>
   <files/>
</record>
