<?xml version="1.0" encoding="ISO-8859-1"?>

<record pid="york:810142">
   <solr>
      <response>
         <lst name="responseHeader">
            <int name="status">0</int>
            <int name="QTime">512</int>
            <lst name="params">
               <str name="q">PID:york?810142</str>
            </lst>
         </lst>
         <result name="response" numfound="1" start="0">
            <doc>
               <str name="PID">york:810142</str>
               <arr name="dc.creator">
                  <str>Al-Thubaiti, Kholoud</str>
               </arr>
               <arr name="dc.description">
                  <str>The passage entitled 'Dinosaurs' was adapted from two texts that appear in CAE Practice Tests Plus (Stanton &amp; Morris, 1999).</str>
               </arr>
               <arr name="dc.format">
                  <str>English</str>
               </arr>
               <arr name="dc.identifier">
                  <str>york:810142</str>
               </arr>
               <str name="dc.title">Gap-Filling Task</str>
               <str name="dc.title.sort">Gap-Filling Task</str>
               <arr name="dc.type">
                  <str>Gap-fill / Cloze test / Fill in the blank</str>
                  <str>http://www.iris-database.org/Instruments</str>
               </arr>
               <arr name="dc2.creator">
                  <str>Al-Thubaiti, Kholoud</str>
               </arr>
               <arr name="dc2.description">
                  <str>The passage entitled 'Dinosaurs' was adapted from two texts that appear in CAE Practice Tests Plus (Stanton &amp; Morris, 1999).</str>
               </arr>
               <arr name="dc2.format">
                  <str>English</str>
               </arr>
               <arr name="dc2.identifier">
                  <str>york:810142</str>
               </arr>
               <str name="dc2.title">Gap-Filling Task</str>
               <arr name="dc2.type">
                  <str>Gap-fill / Cloze test / Fill in the blank</str>
                  <str>http://www.iris-database.org/Instruments</str>
               </arr>
               <arr name="dc3.creator">
                  <str>Al-Thubaiti, Kholoud</str>
               </arr>
               <str name="dc3.title">Gap-Filling Task</str>
               <date name="fgs.createdDate">2013-05-23T18:50:13.335Z</date>
               <date name="fgs.dateCreated.sort">2013-05-23T18:50:13.335Z</date>
               <str name="fgs.label">IRIS Instrument created by YODL workflow.</str>
               <date name="fgs.lastModifiedDate">2016-02-29T09:33:16.906Z</date>
               <str name="fgs.ownerId">iris-c6cfddaa-ff87-420a-89a0-bde619808d5a</str>
               <str name="fgs.state">Active</str>
               <arr name="iris.email">
                  <str>k.althubaiti@gmail.com</str>
               </arr>
               <arr name="iris.feedback.count">
                  <str>0</str>
               </arr>
               <str name="iris.hasmaterials">Records with materials</str>
               <arr name="iris.instrument.author">
                  <str>Al-Thubaiti, Kholoud</str>
               </arr>
               <arr name="iris.instrument.dataType">
                  <str>Written production</str>
               </arr>
               <arr name="iris.instrument.funder">
                  <str>Sheikh Al-Neahayan Fellowship granted by The International Research Foundation for English Education (TIRF)</str>
               </arr>
               <arr name="iris.instrument.instrumentType">
                  <str>Gap-fill / Cloze test / Fill in the blank</str>
               </arr>
               <str name="iris.instrument.instrumentType.alltypes">gap-fill / cloze test / fill in the blank </str>
               <arr name="iris.instrument.licence">
                  <str>Attribution-NonCommercial-ShareAlike</str>
               </arr>
               <arr name="iris.instrument.linguisticTarget">
                  <str>Tense</str>
                  <str>Semantics</str>
               </arr>
               <str name="iris.instrument.primaryInstrumentType">Gap-fill / Cloze test / Fill in the blank</str>
               <arr name="iris.instrument.researchArea">
                  <str>Acquisition</str>
                  <str>Morphosyntax (grammar)</str>
               </arr>
               <arr name="iris.instrument.sourceLanguage">
                  <str>English</str>
               </arr>
               <arr name="iris.instrument.title">
                  <str>Gap-Filling Task</str>
               </arr>
               <arr name="iris.instrument.typeOfFile">
                  <str>Text</str>
               </arr>
               <arr name="iris.participants.firstLanguage">
                  <str>Arabic</str>
               </arr>
               <arr name="iris.participants.gender">
                  <str>mixed</str>
               </arr>
               <arr name="iris.participants.participantType">
                  <str>Foreign language learners</str>
                  <str>Second language learners</str>
                  <str>Native speakers</str>
               </arr>
               <arr name="iris.participants.proficiencyLearner">
                  <str>Native</str>
                  <str>Oxford Placement Test</str>
                  <str>Oxford Placement Test - Basic speaker</str>
                  <str>Oxford Placement Test - Basic speaker (Breakthrough or Beginner)</str>
                  <str>Oxford Placement Test - Basic speaker (Waystage or Elementary)</str>
                  <str>Oxford Placement Test - Independent speaker</str>
                  <str>Oxford Placement Test - Independent speaker (Threshold or Intermediate)</str>
                  <str>Oxford Placement Test - Independent speaker (Vantage or Upper intermediate)</str>
                  <str>Oxford Placement Test - Proficient speaker</str>
                  <str>Oxford Placement Test - Proficient speaker (Effective Operational Proficiency or Advanced)</str>
                  <str>Oxford Placement Test - Proficient speaker (Mastery or Proficiency)</str>
               </arr>
               <arr name="iris.participants.targetLanguage">
                  <str>English</str>
               </arr>
               <arr name="iris.referenceid">
                  <str>Al-Thubaiti_Age effects in a minimal input setting on the acquisition of English morpho-syntactic and semantic properties by L1 speakers of Arabic</str>
               </arr>
               <str name="iris.references.allauthors">Al-Thubaiti (2010)</str>
               <arr name="iris.references.author">
                  <str>Al-Thubaiti, Kholoud</str>
               </arr>
               <str name="iris.references.author.lastnames">al-thubaiti</str>
               <arr name="iris.references.author.noack">
                  <str>Al-Thubaiti, Kholoud</str>
               </arr>
               <arr name="iris.references.publicationDate">
                  <str>2010</str>
               </arr>
               <arr name="iris.references.publicationLatestDate">
                  <str>2010</str>
               </arr>
               <arr name="iris.references.publicationType">
                  <str>Thesis</str>
               </arr>
               <arr name="iris2.email">
                  <str>k.althubaiti@gmail.com</str>
               </arr>
               <arr name="iris2.feedback.count">
                  <str>0</str>
               </arr>
               <str name="iris2.hasmaterials">Records with materials</str>
               <arr name="iris2.instrument.author">
                  <str>Al-Thubaiti, Kholoud</str>
               </arr>
               <arr name="iris2.instrument.dataType">
                  <str>Written production</str>
               </arr>
               <arr name="iris2.instrument.funder">
                  <str>Sheikh Al-Neahayan Fellowship granted by The International Research Foundation for English Education (TIRF)</str>
               </arr>
               <arr name="iris2.instrument.instrumentType">
                  <str>Gap-fill / Cloze test / Fill in the blank</str>
               </arr>
               <str name="iris2.instrument.instrumentType.alltypes">gap-fill / cloze test / fill in the blank </str>
               <arr name="iris2.instrument.licence">
                  <str>Attribution-NonCommercial-ShareAlike</str>
               </arr>
               <arr name="iris2.instrument.linguisticTarget">
                  <str>Tense</str>
                  <str>Semantics</str>
               </arr>
               <str name="iris2.instrument.primaryInstrumentType">Gap-fill / Cloze test / Fill in the blank</str>
               <arr name="iris2.instrument.researchArea">
                  <str>Acquisition</str>
                  <str>Morphosyntax (grammar)</str>
               </arr>
               <arr name="iris2.instrument.sourceLanguage">
                  <str>English</str>
               </arr>
               <arr name="iris2.instrument.typeOfFile">
                  <str>Text</str>
               </arr>
               <arr name="iris2.participants.firstLanguage">
                  <str>Arabic</str>
               </arr>
               <arr name="iris2.participants.gender">
                  <str>mixed</str>
               </arr>
               <arr name="iris2.participants.participantType">
                  <str>Foreign language learners</str>
                  <str>Second language learners</str>
                  <str>Native speakers</str>
               </arr>
               <arr name="iris2.participants.proficiencyLearner">
                  <str>Native</str>
                  <str>Oxford Placement Test</str>
                  <str>Oxford Placement Test - Basic speaker</str>
                  <str>Oxford Placement Test - Basic speaker (Breakthrough or Beginner)</str>
                  <str>Oxford Placement Test - Basic speaker (Waystage or Elementary)</str>
                  <str>Oxford Placement Test - Independent speaker</str>
                  <str>Oxford Placement Test - Independent speaker (Threshold or Intermediate)</str>
                  <str>Oxford Placement Test - Independent speaker (Vantage or Upper intermediate)</str>
                  <str>Oxford Placement Test - Proficient speaker</str>
                  <str>Oxford Placement Test - Proficient speaker (Effective Operational Proficiency or Advanced)</str>
                  <str>Oxford Placement Test - Proficient speaker (Mastery or Proficiency)</str>
               </arr>
               <arr name="iris2.participants.targetLanguage">
                  <str>English</str>
               </arr>
               <arr name="iris2.referenceid">
                  <str>Al-Thubaiti_Age effects in a minimal input setting on the acquisition of English morpho-syntactic and semantic properties by L1 speakers of Arabic</str>
               </arr>
               <str name="iris2.references.allauthors">Al-Thubaiti (2010)</str>
               <arr name="iris2.references.author">
                  <str>Al-Thubaiti, Kholoud</str>
               </arr>
               <str name="iris2.references.author.lastnames">al-thubaiti</str>
               <arr name="iris2.references.publicationDate">
                  <str>2010</str>
               </arr>
               <arr name="iris2.references.publicationLatestDate">
                  <str>2010</str>
               </arr>
               <arr name="iris2.references.publicationType">
                  <str>Thesis</str>
               </arr>
               <arr name="oai_dc.dc_xsi:schemaLocation">
                  <str>http://www.openarchives.org/OAI/2.0/oai_dc/ http://www.openarchives.org/OAI/2.0/oai_dc.xsd</str>
                  <str>http://www.openarchives.org/OAI/2.0/oai_dc/ http://www.openarchives.org/OAI/2.0/oai_dc.xsd</str>
                  <str>http://www.openarchives.org/OAI/2.0/oai_dc/ http://www.openarchives.org/OAI/2.0/oai_dc.xsd</str>
               </arr>
            </doc>
         </result>
      </response>
   </solr>
   <files>
      <file id="INSTRUMENT" mime="application/pdf" url="http://www.iris-database.org/iris/api/resource/york:810142/asset/INSTRUMENT?download=true"/>
   </files>
</record>
