<?xml version="1.0" encoding="ISO-8859-1"?>

<record pid="york:822277">
   <solr>
      <response>
         <lst name="responseHeader">
            <int name="status">0</int>
            <int name="QTime">591</int>
            <lst name="params">
               <str name="q">PID:york?822277</str>
            </lst>
         </lst>
         <result name="response" numfound="1" start="0">
            <doc>
               <str name="PID">york:822277</str>
               <arr name="dc.creator">
                  <str>Neubauer, Kathleen</str>
                  <str>Clahsen, Harald</str>
               </arr>
               <arr name="dc.date">
                  <str>1997</str>
                  <str>2009</str>
               </arr>
               <arr name="dc.description">
                  <str>This instrument is one of three used in three small experiments (acceptability judgement, visual lexical decision and masked priming) reported in Neubauer &amp; Clashsen (2009). The three instruments are linked in IRIS.</str>
               </arr>
               <arr name="dc.identifier">
                  <str>york:822277</str>
               </arr>
               <str name="dc.title">Visual lexical decision task</str>
               <str name="dc.title.sort">Visual lexical decision task</str>
               <arr name="dc.type">
                  <str>Grammaticality judgement sentences or acceptability judgement</str>
                  <str>Receptive grammar test</str>
                  <str>Stimuli for laboratory studies (visual - verbal)</str>
                  <str>Lexical decision task</str>
                  <str>http://www.iris-database.org/Instruments</str>
               </arr>
               <arr name="dc2.creator">
                  <str>Neubauer, Kathleen</str>
                  <str>Clahsen, Harald</str>
               </arr>
               <arr name="dc2.date">
                  <str>1997</str>
                  <str>2009</str>
               </arr>
               <arr name="dc2.description">
                  <str>This instrument is one of three used in three small experiments (acceptability judgement, visual lexical decision and masked priming) reported in Neubauer &amp; Clashsen (2009). The three instruments are linked in IRIS.</str>
               </arr>
               <arr name="dc2.identifier">
                  <str>york:822277</str>
               </arr>
               <str name="dc2.title">Visual lexical decision task</str>
               <arr name="dc2.type">
                  <str>Grammaticality judgement sentences or acceptability judgement</str>
                  <str>Receptive grammar test</str>
                  <str>Stimuli for laboratory studies (visual - verbal)</str>
                  <str>Lexical decision task</str>
                  <str>http://www.iris-database.org/Instruments</str>
               </arr>
               <arr name="dc3.creator">
                  <str>Neubauer, Kathleen</str>
                  <str>Clahsen, Harald</str>
               </arr>
               <str name="dc3.title">Visual lexical decision task</str>
               <date name="fgs.createdDate">2014-05-06T17:56:54.052Z</date>
               <date name="fgs.dateCreated.sort">2014-05-06T17:56:54.052Z</date>
               <str name="fgs.label">IRIS Instrument created by YODL workflow.</str>
               <date name="fgs.lastModifiedDate">2015-04-17T13:33:30.698Z</date>
               <str name="fgs.ownerId">iris-580a9f0f-ed9e-4f5f-be7e-877243bddfd0</str>
               <str name="fgs.state">Active</str>
               <arr name="iris.email">
                  <str>harald.clahsen@uni-potsdam.de</str>
               </arr>
               <arr name="iris.feedback.count">
                  <str>0</str>
               </arr>
               <str name="iris.hasmaterials">Records with information only (materials not yet held)</str>
               <arr name="iris.instrument.author">
                  <str>Neubauer, Kathleen</str>
                  <str>Clahsen, Harald</str>
               </arr>
               <arr name="iris.instrument.instrumentType">
                  <str>Grammaticality / Acceptability judgement test</str>
                  <str>Grammar test / Morphosyntax test</str>
                  <str>Receptive</str>
                  <str>Stimuli for laboratory studies</str>
                  <str>Visual</str>
                  <str>Verbal</str>
                  <str>Lexical decision task</str>
               </arr>
               <str name="iris.instrument.instrumentType.alltypes">grammaticality / acceptability judgement test receptive verbal lexical decision task </str>
               <arr name="iris.instrument.licence">
                  <str>Attribution-NonCommercial-ShareAlike</str>
               </arr>
               <arr name="iris.instrument.linguisticTarget">
                  <str>Verbs</str>
                  <str>Morphology</str>
               </arr>
               <str name="iris.instrument.primaryInstrumentType">Stimuli for laboratory studies &gt; Visual &gt; Verbal</str>
               <arr name="iris.instrument.researchArea">
                  <str>Morphosyntax (grammar)</str>
                  <str>Acquisition</str>
                  <str>Processing</str>
                  <str>Native / Non-native</str>
               </arr>
               <arr name="iris.instrument.secondaryInstrumentType">
                  <str>Grammaticality / Acceptability judgement test</str>
                  <str>Grammar test / Morphosyntax test &gt; Receptive</str>
                  <str>Lexical decision task</str>
               </arr>
               <arr name="iris.instrument.software">
                  <str>New Experimental SetUp (NESU)</str>
               </arr>
               <arr name="iris.instrument.title">
                  <str>Visual lexical decision task</str>
               </arr>
               <arr name="iris.instrument.typeOfFile">
                  <str>Text</str>
                  <str>Software</str>
               </arr>
               <arr name="iris.participants.firstLanguage">
                  <str>Polish</str>
               </arr>
               <arr name="iris.participants.participantType">
                  <str>Foreign language learners</str>
                  <str>Native speakers</str>
               </arr>
               <arr name="iris.participants.targetLanguage">
                  <str>German</str>
               </arr>
               <arr name="iris.referenceid">
                  <str>1997_Clahsen_Eisenbeiss_Sonnenstuhl_Morphological structure and the processing of inflected words</str>
                  <str>2009_Neubauer_Clahsen_Decomposition of inflected words in a second language</str>
               </arr>
               <str name="iris.references.allauthors">Neubauer &amp; Clahsen (2009); </str>
               <arr name="iris.references.author">
                  <str>Clahsen, Harald</str>
                  <str>Eisenbeiss, S.</str>
                  <str>Sonnenstuhl, I.</str>
                  <str>Neubauer, Kathleen</str>
                  <str>Clahsen, Harald</str>
               </arr>
               <str name="iris.references.author.lastnames">clahseneisenbeisssonnenstuhlneubauerclahsen</str>
               <arr name="iris.references.author.noack">
                  <str>Neubauer, Kathleen</str>
                  <str>Clahsen, Harald</str>
               </arr>
               <arr name="iris.references.journal">
                  <str>Studies in Second Language Acquisition</str>
               </arr>
               <arr name="iris.references.publicationDate">
                  <str>1997</str>
                  <str>2009</str>
               </arr>
               <arr name="iris.references.publicationLatestDate">
                  <str>2009</str>
               </arr>
               <arr name="iris.references.publicationType">
                  <str>Journal Article</str>
                  <str>Journal Article</str>
               </arr>
               <arr name="iris2.email">
                  <str>harald.clahsen@uni-potsdam.de</str>
               </arr>
               <arr name="iris2.feedback.count">
                  <str>0</str>
               </arr>
               <str name="iris2.hasmaterials">Records with information only (materials not yet held)</str>
               <arr name="iris2.instrument.author">
                  <str>Neubauer, Kathleen</str>
                  <str>Clahsen, Harald</str>
               </arr>
               <arr name="iris2.instrument.instrumentType">
                  <str>Grammaticality / Acceptability judgement test</str>
                  <str>Grammar test / Morphosyntax test</str>
                  <str>Receptive</str>
                  <str>Stimuli for laboratory studies</str>
                  <str>Visual</str>
                  <str>Verbal</str>
                  <str>Lexical decision task</str>
               </arr>
               <str name="iris2.instrument.instrumentType.alltypes">grammaticality / acceptability judgement test receptive verbal lexical decision task </str>
               <arr name="iris2.instrument.licence">
                  <str>Attribution-NonCommercial-ShareAlike</str>
               </arr>
               <arr name="iris2.instrument.linguisticTarget">
                  <str>Verbs</str>
                  <str>Morphology</str>
               </arr>
               <str name="iris2.instrument.primaryInstrumentType">Stimuli for laboratory studies &gt; Visual &gt; Verbal</str>
               <arr name="iris2.instrument.researchArea">
                  <str>Morphosyntax (grammar)</str>
                  <str>Acquisition</str>
                  <str>Processing</str>
                  <str>Native / Non-native</str>
               </arr>
               <arr name="iris2.instrument.secondaryInstrumentType">
                  <str>Grammaticality / Acceptability judgement test</str>
                  <str>Grammar test / Morphosyntax test &gt; Receptive</str>
                  <str>Lexical decision task</str>
               </arr>
               <arr name="iris2.instrument.software">
                  <str>New Experimental SetUp (NESU)</str>
               </arr>
               <arr name="iris2.instrument.typeOfFile">
                  <str>Text</str>
                  <str>Software</str>
               </arr>
               <arr name="iris2.participants.firstLanguage">
                  <str>Polish</str>
               </arr>
               <arr name="iris2.participants.participantType">
                  <str>Foreign language learners</str>
                  <str>Native speakers</str>
               </arr>
               <arr name="iris2.participants.targetLanguage">
                  <str>German</str>
               </arr>
               <arr name="iris2.referenceid">
                  <str>1997_Clahsen_Eisenbeiss_Sonnenstuhl_Morphological structure and the processing of inflected words</str>
                  <str>2009_Neubauer_Clahsen_Decomposition of inflected words in a second language</str>
               </arr>
               <str name="iris2.references.allauthors">Neubauer &amp; Clahsen (2009); </str>
               <arr name="iris2.references.author">
                  <str>Clahsen, Harald</str>
                  <str>Eisenbeiss, S.</str>
                  <str>Sonnenstuhl, I.</str>
                  <str>Neubauer, Kathleen</str>
                  <str>Clahsen, Harald</str>
               </arr>
               <str name="iris2.references.author.lastnames">clahseneisenbeisssonnenstuhlneubauerclahsen</str>
               <arr name="iris2.references.journal">
                  <str>Studies in Second Language Acquisition</str>
               </arr>
               <arr name="iris2.references.publicationDate">
                  <str>1997</str>
                  <str>2009</str>
               </arr>
               <arr name="iris2.references.publicationLatestDate">
                  <str>2009</str>
               </arr>
               <arr name="iris2.references.publicationType">
                  <str>Journal Article</str>
                  <str>Journal Article</str>
               </arr>
               <arr name="oai_dc.dc_xsi:schemaLocation">
                  <str>http://www.openarchives.org/OAI/2.0/oai_dc/ http://www.openarchives.org/OAI/2.0/oai_dc.xsd</str>
                  <str>http://www.openarchives.org/OAI/2.0/oai_dc/ http://www.openarchives.org/OAI/2.0/oai_dc.xsd</str>
                  <str>http://www.openarchives.org/OAI/2.0/oai_dc/ http://www.openarchives.org/OAI/2.0/oai_dc.xsd</str>
                  <str>http://www.openarchives.org/OAI/2.0/oai_dc/ http://www.openarchives.org/OAI/2.0/oai_dc.xsd</str>
                  <str>http://www.openarchives.org/OAI/2.0/oai_dc/ http://www.openarchives.org/OAI/2.0/oai_dc.xsd</str>
               </arr>
            </doc>
         </result>
      </response>
   </solr>
   <files/>
</record>
