<?xml version="1.0" encoding="ISO-8859-1"?>

<record pid="york:847577">
   <solr>
      <response>
         <lst name="responseHeader">
            <int name="status">0</int>
            <int name="QTime">1211</int>
            <lst name="params">
               <str name="q">PID:york?847577</str>
            </lst>
         </lst>
         <result name="response" numfound="1" start="0">
            <doc>
               <str name="PID">york:847577</str>
               <arr name="dc.creator">
                  <str>Nakai, Satsuki</str>
                  <str>Lindsay, Shane</str>
                  <str>Ota, Mitsuhiko</str>
               </arr>
               <arr name="dc.date">
                  <str>2015</str>
               </arr>
               <arr name="dc.description">
                  <str>The records for the auditory phoneme monitoring tasks (1. screening and follow-up stages and 2. word learning experiment stage); stem completion task; lexical decision task and vocabulary test used in this study are all linked in IRIS.</str>
               </arr>
               <arr name="dc.identifier">
                  <str>york:847577</str>
               </arr>
               <str name="dc.title">Phoneme monitoring task: word learning experiment phase</str>
               <str name="dc.title.sort">Phoneme monitoring task: word learning experiment phase</str>
               <arr name="dc.type">
                  <str>Instructional material / Intervention activities / Teaching activities</str>
                  <str>Identification task</str>
                  <str>http://www.iris-database.org/Instruments</str>
               </arr>
               <arr name="dc2.creator">
                  <str>Nakai, Satsuki</str>
                  <str>Lindsay, Shane</str>
                  <str>Ota, Mitsuhiko</str>
               </arr>
               <arr name="dc2.date">
                  <str>2015</str>
               </arr>
               <arr name="dc2.description">
                  <str>The records for the auditory phoneme monitoring tasks (1. screening and follow-up stages and 2. word learning experiment stage); stem completion task; lexical decision task and vocabulary test used in this study are all linked in IRIS.</str>
               </arr>
               <arr name="dc2.identifier">
                  <str>york:847577</str>
               </arr>
               <str name="dc2.title">Phoneme monitoring task: word learning experiment phase</str>
               <arr name="dc2.type">
                  <str>Instructional material / Intervention activities / Teaching activities</str>
                  <str>Identification task</str>
                  <str>http://www.iris-database.org/Instruments</str>
               </arr>
               <arr name="dc3.creator">
                  <str>Nakai, Satsuki</str>
                  <str>Lindsay, Shane</str>
                  <str>Ota, Mitsuhiko</str>
               </arr>
               <str name="dc3.title">Phoneme monitoring task: word learning experiment phase</str>
               <date name="fgs.createdDate">2015-01-24T14:15:25.009Z</date>
               <date name="fgs.dateCreated.sort">2015-01-24T14:15:25.009Z</date>
               <str name="fgs.label">IRIS Instrument created by YODL workflow.</str>
               <date name="fgs.lastModifiedDate">2015-01-24T14:15:33.173Z</date>
               <str name="fgs.ownerId">iris-580a9f0f-ed9e-4f5f-be7e-877243bddfd0</str>
               <str name="fgs.state">Active</str>
               <arr name="iris.email">
                  <str>satsuki@ovod.net</str>
               </arr>
               <arr name="iris.feedback.count">
                  <str>0</str>
               </arr>
               <str name="iris.hasmaterials">Records with information only (materials not yet held)</str>
               <arr name="iris.instrument.author">
                  <str>Nakai, Satsuki</str>
                  <str>Lindsay, Shane</str>
                  <str>Ota, Mitsuhiko</str>
               </arr>
               <arr name="iris.instrument.instrumentType">
                  <str>Instructional / Intervention / Teaching / Training materials</str>
                  <str>Speech perception / rating</str>
                  <str>Identification task</str>
               </arr>
               <str name="iris.instrument.instrumentType.alltypes">instructional / intervention / teaching / training materials identification task </str>
               <arr name="iris.instrument.licence">
                  <str>Attribution-NonCommercial-ShareAlike</str>
               </arr>
               <str name="iris.instrument.primaryInstrumentType">Instructional / Intervention / Teaching / Training materials</str>
               <arr name="iris.instrument.researchArea">
                  <str>Acquisition</str>
                  <str>Phonology</str>
                  <str>Lexicon (vocabulary)</str>
                  <str>Cross-linguistic influence</str>
               </arr>
               <arr name="iris.instrument.secondaryInstrumentType">
                  <str>Speech perception / rating &gt; Identification task</str>
               </arr>
               <arr name="iris.instrument.software">
                  <str>DMDX</str>
               </arr>
               <arr name="iris.instrument.title">
                  <str>Phoneme monitoring task: word learning experiment phase</str>
               </arr>
               <arr name="iris.instrument.typeOfFile">
                  <str>Software</str>
               </arr>
               <arr name="iris.participants.firstLanguage">
                  <str>Greek</str>
                  <str>Japanese</str>
                  <str>English</str>
               </arr>
               <arr name="iris.participants.participantType">
                  <str>Foreign language learners</str>
                  <str>Native speakers</str>
               </arr>
               <arr name="iris.participants.targetLanguage">
                  <str>English</str>
               </arr>
               <arr name="iris.referenceid">
                  <str>2015_Nakai_Lindsay_Ota_A prerequiite to L1 homophone effects in L2 spoken-word recognition</str>
               </arr>
               <str name="iris.references.allauthors">Nakai, Lindsay, et al. (2015)</str>
               <arr name="iris.references.author">
                  <str>Nakai, Satsuki</str>
                  <str>Lindsay, Shane</str>
                  <str>Ota, Mitsuhiko</str>
               </arr>
               <str name="iris.references.author.lastnames">nakailindsayota</str>
               <arr name="iris.references.author.noack">
                  <str>Nakai, Satsuki</str>
                  <str>Lindsay, Shane</str>
                  <str>Ota, Mitsuhiko</str>
               </arr>
               <arr name="iris.references.journal">
                  <str>Second Language Research</str>
               </arr>
               <arr name="iris.references.publicationDate">
                  <str>2015</str>
               </arr>
               <arr name="iris.references.publicationLatestDate">
                  <str>2015</str>
               </arr>
               <arr name="iris.references.publicationType">
                  <str>Journal Article</str>
               </arr>
               <arr name="iris2.email">
                  <str>satsuki@ovod.net</str>
               </arr>
               <arr name="iris2.feedback.count">
                  <str>0</str>
               </arr>
               <str name="iris2.hasmaterials">Records with information only (materials not yet held)</str>
               <arr name="iris2.instrument.author">
                  <str>Nakai, Satsuki</str>
                  <str>Lindsay, Shane</str>
                  <str>Ota, Mitsuhiko</str>
               </arr>
               <arr name="iris2.instrument.instrumentType">
                  <str>Instructional / Intervention / Teaching / Training materials</str>
                  <str>Speech perception / rating</str>
                  <str>Identification task</str>
               </arr>
               <str name="iris2.instrument.instrumentType.alltypes">instructional / intervention / teaching / training materials identification task </str>
               <arr name="iris2.instrument.licence">
                  <str>Attribution-NonCommercial-ShareAlike</str>
               </arr>
               <str name="iris2.instrument.primaryInstrumentType">Instructional / Intervention / Teaching / Training materials</str>
               <arr name="iris2.instrument.researchArea">
                  <str>Acquisition</str>
                  <str>Phonology</str>
                  <str>Lexicon (vocabulary)</str>
                  <str>Cross-linguistic influence</str>
               </arr>
               <arr name="iris2.instrument.secondaryInstrumentType">
                  <str>Speech perception / rating &gt; Identification task</str>
               </arr>
               <arr name="iris2.instrument.software">
                  <str>DMDX</str>
               </arr>
               <arr name="iris2.instrument.typeOfFile">
                  <str>Software</str>
               </arr>
               <arr name="iris2.participants.firstLanguage">
                  <str>Greek</str>
                  <str>Japanese</str>
                  <str>English</str>
               </arr>
               <arr name="iris2.participants.participantType">
                  <str>Foreign language learners</str>
                  <str>Native speakers</str>
               </arr>
               <arr name="iris2.participants.targetLanguage">
                  <str>English</str>
               </arr>
               <arr name="iris2.referenceid">
                  <str>2015_Nakai_Lindsay_Ota_A prerequiite to L1 homophone effects in L2 spoken-word recognition</str>
               </arr>
               <str name="iris2.references.allauthors">Nakai, Lindsay, et al. (2015)</str>
               <arr name="iris2.references.author">
                  <str>Nakai, Satsuki</str>
                  <str>Lindsay, Shane</str>
                  <str>Ota, Mitsuhiko</str>
               </arr>
               <str name="iris2.references.author.lastnames">nakailindsayota</str>
               <arr name="iris2.references.journal">
                  <str>Second Language Research</str>
               </arr>
               <arr name="iris2.references.publicationDate">
                  <str>2015</str>
               </arr>
               <arr name="iris2.references.publicationLatestDate">
                  <str>2015</str>
               </arr>
               <arr name="iris2.references.publicationType">
                  <str>Journal Article</str>
               </arr>
               <arr name="oai_dc.dc_xsi:schemaLocation">
                  <str>http://www.openarchives.org/OAI/2.0/oai_dc/ http://www.openarchives.org/OAI/2.0/oai_dc.xsd</str>
                  <str>http://www.openarchives.org/OAI/2.0/oai_dc/ http://www.openarchives.org/OAI/2.0/oai_dc.xsd</str>
               </arr>
            </doc>
         </result>
      </response>
   </solr>
   <files/>
</record>
