<?xml version="1.0" encoding="ISO-8859-1"?>

<record pid="york:790119">
   <solr>
      <response>
         <lst name="responseHeader">
            <int name="status">0</int>
            <int name="QTime">588</int>
            <lst name="params">
               <str name="q">PID:york?790119</str>
            </lst>
         </lst>
         <result name="response" numfound="1" start="0">
            <doc>
               <str name="PID">york:790119</str>
               <arr name="dc.creator">
                  <str>Hawkins, Roger</str>
                  <str>Casillas, Gabriela</str>
               </arr>
               <arr name="dc.date">
                  <str>2008</str>
               </arr>
               <arr name="dc.description">
                  <str>This is a resource from IRIS, a collection of instruments, materials and stimuli used to elicit data for research into second and foreign languages.</str>
               </arr>
               <arr name="dc.relation">
                  <str>Casillas, G., and Hawkins, R. (2008). Explaining frequency of verb morphology in early L2 speech. Lingua, 118(4). 595-612</str>
               </arr>
               <arr name="dc.rights">
                  <str>http://creativecommons.org/licenses/by-nc-sa/3.0/</str>
               </arr>
               <arr name="dc.source">
                  <str>http://www.iris-database.org/iris/app/home/detail?id=york:790119</str>
               </arr>
               <str name="dc.title">Hawkins; Casillas: Elicited oral production</str>
               <str name="dc.title.sort">Hawkins; Casillas: Elicited oral production</str>
               <arr name="dc.type">
                  <str>http://www.iris-database.org/Instruments</str>
               </arr>
               <arr name="dc2.creator">
                  <str>Hawkins, Roger</str>
                  <str>Casillas, Gabriela</str>
               </arr>
               <arr name="dc2.date">
                  <str>2008</str>
               </arr>
               <arr name="dc2.description">
                  <str>This is a resource from IRIS, a collection of instruments, materials and stimuli used to elicit data for research into second and foreign languages.</str>
               </arr>
               <arr name="dc2.relation">
                  <str>Casillas, G., and Hawkins, R. (2008). Explaining frequency of verb morphology in early L2 speech. Lingua, 118(4). 595-612</str>
               </arr>
               <arr name="dc2.rights">
                  <str>http://creativecommons.org/licenses/by-nc-sa/3.0/</str>
               </arr>
               <arr name="dc2.source">
                  <str>http://www.iris-database.org/iris/app/home/detail?id=york:790119</str>
               </arr>
               <str name="dc2.title">Hawkins; Casillas: Elicited oral production</str>
               <arr name="dc2.type">
                  <str>http://www.iris-database.org/Instruments</str>
               </arr>
               <arr name="dc3.creator">
                  <str>Hawkins, Roger</str>
                  <str>Casillas, Gabriela</str>
               </arr>
               <str name="dc3.title">Hawkins; Casillas: Elicited oral production</str>
               <date name="fgs.createdDate">2012-02-22T11:50:36.618Z</date>
               <date name="fgs.dateCreated.sort">2012-02-22T11:50:36.618Z</date>
               <str name="fgs.label">IRIS Instrument created by YODL workflow.</str>
               <date name="fgs.lastModifiedDate">2016-05-02T16:23:36.77Z</date>
               <str name="fgs.ownerId">fedoraAdmin</str>
               <str name="fgs.state">Active</str>
               <arr name="iris.email">
                  <str>roghawk@essex.ac.uk</str>
               </arr>
               <arr name="iris.feedback.count">
                  <str>2</str>
               </arr>
               <arr name="iris.feedback.email_1">
                  <str>padraig.oduibhir@spd.dcu.ie</str>
               </arr>
               <arr name="iris.feedback.email_2">
                  <str>padraig.oduibhir@spd.dcu.ie</str>
               </arr>
               <arr name="iris.feedback.published_1">
                  <str>false</str>
               </arr>
               <arr name="iris.feedback.published_2">
                  <str>false</str>
               </arr>
               <arr name="iris.feedback.time_1">
                  <str>19 Jul 2013 12:00:23 GMT</str>
               </arr>
               <arr name="iris.feedback.time_2">
                  <str>19 Jul 2013 12:00:36 GMT</str>
               </arr>
               <str name="iris.hasmaterials">Records with materials</str>
               <arr name="iris.instrument.author">
                  <str>Hawkins, Roger</str>
                  <str>Casillas, Gabriela</str>
               </arr>
               <arr name="iris.instrument.dataType">
                  <str>Oral production</str>
               </arr>
               <arr name="iris.instrument.instrumentType">
                  <str>Elicited oral production</str>
               </arr>
               <str name="iris.instrument.instrumentType.alltypes">elicited oral production</str>
               <arr name="iris.instrument.licence">
                  <str>Attribution-NonCommercial-ShareAlike</str>
               </arr>
               <arr name="iris.instrument.linguisticTarget">
                  <str>Morphosyntax (grammar)</str>
                  <str>Aspect</str>
                  <str>Case</str>
                  <str>Determiners</str>
                  <str>Gender</str>
                  <str>Number</str>
                  <str>Tense</str>
               </arr>
               <str name="iris.instrument.primaryInstrumentType">Elicited oral production</str>
               <arr name="iris.instrument.researchArea">
                  <str>Morphosyntax (grammar)</str>
               </arr>
               <arr name="iris.instrument.sourceLanguage">
                  <str>English</str>
               </arr>
               <arr name="iris.instrument.typeOfFile">
                  <str>Text</str>
               </arr>
               <arr name="iris.participants.firstLanguage">
                  <str>Chinese</str>
                  <str>Spanish</str>
               </arr>
               <arr name="iris.participants.gender">
                  <str>mixed</str>
               </arr>
               <arr name="iris.participants.participantType">
                  <str>Foreign language learners</str>
                  <str>Second language learners</str>
               </arr>
               <arr name="iris.participants.proficiencyLearner">
                  <str>Pre-intermediate</str>
                  <str>CFER - Basic Speaker (Waystage or Elementary)</str>
                  <str>Oxford Placement Test - Basic speaker (Waystage or Elementary)</str>
               </arr>
               <arr name="iris.participants.targetLanguage">
                  <str>English</str>
               </arr>
               <arr name="iris.referenceid">
                  <str>2008_Casillas_Hawkins_Explaining frequency of verb morphology in early L2 speech</str>
                  <str>1991_Bock_Miller_Broken agreement</str>
               </arr>
               <str name="iris.references.allauthors">Casillas &amp; Hawkins (2008); </str>
               <arr name="iris.references.author">
                  <str>Casillas, Gabriela</str>
                  <str>Hawkins, Roger</str>
                  <str>Bock, Kathryn</str>
                  <str>Miller, Carol</str>
               </arr>
               <str name="iris.references.author.lastnames">casillashawkinsbockmiller</str>
               <arr name="iris.references.author.noack">
                  <str>Casillas, Gabriela</str>
                  <str>Hawkins, Roger</str>
               </arr>
               <arr name="iris.references.journal">
                  <str>Lingua</str>
               </arr>
               <arr name="iris.references.publicationDate">
                  <str>2008</str>
                  <str>1991</str>
               </arr>
               <arr name="iris.references.publicationLatestDate">
                  <str>2008</str>
               </arr>
               <arr name="iris.references.publicationType">
                  <str>Journal Article</str>
                  <str>Journal Article</str>
               </arr>
               <arr name="iris2.email">
                  <str>roghawk@essex.ac.uk</str>
               </arr>
               <arr name="iris2.feedback.count">
                  <str>2</str>
               </arr>
               <arr name="iris2.feedback.email_1">
                  <str>padraig.oduibhir@spd.dcu.ie</str>
               </arr>
               <arr name="iris2.feedback.email_2">
                  <str>padraig.oduibhir@spd.dcu.ie</str>
               </arr>
               <arr name="iris2.feedback.published_1">
                  <str>false</str>
               </arr>
               <arr name="iris2.feedback.published_2">
                  <str>false</str>
               </arr>
               <arr name="iris2.feedback.time_1">
                  <str>19 Jul 2013 12:00:23 GMT</str>
               </arr>
               <arr name="iris2.feedback.time_2">
                  <str>19 Jul 2013 12:00:36 GMT</str>
               </arr>
               <str name="iris2.hasmaterials">Records with materials</str>
               <arr name="iris2.instrument.author">
                  <str>Hawkins, Roger</str>
                  <str>Casillas, Gabriela</str>
               </arr>
               <arr name="iris2.instrument.dataType">
                  <str>Oral production</str>
               </arr>
               <arr name="iris2.instrument.instrumentType">
                  <str>Elicited oral production</str>
               </arr>
               <str name="iris2.instrument.instrumentType.alltypes">elicited oral production</str>
               <arr name="iris2.instrument.licence">
                  <str>Attribution-NonCommercial-ShareAlike</str>
               </arr>
               <arr name="iris2.instrument.linguisticTarget">
                  <str>Morphosyntax (grammar)</str>
                  <str>Aspect</str>
                  <str>Case</str>
                  <str>Determiners</str>
                  <str>Gender</str>
                  <str>Number</str>
                  <str>Tense</str>
               </arr>
               <str name="iris2.instrument.primaryInstrumentType">Elicited oral production</str>
               <arr name="iris2.instrument.researchArea">
                  <str>Morphosyntax (grammar)</str>
               </arr>
               <arr name="iris2.instrument.sourceLanguage">
                  <str>English</str>
               </arr>
               <arr name="iris2.instrument.typeOfFile">
                  <str>Text</str>
               </arr>
               <arr name="iris2.participants.firstLanguage">
                  <str>Chinese</str>
                  <str>Spanish</str>
               </arr>
               <arr name="iris2.participants.gender">
                  <str>mixed</str>
               </arr>
               <arr name="iris2.participants.participantType">
                  <str>Foreign language learners</str>
                  <str>Second language learners</str>
               </arr>
               <arr name="iris2.participants.proficiencyLearner">
                  <str>Pre-intermediate</str>
                  <str>CFER - Basic Speaker (Waystage or Elementary)</str>
                  <str>Oxford Placement Test - Basic speaker (Waystage or Elementary)</str>
               </arr>
               <arr name="iris2.participants.targetLanguage">
                  <str>English</str>
               </arr>
               <arr name="iris2.referenceid">
                  <str>2008_Casillas_Hawkins_Explaining frequency of verb morphology in early L2 speech</str>
                  <str>1991_Bock_Miller_Broken agreement</str>
               </arr>
               <str name="iris2.references.allauthors">Casillas &amp; Hawkins (2008); </str>
               <arr name="iris2.references.author">
                  <str>Casillas, Gabriela</str>
                  <str>Hawkins, Roger</str>
                  <str>Bock, Kathryn</str>
                  <str>Miller, Carol</str>
               </arr>
               <str name="iris2.references.author.lastnames">casillashawkinsbockmiller</str>
               <arr name="iris2.references.journal">
                  <str>Lingua</str>
               </arr>
               <arr name="iris2.references.publicationDate">
                  <str>2008</str>
                  <str>1991</str>
               </arr>
               <arr name="iris2.references.publicationLatestDate">
                  <str>2008</str>
               </arr>
               <arr name="iris2.references.publicationType">
                  <str>Journal Article</str>
                  <str>Journal Article</str>
               </arr>
               <arr name="oai_dc.dc_xsi:schemaLocation">
                  <str>http://www.openarchives.org/OAI/2.0/oai_dc/ http://www.openarchives.org/OAI/2.0/oai_dc.xsd</str>
               </arr>
            </doc>
         </result>
      </response>
   </solr>
   <files>
      <file id="INSTRUMENT" mime="application/msword" url="http://www.iris-database.org/iris/api/resource/york:790119/asset/INSTRUMENT?download=true"/>
   </files>
</record>
