<?xml version="1.0" encoding="ISO-8859-1"?>

<record pid="york:841158">
   <solr>
      <response>
         <lst name="responseHeader">
            <int name="status">0</int>
            <int name="QTime">795</int>
            <lst name="params">
               <str name="q">PID:york?841158</str>
            </lst>
         </lst>
         <result name="response" numfound="1" start="0">
            <doc>
               <str name="PID">york:841158</str>
               <arr name="dc.creator">
                  <str>Saito, Kazuya</str>
                  <str>Wu, Xianghua</str>
               </arr>
               <arr name="dc.date">
                  <str>2014</str>
               </arr>
               <arr name="dc.description">
                  <str>The training materials and pre/post test used in this study are linked in IRIS. During the training sessions, the same cards were used for the listening game, reading game, guessing game, story-creating game and fluency development.</str>
               </arr>
               <arr name="dc.identifier">
                  <str>york:841158</str>
               </arr>
               <str name="dc.title">Pre/Post tone-identification test</str>
               <str name="dc.title.sort">Pre/Post tone-identification test</str>
               <arr name="dc.type">
                  <str>Listening test</str>
                  <str>Speech Perception</str>
                  <str>http://www.iris-database.org/Instruments</str>
               </arr>
               <arr name="dc2.creator">
                  <str>Saito, Kazuya</str>
                  <str>Wu, Xianghua</str>
               </arr>
               <arr name="dc2.date">
                  <str>2014</str>
               </arr>
               <arr name="dc2.description">
                  <str>The training materials and pre/post test used in this study are linked in IRIS. During the training sessions, the same cards were used for the listening game, reading game, guessing game, story-creating game and fluency development.</str>
               </arr>
               <arr name="dc2.identifier">
                  <str>york:841158</str>
               </arr>
               <str name="dc2.title">Pre/Post tone-identification test</str>
               <arr name="dc2.type">
                  <str>Listening test</str>
                  <str>Speech Perception</str>
                  <str>http://www.iris-database.org/Instruments</str>
               </arr>
               <arr name="dc3.creator">
                  <str>Saito, Kazuya</str>
                  <str>Wu, Xianghua</str>
               </arr>
               <str name="dc3.title">Pre/Post tone-identification test</str>
               <date name="fgs.createdDate">2014-12-10T12:51:56.292Z</date>
               <date name="fgs.dateCreated.sort">2014-12-10T12:51:56.292Z</date>
               <str name="fgs.label">IRIS Instrument created by YODL workflow.</str>
               <date name="fgs.lastModifiedDate">2016-02-01T11:44:27.186Z</date>
               <str name="fgs.ownerId">iris-580a9f0f-ed9e-4f5f-be7e-877243bddfd0</str>
               <str name="fgs.state">Active</str>
               <arr name="iris.email">
                  <str>kazuya.saito@waseda.jp</str>
               </arr>
               <arr name="iris.feedback.count">
                  <str>0</str>
               </arr>
               <str name="iris.hasmaterials">Records with materials</str>
               <arr name="iris.instrument.author">
                  <str>Saito, Kazuya</str>
                  <str>Wu, Xianghua</str>
               </arr>
               <arr name="iris.instrument.instrumentType">
                  <str>Listening / Aural test</str>
                  <str>Speech perception / rating</str>
               </arr>
               <str name="iris.instrument.instrumentType.alltypes">listening / aural test speech perception / rating </str>
               <arr name="iris.instrument.licence">
                  <str>Attribution-NonCommercial-ShareAlike</str>
               </arr>
               <str name="iris.instrument.primaryInstrumentType">Speech perception / rating</str>
               <arr name="iris.instrument.researchArea">
                  <str>Effectiveness of teaching</str>
                  <str>Error correction / Corrective feedback</str>
                  <str>Phonology</str>
                  <str>Pronunciation</str>
                  <str>Speaking / Oral production</str>
                  <str>Teaching methods (style, approach, technique)</str>
               </arr>
               <arr name="iris.instrument.secondaryInstrumentType">
                  <str>Listening / Aural test</str>
               </arr>
               <arr name="iris.instrument.title">
                  <str>Pre/Post tone-identification test</str>
               </arr>
               <arr name="iris.instrument.typeOfFile">
                  <str>Sound</str>
                  <str>Text</str>
               </arr>
               <arr name="iris.participants.firstLanguage">
                  <str>Chinese</str>
                  <str>English</str>
               </arr>
               <arr name="iris.participants.participantType">
                  <str>Foreign language learners</str>
                  <str/>
               </arr>
               <arr name="iris.participants.proficiencyLearner">
                  <str>Near beginner</str>
                  <str>Pre-intermediate</str>
                  <str>Intermediate</str>
               </arr>
               <arr name="iris.participants.targetLanguage">
                  <str>Chinese</str>
               </arr>
               <arr name="iris.referenceid">
                  <str>2014_Saito_Xianghua_Communicative focus on form and second language suprasegmental learning: Teaching Cantonese learners to perceive Mandarin tones</str>
               </arr>
               <str name="iris.references.allauthors">Saito &amp; Xianghua (2014)</str>
               <arr name="iris.references.author">
                  <str>Saito, Kazuya</str>
                  <str>Xianghua, Wu</str>
               </arr>
               <str name="iris.references.author.lastnames">saitoxianghua</str>
               <arr name="iris.references.author.noack">
                  <str>Saito, Kazuya</str>
                  <str>Xianghua, Wu</str>
               </arr>
               <arr name="iris.references.journal">
                  <str>Studies in Second Language Acquisition</str>
               </arr>
               <arr name="iris.references.publicationDate">
                  <str>2014</str>
               </arr>
               <arr name="iris.references.publicationLatestDate">
                  <str>2014</str>
               </arr>
               <arr name="iris.references.publicationType">
                  <str>Journal Article</str>
               </arr>
               <arr name="iris2.email">
                  <str>kazuya.saito@waseda.jp</str>
               </arr>
               <arr name="iris2.feedback.count">
                  <str>0</str>
               </arr>
               <str name="iris2.hasmaterials">Records with materials</str>
               <arr name="iris2.instrument.author">
                  <str>Saito, Kazuya</str>
                  <str>Wu, Xianghua</str>
               </arr>
               <arr name="iris2.instrument.instrumentType">
                  <str>Listening / Aural test</str>
                  <str>Speech perception / rating</str>
               </arr>
               <str name="iris2.instrument.instrumentType.alltypes">listening / aural test speech perception / rating </str>
               <arr name="iris2.instrument.licence">
                  <str>Attribution-NonCommercial-ShareAlike</str>
               </arr>
               <str name="iris2.instrument.primaryInstrumentType">Speech perception / rating</str>
               <arr name="iris2.instrument.researchArea">
                  <str>Effectiveness of teaching</str>
                  <str>Error correction / Corrective feedback</str>
                  <str>Phonology</str>
                  <str>Pronunciation</str>
                  <str>Speaking / Oral production</str>
                  <str>Teaching methods (style, approach, technique)</str>
               </arr>
               <arr name="iris2.instrument.secondaryInstrumentType">
                  <str>Listening / Aural test</str>
               </arr>
               <arr name="iris2.instrument.typeOfFile">
                  <str>Sound</str>
                  <str>Text</str>
               </arr>
               <arr name="iris2.participants.firstLanguage">
                  <str>Chinese</str>
                  <str>English</str>
               </arr>
               <arr name="iris2.participants.participantType">
                  <str>Foreign language learners</str>
                  <str/>
               </arr>
               <arr name="iris2.participants.proficiencyLearner">
                  <str>Near beginner</str>
                  <str>Pre-intermediate</str>
                  <str>Intermediate</str>
               </arr>
               <arr name="iris2.participants.targetLanguage">
                  <str>Chinese</str>
               </arr>
               <arr name="iris2.referenceid">
                  <str>2014_Saito_Xianghua_Communicative focus on form and second language suprasegmental learning: Teaching Cantonese learners to perceive Mandarin tones</str>
               </arr>
               <str name="iris2.references.allauthors">Saito &amp; Xianghua (2014)</str>
               <arr name="iris2.references.author">
                  <str>Saito, Kazuya</str>
                  <str>Xianghua, Wu</str>
               </arr>
               <str name="iris2.references.author.lastnames">saitoxianghua</str>
               <arr name="iris2.references.journal">
                  <str>Studies in Second Language Acquisition</str>
               </arr>
               <arr name="iris2.references.publicationDate">
                  <str>2014</str>
               </arr>
               <arr name="iris2.references.publicationLatestDate">
                  <str>2014</str>
               </arr>
               <arr name="iris2.references.publicationType">
                  <str>Journal Article</str>
               </arr>
               <arr name="oai_dc.dc_xsi:schemaLocation">
                  <str>http://www.openarchives.org/OAI/2.0/oai_dc/ http://www.openarchives.org/OAI/2.0/oai_dc.xsd</str>
                  <str>http://www.openarchives.org/OAI/2.0/oai_dc/ http://www.openarchives.org/OAI/2.0/oai_dc.xsd</str>
               </arr>
            </doc>
         </result>
      </response>
   </solr>
   <files>
      <file id="INSTRUMENT" mime="application/vnd.openxmlformats-officedocument.wordprocessingml.document" url="http://www.iris-database.org/iris/api/resource/york:841158/asset/INSTRUMENT?download=true"/>
      <file id="INSTRUMENT1" mime="application/vnd.openxmlformats-officedocument.wordprocessingml.document" url="http://www.iris-database.org/iris/api/resource/york:841158/asset/INSTRUMENT1?download=true"/>
      <file id="INSTRUMENT2" mime="application/vnd.openxmlformats-officedocument.spreadsheetml.sheet" url="http://www.iris-database.org/iris/api/resource/york:841158/asset/INSTRUMENT2?download=true"/>
      <file id="INSTRUMENT3" mime="application/vnd.openxmlformats-officedocument.spreadsheetml.sheet" url="http://www.iris-database.org/iris/api/resource/york:841158/asset/INSTRUMENT3?download=true"/>
   </files>
</record>
