<?xml version="1.0" encoding="ISO-8859-1"?>

<record pid="york:838968">
   <solr>
      <response>
         <lst name="responseHeader">
            <int name="status">0</int>
            <int name="QTime">527</int>
            <lst name="params">
               <str name="q">PID:york?838968</str>
            </lst>
         </lst>
         <result name="response" numfound="1" start="0">
            <doc>
               <str name="PID">york:838968</str>
               <arr name="dc.creator">
                  <str>Grey, Sarah</str>
                  <str>Williams, J</str>
                  <str>Rebuschat, Patrick</str>
               </arr>
               <arr name="dc.date">
                  <str>2014</str>
                  <str>2008</str>
               </arr>
               <arr name="dc.description">
                  <str>The exposure task and the assessment tasks used in this study are linked in IRIS.</str>
               </arr>
               <arr name="dc.identifier">
                  <str>york:838968</str>
               </arr>
               <str name="dc.title">Japlish Exposure Task</str>
               <str name="dc.title.sort">Japlish Exposure Task</str>
               <arr name="dc.type">
                  <str>Grammaticality judgement sentences or acceptability judgement</str>
                  <str>Instructional material / Intervention activities / Teaching activities</str>
                  <str>http://www.iris-database.org/Instruments</str>
               </arr>
               <arr name="dc2.creator">
                  <str>Grey, Sarah</str>
                  <str>Williams, J</str>
                  <str>Rebuschat, Patrick</str>
               </arr>
               <arr name="dc2.date">
                  <str>2014</str>
                  <str>2008</str>
               </arr>
               <arr name="dc2.description">
                  <str>The exposure task and the assessment tasks used in this study are linked in IRIS.</str>
               </arr>
               <arr name="dc2.identifier">
                  <str>york:838968</str>
               </arr>
               <str name="dc2.title">Japlish Exposure Task</str>
               <arr name="dc2.type">
                  <str>Grammaticality judgement sentences or acceptability judgement</str>
                  <str>Instructional material / Intervention activities / Teaching activities</str>
                  <str>http://www.iris-database.org/Instruments</str>
               </arr>
               <arr name="dc3.creator">
                  <str>Grey, Sarah</str>
                  <str>Williams, J</str>
                  <str>Rebuschat, Patrick</str>
               </arr>
               <str name="dc3.title">Japlish Exposure Task</str>
               <date name="fgs.createdDate">2014-12-03T15:31:28.908Z</date>
               <date name="fgs.dateCreated.sort">2014-12-03T15:31:28.908Z</date>
               <str name="fgs.label">IRIS Instrument created by YODL workflow.</str>
               <date name="fgs.lastModifiedDate">2016-05-19T13:53:59.425Z</date>
               <str name="fgs.ownerId">iris-580a9f0f-ed9e-4f5f-be7e-877243bddfd0</str>
               <str name="fgs.state">Active</str>
               <arr name="iris.email">
                  <str>seg24@psu.edu</str>
               </arr>
               <arr name="iris.feedback.count">
                  <str>0</str>
               </arr>
               <str name="iris.hasmaterials">Records with materials</str>
               <arr name="iris.instrument.author">
                  <str>Grey, Sarah</str>
                  <str>Williams, J</str>
                  <str>Rebuschat, Patrick</str>
               </arr>
               <arr name="iris.instrument.instrumentType">
                  <str>Grammaticality / Acceptability judgement test</str>
                  <str>Instructional / Intervention / Teaching / Training materials</str>
               </arr>
               <str name="iris.instrument.instrumentType.alltypes">grammaticality / acceptability judgement test instructional / intervention / teaching / training materials </str>
               <arr name="iris.instrument.licence">
                  <str>Attribution-NonCommercial-ShareAlike</str>
               </arr>
               <arr name="iris.instrument.linguisticTarget">
                  <str>Case</str>
                  <str>Syntax</str>
               </arr>
               <str name="iris.instrument.primaryInstrumentType">Grammaticality / Acceptability judgement test</str>
               <arr name="iris.instrument.researchArea">
                  <str>Acquisition</str>
                  <str>Morphosyntax (grammar)</str>
                  <str>Implicit learning</str>
               </arr>
               <arr name="iris.instrument.secondaryInstrumentType">
                  <str>Instructional / Intervention / Teaching / Training materials</str>
               </arr>
               <arr name="iris.instrument.software">
                  <str>SuperLab</str>
               </arr>
               <arr name="iris.instrument.title">
                  <str>Japlish Exposure Task</str>
               </arr>
               <arr name="iris.instrument.typeOfFile">
                  <str>Software</str>
                  <str>Sound</str>
               </arr>
               <arr name="iris.participants.firstLanguage">
                  <str>English</str>
               </arr>
               <arr name="iris.participants.participantType">
                  <str/>
                  <str>Artificial language learners</str>
                  <str>Foreign language learners</str>
               </arr>
               <arr name="iris.participants.targetLanguage">
                  <str>Artificial language</str>
               </arr>
               <arr name="iris.referenceid">
                  <str>2014_Grey_Williams_Rebuschat_Incidental exposure and L3 learning of morphosyntax</str>
                  <str>2008_Williams_Kuribara_Comparing a nativist and emergentist approach to the initial stage of SLA: An investigation of Japanese scrambling</str>
               </arr>
               <str name="iris.references.allauthors">Grey, Williams, et al. (2014); </str>
               <arr name="iris.references.author">
                  <str>Grey, Sarah</str>
                  <str>Williams, J</str>
                  <str>Rebuschat, Patrick</str>
                  <str>Williams, J</str>
                  <str>Kuribara, C.</str>
               </arr>
               <str name="iris.references.author.lastnames">greywilliamsrebuschatwilliamskuribara</str>
               <arr name="iris.references.author.noack">
                  <str>Grey, Sarah</str>
                  <str>Williams, J</str>
                  <str>Rebuschat, Patrick</str>
               </arr>
               <arr name="iris.references.journal">
                  <str>Studies in Second Language Acquisition</str>
               </arr>
               <arr name="iris.references.publicationDate">
                  <str>2014</str>
                  <str>2008</str>
               </arr>
               <arr name="iris.references.publicationLatestDate">
                  <str>2014</str>
               </arr>
               <arr name="iris.references.publicationType">
                  <str>Journal Article</str>
                  <str>Journal Article</str>
               </arr>
               <arr name="iris2.email">
                  <str>seg24@psu.edu</str>
               </arr>
               <arr name="iris2.feedback.count">
                  <str>0</str>
               </arr>
               <str name="iris2.hasmaterials">Records with materials</str>
               <arr name="iris2.instrument.author">
                  <str>Grey, Sarah</str>
                  <str>Williams, J</str>
                  <str>Rebuschat, Patrick</str>
               </arr>
               <arr name="iris2.instrument.instrumentType">
                  <str>Grammaticality / Acceptability judgement test</str>
                  <str>Instructional / Intervention / Teaching / Training materials</str>
               </arr>
               <str name="iris2.instrument.instrumentType.alltypes">grammaticality / acceptability judgement test instructional / intervention / teaching / training materials </str>
               <arr name="iris2.instrument.licence">
                  <str>Attribution-NonCommercial-ShareAlike</str>
               </arr>
               <arr name="iris2.instrument.linguisticTarget">
                  <str>Case</str>
                  <str>Syntax</str>
               </arr>
               <str name="iris2.instrument.primaryInstrumentType">Grammaticality / Acceptability judgement test</str>
               <arr name="iris2.instrument.researchArea">
                  <str>Acquisition</str>
                  <str>Morphosyntax (grammar)</str>
                  <str>Implicit learning</str>
               </arr>
               <arr name="iris2.instrument.secondaryInstrumentType">
                  <str>Instructional / Intervention / Teaching / Training materials</str>
               </arr>
               <arr name="iris2.instrument.software">
                  <str>SuperLab</str>
               </arr>
               <arr name="iris2.instrument.typeOfFile">
                  <str>Software</str>
                  <str>Sound</str>
               </arr>
               <arr name="iris2.participants.firstLanguage">
                  <str>English</str>
               </arr>
               <arr name="iris2.participants.participantType">
                  <str/>
                  <str>Artificial language learners</str>
                  <str>Foreign language learners</str>
               </arr>
               <arr name="iris2.participants.targetLanguage">
                  <str>Artificial language</str>
               </arr>
               <arr name="iris2.referenceid">
                  <str>2014_Grey_Williams_Rebuschat_Incidental exposure and L3 learning of morphosyntax</str>
                  <str>2008_Williams_Kuribara_Comparing a nativist and emergentist approach to the initial stage of SLA: An investigation of Japanese scrambling</str>
               </arr>
               <str name="iris2.references.allauthors">Grey, Williams, et al. (2014); </str>
               <arr name="iris2.references.author">
                  <str>Grey, Sarah</str>
                  <str>Williams, J</str>
                  <str>Rebuschat, Patrick</str>
                  <str>Williams, J</str>
                  <str>Kuribara, C.</str>
               </arr>
               <str name="iris2.references.author.lastnames">greywilliamsrebuschatwilliamskuribara</str>
               <arr name="iris2.references.journal">
                  <str>Studies in Second Language Acquisition</str>
               </arr>
               <arr name="iris2.references.publicationDate">
                  <str>2014</str>
                  <str>2008</str>
               </arr>
               <arr name="iris2.references.publicationLatestDate">
                  <str>2014</str>
               </arr>
               <arr name="iris2.references.publicationType">
                  <str>Journal Article</str>
                  <str>Journal Article</str>
               </arr>
               <arr name="oai_dc.dc_xsi:schemaLocation">
                  <str>http://www.openarchives.org/OAI/2.0/oai_dc/ http://www.openarchives.org/OAI/2.0/oai_dc.xsd</str>
                  <str>http://www.openarchives.org/OAI/2.0/oai_dc/ http://www.openarchives.org/OAI/2.0/oai_dc.xsd</str>
                  <str>http://www.openarchives.org/OAI/2.0/oai_dc/ http://www.openarchives.org/OAI/2.0/oai_dc.xsd</str>
                  <str>http://www.openarchives.org/OAI/2.0/oai_dc/ http://www.openarchives.org/OAI/2.0/oai_dc.xsd</str>
                  <str>http://www.openarchives.org/OAI/2.0/oai_dc/ http://www.openarchives.org/OAI/2.0/oai_dc.xsd</str>
                  <str>http://www.openarchives.org/OAI/2.0/oai_dc/ http://www.openarchives.org/OAI/2.0/oai_dc.xsd</str>
               </arr>
            </doc>
         </result>
      </response>
   </solr>
   <files>
      <file id="INSTRUMENT" mime="application/octet-stream" url="http://www.iris-database.org/iris/api/resource/york:838968/asset/INSTRUMENT?download=true"/>
   </files>
</record>
