<?xml version="1.0" encoding="ISO-8859-1"?>

<record pid="york:818860">
   <solr>
      <response>
         <lst name="responseHeader">
            <int name="status">0</int>
            <int name="QTime">1230</int>
            <lst name="params">
               <str name="q">PID:york?818860</str>
            </lst>
         </lst>
         <result name="response" numfound="1" start="0">
            <doc>
               <str name="PID">york:818860</str>
               <arr name="dc.creator">
                  <str>Phinney, J. S.</str>
                  <str>Ong, A. D.</str>
               </arr>
               <arr name="dc.date">
                  <str>1992</str>
                  <str>1992</str>
                  <str>2007</str>
               </arr>
               <arr name="dc.description">
                  <str>Contributed by Kimberly Noels.</str>
               </arr>
               <str name="dc.title">Multigroup Ethnic Identity Measure-Revised (MEIM-R)</str>
               <str name="dc.title.sort">Multigroup Ethnic Identity Measure-Revised (MEIM-R)</str>
               <arr name="dc.type">
                  <str>Attitude questionnaire</str>
                  <str>Ethnic/social/cultural identity questionnaire</str>
                  <str>http://www.iris-database.org/Instruments</str>
               </arr>
               <arr name="dc2.creator">
                  <str>Phinney, J. S.</str>
                  <str>Ong, A. D.</str>
               </arr>
               <arr name="dc2.date">
                  <str>1992</str>
                  <str>1992</str>
                  <str>2007</str>
               </arr>
               <arr name="dc2.description">
                  <str>Contributed by Kimberly Noels.</str>
               </arr>
               <str name="dc2.title">Multigroup Ethnic Identity Measure-Revised (MEIM-R)</str>
               <arr name="dc2.type">
                  <str>Attitude questionnaire</str>
                  <str>Ethnic/social/cultural identity questionnaire</str>
                  <str>http://www.iris-database.org/Instruments</str>
               </arr>
               <arr name="dc3.creator">
                  <str>Phinney, J. S.</str>
                  <str>Ong, A. D.</str>
               </arr>
               <str name="dc3.title">Multigroup Ethnic Identity Measure-Revised (MEIM-R)</str>
               <date name="fgs.createdDate">2013-11-23T20:36:10.77Z</date>
               <date name="fgs.dateCreated.sort">2013-11-23T20:36:10.77Z</date>
               <str name="fgs.label">IRIS Instrument created by YODL workflow.</str>
               <date name="fgs.lastModifiedDate">2016-05-19T18:03:09.853Z</date>
               <str name="fgs.ownerId">iris-580a9f0f-ed9e-4f5f-be7e-877243bddfd0</str>
               <str name="fgs.state">Active</str>
               <arr name="iris.email">
                  <str>knoels@ualberta.ca</str>
               </arr>
               <arr name="iris.feedback.count">
                  <str>0</str>
               </arr>
               <str name="iris.hasmaterials">Records with materials</str>
               <arr name="iris.instrument.author">
                  <str>Phinney, J. S.</str>
                  <str>Ong, A. D.</str>
               </arr>
               <arr name="iris.instrument.instrumentType">
                  <str>Questionnaire</str>
                  <str>Attitude questionnaire</str>
                  <str>Questionnaire</str>
                  <str>Ethnic/social/cultural identity questionnaire</str>
               </arr>
               <str name="iris.instrument.instrumentType.alltypes">attitude questionnaire ethnic/social/cultural identity questionnaire </str>
               <arr name="iris.instrument.licence">
                  <str>Attribution-NonCommercial-ShareAlike</str>
               </arr>
               <str name="iris.instrument.primaryInstrumentType">Questionnaire &gt; Ethnic/social/cultural identity questionnaire</str>
               <arr name="iris.instrument.researchArea">
                  <str>Identity</str>
                  <str>Bilingualism</str>
                  <str>Culture</str>
                  <str>Cultural identity</str>
                  <str>Interaction</str>
               </arr>
               <arr name="iris.instrument.secondaryInstrumentType">
                  <str>Questionnaire &gt; Attitude questionnaire</str>
               </arr>
               <arr name="iris.instrument.title">
                  <str>Multigroup Ethnic Identity Measure-Revised (MEIM-R)</str>
               </arr>
               <arr name="iris.instrument.typeOfFile">
                  <str>Text</str>
               </arr>
               <arr name="iris.participants.participantType">
                  <str>Bilinguals</str>
                  <str>First language learners</str>
                  <str>Foreign language learners</str>
                  <str>Language users</str>
                  <str>Native speakers</str>
                  <str>Second language learners</str>
               </arr>
               <arr name="iris.referenceid">
                  <str>1992_Phinney_The multigroup ethnic identity measure: A new scale for use with adolescents and young adults from diverse groups</str>
                  <str>1992_Phinney_The multigroup ethnic identity measure: A new scale for use with adolescents and young adults from diverse groups</str>
                  <str>2007_Phinney_Ong_Conceptualization and measurement of ethnic identity: Current status and future directions</str>
               </arr>
               <str name="iris.references.allauthors">Phinney (1992); Phinney &amp; Ong (2007); </str>
               <arr name="iris.references.author">
                  <str>Phinney, J. S.</str>
                  <str>Phinney, J. S.</str>
                  <str>Phinney, J. S.</str>
                  <str>Ong, A. D.</str>
               </arr>
               <str name="iris.references.author.lastnames">phinneyphinneyphinneyong</str>
               <arr name="iris.references.author.noack">
                  <str>Phinney, J. S.</str>
                  <str>Phinney, J. S.</str>
                  <str>Ong, A. D.</str>
               </arr>
               <arr name="iris.references.journal">
                  <str>Journal of Adolescent Research</str>
                  <str>Journal of Counseling Psychology</str>
               </arr>
               <arr name="iris.references.publicationDate">
                  <str>1992</str>
                  <str>1992</str>
                  <str>2007</str>
               </arr>
               <arr name="iris.references.publicationLatestDate">
                  <str>2007</str>
               </arr>
               <arr name="iris.references.publicationType">
                  <str>Journal Article</str>
                  <str>Journal Article</str>
                  <str>Journal Article</str>
               </arr>
               <arr name="iris2.email">
                  <str>knoels@ualberta.ca</str>
               </arr>
               <arr name="iris2.feedback.count">
                  <str>0</str>
               </arr>
               <str name="iris2.hasmaterials">Records with materials</str>
               <arr name="iris2.instrument.author">
                  <str>Phinney, J. S.</str>
                  <str>Ong, A. D.</str>
               </arr>
               <arr name="iris2.instrument.instrumentType">
                  <str>Questionnaire</str>
                  <str>Attitude questionnaire</str>
                  <str>Questionnaire</str>
                  <str>Ethnic/social/cultural identity questionnaire</str>
               </arr>
               <str name="iris2.instrument.instrumentType.alltypes">attitude questionnaire ethnic/social/cultural identity questionnaire </str>
               <arr name="iris2.instrument.licence">
                  <str>Attribution-NonCommercial-ShareAlike</str>
               </arr>
               <str name="iris2.instrument.primaryInstrumentType">Questionnaire &gt; Ethnic/social/cultural identity questionnaire</str>
               <arr name="iris2.instrument.researchArea">
                  <str>Identity</str>
                  <str>Bilingualism</str>
                  <str>Culture</str>
                  <str>Cultural identity</str>
                  <str>Interaction</str>
               </arr>
               <arr name="iris2.instrument.secondaryInstrumentType">
                  <str>Questionnaire &gt; Attitude questionnaire</str>
               </arr>
               <arr name="iris2.instrument.typeOfFile">
                  <str>Text</str>
               </arr>
               <arr name="iris2.participants.participantType">
                  <str>Bilinguals</str>
                  <str>First language learners</str>
                  <str>Foreign language learners</str>
                  <str>Language users</str>
                  <str>Native speakers</str>
                  <str>Second language learners</str>
               </arr>
               <arr name="iris2.referenceid">
                  <str>1992_Phinney_The multigroup ethnic identity measure: A new scale for use with adolescents and young adults from diverse groups</str>
                  <str>1992_Phinney_The multigroup ethnic identity measure: A new scale for use with adolescents and young adults from diverse groups</str>
                  <str>2007_Phinney_Ong_Conceptualization and measurement of ethnic identity: Current status and future directions</str>
               </arr>
               <str name="iris2.references.allauthors">Phinney (1992); Phinney &amp; Ong (2007); </str>
               <arr name="iris2.references.author">
                  <str>Phinney, J. S.</str>
                  <str>Phinney, J. S.</str>
                  <str>Phinney, J. S.</str>
                  <str>Ong, A. D.</str>
               </arr>
               <str name="iris2.references.author.lastnames">phinneyphinneyphinneyong</str>
               <arr name="iris2.references.journal">
                  <str>Journal of Adolescent Research</str>
                  <str>Journal of Counseling Psychology</str>
               </arr>
               <arr name="iris2.references.publicationDate">
                  <str>1992</str>
                  <str>1992</str>
                  <str>2007</str>
               </arr>
               <arr name="iris2.references.publicationLatestDate">
                  <str>2007</str>
               </arr>
               <arr name="iris2.references.publicationType">
                  <str>Journal Article</str>
                  <str>Journal Article</str>
                  <str>Journal Article</str>
               </arr>
               <arr name="oai_dc.dc_xsi:schemaLocation">
                  <str>http://www.openarchives.org/OAI/2.0/oai_dc/ http://www.openarchives.org/OAI/2.0/oai_dc.xsd</str>
               </arr>
            </doc>
         </result>
      </response>
   </solr>
   <files>
      <file id="INSTRUMENT" mime="application/vnd.openxmlformats-officedocument.wordprocessingml.document" url="http://www.iris-database.org/iris/api/resource/york:818860/asset/INSTRUMENT?download=true"/>
   </files>
</record>
