<?xml version="1.0" encoding="ISO-8859-1"?>

<record pid="york:822294">
   <solr>
      <response>
         <lst name="responseHeader">
            <int name="status">0</int>
            <int name="QTime">536</int>
            <lst name="params">
               <str name="q">PID:york?822294</str>
            </lst>
         </lst>
         <result name="response" numfound="1" start="0">
            <doc>
               <str name="PID">york:822294</str>
               <arr name="dc.creator">
                  <str>Shintani, Natsuko</str>
                  <str>Ellis, R</str>
               </arr>
               <arr name="dc.date">
                  <str>2010</str>
               </arr>
               <arr name="dc.description">
                  <str>The comprehension test, wug test and task based production test used in Shintani and Ellis (2010) are linked in IRIS</str>
               </arr>
               <arr name="dc.identifier">
                  <str>york:822294</str>
               </arr>
               <str name="dc.title">Comprehension test</str>
               <str name="dc.title.sort">Comprehension test</str>
               <arr name="dc.type">
                  <str>Gap-fill / Cloze test / Fill in the blank</str>
                  <str>Receptive grammar test</str>
                  <str>Listening / Aural test</str>
                  <str>Picture pointing task</str>
                  <str>Picture matching test</str>
                  <str>http://www.iris-database.org/Instruments</str>
               </arr>
               <arr name="dc2.creator">
                  <str>Shintani, Natsuko</str>
                  <str>Ellis, R</str>
               </arr>
               <arr name="dc2.date">
                  <str>2010</str>
               </arr>
               <arr name="dc2.description">
                  <str>The comprehension test, wug test and task based production test used in Shintani and Ellis (2010) are linked in IRIS</str>
               </arr>
               <arr name="dc2.identifier">
                  <str>york:822294</str>
               </arr>
               <str name="dc2.title">Comprehension test</str>
               <arr name="dc2.type">
                  <str>Gap-fill / Cloze test / Fill in the blank</str>
                  <str>Receptive grammar test</str>
                  <str>Listening / Aural test</str>
                  <str>Picture pointing task</str>
                  <str>Picture matching test</str>
                  <str>http://www.iris-database.org/Instruments</str>
               </arr>
               <arr name="dc3.creator">
                  <str>Shintani, Natsuko</str>
                  <str>Ellis, R</str>
               </arr>
               <str name="dc3.title">Comprehension test</str>
               <date name="fgs.createdDate">2014-05-14T09:47:10.827Z</date>
               <date name="fgs.dateCreated.sort">2014-05-14T09:47:10.827Z</date>
               <str name="fgs.label">IRIS Instrument created by YODL workflow.</str>
               <date name="fgs.lastModifiedDate">2016-03-07T03:29:06.884Z</date>
               <str name="fgs.ownerId">iris-580a9f0f-ed9e-4f5f-be7e-877243bddfd0</str>
               <str name="fgs.state">Active</str>
               <arr name="iris.email">
                  <str>nshi023@aucklanduni.ac.nz</str>
               </arr>
               <arr name="iris.feedback.count">
                  <str>0</str>
               </arr>
               <str name="iris.hasmaterials">Records with materials</str>
               <arr name="iris.instrument.author">
                  <str>Shintani, Natsuko</str>
                  <str>Ellis, R</str>
               </arr>
               <arr name="iris.instrument.instrumentType">
                  <str>Gap-fill / Cloze test / Fill in the blank</str>
                  <str>Grammar test / Morphosyntax test</str>
                  <str>Receptive</str>
                  <str>Listening / Aural test</str>
                  <str>Picture pointing task</str>
                  <str>Picture matching test</str>
               </arr>
               <str name="iris.instrument.instrumentType.alltypes">gap-fill / cloze test / fill in the blank receptive listening / aural test picture pointing task picture matching test </str>
               <arr name="iris.instrument.licence">
                  <str>Attribution-NonCommercial-ShareAlike</str>
               </arr>
               <arr name="iris.instrument.linguisticTarget">
                  <str>Gender</str>
               </arr>
               <str name="iris.instrument.primaryInstrumentType">Listening / Aural test</str>
               <arr name="iris.instrument.researchArea">
                  <str>Acquisition</str>
                  <str>Effectiveness of teaching</str>
                  <str>Listening</str>
                  <str>Morphosyntax (grammar)</str>
                  <str>Teaching methods (style, approach, technique)</str>
               </arr>
               <arr name="iris.instrument.secondaryInstrumentType">
                  <str>Gap-fill / Cloze test / Fill in the blank</str>
                  <str>Grammar test / Morphosyntax test &gt; Receptive</str>
                  <str>Picture pointing task</str>
                  <str>Picture matching test</str>
               </arr>
               <arr name="iris.instrument.title">
                  <str>Comprehension test</str>
               </arr>
               <arr name="iris.instrument.typeOfFile">
                  <str>Still Image</str>
                  <str>Sound</str>
               </arr>
               <arr name="iris.participants.firstLanguage">
                  <str>Japanese</str>
               </arr>
               <arr name="iris.participants.participantType">
                  <str>Foreign language learners</str>
                  <str>Young learners</str>
               </arr>
               <arr name="iris.participants.targetLanguage">
                  <str>English</str>
               </arr>
               <arr name="iris.referenceid">
                  <str>2010_Shintani_Ellis_The incidental acquisition of English plural -s by Japanese children in comprehension-based and production-based lessons</str>
               </arr>
               <str name="iris.references.allauthors">Shintani &amp; Ellis (2010)</str>
               <arr name="iris.references.author">
                  <str>Shintani, Natsuko</str>
                  <str>Ellis, R</str>
               </arr>
               <str name="iris.references.author.lastnames">shintaniellis</str>
               <arr name="iris.references.author.noack">
                  <str>Shintani, Natsuko</str>
                  <str>Ellis, R</str>
               </arr>
               <arr name="iris.references.journal">
                  <str>Studies in Second Language Acquisition</str>
               </arr>
               <arr name="iris.references.publicationDate">
                  <str>2010</str>
               </arr>
               <arr name="iris.references.publicationLatestDate">
                  <str>2010</str>
               </arr>
               <arr name="iris.references.publicationType">
                  <str>Journal Article</str>
               </arr>
               <arr name="iris2.email">
                  <str>nshi023@aucklanduni.ac.nz</str>
               </arr>
               <arr name="iris2.feedback.count">
                  <str>0</str>
               </arr>
               <str name="iris2.hasmaterials">Records with materials</str>
               <arr name="iris2.instrument.author">
                  <str>Shintani, Natsuko</str>
                  <str>Ellis, R</str>
               </arr>
               <arr name="iris2.instrument.instrumentType">
                  <str>Gap-fill / Cloze test / Fill in the blank</str>
                  <str>Grammar test / Morphosyntax test</str>
                  <str>Receptive</str>
                  <str>Listening / Aural test</str>
                  <str>Picture pointing task</str>
                  <str>Picture matching test</str>
               </arr>
               <str name="iris2.instrument.instrumentType.alltypes">gap-fill / cloze test / fill in the blank receptive listening / aural test picture pointing task picture matching test </str>
               <arr name="iris2.instrument.licence">
                  <str>Attribution-NonCommercial-ShareAlike</str>
               </arr>
               <arr name="iris2.instrument.linguisticTarget">
                  <str>Gender</str>
               </arr>
               <str name="iris2.instrument.primaryInstrumentType">Listening / Aural test</str>
               <arr name="iris2.instrument.researchArea">
                  <str>Acquisition</str>
                  <str>Effectiveness of teaching</str>
                  <str>Listening</str>
                  <str>Morphosyntax (grammar)</str>
                  <str>Teaching methods (style, approach, technique)</str>
               </arr>
               <arr name="iris2.instrument.secondaryInstrumentType">
                  <str>Gap-fill / Cloze test / Fill in the blank</str>
                  <str>Grammar test / Morphosyntax test &gt; Receptive</str>
                  <str>Picture pointing task</str>
                  <str>Picture matching test</str>
               </arr>
               <arr name="iris2.instrument.typeOfFile">
                  <str>Still Image</str>
                  <str>Sound</str>
               </arr>
               <arr name="iris2.participants.firstLanguage">
                  <str>Japanese</str>
               </arr>
               <arr name="iris2.participants.participantType">
                  <str>Foreign language learners</str>
                  <str>Young learners</str>
               </arr>
               <arr name="iris2.participants.targetLanguage">
                  <str>English</str>
               </arr>
               <arr name="iris2.referenceid">
                  <str>2010_Shintani_Ellis_The incidental acquisition of English plural -s by Japanese children in comprehension-based and production-based lessons</str>
               </arr>
               <str name="iris2.references.allauthors">Shintani &amp; Ellis (2010)</str>
               <arr name="iris2.references.author">
                  <str>Shintani, Natsuko</str>
                  <str>Ellis, R</str>
               </arr>
               <str name="iris2.references.author.lastnames">shintaniellis</str>
               <arr name="iris2.references.journal">
                  <str>Studies in Second Language Acquisition</str>
               </arr>
               <arr name="iris2.references.publicationDate">
                  <str>2010</str>
               </arr>
               <arr name="iris2.references.publicationLatestDate">
                  <str>2010</str>
               </arr>
               <arr name="iris2.references.publicationType">
                  <str>Journal Article</str>
               </arr>
               <arr name="oai_dc.dc_xsi:schemaLocation">
                  <str>http://www.openarchives.org/OAI/2.0/oai_dc/ http://www.openarchives.org/OAI/2.0/oai_dc.xsd</str>
                  <str>http://www.openarchives.org/OAI/2.0/oai_dc/ http://www.openarchives.org/OAI/2.0/oai_dc.xsd</str>
                  <str>http://www.openarchives.org/OAI/2.0/oai_dc/ http://www.openarchives.org/OAI/2.0/oai_dc.xsd</str>
               </arr>
            </doc>
         </result>
      </response>
   </solr>
   <files>
      <file id="INSTRUMENT" mime="application/pdf" url="http://www.iris-database.org/iris/api/resource/york:822294/asset/INSTRUMENT?download=true"/>
   </files>
</record>
