<?xml version="1.0" encoding="ISO-8859-1"?>

<record pid="york:826972">
   <solr>
      <response>
         <lst name="responseHeader">
            <int name="status">0</int>
            <int name="QTime">540</int>
            <lst name="params">
               <str name="q">PID:york?826972</str>
            </lst>
         </lst>
         <result name="response" numfound="1" start="0">
            <doc>
               <str name="PID">york:826972</str>
               <arr name="dc.creator">
                  <str>Bennett, Janet</str>
                  <str>Bennett, Milton</str>
                  <str>Stillings, Kathryn</str>
               </arr>
               <arr name="dc.date">
                  <str>1977</str>
                  <str>2004</str>
               </arr>
               <arr name="dc.description">
                  <str>Please see http://www.intercultural.org/tools.php for information about the materials.</str>
               </arr>
               <arr name="dc.identifier">
                  <str>york:826972</str>
               </arr>
               <str name="dc.title">Description, interpretation and evaluation. Facilitators' guidelines</str>
               <str name="dc.title.sort">Description, interpretation and evaluation. Facilitators' guidelines</str>
               <arr name="dc.type">
                  <str>Instructional material / Intervention activities / Teaching activities</str>
                  <str>http://www.iris-database.org/Instruments</str>
               </arr>
               <arr name="dc2.creator">
                  <str>Bennett, Janet</str>
                  <str>Bennett, Milton</str>
                  <str>Stillings, Kathryn</str>
               </arr>
               <arr name="dc2.date">
                  <str>1977</str>
                  <str>2004</str>
               </arr>
               <arr name="dc2.description">
                  <str>Please see http://www.intercultural.org/tools.php for information about the materials.</str>
               </arr>
               <arr name="dc2.identifier">
                  <str>york:826972</str>
               </arr>
               <str name="dc2.title">Description, interpretation and evaluation. Facilitators' guidelines</str>
               <arr name="dc2.type">
                  <str>Instructional material / Intervention activities / Teaching activities</str>
                  <str>http://www.iris-database.org/Instruments</str>
               </arr>
               <arr name="dc3.creator">
                  <str>Bennett, Janet</str>
                  <str>Bennett, Milton</str>
                  <str>Stillings, Kathryn</str>
               </arr>
               <str name="dc3.title">Description, interpretation and evaluation. Facilitators' guidelines</str>
               <date name="fgs.createdDate">2014-09-27T15:30:55.644Z</date>
               <date name="fgs.dateCreated.sort">2014-09-27T15:30:55.644Z</date>
               <str name="fgs.label">IRIS Instrument created by YODL workflow.</str>
               <date name="fgs.lastModifiedDate">2016-04-24T09:06:51.981Z</date>
               <str name="fgs.ownerId">iris-580a9f0f-ed9e-4f5f-be7e-877243bddfd0</str>
               <str name="fgs.state">Active</str>
               <arr name="iris.email">
                  <str>ici@intercultural.org</str>
               </arr>
               <arr name="iris.feedback.count">
                  <str>0</str>
               </arr>
               <str name="iris.hasmaterials">Records with materials</str>
               <arr name="iris.instrument.author">
                  <str>Bennett, Janet</str>
                  <str>Bennett, Milton</str>
                  <str>Stillings, Kathryn</str>
               </arr>
               <arr name="iris.instrument.instrumentType">
                  <str>Instructional / Intervention / Teaching / Training materials</str>
               </arr>
               <str name="iris.instrument.instrumentType.alltypes">instructional / intervention / teaching / training materials </str>
               <arr name="iris.instrument.licence">
                  <str>Attribution-NonCommercial-ShareAlike</str>
               </arr>
               <str name="iris.instrument.primaryInstrumentType">Instructional / Intervention / Teaching / Training materials</str>
               <arr name="iris.instrument.researchArea">
                  <str>Culture</str>
                  <str>Teaching methods (style, approach, technique)</str>
               </arr>
               <arr name="iris.instrument.title">
                  <str>Description, interpretation and evaluation. Facilitators' guidelines</str>
               </arr>
               <arr name="iris.instrument.typeOfFile">
                  <str>Text</str>
               </arr>
               <arr name="iris.participants.participantType">
                  <str>Second language learners</str>
                  <str>Foreign language learners</str>
               </arr>
               <arr name="iris.referenceid">
                  <str>1977_Bennett_Bennett_Stillings_Intercultural Communication Workshop Facilitator's Manual</str>
                  <str>2004_Paige_Instrumentation in Intercultural Training</str>
               </arr>
               <str name="iris.references.allauthors">Bennett, Bennett, et al. (1977); Paige (2004)</str>
               <arr name="iris.references.author">
                  <str>Bennett, Janet</str>
                  <str>Bennett, Milton</str>
                  <str>Stillings, Kathryn</str>
                  <str>Paige, Michael</str>
               </arr>
               <str name="iris.references.author.lastnames">bennettbennettstillingspaige</str>
               <arr name="iris.references.author.noack">
                  <str>Bennett, Janet</str>
                  <str>Bennett, Milton</str>
                  <str>Stillings, Kathryn</str>
                  <str>Paige, Michael</str>
               </arr>
               <arr name="iris.references.booktitle">
                  <str>Instrumentation in Intercultural Training</str>
                  <str>Handbook of Intercultural Training</str>
               </arr>
               <arr name="iris.references.editor">
                  <str>Landis, D.</str>
                  <str>Bennett, Janet</str>
                  <str>Bennett, Milton</str>
               </arr>
               <arr name="iris.references.placeOfPublication">
                  <str>Portland, USA</str>
               </arr>
               <arr name="iris.references.publicationDate">
                  <str>1977</str>
                  <str>2004</str>
               </arr>
               <arr name="iris.references.publicationLatestDate">
                  <str>2004</str>
               </arr>
               <arr name="iris.references.publicationType">
                  <str>Book</str>
                  <str>Chapter</str>
               </arr>
               <arr name="iris.references.publisher">
                  <str>Portland State University</str>
               </arr>
               <arr name="iris2.email">
                  <str>ici@intercultural.org</str>
               </arr>
               <arr name="iris2.feedback.count">
                  <str>0</str>
               </arr>
               <str name="iris2.hasmaterials">Records with materials</str>
               <arr name="iris2.instrument.author">
                  <str>Bennett, Janet</str>
                  <str>Bennett, Milton</str>
                  <str>Stillings, Kathryn</str>
               </arr>
               <arr name="iris2.instrument.instrumentType">
                  <str>Instructional / Intervention / Teaching / Training materials</str>
               </arr>
               <str name="iris2.instrument.instrumentType.alltypes">instructional / intervention / teaching / training materials </str>
               <arr name="iris2.instrument.licence">
                  <str>Attribution-NonCommercial-ShareAlike</str>
               </arr>
               <str name="iris2.instrument.primaryInstrumentType">Instructional / Intervention / Teaching / Training materials</str>
               <arr name="iris2.instrument.researchArea">
                  <str>Culture</str>
                  <str>Teaching methods (style, approach, technique)</str>
               </arr>
               <arr name="iris2.instrument.typeOfFile">
                  <str>Text</str>
               </arr>
               <arr name="iris2.participants.participantType">
                  <str>Second language learners</str>
                  <str>Foreign language learners</str>
               </arr>
               <arr name="iris2.referenceid">
                  <str>1977_Bennett_Bennett_Stillings_Intercultural Communication Workshop Facilitator's Manual</str>
                  <str>2004_Paige_Instrumentation in Intercultural Training</str>
               </arr>
               <str name="iris2.references.allauthors">Bennett, Bennett, et al. (1977); Paige (2004)</str>
               <arr name="iris2.references.author">
                  <str>Bennett, Janet</str>
                  <str>Bennett, Milton</str>
                  <str>Stillings, Kathryn</str>
                  <str>Paige, Michael</str>
               </arr>
               <str name="iris2.references.author.lastnames">bennettbennettstillingspaige</str>
               <arr name="iris2.references.booktitle">
                  <str>Instrumentation in Intercultural Training</str>
                  <str>Handbook of Intercultural Training</str>
               </arr>
               <arr name="iris2.references.editor">
                  <str>Landis, D.</str>
                  <str>Bennett, Janet</str>
                  <str>Bennett, Milton</str>
               </arr>
               <arr name="iris2.references.placeOfPublication">
                  <str>Portland, USA</str>
               </arr>
               <arr name="iris2.references.publicationDate">
                  <str>1977</str>
                  <str>2004</str>
               </arr>
               <arr name="iris2.references.publicationLatestDate">
                  <str>2004</str>
               </arr>
               <arr name="iris2.references.publicationType">
                  <str>Book</str>
                  <str>Chapter</str>
               </arr>
               <arr name="iris2.references.publisher">
                  <str>Portland State University</str>
               </arr>
               <arr name="oai_dc.dc_xsi:schemaLocation">
                  <str>http://www.openarchives.org/OAI/2.0/oai_dc/ http://www.openarchives.org/OAI/2.0/oai_dc.xsd</str>
                  <str>http://www.openarchives.org/OAI/2.0/oai_dc/ http://www.openarchives.org/OAI/2.0/oai_dc.xsd</str>
               </arr>
            </doc>
         </result>
      </response>
   </solr>
   <files>
      <file id="INSTRUMENT" mime="application/msword" url="http://www.iris-database.org/iris/api/resource/york:826972/asset/INSTRUMENT?download=true"/>
   </files>
</record>
