<?xml version="1.0" encoding="ISO-8859-1"?>

<record pid="york:851760">
   <solr>
      <response>
         <lst name="responseHeader">
            <int name="status">0</int>
            <int name="QTime">537</int>
            <lst name="params">
               <str name="q">PID:york?851760</str>
            </lst>
         </lst>
         <result name="response" numfound="1" start="0">
            <doc>
               <str name="PID">york:851760</str>
               <arr name="dc.creator">
                  <str>Bueno, Steve</str>
                  <str>Frenck-Mestre, Cheryl</str>
               </arr>
               <arr name="dc.date">
                  <str>2008</str>
               </arr>
               <arr name="dc.identifier">
                  <str>york:851760</str>
               </arr>
               <arr name="dc.subject">
                  <str>Processing</str>
               </arr>
               <arr name="dc.type">
                  <str>Stimuli for laboratory studies (visual - verbal)</str>
                  <str>Lexical decision task</str>
                  <str>http://www.iris-database.org/Instruments</str>
               </arr>
               <arr name="dc2.creator">
                  <str>Bueno, Steve</str>
                  <str>Frenck-Mestre, Cheryl</str>
               </arr>
               <arr name="dc2.date">
                  <str>2008</str>
               </arr>
               <arr name="dc2.identifier">
                  <str>york:851760</str>
               </arr>
               <arr name="dc2.subject">
                  <str>Processing</str>
               </arr>
               <arr name="dc2.type">
                  <str>Stimuli for laboratory studies (visual - verbal)</str>
                  <str>Lexical decision task</str>
                  <str>http://www.iris-database.org/Instruments</str>
               </arr>
               <arr name="dc3.creator">
                  <str>Bueno, Steve</str>
                  <str>Frenck-Mestre, Cheryl</str>
               </arr>
               <arr name="dc3.subject">
                  <str>Processing</str>
               </arr>
               <date name="fgs.createdDate">2015-03-06T18:28:56.804Z</date>
               <date name="fgs.dateCreated.sort">2015-03-06T18:28:56.804Z</date>
               <str name="fgs.label">IRIS Instrument created by YODL workflow.</str>
               <date name="fgs.lastModifiedDate">2015-04-09T14:29:57.864Z</date>
               <str name="fgs.ownerId">iris-580a9f0f-ed9e-4f5f-be7e-877243bddfd0</str>
               <str name="fgs.state">Active</str>
               <arr name="iris.feedback.count">
                  <str>0</str>
               </arr>
               <str name="iris.hasmaterials">Records with materials</str>
               <arr name="iris.instrument.author">
                  <str>Bueno, Steve</str>
                  <str>Frenck-Mestre, Cheryl</str>
               </arr>
               <arr name="iris.instrument.instrumentType">
                  <str>Stimuli for laboratory studies</str>
                  <str>Visual</str>
                  <str>Verbal</str>
                  <str>Lexical decision task</str>
               </arr>
               <str name="iris.instrument.instrumentType.alltypes">verbal lexical decision task </str>
               <arr name="iris.instrument.licence">
                  <str>Attribution-NonCommercial-ShareAlike</str>
               </arr>
               <arr name="iris.instrument.linguisticTarget">
                  <str>Semantics</str>
               </arr>
               <str name="iris.instrument.primaryInstrumentType">Stimuli for laboratory studies &gt; Visual &gt; Verbal</str>
               <arr name="iris.instrument.researchArea">
                  <str>Processing</str>
               </arr>
               <arr name="iris.instrument.secondaryInstrumentType">
                  <str>Lexical decision task</str>
               </arr>
               <arr name="iris.instrument.typeOfFile">
                  <str>Text</str>
               </arr>
               <arr name="iris.participants.firstLanguage">
                  <str>French</str>
               </arr>
               <arr name="iris.participants.participantType">
                  <str>Native speakers</str>
               </arr>
               <arr name="iris.referenceid">
                  <str>2008_Bueno_Frenck-Mestre_The activation of semantic memory: Effects of prime exposure, prime target-relationship, and task demands</str>
               </arr>
               <str name="iris.references.allauthors">Bueno &amp; Frenck-Mestre (2008)</str>
               <arr name="iris.references.author">
                  <str>Bueno, Steve</str>
                  <str>Frenck-Mestre, Cheryl</str>
               </arr>
               <str name="iris.references.author.lastnames">buenofrenck-mestre</str>
               <arr name="iris.references.author.noack">
                  <str>Bueno, Steve</str>
                  <str>Frenck-Mestre, Cheryl</str>
               </arr>
               <arr name="iris.references.journal">
                  <str>Memory and Cognition</str>
               </arr>
               <arr name="iris.references.publicationDate">
                  <str>2008</str>
               </arr>
               <arr name="iris.references.publicationLatestDate">
                  <str>2008</str>
               </arr>
               <arr name="iris.references.publicationType">
                  <str>Journal Article</str>
               </arr>
               <arr name="iris2.feedback.count">
                  <str>0</str>
               </arr>
               <str name="iris2.hasmaterials">Records with materials</str>
               <arr name="iris2.instrument.author">
                  <str>Bueno, Steve</str>
                  <str>Frenck-Mestre, Cheryl</str>
               </arr>
               <arr name="iris2.instrument.instrumentType">
                  <str>Stimuli for laboratory studies</str>
                  <str>Visual</str>
                  <str>Verbal</str>
                  <str>Lexical decision task</str>
               </arr>
               <str name="iris2.instrument.instrumentType.alltypes">verbal lexical decision task </str>
               <arr name="iris2.instrument.licence">
                  <str>Attribution-NonCommercial-ShareAlike</str>
               </arr>
               <arr name="iris2.instrument.linguisticTarget">
                  <str>Semantics</str>
               </arr>
               <str name="iris2.instrument.primaryInstrumentType">Stimuli for laboratory studies &gt; Visual &gt; Verbal</str>
               <arr name="iris2.instrument.researchArea">
                  <str>Processing</str>
               </arr>
               <arr name="iris2.instrument.secondaryInstrumentType">
                  <str>Lexical decision task</str>
               </arr>
               <arr name="iris2.instrument.typeOfFile">
                  <str>Text</str>
               </arr>
               <arr name="iris2.participants.firstLanguage">
                  <str>French</str>
               </arr>
               <arr name="iris2.participants.participantType">
                  <str>Native speakers</str>
               </arr>
               <arr name="iris2.referenceid">
                  <str>2008_Bueno_Frenck-Mestre_The activation of semantic memory: Effects of prime exposure, prime target-relationship, and task demands</str>
               </arr>
               <str name="iris2.references.allauthors">Bueno &amp; Frenck-Mestre (2008)</str>
               <arr name="iris2.references.author">
                  <str>Bueno, Steve</str>
                  <str>Frenck-Mestre, Cheryl</str>
               </arr>
               <str name="iris2.references.author.lastnames">buenofrenck-mestre</str>
               <arr name="iris2.references.journal">
                  <str>Memory and Cognition</str>
               </arr>
               <arr name="iris2.references.publicationDate">
                  <str>2008</str>
               </arr>
               <arr name="iris2.references.publicationLatestDate">
                  <str>2008</str>
               </arr>
               <arr name="iris2.references.publicationType">
                  <str>Journal Article</str>
               </arr>
               <arr name="oai_dc.dc_xsi:schemaLocation">
                  <str>http://www.openarchives.org/OAI/2.0/oai_dc/ http://www.openarchives.org/OAI/2.0/oai_dc.xsd</str>
                  <str>http://www.openarchives.org/OAI/2.0/oai_dc/ http://www.openarchives.org/OAI/2.0/oai_dc.xsd</str>
               </arr>
            </doc>
         </result>
      </response>
   </solr>
   <files>
      <file id="INSTRUMENT" mime="application/vnd.openxmlformats-officedocument.wordprocessingml.document" url="http://www.iris-database.org/iris/api/resource/york:851760/asset/INSTRUMENT?download=true"/>
   </files>
</record>
