<?xml version="1.0" encoding="ISO-8859-1"?>

<record pid="york:823624">
   <solr>
      <response>
         <lst name="responseHeader">
            <int name="status">0</int>
            <int name="QTime">816</int>
            <lst name="params">
               <str name="q">PID:york?823624</str>
            </lst>
         </lst>
         <result name="response" numfound="1" start="0">
            <doc>
               <str name="PID">york:823624</str>
               <arr name="dc.creator">
                  <str>Romano, Francesco</str>
               </arr>
               <arr name="dc.description">
                  <str>The grammaticality judgment (English and Italian), gap-fill (English and Italian) and sentence completion test (English and Italian) used in Romano (2011) are linked in IRIS. Tests used were for L2 English and L2 Italian.</str>
               </arr>
               <arr name="dc.format">
                  <str>Italian</str>
                  <str>English</str>
               </arr>
               <arr name="dc.identifier">
                  <str>york:823624</str>
               </arr>
               <str name="dc.title">Sentence completion test (English and Italian)</str>
               <str name="dc.title.sort">Sentence completion test (English and Italian)</str>
               <arr name="dc.type">
                  <str>Writing test</str>
                  <str>Discourse completion task</str>
                  <str>http://www.iris-database.org/Instruments</str>
               </arr>
               <arr name="dc2.creator">
                  <str>Romano, Francesco</str>
               </arr>
               <arr name="dc2.description">
                  <str>The grammaticality judgment (English and Italian), gap-fill (English and Italian) and sentence completion test (English and Italian) used in Romano (2011) are linked in IRIS. Tests used were for L2 English and L2 Italian.</str>
               </arr>
               <arr name="dc2.format">
                  <str>Italian</str>
                  <str>English</str>
               </arr>
               <arr name="dc2.identifier">
                  <str>york:823624</str>
               </arr>
               <str name="dc2.title">Sentence completion test (English and Italian)</str>
               <arr name="dc2.type">
                  <str>Writing test</str>
                  <str>Discourse completion task</str>
                  <str>http://www.iris-database.org/Instruments</str>
               </arr>
               <arr name="dc3.creator">
                  <str>Romano, Francesco</str>
               </arr>
               <str name="dc3.title">Sentence completion test (English and Italian)</str>
               <date name="fgs.createdDate">2014-09-18T17:44:25.944Z</date>
               <date name="fgs.dateCreated.sort">2014-09-18T17:44:25.944Z</date>
               <str name="fgs.label">IRIS Instrument created by YODL workflow.</str>
               <date name="fgs.lastModifiedDate">2015-12-02T21:23:28.112Z</date>
               <str name="fgs.ownerId">iris-53d7d266-bfe3-423e-929f-f3967086dd40</str>
               <str name="fgs.state">Active</str>
               <arr name="iris.email">
                  <str>francescobryanromano@gmail.com</str>
               </arr>
               <arr name="iris.feedback.count">
                  <str>0</str>
               </arr>
               <str name="iris.hasmaterials">Records with materials</str>
               <arr name="iris.instrument.author">
                  <str>Romano, Francesco</str>
               </arr>
               <arr name="iris.instrument.funder">
                  <str>Economic and Social Research Council (ESRC)</str>
               </arr>
               <arr name="iris.instrument.instrumentType">
                  <str>Writing test</str>
                  <str>Discourse completion task</str>
               </arr>
               <str name="iris.instrument.instrumentType.alltypes">writing test discourse completion task </str>
               <arr name="iris.instrument.licence">
                  <str>Attribution-NonCommercial-ShareAlike</str>
               </arr>
               <arr name="iris.instrument.linguisticTarget">
                  <str>Verbs</str>
                  <str>Case</str>
                  <str>Tense</str>
               </arr>
               <str name="iris.instrument.primaryInstrumentType">Discourse completion task</str>
               <arr name="iris.instrument.researchArea">
                  <str>Acquisition</str>
                  <str>Cross-linguistic influence</str>
                  <str>Morphosyntax (grammar)</str>
               </arr>
               <arr name="iris.instrument.secondaryInstrumentType">
                  <str>Writing test</str>
               </arr>
               <arr name="iris.instrument.sourceLanguage">
                  <str>Italian</str>
                  <str>English</str>
               </arr>
               <arr name="iris.instrument.title">
                  <str>Sentence completion test (English and Italian)</str>
               </arr>
               <arr name="iris.instrument.typeOfFile">
                  <str>Text</str>
               </arr>
               <arr name="iris.participants.firstLanguage">
                  <str>French</str>
                  <str>Spanish</str>
               </arr>
               <arr name="iris.participants.participantType">
                  <str>Foreign language learners</str>
                  <str>Second language learners</str>
               </arr>
               <arr name="iris.participants.targetLanguage">
                  <str>Italian</str>
                  <str>English</str>
               </arr>
               <arr name="iris.referenceid">
                  <str>Romano_Adult second language development of INFL-related properties: Contributions from UG, the L1, and input</str>
               </arr>
               <str name="iris.references.allauthors">Romano (2011)</str>
               <arr name="iris.references.author">
                  <str>Romano, Francesco</str>
               </arr>
               <str name="iris.references.author.lastnames">romano</str>
               <arr name="iris.references.author.noack">
                  <str>Romano, Francesco</str>
               </arr>
               <arr name="iris.references.publicationDate">
                  <str>2011</str>
               </arr>
               <arr name="iris.references.publicationLatestDate">
                  <str>2011</str>
               </arr>
               <arr name="iris.references.publicationType">
                  <str>Thesis</str>
               </arr>
               <arr name="iris2.email">
                  <str>francescobryanromano@gmail.com</str>
               </arr>
               <arr name="iris2.feedback.count">
                  <str>0</str>
               </arr>
               <str name="iris2.hasmaterials">Records with materials</str>
               <arr name="iris2.instrument.author">
                  <str>Romano, Francesco</str>
               </arr>
               <arr name="iris2.instrument.funder">
                  <str>Economic and Social Research Council (ESRC)</str>
               </arr>
               <arr name="iris2.instrument.instrumentType">
                  <str>Writing test</str>
                  <str>Discourse completion task</str>
               </arr>
               <str name="iris2.instrument.instrumentType.alltypes">writing test discourse completion task </str>
               <arr name="iris2.instrument.licence">
                  <str>Attribution-NonCommercial-ShareAlike</str>
               </arr>
               <arr name="iris2.instrument.linguisticTarget">
                  <str>Verbs</str>
                  <str>Case</str>
                  <str>Tense</str>
               </arr>
               <str name="iris2.instrument.primaryInstrumentType">Discourse completion task</str>
               <arr name="iris2.instrument.researchArea">
                  <str>Acquisition</str>
                  <str>Cross-linguistic influence</str>
                  <str>Morphosyntax (grammar)</str>
               </arr>
               <arr name="iris2.instrument.secondaryInstrumentType">
                  <str>Writing test</str>
               </arr>
               <arr name="iris2.instrument.sourceLanguage">
                  <str>Italian</str>
                  <str>English</str>
               </arr>
               <arr name="iris2.instrument.typeOfFile">
                  <str>Text</str>
               </arr>
               <arr name="iris2.participants.firstLanguage">
                  <str>French</str>
                  <str>Spanish</str>
               </arr>
               <arr name="iris2.participants.participantType">
                  <str>Foreign language learners</str>
                  <str>Second language learners</str>
               </arr>
               <arr name="iris2.participants.targetLanguage">
                  <str>Italian</str>
                  <str>English</str>
               </arr>
               <arr name="iris2.referenceid">
                  <str>Romano_Adult second language development of INFL-related properties: Contributions from UG, the L1, and input</str>
               </arr>
               <str name="iris2.references.allauthors">Romano (2011)</str>
               <arr name="iris2.references.author">
                  <str>Romano, Francesco</str>
               </arr>
               <str name="iris2.references.author.lastnames">romano</str>
               <arr name="iris2.references.publicationDate">
                  <str>2011</str>
               </arr>
               <arr name="iris2.references.publicationLatestDate">
                  <str>2011</str>
               </arr>
               <arr name="iris2.references.publicationType">
                  <str>Thesis</str>
               </arr>
               <arr name="oai_dc.dc_xsi:schemaLocation">
                  <str>http://www.openarchives.org/OAI/2.0/oai_dc/ http://www.openarchives.org/OAI/2.0/oai_dc.xsd</str>
                  <str>http://www.openarchives.org/OAI/2.0/oai_dc/ http://www.openarchives.org/OAI/2.0/oai_dc.xsd</str>
                  <str>http://www.openarchives.org/OAI/2.0/oai_dc/ http://www.openarchives.org/OAI/2.0/oai_dc.xsd</str>
                  <str>http://www.openarchives.org/OAI/2.0/oai_dc/ http://www.openarchives.org/OAI/2.0/oai_dc.xsd</str>
                  <str>http://www.openarchives.org/OAI/2.0/oai_dc/ http://www.openarchives.org/OAI/2.0/oai_dc.xsd</str>
                  <str>http://www.openarchives.org/OAI/2.0/oai_dc/ http://www.openarchives.org/OAI/2.0/oai_dc.xsd</str>
               </arr>
            </doc>
         </result>
      </response>
   </solr>
   <files>
      <file id="INSTRUMENT" mime="application/pdf" url="http://www.iris-database.org/iris/api/resource/york:823624/asset/INSTRUMENT?download=true"/>
      <file id="INSTRUMENT1" mime="application/pdf" url="http://www.iris-database.org/iris/api/resource/york:823624/asset/INSTRUMENT1?download=true"/>
   </files>
</record>
