<?xml version="1.0" encoding="ISO-8859-1"?>

<record pid="york:808027">
   <solr>
      <response>
         <lst name="responseHeader">
            <int name="status">0</int>
            <int name="QTime">1297</int>
            <lst name="params">
               <str name="q">PID:york?808027</str>
            </lst>
         </lst>
         <result name="response" numfound="1" start="0">
            <doc>
               <str name="PID">york:808027</str>
               <arr name="dc.creator">
                  <str>Trenkic, Danijela</str>
               </arr>
               <arr name="dc.date">
                  <str>1995</str>
                  <str>2013</str>
               </arr>
               <arr name="dc.description">
                  <str>This instrument contains the FishFilm, related Protocol and Coding sheet. The original film was developed by Russell Tomlin (see Acknowledgements section) who has kindly granted permission for the film, protocol and coding sheet to be held in IRIS. Earlier versions of this paper were presented at the Information Structure Lecture Series at the Max Planck Institute in Nijmegen, the RCEAL Colloquia Series at the University of Cambridge, the conference on Models of Interaction in Bilinguals in Bangor, EUROSLA 18 in Aix-en-Provence, and the ISB7 in Utrecht.</str>
               </arr>
               <arr name="dc.identifier">
                  <str>york:808027</str>
               </arr>
               <arr name="dc.subject">
                  <str>Morphosyntax (grammar)</str>
               </arr>
               <str name="dc.title">'Fish film' oral elicitation task</str>
               <str name="dc.title.sort">'Fish film' oral elicitation task</str>
               <arr name="dc.type">
                  <str>Video</str>
                  <str>Verbal protocol (other)</str>
                  <str>Narration</str>
                  <str>Oral elicitation task</str>
                  <str>http://www.iris-database.org/Instruments</str>
               </arr>
               <arr name="dc2.creator">
                  <str>Trenkic, Danijela</str>
               </arr>
               <arr name="dc2.date">
                  <str>1995</str>
                  <str>2013</str>
               </arr>
               <arr name="dc2.description">
                  <str>This instrument contains the FishFilm, related Protocol and Coding sheet. The original film was developed by Russell Tomlin (see Acknowledgements section) who has kindly granted permission for the film, protocol and coding sheet to be held in IRIS. Earlier versions of this paper were presented at the Information Structure Lecture Series at the Max Planck Institute in Nijmegen, the RCEAL Colloquia Series at the University of Cambridge, the conference on Models of Interaction in Bilinguals in Bangor, EUROSLA 18 in Aix-en-Provence, and the ISB7 in Utrecht.</str>
               </arr>
               <arr name="dc2.identifier">
                  <str>york:808027</str>
               </arr>
               <arr name="dc2.subject">
                  <str>Morphosyntax (grammar)</str>
               </arr>
               <str name="dc2.title">'Fish film' oral elicitation task</str>
               <arr name="dc2.type">
                  <str>Video</str>
                  <str>Verbal protocol (other)</str>
                  <str>Narration</str>
                  <str>Oral elicitation task</str>
                  <str>http://www.iris-database.org/Instruments</str>
               </arr>
               <arr name="dc3.creator">
                  <str>Trenkic, Danijela</str>
               </arr>
               <arr name="dc3.subject">
                  <str>Morphosyntax (grammar)</str>
               </arr>
               <str name="dc3.title">'Fish film' oral elicitation task</str>
               <date name="fgs.createdDate">2013-01-07T15:08:29.234Z</date>
               <date name="fgs.dateCreated.sort">2013-01-07T15:08:29.234Z</date>
               <str name="fgs.label">IRIS Instrument created by YODL workflow.</str>
               <date name="fgs.lastModifiedDate">2016-05-16T14:45:58.415Z</date>
               <str name="fgs.ownerId">iris-580a9f0f-ed9e-4f5f-be7e-877243bddfd0</str>
               <str name="fgs.state">Active</str>
               <arr name="iris.email">
                  <str>danijela.trenkic@york.ac.uk</str>
               </arr>
               <arr name="iris.feedback.count">
                  <str>1</str>
               </arr>
               <arr name="iris.feedback.email_1">
                  <str>fmyles@essex.ac.uk</str>
               </arr>
               <arr name="iris.feedback.name_1">
                  <str>Florence Myles</str>
               </arr>
               <arr name="iris.feedback.notes_1">
                  <str>I have been trying to access Trenkic' 'fish' film, but nothing happens. Can you help?</str>
               </arr>
               <arr name="iris.feedback.published_1">
                  <str>false</str>
               </arr>
               <arr name="iris.feedback.time_1">
                  <str>19 Mar 2015 12:53:40 GMT</str>
               </arr>
               <str name="iris.hasmaterials">Records with materials</str>
               <arr name="iris.instrument.author">
                  <str>Trenkic, Danijela</str>
               </arr>
               <arr name="iris.instrument.dataType">
                  <str>Oral production</str>
               </arr>
               <arr name="iris.instrument.funder">
                  <str>Thai-UK Collaborative Research Network Scholarship</str>
               </arr>
               <arr name="iris.instrument.instrumentType">
                  <str>Video</str>
                  <str>Verbal protocol</str>
                  <str>Other verbal protocol</str>
                  <str>Speaking test / Oral production test</str>
                  <str>Narration / Story retelling </str>
                  <str>Oral elicitation task</str>
               </arr>
               <str name="iris.instrument.instrumentType.alltypes">video other verbal protocol narration / story retelling  oral elicitation task</str>
               <arr name="iris.instrument.licence">
                  <str>Attribution-NonCommercial-ShareAlike</str>
               </arr>
               <arr name="iris.instrument.linguisticTarget">
                  <str>Determiners</str>
               </arr>
               <str name="iris.instrument.primaryInstrumentType">Oral elicitation task</str>
               <arr name="iris.instrument.researchArea">
                  <str>Morphosyntax (grammar)</str>
               </arr>
               <arr name="iris.instrument.secondaryInstrumentType">
                  <str>Video</str>
                  <str>Verbal protocol &gt; Other verbal protocol</str>
                  <str>Speaking test / Oral production test &gt; Narration / Story retelling </str>
               </arr>
               <arr name="iris.instrument.title">
                  <str>'Fish film' oral elicitation task</str>
               </arr>
               <arr name="iris.instrument.typeOfFile">
                  <str>Video</str>
               </arr>
               <arr name="iris.participants.domainOfUse">
                  <str>School - language instruction only</str>
                  <str>School - subject(s) other than language</str>
               </arr>
               <arr name="iris.participants.firstLanguage">
                  <str>French</str>
                  <str>Thai</str>
               </arr>
               <arr name="iris.participants.gender">
                  <str>mixed</str>
               </arr>
               <arr name="iris.participants.participantType">
                  <str>Second language learners</str>
                  <str>Native speakers</str>
                  <str>Foreign language learners</str>
               </arr>
               <arr name="iris.participants.proficiencyLearner">
                  <str>Intermediate</str>
                  <str>Intermediate/advanced</str>
                  <str>Advanced</str>
               </arr>
               <arr name="iris.participants.targetLanguage">
                  <str>English</str>
               </arr>
               <arr name="iris.referenceid">
                  <str>1995_Tomlin_Focal attention, voice, and word order: An experimental, cross-linguistic study</str>
                  <str>2013_Trenkic_Pongpairoj_Referent salience affects second language article use</str>
               </arr>
               <str name="iris.references.allauthors">Trenkic &amp; Pongpairoj (2013); </str>
               <arr name="iris.references.author">
                  <str>Tomlin, Russell</str>
                  <str>Trenkic, Danijela</str>
                  <str>Pongpairoj, Nattama</str>
               </arr>
               <str name="iris.references.author.lastnames">tomlintrenkicpongpairoj</str>
               <arr name="iris.references.author.noack">
                  <str>Trenkic, Danijela</str>
                  <str>Pongpairoj, Nattama</str>
               </arr>
               <arr name="iris.references.booktitle">
                  <str>Focal attention, voice, and word order: An experimental, cross-linguistic study</str>
                  <str>Word order in discourse</str>
               </arr>
               <arr name="iris.references.editor">
                  <str>Downing, P.</str>
                  <str>Noonan, M.</str>
               </arr>
               <arr name="iris.references.journal">
                  <str>Bilingualism: Language and Cognition</str>
               </arr>
               <arr name="iris.references.publicationDate">
                  <str>1995</str>
                  <str>2013</str>
               </arr>
               <arr name="iris.references.publicationLatestDate">
                  <str>2013</str>
               </arr>
               <arr name="iris.references.publicationType">
                  <str>Chapter</str>
                  <str>Journal Article</str>
               </arr>
               <arr name="iris2.email">
                  <str>danijela.trenkic@york.ac.uk</str>
               </arr>
               <arr name="iris2.feedback.count">
                  <str>1</str>
               </arr>
               <arr name="iris2.feedback.email_1">
                  <str>fmyles@essex.ac.uk</str>
               </arr>
               <arr name="iris2.feedback.name_1">
                  <str>Florence Myles</str>
               </arr>
               <arr name="iris2.feedback.notes_1">
                  <str>I have been trying to access Trenkic' 'fish' film, but nothing happens. Can you help?</str>
               </arr>
               <arr name="iris2.feedback.published_1">
                  <str>false</str>
               </arr>
               <arr name="iris2.feedback.time_1">
                  <str>19 Mar 2015 12:53:40 GMT</str>
               </arr>
               <str name="iris2.hasmaterials">Records with materials</str>
               <arr name="iris2.instrument.author">
                  <str>Trenkic, Danijela</str>
               </arr>
               <arr name="iris2.instrument.dataType">
                  <str>Oral production</str>
               </arr>
               <arr name="iris2.instrument.funder">
                  <str>Thai-UK Collaborative Research Network Scholarship</str>
               </arr>
               <arr name="iris2.instrument.instrumentType">
                  <str>Video</str>
                  <str>Verbal protocol</str>
                  <str>Other verbal protocol</str>
                  <str>Speaking test / Oral production test</str>
                  <str>Narration / Story retelling </str>
                  <str>Oral elicitation task</str>
               </arr>
               <str name="iris2.instrument.instrumentType.alltypes">video other verbal protocol narration / story retelling  oral elicitation task</str>
               <arr name="iris2.instrument.licence">
                  <str>Attribution-NonCommercial-ShareAlike</str>
               </arr>
               <arr name="iris2.instrument.linguisticTarget">
                  <str>Determiners</str>
               </arr>
               <str name="iris2.instrument.primaryInstrumentType">Oral elicitation task</str>
               <arr name="iris2.instrument.researchArea">
                  <str>Morphosyntax (grammar)</str>
               </arr>
               <arr name="iris2.instrument.secondaryInstrumentType">
                  <str>Video</str>
                  <str>Verbal protocol &gt; Other verbal protocol</str>
                  <str>Speaking test / Oral production test &gt; Narration / Story retelling </str>
               </arr>
               <arr name="iris2.instrument.typeOfFile">
                  <str>Video</str>
               </arr>
               <arr name="iris2.participants.domainOfUse">
                  <str>School - language instruction only</str>
                  <str>School - subject(s) other than language</str>
               </arr>
               <arr name="iris2.participants.firstLanguage">
                  <str>French</str>
                  <str>Thai</str>
               </arr>
               <arr name="iris2.participants.gender">
                  <str>mixed</str>
               </arr>
               <arr name="iris2.participants.participantType">
                  <str>Second language learners</str>
                  <str>Native speakers</str>
                  <str>Foreign language learners</str>
               </arr>
               <arr name="iris2.participants.proficiencyLearner">
                  <str>Intermediate</str>
                  <str>Intermediate/advanced</str>
                  <str>Advanced</str>
               </arr>
               <arr name="iris2.participants.targetLanguage">
                  <str>English</str>
               </arr>
               <arr name="iris2.referenceid">
                  <str>1995_Tomlin_Focal attention, voice, and word order: An experimental, cross-linguistic study</str>
                  <str>2013_Trenkic_Pongpairoj_Referent salience affects second language article use</str>
               </arr>
               <str name="iris2.references.allauthors">Trenkic &amp; Pongpairoj (2013); </str>
               <arr name="iris2.references.author">
                  <str>Tomlin, Russell</str>
                  <str>Trenkic, Danijela</str>
                  <str>Pongpairoj, Nattama</str>
               </arr>
               <str name="iris2.references.author.lastnames">tomlintrenkicpongpairoj</str>
               <arr name="iris2.references.booktitle">
                  <str>Focal attention, voice, and word order: An experimental, cross-linguistic study</str>
                  <str>Word order in discourse</str>
               </arr>
               <arr name="iris2.references.editor">
                  <str>Downing, P.</str>
                  <str>Noonan, M.</str>
               </arr>
               <arr name="iris2.references.journal">
                  <str>Bilingualism: Language and Cognition</str>
               </arr>
               <arr name="iris2.references.publicationDate">
                  <str>1995</str>
                  <str>2013</str>
               </arr>
               <arr name="iris2.references.publicationLatestDate">
                  <str>2013</str>
               </arr>
               <arr name="iris2.references.publicationType">
                  <str>Chapter</str>
                  <str>Journal Article</str>
               </arr>
               <arr name="oai_dc.dc_xsi:schemaLocation">
                  <str>http://www.openarchives.org/OAI/2.0/oai_dc/ http://www.openarchives.org/OAI/2.0/oai_dc.xsd</str>
                  <str>http://www.openarchives.org/OAI/2.0/oai_dc/ http://www.openarchives.org/OAI/2.0/oai_dc.xsd</str>
                  <str>http://www.openarchives.org/OAI/2.0/oai_dc/ http://www.openarchives.org/OAI/2.0/oai_dc.xsd</str>
               </arr>
            </doc>
         </result>
      </response>
   </solr>
   <files>
      <file id="INSTRUMENT" mime="application/msword" url="http://www.iris-database.org/iris/api/resource/york:808027/asset/INSTRUMENT?download=true"/>
      <file id="INSTRUMENT1" mime="application/octet-stream" url="http://www.iris-database.org/iris/api/resource/york:808027/asset/INSTRUMENT1?download=true"/>
      <file id="INSTRUMENT2" mime="application/msword" url="http://www.iris-database.org/iris/api/resource/york:808027/asset/INSTRUMENT2?download=true"/>
   </files>
</record>
