<?xml version="1.0" encoding="ISO-8859-1"?>

<record pid="york:841178">
   <solr>
      <response>
         <lst name="responseHeader">
            <int name="status">0</int>
            <int name="QTime">1244</int>
            <lst name="params">
               <str name="q">PID:york?841178</str>
            </lst>
         </lst>
         <result name="response" numfound="1" start="0">
            <doc>
               <str name="PID">york:841178</str>
               <arr name="dc.creator">
                  <str>Bolibaugh, Cylcia</str>
               </arr>
               <arr name="dc.date">
                  <str>2013</str>
               </arr>
               <arr name="dc.description">
                  <str>The Non Nativelike Selection Task and Non Word Repetition Task used in Bolibaugh and Foster (2013) are linked in IRIS.</str>
               </arr>
               <arr name="dc.identifier">
                  <str>york:841178</str>
               </arr>
               <str name="dc.title">Non Word Repetition Task</str>
               <str name="dc.title.sort">Non Word Repetition Task</str>
               <arr name="dc.type">
                  <str>Elicited imitation protocol / Sentence repetition task</str>
                  <str>Other</str>
                  <str>http://www.iris-database.org/Instruments</str>
               </arr>
               <arr name="dc2.creator">
                  <str>Bolibaugh, Cylcia</str>
               </arr>
               <arr name="dc2.date">
                  <str>2013</str>
               </arr>
               <arr name="dc2.description">
                  <str>The Non Nativelike Selection Task and Non Word Repetition Task used in Bolibaugh and Foster (2013) are linked in IRIS.</str>
               </arr>
               <arr name="dc2.identifier">
                  <str>york:841178</str>
               </arr>
               <str name="dc2.title">Non Word Repetition Task</str>
               <arr name="dc2.type">
                  <str>Elicited imitation protocol / Sentence repetition task</str>
                  <str>Other</str>
                  <str>http://www.iris-database.org/Instruments</str>
               </arr>
               <arr name="dc3.creator">
                  <str>Bolibaugh, Cylcia</str>
               </arr>
               <str name="dc3.title">Non Word Repetition Task</str>
               <date name="fgs.createdDate">2014-12-11T18:48:52.053Z</date>
               <date name="fgs.dateCreated.sort">2014-12-11T18:48:52.053Z</date>
               <str name="fgs.label">IRIS Instrument created by YODL workflow.</str>
               <date name="fgs.lastModifiedDate">2016-04-20T14:06:32.071Z</date>
               <str name="fgs.ownerId">iris-580a9f0f-ed9e-4f5f-be7e-877243bddfd0</str>
               <str name="fgs.state">Active</str>
               <arr name="iris.email">
                  <str>cylcia.bolibaugh@york.ac.uk</str>
               </arr>
               <arr name="iris.feedback.count">
                  <str>0</str>
               </arr>
               <str name="iris.hasmaterials">Records with materials</str>
               <arr name="iris.instrument.author">
                  <str>Bolibaugh, Cylcia</str>
               </arr>
               <arr name="iris.instrument.instrumentType">
                  <str>Elicited imitation protocol / Sentence repetition task</str>
                  <str>Speaking test / Oral production test</str>
                  <str>Other speaking test / oral production test </str>
               </arr>
               <str name="iris.instrument.instrumentType.alltypes">elicited imitation protocol / sentence repetition task other speaking test / oral production test  </str>
               <arr name="iris.instrument.licence">
                  <str>Attribution-NonCommercial-ShareAlike</str>
               </arr>
               <str name="iris.instrument.primaryInstrumentType">Elicited imitation protocol / Sentence repetition task</str>
               <arr name="iris.instrument.researchArea">
                  <str>Native / Non-native</str>
                  <str>Figurative language (metaphor)</str>
                  <str>Working memory</str>
                  <str>Aptitude</str>
                  <str>Phonology</str>
               </arr>
               <arr name="iris.instrument.secondaryInstrumentType">
                  <str>Speaking test / Oral production test &gt; Other speaking test / oral production test </str>
               </arr>
               <arr name="iris.instrument.title">
                  <str>Non Word Repetition Task</str>
               </arr>
               <arr name="iris.instrument.typeOfFile">
                  <str>Text</str>
                  <str>Sound</str>
               </arr>
               <arr name="iris.participants.participantType">
                  <str>Second language learners</str>
                  <str>Language users</str>
               </arr>
               <arr name="iris.participants.targetLanguage">
                  <str>Arabic</str>
               </arr>
               <arr name="iris.referenceid">
                  <str>2013_Bolibaugh_Foster_Memory-based aptitude for nativelike selection: The role of phonological short-term memory</str>
               </arr>
               <str name="iris.references.allauthors">Bolibaugh &amp; Foster (2013)</str>
               <arr name="iris.references.author">
                  <str>Bolibaugh, Cylcia</str>
                  <str>Foster, Pauline</str>
               </arr>
               <str name="iris.references.author.lastnames">bolibaughfoster</str>
               <arr name="iris.references.author.noack">
                  <str>Bolibaugh, Cylcia</str>
                  <str>Foster, Pauline</str>
               </arr>
               <arr name="iris.references.booktitle">
                  <str>Memory-based aptitude for nativelike selection: The role of phonological short-term memory</str>
                  <str>Language learning &amp; Language teaching</str>
               </arr>
               <arr name="iris.references.editor">
                  <str>Granena, Grisela</str>
                  <str>Long, Mike</str>
               </arr>
               <arr name="iris.references.publicationDate">
                  <str>2013</str>
               </arr>
               <arr name="iris.references.publicationLatestDate">
                  <str>2013</str>
               </arr>
               <arr name="iris.references.publicationType">
                  <str>Chapter</str>
               </arr>
               <arr name="iris2.email">
                  <str>cylcia.bolibaugh@york.ac.uk</str>
               </arr>
               <arr name="iris2.feedback.count">
                  <str>0</str>
               </arr>
               <str name="iris2.hasmaterials">Records with materials</str>
               <arr name="iris2.instrument.author">
                  <str>Bolibaugh, Cylcia</str>
               </arr>
               <arr name="iris2.instrument.instrumentType">
                  <str>Elicited imitation protocol / Sentence repetition task</str>
                  <str>Speaking test / Oral production test</str>
                  <str>Other speaking test / oral production test </str>
               </arr>
               <str name="iris2.instrument.instrumentType.alltypes">elicited imitation protocol / sentence repetition task other speaking test / oral production test  </str>
               <arr name="iris2.instrument.licence">
                  <str>Attribution-NonCommercial-ShareAlike</str>
               </arr>
               <str name="iris2.instrument.primaryInstrumentType">Elicited imitation protocol / Sentence repetition task</str>
               <arr name="iris2.instrument.researchArea">
                  <str>Native / Non-native</str>
                  <str>Figurative language (metaphor)</str>
                  <str>Working memory</str>
                  <str>Aptitude</str>
                  <str>Phonology</str>
               </arr>
               <arr name="iris2.instrument.secondaryInstrumentType">
                  <str>Speaking test / Oral production test &gt; Other speaking test / oral production test </str>
               </arr>
               <arr name="iris2.instrument.typeOfFile">
                  <str>Text</str>
                  <str>Sound</str>
               </arr>
               <arr name="iris2.participants.participantType">
                  <str>Second language learners</str>
                  <str>Language users</str>
               </arr>
               <arr name="iris2.participants.targetLanguage">
                  <str>Arabic</str>
               </arr>
               <arr name="iris2.referenceid">
                  <str>2013_Bolibaugh_Foster_Memory-based aptitude for nativelike selection: The role of phonological short-term memory</str>
               </arr>
               <str name="iris2.references.allauthors">Bolibaugh &amp; Foster (2013)</str>
               <arr name="iris2.references.author">
                  <str>Bolibaugh, Cylcia</str>
                  <str>Foster, Pauline</str>
               </arr>
               <str name="iris2.references.author.lastnames">bolibaughfoster</str>
               <arr name="iris2.references.booktitle">
                  <str>Memory-based aptitude for nativelike selection: The role of phonological short-term memory</str>
                  <str>Language learning &amp; Language teaching</str>
               </arr>
               <arr name="iris2.references.editor">
                  <str>Granena, Grisela</str>
                  <str>Long, Mike</str>
               </arr>
               <arr name="iris2.references.publicationDate">
                  <str>2013</str>
               </arr>
               <arr name="iris2.references.publicationLatestDate">
                  <str>2013</str>
               </arr>
               <arr name="iris2.references.publicationType">
                  <str>Chapter</str>
               </arr>
               <arr name="oai_dc.dc_xsi:schemaLocation">
                  <str>http://www.openarchives.org/OAI/2.0/oai_dc/ http://www.openarchives.org/OAI/2.0/oai_dc.xsd</str>
                  <str>http://www.openarchives.org/OAI/2.0/oai_dc/ http://www.openarchives.org/OAI/2.0/oai_dc.xsd</str>
                  <str>http://www.openarchives.org/OAI/2.0/oai_dc/ http://www.openarchives.org/OAI/2.0/oai_dc.xsd</str>
                  <str>http://www.openarchives.org/OAI/2.0/oai_dc/ http://www.openarchives.org/OAI/2.0/oai_dc.xsd</str>
                  <str>http://www.openarchives.org/OAI/2.0/oai_dc/ http://www.openarchives.org/OAI/2.0/oai_dc.xsd</str>
               </arr>
            </doc>
         </result>
      </response>
   </solr>
   <files>
      <file id="INSTRUMENT" mime="audio/x-wav" url="http://www.iris-database.org/iris/api/resource/york:841178/asset/INSTRUMENT?download=true"/>
      <file id="INSTRUMENT1" mime="audio/x-wav" url="http://www.iris-database.org/iris/api/resource/york:841178/asset/INSTRUMENT1?download=true"/>
      <file id="INSTRUMENT2" mime="audio/x-wav" url="http://www.iris-database.org/iris/api/resource/york:841178/asset/INSTRUMENT2?download=true"/>
      <file id="INSTRUMENT3" mime="audio/x-wav" url="http://www.iris-database.org/iris/api/resource/york:841178/asset/INSTRUMENT3?download=true"/>
      <file id="INSTRUMENT4" mime="audio/x-wav" url="http://www.iris-database.org/iris/api/resource/york:841178/asset/INSTRUMENT4?download=true"/>
      <file id="INSTRUMENT5" mime="audio/x-wav" url="http://www.iris-database.org/iris/api/resource/york:841178/asset/INSTRUMENT5?download=true"/>
      <file id="INSTRUMENT6" mime="audio/x-wav" url="http://www.iris-database.org/iris/api/resource/york:841178/asset/INSTRUMENT6?download=true"/>
      <file id="INSTRUMENT7" mime="audio/x-wav" url="http://www.iris-database.org/iris/api/resource/york:841178/asset/INSTRUMENT7?download=true"/>
      <file id="INSTRUMENT8" mime="audio/x-wav" url="http://www.iris-database.org/iris/api/resource/york:841178/asset/INSTRUMENT8?download=true"/>
      <file id="INSTRUMENT9" mime="audio/x-wav" url="http://www.iris-database.org/iris/api/resource/york:841178/asset/INSTRUMENT9?download=true"/>
      <file id="INSTRUMENT10" mime="audio/x-wav" url="http://www.iris-database.org/iris/api/resource/york:841178/asset/INSTRUMENT10?download=true"/>
      <file id="INSTRUMENT11" mime="audio/x-wav" url="http://www.iris-database.org/iris/api/resource/york:841178/asset/INSTRUMENT11?download=true"/>
      <file id="INSTRUMENT12" mime="audio/x-wav" url="http://www.iris-database.org/iris/api/resource/york:841178/asset/INSTRUMENT12?download=true"/>
      <file id="INSTRUMENT13" mime="audio/x-wav" url="http://www.iris-database.org/iris/api/resource/york:841178/asset/INSTRUMENT13?download=true"/>
      <file id="INSTRUMENT14" mime="audio/x-wav" url="http://www.iris-database.org/iris/api/resource/york:841178/asset/INSTRUMENT14?download=true"/>
      <file id="INSTRUMENT15" mime="audio/x-wav" url="http://www.iris-database.org/iris/api/resource/york:841178/asset/INSTRUMENT15?download=true"/>
      <file id="INSTRUMENT16" mime="audio/x-wav" url="http://www.iris-database.org/iris/api/resource/york:841178/asset/INSTRUMENT16?download=true"/>
      <file id="INSTRUMENT17" mime="audio/x-wav" url="http://www.iris-database.org/iris/api/resource/york:841178/asset/INSTRUMENT17?download=true"/>
      <file id="INSTRUMENT18" mime="audio/x-wav" url="http://www.iris-database.org/iris/api/resource/york:841178/asset/INSTRUMENT18?download=true"/>
      <file id="INSTRUMENT19" mime="audio/x-wav" url="http://www.iris-database.org/iris/api/resource/york:841178/asset/INSTRUMENT19?download=true"/>
      <file id="INSTRUMENT20" mime="audio/x-wav" url="http://www.iris-database.org/iris/api/resource/york:841178/asset/INSTRUMENT20?download=true"/>
      <file id="INSTRUMENT21" mime="audio/x-wav" url="http://www.iris-database.org/iris/api/resource/york:841178/asset/INSTRUMENT21?download=true"/>
      <file id="INSTRUMENT22" mime="audio/x-wav" url="http://www.iris-database.org/iris/api/resource/york:841178/asset/INSTRUMENT22?download=true"/>
      <file id="INSTRUMENT23" mime="application/vnd.openxmlformats-officedocument.wordprocessingml.document" url="http://www.iris-database.org/iris/api/resource/york:841178/asset/INSTRUMENT23?download=true"/>
      <file id="INSTRUMENT24" mime="audio/x-wav" url="http://www.iris-database.org/iris/api/resource/york:841178/asset/INSTRUMENT24?download=true"/>
      <file id="INSTRUMENT25" mime="audio/x-wav" url="http://www.iris-database.org/iris/api/resource/york:841178/asset/INSTRUMENT25?download=true"/>
      <file id="INSTRUMENT26" mime="audio/x-wav" url="http://www.iris-database.org/iris/api/resource/york:841178/asset/INSTRUMENT26?download=true"/>
      <file id="INSTRUMENT27" mime="audio/x-wav" url="http://www.iris-database.org/iris/api/resource/york:841178/asset/INSTRUMENT27?download=true"/>
      <file id="INSTRUMENT28" mime="audio/x-wav" url="http://www.iris-database.org/iris/api/resource/york:841178/asset/INSTRUMENT28?download=true"/>
      <file id="INSTRUMENT29" mime="audio/x-wav" url="http://www.iris-database.org/iris/api/resource/york:841178/asset/INSTRUMENT29?download=true"/>
      <file id="INSTRUMENT30" mime="audio/x-wav" url="http://www.iris-database.org/iris/api/resource/york:841178/asset/INSTRUMENT30?download=true"/>
      <file id="INSTRUMENT31" mime="audio/x-wav" url="http://www.iris-database.org/iris/api/resource/york:841178/asset/INSTRUMENT31?download=true"/>
      <file id="INSTRUMENT32" mime="audio/x-wav" url="http://www.iris-database.org/iris/api/resource/york:841178/asset/INSTRUMENT32?download=true"/>
   </files>
</record>
