<?xml version="1.0" encoding="ISO-8859-1"?>

<record pid="york:822279">
   <solr>
      <response>
         <lst name="responseHeader">
            <int name="status">0</int>
            <int name="QTime">1142</int>
            <lst name="params">
               <str name="q">PID:york?822279</str>
            </lst>
         </lst>
         <result name="response" numfound="1" start="0">
            <doc>
               <str name="PID">york:822279</str>
               <arr name="dc.creator">
                  <str>Derwing, Tracey</str>
                  <str>Munro, Murray</str>
                  <str>Thomson, Ronald</str>
                  <str>Rossiter, Marian</str>
               </arr>
               <arr name="dc.date">
                  <str>2008</str>
                  <str>2009</str>
                  <str>2014</str>
               </arr>
               <arr name="dc.description">
                  <str>The "Suitcase Story" may be used for research purposes only, provided that the user cites the following source: Derwing, T., Munro, M. J., Thomson, R. I., &amp; Rossiter, M. J. (2009). The relationship between L1 fluency and L2 fluency development. Studies in Second Language Acquisition, 31(4), 533-557. Downloaders DO NOT have permission to use or distribute the suitcase picture story as a classroom activity or in any teaching context with pupils. The records for the L2 speaker perception tasks: 1) cloze task 2) sentence dictation task 3) oddity task 4) word stress perception in a sentence context 5) word stress recognition task and the L2 speaker production tasks 6) the suitcase narrative 7) a safety talk 8) true or false sentence reading task used in this study are all linked in IRIS.</str>
               </arr>
               <arr name="dc.identifier">
                  <str>york:822279</str>
               </arr>
               <str name="dc.title">Picture story task (the "suitcase story")</str>
               <str name="dc.title.sort">Picture story task (the "suitcase story")</str>
               <arr name="dc.type">
                  <str>Narration / Story retelling</str>
                  <str>Picture description</str>
                  <str>http://www.iris-database.org/Instruments</str>
               </arr>
               <arr name="dc2.creator">
                  <str>Derwing, Tracey</str>
                  <str>Munro, Murray</str>
                  <str>Thomson, Ronald</str>
                  <str>Rossiter, Marian</str>
               </arr>
               <arr name="dc2.date">
                  <str>2008</str>
                  <str>2009</str>
                  <str>2014</str>
               </arr>
               <arr name="dc2.description">
                  <str>The "Suitcase Story" may be used for research purposes only, provided that the user cites the following source: Derwing, T., Munro, M. J., Thomson, R. I., &amp; Rossiter, M. J. (2009). The relationship between L1 fluency and L2 fluency development. Studies in Second Language Acquisition, 31(4), 533-557. Downloaders DO NOT have permission to use or distribute the suitcase picture story as a classroom activity or in any teaching context with pupils. The records for the L2 speaker perception tasks: 1) cloze task 2) sentence dictation task 3) oddity task 4) word stress perception in a sentence context 5) word stress recognition task and the L2 speaker production tasks 6) the suitcase narrative 7) a safety talk 8) true or false sentence reading task used in this study are all linked in IRIS.</str>
               </arr>
               <arr name="dc2.identifier">
                  <str>york:822279</str>
               </arr>
               <str name="dc2.title">Picture story task (the "suitcase story")</str>
               <arr name="dc2.type">
                  <str>Narration / Story retelling</str>
                  <str>Picture description</str>
                  <str>http://www.iris-database.org/Instruments</str>
               </arr>
               <arr name="dc3.creator">
                  <str>Derwing, Tracey</str>
                  <str>Munro, Murray</str>
                  <str>Thomson, Ronald</str>
                  <str>Rossiter, Marian</str>
               </arr>
               <str name="dc3.title">Picture story task (the "suitcase story")</str>
               <date name="fgs.createdDate">2014-05-06T18:36:53.584Z</date>
               <date name="fgs.dateCreated.sort">2014-05-06T18:36:53.584Z</date>
               <str name="fgs.label">IRIS Instrument created by YODL workflow.</str>
               <date name="fgs.lastModifiedDate">2016-05-19T05:52:30.872Z</date>
               <str name="fgs.ownerId">iris-580a9f0f-ed9e-4f5f-be7e-877243bddfd0</str>
               <str name="fgs.state">Active</str>
               <arr name="iris.email">
                  <str>tracey.derwing@ualberta.ca</str>
               </arr>
               <arr name="iris.feedback.count">
                  <str>0</str>
               </arr>
               <str name="iris.hasmaterials">Records with materials</str>
               <arr name="iris.instrument.author">
                  <str>Derwing, Tracey</str>
                  <str>Munro, Murray</str>
                  <str>Thomson, Ronald</str>
                  <str>Rossiter, Marian</str>
               </arr>
               <arr name="iris.instrument.instrumentType">
                  <str>Speaking test / Oral production test</str>
                  <str>Narration / Story retelling </str>
                  <str>Speaking test / Oral production test</str>
                  <str>Picture description</str>
               </arr>
               <str name="iris.instrument.instrumentType.alltypes">narration / story retelling  picture description </str>
               <arr name="iris.instrument.licence">
                  <str>Attribution-NonCommercial-ShareAlike</str>
               </arr>
               <str name="iris.instrument.primaryInstrumentType">Speaking test / Oral production test &gt; Narration / Story retelling </str>
               <arr name="iris.instrument.researchArea">
                  <str>Acquisition</str>
                  <str>Fluency</str>
                  <str>Speaking / Oral production</str>
               </arr>
               <arr name="iris.instrument.secondaryInstrumentType">
                  <str>Speaking test / Oral production test &gt; Picture description</str>
               </arr>
               <arr name="iris.instrument.title">
                  <str>Picture story task (the "suitcase story")</str>
               </arr>
               <arr name="iris.instrument.typeOfFile">
                  <str>Still Image</str>
               </arr>
               <arr name="iris.participants.firstLanguage">
                  <str>Chinese</str>
                  <str>Ukrainian</str>
                  <str>Russian</str>
               </arr>
               <arr name="iris.participants.participantType">
                  <str>Foreign language learners</str>
                  <str>Language users</str>
               </arr>
               <arr name="iris.participants.targetLanguage">
                  <str>English</str>
               </arr>
               <arr name="iris.referenceid">
                  <str>2008_Derwing_Munro_Thomson_A longitudinal study of ESL learners' fluency and comprehensibility development</str>
                  <str>2009_Derwing_Munro_Thomson_Rossiter_The relationship between L1 fluency and L2 fluency development</str>
                  <str>2014_Derwing_Munro_Foote_Waugh_Fleming_Opening the window on comprehensible pronunciation after 19 years: A workplace training study</str>
               </arr>
               <str name="iris.references.allauthors">Derwing, Munro, et al. (2008); Derwing, Munro, et al. (2009); Derwing, Munro, et al. (2014)</str>
               <arr name="iris.references.author">
                  <str>Derwing, Tracey</str>
                  <str>Munro, Murray</str>
                  <str>Thomson, Ronald</str>
                  <str>Derwing, Tracey</str>
                  <str>Munro, Murray</str>
                  <str>Thomson, Ronald</str>
                  <str>Rossiter, Marian</str>
                  <str>Derwing, Tracey</str>
                  <str>Munro, Murray</str>
                  <str>Foote, Jennifer A.</str>
                  <str>Waugh, Erin</str>
                  <str>Fleming, Jason</str>
               </arr>
               <str name="iris.references.author.lastnames">derwingmunrothomsonderwingmunrothomsonrossiterderwingmunrofootewaughfleming</str>
               <arr name="iris.references.author.noack">
                  <str>Derwing, Tracey</str>
                  <str>Munro, Murray</str>
                  <str>Thomson, Ronald</str>
                  <str>Derwing, Tracey</str>
                  <str>Munro, Murray</str>
                  <str>Thomson, Ronald</str>
                  <str>Rossiter, Marian</str>
                  <str>Derwing, Tracey</str>
                  <str>Munro, Murray</str>
                  <str>Foote, Jennifer A.</str>
                  <str>Waugh, Erin</str>
                  <str>Fleming, Jason</str>
               </arr>
               <arr name="iris.references.journal">
                  <str>Applied Linguistics</str>
                  <str>Studies in Second Language Acquisition</str>
                  <str>Language Learning</str>
               </arr>
               <arr name="iris.references.publicationDate">
                  <str>2008</str>
                  <str>2009</str>
                  <str>2014</str>
               </arr>
               <arr name="iris.references.publicationLatestDate">
                  <str>2014</str>
               </arr>
               <arr name="iris.references.publicationType">
                  <str>Journal Article</str>
                  <str>Journal Article</str>
                  <str>Journal Article</str>
               </arr>
               <arr name="iris2.email">
                  <str>tracey.derwing@ualberta.ca</str>
               </arr>
               <arr name="iris2.feedback.count">
                  <str>0</str>
               </arr>
               <str name="iris2.hasmaterials">Records with materials</str>
               <arr name="iris2.instrument.author">
                  <str>Derwing, Tracey</str>
                  <str>Munro, Murray</str>
                  <str>Thomson, Ronald</str>
                  <str>Rossiter, Marian</str>
               </arr>
               <arr name="iris2.instrument.instrumentType">
                  <str>Speaking test / Oral production test</str>
                  <str>Narration / Story retelling </str>
                  <str>Speaking test / Oral production test</str>
                  <str>Picture description</str>
               </arr>
               <str name="iris2.instrument.instrumentType.alltypes">narration / story retelling  picture description </str>
               <arr name="iris2.instrument.licence">
                  <str>Attribution-NonCommercial-ShareAlike</str>
               </arr>
               <str name="iris2.instrument.primaryInstrumentType">Speaking test / Oral production test &gt; Narration / Story retelling </str>
               <arr name="iris2.instrument.researchArea">
                  <str>Acquisition</str>
                  <str>Fluency</str>
                  <str>Speaking / Oral production</str>
               </arr>
               <arr name="iris2.instrument.secondaryInstrumentType">
                  <str>Speaking test / Oral production test &gt; Picture description</str>
               </arr>
               <arr name="iris2.instrument.typeOfFile">
                  <str>Still Image</str>
               </arr>
               <arr name="iris2.participants.firstLanguage">
                  <str>Chinese</str>
                  <str>Ukrainian</str>
                  <str>Russian</str>
               </arr>
               <arr name="iris2.participants.participantType">
                  <str>Foreign language learners</str>
                  <str>Language users</str>
               </arr>
               <arr name="iris2.participants.targetLanguage">
                  <str>English</str>
               </arr>
               <arr name="iris2.referenceid">
                  <str>2008_Derwing_Munro_Thomson_A longitudinal study of ESL learners' fluency and comprehensibility development</str>
                  <str>2009_Derwing_Munro_Thomson_Rossiter_The relationship between L1 fluency and L2 fluency development</str>
                  <str>2014_Derwing_Munro_Foote_Waugh_Fleming_Opening the window on comprehensible pronunciation after 19 years: A workplace training study</str>
               </arr>
               <str name="iris2.references.allauthors">Derwing, Munro, et al. (2008); Derwing, Munro, et al. (2009); Derwing, Munro, et al. (2014)</str>
               <arr name="iris2.references.author">
                  <str>Derwing, Tracey</str>
                  <str>Munro, Murray</str>
                  <str>Thomson, Ronald</str>
                  <str>Derwing, Tracey</str>
                  <str>Munro, Murray</str>
                  <str>Thomson, Ronald</str>
                  <str>Rossiter, Marian</str>
                  <str>Derwing, Tracey</str>
                  <str>Munro, Murray</str>
                  <str>Foote, Jennifer A.</str>
                  <str>Waugh, Erin</str>
                  <str>Fleming, Jason</str>
               </arr>
               <str name="iris2.references.author.lastnames">derwingmunrothomsonderwingmunrothomsonrossiterderwingmunrofootewaughfleming</str>
               <arr name="iris2.references.journal">
                  <str>Applied Linguistics</str>
                  <str>Studies in Second Language Acquisition</str>
                  <str>Language Learning</str>
               </arr>
               <arr name="iris2.references.publicationDate">
                  <str>2008</str>
                  <str>2009</str>
                  <str>2014</str>
               </arr>
               <arr name="iris2.references.publicationLatestDate">
                  <str>2014</str>
               </arr>
               <arr name="iris2.references.publicationType">
                  <str>Journal Article</str>
                  <str>Journal Article</str>
                  <str>Journal Article</str>
               </arr>
               <arr name="oai_dc.dc_xsi:schemaLocation">
                  <str>http://www.openarchives.org/OAI/2.0/oai_dc/ http://www.openarchives.org/OAI/2.0/oai_dc.xsd</str>
                  <str>http://www.openarchives.org/OAI/2.0/oai_dc/ http://www.openarchives.org/OAI/2.0/oai_dc.xsd</str>
                  <str>http://www.openarchives.org/OAI/2.0/oai_dc/ http://www.openarchives.org/OAI/2.0/oai_dc.xsd</str>
                  <str>http://www.openarchives.org/OAI/2.0/oai_dc/ http://www.openarchives.org/OAI/2.0/oai_dc.xsd</str>
                  <str>http://www.openarchives.org/OAI/2.0/oai_dc/ http://www.openarchives.org/OAI/2.0/oai_dc.xsd</str>
                  <str>http://www.openarchives.org/OAI/2.0/oai_dc/ http://www.openarchives.org/OAI/2.0/oai_dc.xsd</str>
                  <str>http://www.openarchives.org/OAI/2.0/oai_dc/ http://www.openarchives.org/OAI/2.0/oai_dc.xsd</str>
                  <str>http://www.openarchives.org/OAI/2.0/oai_dc/ http://www.openarchives.org/OAI/2.0/oai_dc.xsd</str>
                  <str>http://www.openarchives.org/OAI/2.0/oai_dc/ http://www.openarchives.org/OAI/2.0/oai_dc.xsd</str>
                  <str>http://www.openarchives.org/OAI/2.0/oai_dc/ http://www.openarchives.org/OAI/2.0/oai_dc.xsd</str>
                  <str>http://www.openarchives.org/OAI/2.0/oai_dc/ http://www.openarchives.org/OAI/2.0/oai_dc.xsd</str>
                  <str>http://www.openarchives.org/OAI/2.0/oai_dc/ http://www.openarchives.org/OAI/2.0/oai_dc.xsd</str>
               </arr>
            </doc>
         </result>
      </response>
   </solr>
   <files>
      <file id="INSTRUMENT" mime="application/pdf" url="http://www.iris-database.org/iris/api/resource/york:822279/asset/INSTRUMENT?download=true"/>
   </files>
</record>
