<?xml version="1.0" encoding="ISO-8859-1"?>

<record pid="york:796515">
   <solr>
      <response>
         <lst name="responseHeader">
            <int name="status">0</int>
            <int name="QTime">513</int>
            <lst name="params">
               <str name="q">PID:york?796515</str>
            </lst>
         </lst>
         <result name="response" numfound="1" start="0">
            <doc>
               <str name="PID">york:796515</str>
               <arr name="dc.creator">
                  <str>Tagarelli, Kaitlyn</str>
               </arr>
               <arr name="dc.format">
                  <str>English</str>
               </arr>
               <arr name="dc.subject">
                  <str>Acquisition</str>
               </arr>
               <arr name="dc.type">
                  <str>Questionnaire</str>
                  <str>http://www.iris-database.org/Instruments</str>
               </arr>
               <arr name="dc2.creator">
                  <str>Tagarelli, Kaitlyn</str>
               </arr>
               <arr name="dc2.format">
                  <str>English</str>
               </arr>
               <arr name="dc2.subject">
                  <str>Acquisition</str>
               </arr>
               <arr name="dc2.type">
                  <str>Questionnaire</str>
                  <str>http://www.iris-database.org/Instruments</str>
               </arr>
               <arr name="dc3.creator">
                  <str>Tagarelli, Kaitlyn</str>
               </arr>
               <arr name="dc3.subject">
                  <str>Acquisition</str>
               </arr>
               <date name="fgs.createdDate">2012-05-24T16:31:02.235Z</date>
               <date name="fgs.dateCreated.sort">2012-05-24T16:31:02.235Z</date>
               <str name="fgs.label">IRIS Instrument created by YODL workflow.</str>
               <date name="fgs.lastModifiedDate">2015-09-23T11:16:06.511Z</date>
               <str name="fgs.ownerId">iris-c413c187-b4c1-4b42-9dda-40136e656a4d</str>
               <str name="fgs.state">Active</str>
               <arr name="iris.email">
                  <str>kmt49@georgetown.edu</str>
               </arr>
               <arr name="iris.feedback.count">
                  <str>2</str>
               </arr>
               <arr name="iris.feedback.email_1">
                  <str>s.bultena@donders.ru.nl</str>
               </arr>
               <arr name="iris.feedback.email_2">
                  <str>s.bultena@donders.ru.nl</str>
               </arr>
               <arr name="iris.feedback.published_1">
                  <str>false</str>
               </arr>
               <arr name="iris.feedback.published_2">
                  <str>false</str>
               </arr>
               <arr name="iris.feedback.time_1">
                  <str>10 Jun 2013 18:47:59 GMT</str>
               </arr>
               <arr name="iris.feedback.time_2">
                  <str>10 Jun 2013 18:54:03 GMT</str>
               </arr>
               <str name="iris.hasmaterials">Records with materials</str>
               <arr name="iris.instrument.author">
                  <str>Tagarelli, Kaitlyn</str>
               </arr>
               <arr name="iris.instrument.instrumentType">
                  <str>Questionnaire</str>
               </arr>
               <str name="iris.instrument.instrumentType.alltypes">questionnaire </str>
               <arr name="iris.instrument.licence">
                  <str>Attribution-NonCommercial-ShareAlike</str>
               </arr>
               <str name="iris.instrument.primaryInstrumentType">Questionnaire</str>
               <arr name="iris.instrument.researchArea">
                  <str>Acquisition</str>
               </arr>
               <arr name="iris.instrument.sourceLanguage">
                  <str>English</str>
               </arr>
               <arr name="iris.instrument.typeOfFile">
                  <str>Text</str>
               </arr>
               <arr name="iris.participants.firstLanguage">
                  <str>English</str>
                  <str>French</str>
               </arr>
               <arr name="iris.participants.gender">
                  <str>mixed</str>
               </arr>
               <arr name="iris.participants.participantType">
                  <str>Second language learners</str>
                  <str>First language learners</str>
               </arr>
               <arr name="iris.participants.proficiencyLearner">
                  <str>Native</str>
                  <str>Near native</str>
                  <str>Bilingual since infancy</str>
                  <str>Advanced</str>
                  <str>Intermediate/advanced</str>
                  <str>Intermediate</str>
               </arr>
               <arr name="iris.participants.targetLanguage">
                  <str>French</str>
                  <str>English</str>
               </arr>
               <arr name="iris.referenceid">
                  <str>Tagarelli_Tomato-Tomate: Cognate facilitation effects in advanced English-French bilinguals</str>
               </arr>
               <str name="iris.references.allauthors">Tagarelli (2010)</str>
               <arr name="iris.references.author">
                  <str>Tagarelli, Kaitlyn M.</str>
               </arr>
               <str name="iris.references.author.lastnames">tagarelli</str>
               <arr name="iris.references.author.noack">
                  <str>Tagarelli, Kaitlyn M.</str>
               </arr>
               <arr name="iris.references.publicationDate">
                  <str>2010</str>
               </arr>
               <arr name="iris.references.publicationLatestDate">
                  <str>2010</str>
               </arr>
               <arr name="iris.references.publicationType">
                  <str>Thesis</str>
               </arr>
               <arr name="iris2.email">
                  <str>kmt49@georgetown.edu</str>
               </arr>
               <arr name="iris2.feedback.count">
                  <str>2</str>
               </arr>
               <arr name="iris2.feedback.email_1">
                  <str>s.bultena@donders.ru.nl</str>
               </arr>
               <arr name="iris2.feedback.email_2">
                  <str>s.bultena@donders.ru.nl</str>
               </arr>
               <arr name="iris2.feedback.published_1">
                  <str>false</str>
               </arr>
               <arr name="iris2.feedback.published_2">
                  <str>false</str>
               </arr>
               <arr name="iris2.feedback.time_1">
                  <str>10 Jun 2013 18:47:59 GMT</str>
               </arr>
               <arr name="iris2.feedback.time_2">
                  <str>10 Jun 2013 18:54:03 GMT</str>
               </arr>
               <str name="iris2.hasmaterials">Records with materials</str>
               <arr name="iris2.instrument.author">
                  <str>Tagarelli, Kaitlyn</str>
               </arr>
               <arr name="iris2.instrument.instrumentType">
                  <str>Questionnaire</str>
               </arr>
               <str name="iris2.instrument.instrumentType.alltypes">questionnaire </str>
               <arr name="iris2.instrument.licence">
                  <str>Attribution-NonCommercial-ShareAlike</str>
               </arr>
               <str name="iris2.instrument.primaryInstrumentType">Questionnaire</str>
               <arr name="iris2.instrument.researchArea">
                  <str>Acquisition</str>
               </arr>
               <arr name="iris2.instrument.sourceLanguage">
                  <str>English</str>
               </arr>
               <arr name="iris2.instrument.typeOfFile">
                  <str>Text</str>
               </arr>
               <arr name="iris2.participants.firstLanguage">
                  <str>English</str>
                  <str>French</str>
               </arr>
               <arr name="iris2.participants.gender">
                  <str>mixed</str>
               </arr>
               <arr name="iris2.participants.participantType">
                  <str>Second language learners</str>
                  <str>First language learners</str>
               </arr>
               <arr name="iris2.participants.proficiencyLearner">
                  <str>Native</str>
                  <str>Near native</str>
                  <str>Bilingual since infancy</str>
                  <str>Advanced</str>
                  <str>Intermediate/advanced</str>
                  <str>Intermediate</str>
               </arr>
               <arr name="iris2.participants.targetLanguage">
                  <str>French</str>
                  <str>English</str>
               </arr>
               <arr name="iris2.referenceid">
                  <str>Tagarelli_Tomato-Tomate: Cognate facilitation effects in advanced English-French bilinguals</str>
               </arr>
               <str name="iris2.references.allauthors">Tagarelli (2010)</str>
               <arr name="iris2.references.author">
                  <str>Tagarelli, Kaitlyn M.</str>
               </arr>
               <str name="iris2.references.author.lastnames">tagarelli</str>
               <arr name="iris2.references.publicationDate">
                  <str>2010</str>
               </arr>
               <arr name="iris2.references.publicationLatestDate">
                  <str>2010</str>
               </arr>
               <arr name="iris2.references.publicationType">
                  <str>Thesis</str>
               </arr>
               <arr name="oai_dc.dc_xsi:schemaLocation">
                  <str>http://www.openarchives.org/OAI/2.0/oai_dc/ http://www.openarchives.org/OAI/2.0/oai_dc.xsd</str>
               </arr>
            </doc>
         </result>
      </response>
   </solr>
   <files>
      <file id="INSTRUMENT" mime="application/vnd.openxmlformats-officedocument.wordprocessingml.document" url="http://www.iris-database.org/iris/api/resource/york:796515/asset/INSTRUMENT?download=true"/>
   </files>
</record>
