<?xml version="1.0" encoding="ISO-8859-1"?>

<record pid="york:808689">
   <solr>
      <response>
         <lst name="responseHeader">
            <int name="status">0</int>
            <int name="QTime">522</int>
            <lst name="params">
               <str name="q">PID:york?808689</str>
            </lst>
         </lst>
         <result name="response" numfound="1" start="0">
            <doc>
               <str name="PID">york:808689</str>
               <arr name="dc.creator">
                  <str>McDonough, Kim</str>
                  <str>Nekrasova-Becker, Tatiana</str>
               </arr>
               <arr name="dc.date">
                  <str>2012</str>
               </arr>
               <arr name="dc.description">
                  <str>Information about pilot testing is reported in the journal article</str>
               </arr>
               <arr name="dc.format">
                  <str>English</str>
               </arr>
               <arr name="dc.subject">
                  <str>Listening</str>
               </arr>
               <arr name="dc.type">
                  <str>Listening test</str>
                  <str>http://www.iris-database.org/Instruments</str>
               </arr>
               <arr name="dc2.creator">
                  <str>McDonough, Kim</str>
                  <str>Nekrasova-Becker, Tatiana</str>
               </arr>
               <arr name="dc2.date">
                  <str>2012</str>
               </arr>
               <arr name="dc2.description">
                  <str>Information about pilot testing is reported in the journal article</str>
               </arr>
               <arr name="dc2.format">
                  <str>English</str>
               </arr>
               <arr name="dc2.subject">
                  <str>Listening</str>
               </arr>
               <arr name="dc2.type">
                  <str>Listening test</str>
                  <str>http://www.iris-database.org/Instruments</str>
               </arr>
               <arr name="dc3.creator">
                  <str>McDonough, Kim</str>
                  <str>Nekrasova-Becker, Tatiana</str>
               </arr>
               <arr name="dc3.subject">
                  <str>Listening</str>
               </arr>
               <date name="fgs.createdDate">2013-02-28T14:31:37.552Z</date>
               <date name="fgs.dateCreated.sort">2013-02-28T14:31:37.552Z</date>
               <str name="fgs.label">IRIS Instrument created by YODL workflow.</str>
               <date name="fgs.lastModifiedDate">2016-01-06T13:35:29.269Z</date>
               <str name="fgs.ownerId">iris-580a9f0f-ed9e-4f5f-be7e-877243bddfd0</str>
               <str name="fgs.state">Active</str>
               <arr name="iris.email">
                  <str>Kim.McDonough@concordia.ca</str>
               </arr>
               <arr name="iris.feedback.count">
                  <str>0</str>
               </arr>
               <str name="iris.hasmaterials">Records with materials</str>
               <arr name="iris.instrument.author">
                  <str>McDonough, Kim</str>
                  <str>Nekrasova-Becker, Tatiana</str>
               </arr>
               <arr name="iris.instrument.instrumentType">
                  <str>Listening / Aural test</str>
               </arr>
               <str name="iris.instrument.instrumentType.alltypes">listening / aural test </str>
               <arr name="iris.instrument.licence">
                  <str>Attribution-NonCommercial-ShareAlike</str>
               </arr>
               <arr name="iris.instrument.linguisticTarget">
                  <str>Open class</str>
                  <str>Syntax</str>
               </arr>
               <str name="iris.instrument.primaryInstrumentType">Listening / Aural test</str>
               <arr name="iris.instrument.researchArea">
                  <str>Listening</str>
               </arr>
               <arr name="iris.instrument.sourceLanguage">
                  <str>English</str>
               </arr>
               <arr name="iris.instrument.typeOfFile">
                  <str>Still Image</str>
                  <str>Text</str>
               </arr>
               <arr name="iris.participants.domainOfUse">
                  <str>School - language instruction only</str>
               </arr>
               <arr name="iris.participants.firstLanguage">
                  <str>Thai</str>
               </arr>
               <arr name="iris.participants.participantType">
                  <str>Second language learners</str>
               </arr>
               <arr name="iris.participants.proficiencyLearner">
                  <str>Intermediate</str>
               </arr>
               <arr name="iris.participants.targetLanguage">
                  <str>English</str>
               </arr>
               <arr name="iris.referenceid">
                  <str>2012_McDonough_Nekrasova-Becker_Comparing the effect of skewed and balanced input on English as a foreign language learners' comprehension of the double-object dative construction</str>
               </arr>
               <str name="iris.references.allauthors">McDonough &amp; Nekrasova-Becker (2012)</str>
               <arr name="iris.references.author">
                  <str>McDonough, Kim</str>
                  <str>Nekrasova-Becker, Tatiana</str>
               </arr>
               <str name="iris.references.author.lastnames">mcdonoughnekrasova-becker</str>
               <arr name="iris.references.author.noack">
                  <str>McDonough, Kim</str>
                  <str>Nekrasova-Becker, Tatiana</str>
               </arr>
               <arr name="iris.references.journal">
                  <str>Applied Psycholinguistics</str>
               </arr>
               <arr name="iris.references.publicationDate">
                  <str>2012</str>
               </arr>
               <arr name="iris.references.publicationLatestDate">
                  <str>2012</str>
               </arr>
               <arr name="iris.references.publicationType">
                  <str>Journal Article</str>
               </arr>
               <arr name="iris2.email">
                  <str>Kim.McDonough@concordia.ca</str>
               </arr>
               <arr name="iris2.feedback.count">
                  <str>0</str>
               </arr>
               <str name="iris2.hasmaterials">Records with materials</str>
               <arr name="iris2.instrument.author">
                  <str>McDonough, Kim</str>
                  <str>Nekrasova-Becker, Tatiana</str>
               </arr>
               <arr name="iris2.instrument.instrumentType">
                  <str>Listening / Aural test</str>
               </arr>
               <str name="iris2.instrument.instrumentType.alltypes">listening / aural test </str>
               <arr name="iris2.instrument.licence">
                  <str>Attribution-NonCommercial-ShareAlike</str>
               </arr>
               <arr name="iris2.instrument.linguisticTarget">
                  <str>Open class</str>
                  <str>Syntax</str>
               </arr>
               <str name="iris2.instrument.primaryInstrumentType">Listening / Aural test</str>
               <arr name="iris2.instrument.researchArea">
                  <str>Listening</str>
               </arr>
               <arr name="iris2.instrument.sourceLanguage">
                  <str>English</str>
               </arr>
               <arr name="iris2.instrument.typeOfFile">
                  <str>Still Image</str>
                  <str>Text</str>
               </arr>
               <arr name="iris2.participants.domainOfUse">
                  <str>School - language instruction only</str>
               </arr>
               <arr name="iris2.participants.firstLanguage">
                  <str>Thai</str>
               </arr>
               <arr name="iris2.participants.participantType">
                  <str>Second language learners</str>
               </arr>
               <arr name="iris2.participants.proficiencyLearner">
                  <str>Intermediate</str>
               </arr>
               <arr name="iris2.participants.targetLanguage">
                  <str>English</str>
               </arr>
               <arr name="iris2.referenceid">
                  <str>2012_McDonough_Nekrasova-Becker_Comparing the effect of skewed and balanced input on English as a foreign language learners' comprehension of the double-object dative construction</str>
               </arr>
               <str name="iris2.references.allauthors">McDonough &amp; Nekrasova-Becker (2012)</str>
               <arr name="iris2.references.author">
                  <str>McDonough, Kim</str>
                  <str>Nekrasova-Becker, Tatiana</str>
               </arr>
               <str name="iris2.references.author.lastnames">mcdonoughnekrasova-becker</str>
               <arr name="iris2.references.journal">
                  <str>Applied Psycholinguistics</str>
               </arr>
               <arr name="iris2.references.publicationDate">
                  <str>2012</str>
               </arr>
               <arr name="iris2.references.publicationLatestDate">
                  <str>2012</str>
               </arr>
               <arr name="iris2.references.publicationType">
                  <str>Journal Article</str>
               </arr>
               <arr name="oai_dc.dc_xsi:schemaLocation">
                  <str>http://www.openarchives.org/OAI/2.0/oai_dc/ http://www.openarchives.org/OAI/2.0/oai_dc.xsd</str>
               </arr>
            </doc>
         </result>
      </response>
   </solr>
   <files>
      <file id="INSTRUMENT" mime="application/msword" url="http://www.iris-database.org/iris/api/resource/york:808689/asset/INSTRUMENT?download=true"/>
      <file id="INSTRUMENT1" mime="application/msword" url="http://www.iris-database.org/iris/api/resource/york:808689/asset/INSTRUMENT1?download=true"/>
   </files>
</record>
