<?xml version="1.0" encoding="ISO-8859-1"?>

<record pid="york:805112">
   <solr>
      <response>
         <lst name="responseHeader">
            <int name="status">0</int>
            <int name="QTime">962</int>
            <lst name="params">
               <str name="q">PID:york?805112</str>
            </lst>
         </lst>
         <result name="response" numfound="1" start="0">
            <doc>
               <str name="PID">york:805112</str>
               <arr name="dc.creator">
                  <str>Graham, Suzanne</str>
               </arr>
               <arr name="dc.date">
                  <str>2006</str>
               </arr>
               <arr name="dc.format">
                  <str>English</str>
               </arr>
               <arr name="dc.subject">
                  <str>Learner attitudes</str>
                  <str>Learner strategies</str>
                  <str>Self-efficacy</str>
                  <str>Motivation</str>
               </arr>
               <arr name="dc.type">
                  <str>Attitude questionnaire</str>
                  <str>Learning strategy questionnaire</str>
                  <str>Learning style questionnaire</str>
                  <str>Self-efficacy questionnaire</str>
                  <str>http://www.iris-database.org/Instruments</str>
               </arr>
               <arr name="dc2.creator">
                  <str>Graham, Suzanne</str>
               </arr>
               <arr name="dc2.date">
                  <str>2006</str>
               </arr>
               <arr name="dc2.format">
                  <str>English</str>
               </arr>
               <arr name="dc2.subject">
                  <str>Learner attitudes</str>
                  <str>Learner strategies</str>
                  <str>Self-efficacy</str>
                  <str>Motivation</str>
               </arr>
               <arr name="dc2.type">
                  <str>Attitude questionnaire</str>
                  <str>Learning strategy questionnaire</str>
                  <str>Learning style questionnaire</str>
                  <str>Self-efficacy questionnaire</str>
                  <str>http://www.iris-database.org/Instruments</str>
               </arr>
               <arr name="dc3.creator">
                  <str>Graham, Suzanne</str>
               </arr>
               <arr name="dc3.subject">
                  <str>Learner attitudes</str>
                  <str>Learner strategies</str>
                  <str>Self-efficacy</str>
                  <str>Motivation</str>
               </arr>
               <date name="fgs.createdDate">2012-08-20T11:28:38.08Z</date>
               <date name="fgs.dateCreated.sort">2012-08-20T11:28:38.08Z</date>
               <str name="fgs.label">IRIS Instrument created by YODL workflow.</str>
               <date name="fgs.lastModifiedDate">2016-05-19T05:51:32.59Z</date>
               <str name="fgs.ownerId">fedoraAdmin</str>
               <str name="fgs.state">Active</str>
               <arr name="iris.email">
                  <str>s.j.graham@reading.ac.uk</str>
               </arr>
               <arr name="iris.feedback.count">
                  <str>0</str>
               </arr>
               <str name="iris.hasmaterials">Records with materials</str>
               <arr name="iris.instrument.author">
                  <str>Graham, Suzanne</str>
               </arr>
               <arr name="iris.instrument.dataType">
                  <str>Open response</str>
                  <str>Closed response format</str>
                  <str>Written production</str>
               </arr>
               <arr name="iris.instrument.funder">
                  <str>University of Reading Research Endowment Trust Fund</str>
               </arr>
               <arr name="iris.instrument.instrumentType">
                  <str>Questionnaire</str>
                  <str>Attitude questionnaire</str>
                  <str>Questionnaire</str>
                  <str>Learning strategy questionnaire</str>
                  <str>Questionnaire</str>
                  <str>Learning style questionnaire</str>
                  <str>Questionnaire</str>
                  <str>Self-efficacy questionnaire</str>
               </arr>
               <str name="iris.instrument.instrumentType.alltypes">attitude questionnaire learning strategy questionnaire learning style questionnaire self-efficacy questionnaire </str>
               <arr name="iris.instrument.licence">
                  <str>Attribution-NonCommercial-ShareAlike</str>
               </arr>
               <str name="iris.instrument.primaryInstrumentType">Questionnaire &gt; Self-efficacy questionnaire</str>
               <arr name="iris.instrument.researchArea">
                  <str>Learner attitudes</str>
                  <str>Learner strategies</str>
                  <str>Self-efficacy</str>
                  <str>Motivation</str>
               </arr>
               <arr name="iris.instrument.secondaryInstrumentType">
                  <str>Questionnaire &gt; Attitude questionnaire</str>
                  <str>Questionnaire &gt; Learning strategy questionnaire</str>
                  <str>Questionnaire &gt; Learning style questionnaire</str>
               </arr>
               <arr name="iris.instrument.sourceLanguage">
                  <str>English</str>
               </arr>
               <arr name="iris.instrument.typeOfFile">
                  <str>Text</str>
               </arr>
               <arr name="iris.participants.firstLanguage">
                  <str>English</str>
               </arr>
               <arr name="iris.participants.gender">
                  <str>mixed</str>
               </arr>
               <arr name="iris.participants.participantType">
                  <str>Foreign language learners</str>
                  <str>Second language learners</str>
               </arr>
               <arr name="iris.participants.proficiencyLearner">
                  <str>Intermediate/advanced</str>
               </arr>
               <arr name="iris.participants.targetLanguage">
                  <str>French</str>
               </arr>
               <arr name="iris.referenceid">
                  <str>2006_Graham_Listening comprehension: The learner's perspective</str>
               </arr>
               <str name="iris.references.allauthors">Graham (2006)</str>
               <arr name="iris.references.author">
                  <str>Graham, Suzanne</str>
               </arr>
               <str name="iris.references.author.lastnames">graham</str>
               <arr name="iris.references.author.noack">
                  <str>Graham, Suzanne</str>
               </arr>
               <arr name="iris.references.journal">
                  <str>System</str>
               </arr>
               <arr name="iris.references.publicationDate">
                  <str>2006</str>
               </arr>
               <arr name="iris.references.publicationLatestDate">
                  <str>2006</str>
               </arr>
               <arr name="iris.references.publicationType">
                  <str>Journal Article</str>
               </arr>
               <arr name="iris2.email">
                  <str>s.j.graham@reading.ac.uk</str>
               </arr>
               <arr name="iris2.feedback.count">
                  <str>0</str>
               </arr>
               <str name="iris2.hasmaterials">Records with materials</str>
               <arr name="iris2.instrument.author">
                  <str>Graham, Suzanne</str>
               </arr>
               <arr name="iris2.instrument.dataType">
                  <str>Open response</str>
                  <str>Closed response format</str>
                  <str>Written production</str>
               </arr>
               <arr name="iris2.instrument.funder">
                  <str>University of Reading Research Endowment Trust Fund</str>
               </arr>
               <arr name="iris2.instrument.instrumentType">
                  <str>Questionnaire</str>
                  <str>Attitude questionnaire</str>
                  <str>Questionnaire</str>
                  <str>Learning strategy questionnaire</str>
                  <str>Questionnaire</str>
                  <str>Learning style questionnaire</str>
                  <str>Questionnaire</str>
                  <str>Self-efficacy questionnaire</str>
               </arr>
               <str name="iris2.instrument.instrumentType.alltypes">attitude questionnaire learning strategy questionnaire learning style questionnaire self-efficacy questionnaire </str>
               <arr name="iris2.instrument.licence">
                  <str>Attribution-NonCommercial-ShareAlike</str>
               </arr>
               <str name="iris2.instrument.primaryInstrumentType">Questionnaire &gt; Self-efficacy questionnaire</str>
               <arr name="iris2.instrument.researchArea">
                  <str>Learner attitudes</str>
                  <str>Learner strategies</str>
                  <str>Self-efficacy</str>
                  <str>Motivation</str>
               </arr>
               <arr name="iris2.instrument.secondaryInstrumentType">
                  <str>Questionnaire &gt; Attitude questionnaire</str>
                  <str>Questionnaire &gt; Learning strategy questionnaire</str>
                  <str>Questionnaire &gt; Learning style questionnaire</str>
               </arr>
               <arr name="iris2.instrument.sourceLanguage">
                  <str>English</str>
               </arr>
               <arr name="iris2.instrument.typeOfFile">
                  <str>Text</str>
               </arr>
               <arr name="iris2.participants.firstLanguage">
                  <str>English</str>
               </arr>
               <arr name="iris2.participants.gender">
                  <str>mixed</str>
               </arr>
               <arr name="iris2.participants.participantType">
                  <str>Foreign language learners</str>
                  <str>Second language learners</str>
               </arr>
               <arr name="iris2.participants.proficiencyLearner">
                  <str>Intermediate/advanced</str>
               </arr>
               <arr name="iris2.participants.targetLanguage">
                  <str>French</str>
               </arr>
               <arr name="iris2.referenceid">
                  <str>2006_Graham_Listening comprehension: The learner's perspective</str>
               </arr>
               <str name="iris2.references.allauthors">Graham (2006)</str>
               <arr name="iris2.references.author">
                  <str>Graham, Suzanne</str>
               </arr>
               <str name="iris2.references.author.lastnames">graham</str>
               <arr name="iris2.references.journal">
                  <str>System</str>
               </arr>
               <arr name="iris2.references.publicationDate">
                  <str>2006</str>
               </arr>
               <arr name="iris2.references.publicationLatestDate">
                  <str>2006</str>
               </arr>
               <arr name="iris2.references.publicationType">
                  <str>Journal Article</str>
               </arr>
               <arr name="oai_dc.dc_xsi:schemaLocation">
                  <str>http://www.openarchives.org/OAI/2.0/oai_dc/ http://www.openarchives.org/OAI/2.0/oai_dc.xsd</str>
               </arr>
            </doc>
         </result>
      </response>
   </solr>
   <files>
      <file id="INSTRUMENT" mime="application/vnd.openxmlformats-officedocument.wordprocessingml.document" url="http://www.iris-database.org/iris/api/resource/york:805112/asset/INSTRUMENT?download=true"/>
   </files>
</record>
