<?xml version="1.0" encoding="ISO-8859-1"?>

<record pid="york:841175">
   <solr>
      <response>
         <lst name="responseHeader">
            <int name="status">0</int>
            <int name="QTime">1123</int>
            <lst name="params">
               <str name="q">PID:york?841175</str>
            </lst>
         </lst>
         <result name="response" numfound="1" start="0">
            <doc>
               <str name="PID">york:841175</str>
               <arr name="dc.creator">
                  <str>Michel, Marije C.</str>
                  <str>Sample, E.</str>
               </arr>
               <arr name="dc.date">
                  <str>1995</str>
                  <str>2014</str>
               </arr>
               <arr name="dc.description">
                  <str>Permission to upload the pictures to IRIS has been granted by Jeanne Perrett, author of the original material from which they were adapted. Other relevant research areas for the materials are: task-based language teaching (TBLT) and task repetition.</str>
               </arr>
               <arr name="dc.identifier">
                  <str>york:841175</str>
               </arr>
               <arr name="dc.type">
                  <str>Picture spot the difference</str>
                  <str>Information gap tasks (e.g. spot difference, map task)</str>
                  <str>http://www.iris-database.org/Instruments</str>
               </arr>
               <arr name="dc2.creator">
                  <str>Michel, Marije C.</str>
                  <str>Sample, E.</str>
               </arr>
               <arr name="dc2.date">
                  <str>1995</str>
                  <str>2014</str>
               </arr>
               <arr name="dc2.description">
                  <str>Permission to upload the pictures to IRIS has been granted by Jeanne Perrett, author of the original material from which they were adapted. Other relevant research areas for the materials are: task-based language teaching (TBLT) and task repetition.</str>
               </arr>
               <arr name="dc2.identifier">
                  <str>york:841175</str>
               </arr>
               <arr name="dc2.type">
                  <str>Picture spot the difference</str>
                  <str>Information gap tasks (e.g. spot difference, map task)</str>
                  <str>http://www.iris-database.org/Instruments</str>
               </arr>
               <arr name="dc3.creator">
                  <str>Michel, Marije C.</str>
                  <str>Sample, E.</str>
               </arr>
               <date name="fgs.createdDate">2014-12-11T16:00:37.391Z</date>
               <date name="fgs.dateCreated.sort">2014-12-11T16:00:37.391Z</date>
               <str name="fgs.label">IRIS Instrument created by YODL workflow.</str>
               <date name="fgs.lastModifiedDate">2016-04-05T04:33:52.741Z</date>
               <str name="fgs.ownerId">iris-580a9f0f-ed9e-4f5f-be7e-877243bddfd0</str>
               <str name="fgs.state">Active</str>
               <arr name="iris.email">
                  <str>m.michel@lancaster.ac.uk</str>
               </arr>
               <arr name="iris.feedback.count">
                  <str>0</str>
               </arr>
               <str name="iris.hasmaterials">Records with materials</str>
               <arr name="iris.instrument.author">
                  <str>Michel, Marije C.</str>
                  <str>Sample, E.</str>
               </arr>
               <arr name="iris.instrument.instrumentType">
                  <str>Speaking test / Oral production test</str>
                  <str>Picture spot the difference</str>
                  <str>Communicative / Interactive task</str>
                  <str>Information gap</str>
               </arr>
               <str name="iris.instrument.instrumentType.alltypes">picture spot the difference information gap </str>
               <arr name="iris.instrument.licence">
                  <str>Attribution-NonCommercial-ShareAlike</str>
               </arr>
               <str name="iris.instrument.primaryInstrumentType">Communicative / Interactive task &gt; Information gap</str>
               <arr name="iris.instrument.researchArea">
                  <str>Complexity</str>
                  <str>Fluency</str>
                  <str>Teaching methods (style, approach, technique)</str>
               </arr>
               <arr name="iris.instrument.secondaryInstrumentType">
                  <str>Speaking test / Oral production test &gt; Picture spot the difference</str>
               </arr>
               <arr name="iris.instrument.typeOfFile">
                  <str>Still Image</str>
               </arr>
               <arr name="iris.participants.participantType">
                  <str>Young learners</str>
                  <str>Foreign language learners</str>
                  <str>Second language learners</str>
               </arr>
               <arr name="iris.referenceid">
                  <str>1995_Perrett_Wordbird's word book: Vocabulary building for young learners</str>
                  <str>2014_Sample_Michel_An exploratory study into the effects of task repetition on young learners' complexity, accuracy and fluency</str>
               </arr>
               <str name="iris.references.allauthors">Sample &amp; Michel (2014); </str>
               <arr name="iris.references.author">
                  <str>Perrett, J.</str>
                  <str>Sample, E.</str>
                  <str>Michel, Marije C.</str>
               </arr>
               <str name="iris.references.author.lastnames">perrettsamplemichel</str>
               <arr name="iris.references.author.noack">
                  <str>Sample, E.</str>
                  <str>Michel, Marije C.</str>
               </arr>
               <arr name="iris.references.journal">
                  <str>TESOL Canada Journal</str>
               </arr>
               <arr name="iris.references.placeOfPublication">
                  <str>Hertfordshire</str>
               </arr>
               <arr name="iris.references.publicationDate">
                  <str>1995</str>
                  <str>2014</str>
               </arr>
               <arr name="iris.references.publicationLatestDate">
                  <str>2014</str>
               </arr>
               <arr name="iris.references.publicationType">
                  <str>Book</str>
                  <str>Journal Article</str>
               </arr>
               <arr name="iris.references.publisher">
                  <str>Prentice Hall International (UK) Limited</str>
               </arr>
               <arr name="iris2.email">
                  <str>m.michel@lancaster.ac.uk</str>
               </arr>
               <arr name="iris2.feedback.count">
                  <str>0</str>
               </arr>
               <str name="iris2.hasmaterials">Records with materials</str>
               <arr name="iris2.instrument.author">
                  <str>Michel, Marije C.</str>
                  <str>Sample, E.</str>
               </arr>
               <arr name="iris2.instrument.instrumentType">
                  <str>Speaking test / Oral production test</str>
                  <str>Picture spot the difference</str>
                  <str>Communicative / Interactive task</str>
                  <str>Information gap</str>
               </arr>
               <str name="iris2.instrument.instrumentType.alltypes">picture spot the difference information gap </str>
               <arr name="iris2.instrument.licence">
                  <str>Attribution-NonCommercial-ShareAlike</str>
               </arr>
               <str name="iris2.instrument.primaryInstrumentType">Communicative / Interactive task &gt; Information gap</str>
               <arr name="iris2.instrument.researchArea">
                  <str>Complexity</str>
                  <str>Fluency</str>
                  <str>Teaching methods (style, approach, technique)</str>
               </arr>
               <arr name="iris2.instrument.secondaryInstrumentType">
                  <str>Speaking test / Oral production test &gt; Picture spot the difference</str>
               </arr>
               <arr name="iris2.instrument.typeOfFile">
                  <str>Still Image</str>
               </arr>
               <arr name="iris2.participants.participantType">
                  <str>Young learners</str>
                  <str>Foreign language learners</str>
                  <str>Second language learners</str>
               </arr>
               <arr name="iris2.referenceid">
                  <str>1995_Perrett_Wordbird's word book: Vocabulary building for young learners</str>
                  <str>2014_Sample_Michel_An exploratory study into the effects of task repetition on young learners' complexity, accuracy and fluency</str>
               </arr>
               <str name="iris2.references.allauthors">Sample &amp; Michel (2014); </str>
               <arr name="iris2.references.author">
                  <str>Perrett, J.</str>
                  <str>Sample, E.</str>
                  <str>Michel, Marije C.</str>
               </arr>
               <str name="iris2.references.author.lastnames">perrettsamplemichel</str>
               <arr name="iris2.references.journal">
                  <str>TESOL Canada Journal</str>
               </arr>
               <arr name="iris2.references.placeOfPublication">
                  <str>Hertfordshire</str>
               </arr>
               <arr name="iris2.references.publicationDate">
                  <str>1995</str>
                  <str>2014</str>
               </arr>
               <arr name="iris2.references.publicationLatestDate">
                  <str>2014</str>
               </arr>
               <arr name="iris2.references.publicationType">
                  <str>Book</str>
                  <str>Journal Article</str>
               </arr>
               <arr name="iris2.references.publisher">
                  <str>Prentice Hall International (UK) Limited</str>
               </arr>
               <arr name="oai_dc.dc_xsi:schemaLocation">
                  <str>http://www.openarchives.org/OAI/2.0/oai_dc/ http://www.openarchives.org/OAI/2.0/oai_dc.xsd</str>
                  <str>http://www.openarchives.org/OAI/2.0/oai_dc/ http://www.openarchives.org/OAI/2.0/oai_dc.xsd</str>
                  <str>http://www.openarchives.org/OAI/2.0/oai_dc/ http://www.openarchives.org/OAI/2.0/oai_dc.xsd</str>
                  <str>http://www.openarchives.org/OAI/2.0/oai_dc/ http://www.openarchives.org/OAI/2.0/oai_dc.xsd</str>
                  <str>http://www.openarchives.org/OAI/2.0/oai_dc/ http://www.openarchives.org/OAI/2.0/oai_dc.xsd</str>
                  <str>http://www.openarchives.org/OAI/2.0/oai_dc/ http://www.openarchives.org/OAI/2.0/oai_dc.xsd</str>
                  <str>http://www.openarchives.org/OAI/2.0/oai_dc/ http://www.openarchives.org/OAI/2.0/oai_dc.xsd</str>
                  <str>http://www.openarchives.org/OAI/2.0/oai_dc/ http://www.openarchives.org/OAI/2.0/oai_dc.xsd</str>
                  <str>http://www.openarchives.org/OAI/2.0/oai_dc/ http://www.openarchives.org/OAI/2.0/oai_dc.xsd</str>
                  <str>http://www.openarchives.org/OAI/2.0/oai_dc/ http://www.openarchives.org/OAI/2.0/oai_dc.xsd</str>
                  <str>http://www.openarchives.org/OAI/2.0/oai_dc/ http://www.openarchives.org/OAI/2.0/oai_dc.xsd</str>
                  <str>http://www.openarchives.org/OAI/2.0/oai_dc/ http://www.openarchives.org/OAI/2.0/oai_dc.xsd</str>
                  <str>http://www.openarchives.org/OAI/2.0/oai_dc/ http://www.openarchives.org/OAI/2.0/oai_dc.xsd</str>
                  <str>http://www.openarchives.org/OAI/2.0/oai_dc/ http://www.openarchives.org/OAI/2.0/oai_dc.xsd</str>
               </arr>
            </doc>
         </result>
      </response>
   </solr>
   <files>
      <file id="INSTRUMENT" mime="image/jpg" url="http://www.iris-database.org/iris/api/resource/york:841175/asset/INSTRUMENT?download=true"/>
      <file id="INSTRUMENT1" mime="image/jpg" url="http://www.iris-database.org/iris/api/resource/york:841175/asset/INSTRUMENT1?download=true"/>
      <file id="INSTRUMENT2" mime="image/jpg" url="http://www.iris-database.org/iris/api/resource/york:841175/asset/INSTRUMENT2?download=true"/>
      <file id="INSTRUMENT3" mime="image/jpg" url="http://www.iris-database.org/iris/api/resource/york:841175/asset/INSTRUMENT3?download=true"/>
   </files>
</record>
