<?xml version="1.0" encoding="ISO-8859-1"?>

<record pid="york:805642">
   <solr>
      <response>
         <lst name="responseHeader">
            <int name="status">0</int>
            <int name="QTime">887</int>
            <lst name="params">
               <str name="q">PID:york?805642</str>
            </lst>
         </lst>
         <result name="response" numfound="1" start="0">
            <doc>
               <str name="PID">york:805642</str>
               <arr name="dc.creator">
                  <str>Schmid, M.</str>
                  <str>Keijzer, M.</str>
                  <str>Tajik, Elaheh</str>
                  <str>Cherciov, M.</str>
                  <str>Calvo, Carolina</str>
               </arr>
               <arr name="dc.date">
                  <str>2010</str>
               </arr>
               <arr name="dc.description">
                  <str>Supplementary materials included: Coding data elicited with the Sociolinguistic Questionnaire. Calculating compound factors. Coding book. SPSS sheet for data entry also available at http://www.let.rug.nl/languageattrition/codingSQ. Please see the Attrition website http://www.let.rug.nl/languageattrition/AMTB for other versions of instruments, notes, associated projects and publications.</str>
               </arr>
               <arr name="dc.format">
                  <str>English</str>
                  <str>Dutch</str>
                  <str>German</str>
                  <str>Romanian</str>
                  <str>Spanish</str>
                  <str>Farsi</str>
               </arr>
               <arr name="dc.subject">
                  <str>Attrition</str>
               </arr>
               <str name="dc.title">Sociolinguistic Questionnaire</str>
               <str name="dc.title.sort">Sociolinguistic Questionnaire</str>
               <arr name="dc.type">
                  <str>Biographical questionnaire</str>
                  <str>Language background questionnaire</str>
                  <str>Language preferences or dominance questionnaire</str>
                  <str>http://www.iris-database.org/Instruments</str>
               </arr>
               <arr name="dc2.creator">
                  <str>Schmid, M.</str>
                  <str>Keijzer, M.</str>
                  <str>Tajik, Elaheh</str>
                  <str>Cherciov, M.</str>
                  <str>Calvo, Carolina</str>
               </arr>
               <arr name="dc2.date">
                  <str>2010</str>
               </arr>
               <arr name="dc2.description">
                  <str>Supplementary materials included: Coding data elicited with the Sociolinguistic Questionnaire. Calculating compound factors. Coding book. SPSS sheet for data entry also available at http://www.let.rug.nl/languageattrition/codingSQ. Please see the Attrition website http://www.let.rug.nl/languageattrition/AMTB for other versions of instruments, notes, associated projects and publications.</str>
               </arr>
               <arr name="dc2.format">
                  <str>English</str>
                  <str>Dutch</str>
                  <str>German</str>
                  <str>Romanian</str>
                  <str>Spanish</str>
                  <str>Farsi</str>
               </arr>
               <arr name="dc2.subject">
                  <str>Attrition</str>
               </arr>
               <str name="dc2.title">Sociolinguistic Questionnaire</str>
               <arr name="dc2.type">
                  <str>Biographical questionnaire</str>
                  <str>Language background questionnaire</str>
                  <str>Language preferences or dominance questionnaire</str>
                  <str>http://www.iris-database.org/Instruments</str>
               </arr>
               <arr name="dc3.creator">
                  <str>Schmid, M.</str>
                  <str>Keijzer, M.</str>
                  <str>Tajik, Elaheh</str>
                  <str>Cherciov, M.</str>
                  <str>Calvo, Carolina</str>
               </arr>
               <arr name="dc3.subject">
                  <str>Attrition</str>
               </arr>
               <str name="dc3.title">Sociolinguistic Questionnaire</str>
               <date name="fgs.createdDate">2012-09-18T15:47:02.019Z</date>
               <date name="fgs.dateCreated.sort">2012-09-18T15:47:02.019Z</date>
               <str name="fgs.label">IRIS Instrument created by YODL workflow.</str>
               <date name="fgs.lastModifiedDate">2016-03-16T09:02:15.046Z</date>
               <str name="fgs.ownerId">fedoraAdmin</str>
               <str name="fgs.state">Active</str>
               <arr name="iris.email">
                  <str>mschmid@essex.ac.uk</str>
               </arr>
               <arr name="iris.feedback.count">
                  <str>0</str>
               </arr>
               <str name="iris.hasmaterials">Records with materials</str>
               <arr name="iris.instrument.author">
                  <str>Schmid, M.</str>
                  <str>Keijzer, M.</str>
                  <str>Tajik, Elaheh</str>
                  <str>Cherciov, M.</str>
                  <str>Calvo, Carolina</str>
               </arr>
               <arr name="iris.instrument.instrumentType">
                  <str>Questionnaire</str>
                  <str>Biographical questionnaire</str>
                  <str>Questionnaire</str>
                  <str>Language background questionnaire</str>
                  <str>Questionnaire</str>
                  <str>Language preferences or dominance questionnaire</str>
               </arr>
               <str name="iris.instrument.instrumentType.alltypes">biographical questionnaire language background questionnaire language preferences or dominance questionnaire </str>
               <arr name="iris.instrument.licence">
                  <str>Attribution-NonCommercial-ShareAlike</str>
               </arr>
               <str name="iris.instrument.primaryInstrumentType">Questionnaire &gt; Language background questionnaire</str>
               <arr name="iris.instrument.researchArea">
                  <str>Attrition</str>
               </arr>
               <arr name="iris.instrument.secondaryInstrumentType">
                  <str>Questionnaire &gt; Biographical questionnaire</str>
                  <str>Questionnaire &gt; Language preferences or dominance questionnaire</str>
               </arr>
               <arr name="iris.instrument.sourceLanguage">
                  <str>English</str>
                  <str>Dutch</str>
                  <str>German</str>
                  <str>Romanian</str>
                  <str>Spanish</str>
                  <str>Farsi</str>
               </arr>
               <arr name="iris.instrument.title">
                  <str>Sociolinguistic Questionnaire</str>
               </arr>
               <arr name="iris.instrument.typeOfFile">
                  <str>Text</str>
               </arr>
               <arr name="iris.participants.firstLanguage">
                  <str>English</str>
                  <str>Dutch</str>
                  <str>German</str>
                  <str>Romanian</str>
                  <str>Spanish</str>
                  <str>Turkmen</str>
               </arr>
               <arr name="iris.participants.participantType">
                  <str>Second language learners</str>
               </arr>
               <arr name="iris.referenceid">
                  <str>Cherciov_Between acquisition and attrition: The dynamics between two languages in adult migrants</str>
                  <str>Keijzer_Last in first out? An investigation of the regression hypothesis in Dutch emigrants in anglophone Canada</str>
                  <str>2010_Schmid_Dusseldorp_Quantitative analyses in a multivariate study of language attrition: The impact of extralinguistic factors</str>
               </arr>
               <str name="iris.references.allauthors">Cherciov (2010); Keijzer (2007); Schmid &amp; Dusseldorp (2010)</str>
               <arr name="iris.references.author">
                  <str>Cherciov, M.</str>
                  <str>Keijzer, M.</str>
                  <str>Schmid, M.S.</str>
                  <str>Dusseldorp, E.</str>
               </arr>
               <str name="iris.references.author.lastnames">cherciovkeijzerschmiddusseldorp</str>
               <arr name="iris.references.author.noack">
                  <str>Cherciov, M.</str>
                  <str>Keijzer, M.</str>
                  <str>Schmid, M.S.</str>
                  <str>Dusseldorp, E.</str>
               </arr>
               <arr name="iris.references.journal">
                  <str>Second Language Research</str>
               </arr>
               <arr name="iris.references.publicationDate">
                  <str>2010</str>
                  <str>2010</str>
                  <str>2007</str>
               </arr>
               <arr name="iris.references.publicationLatestDate">
                  <str>2010</str>
                  <str>2010</str>
               </arr>
               <arr name="iris.references.publicationType">
                  <str>Thesis</str>
                  <str>Thesis</str>
                  <str>Journal Article</str>
               </arr>
               <arr name="iris2.email">
                  <str>mschmid@essex.ac.uk</str>
               </arr>
               <arr name="iris2.feedback.count">
                  <str>0</str>
               </arr>
               <str name="iris2.hasmaterials">Records with materials</str>
               <arr name="iris2.instrument.author">
                  <str>Schmid, M.</str>
                  <str>Keijzer, M.</str>
                  <str>Tajik, Elaheh</str>
                  <str>Cherciov, M.</str>
                  <str>Calvo, Carolina</str>
               </arr>
               <arr name="iris2.instrument.instrumentType">
                  <str>Questionnaire</str>
                  <str>Biographical questionnaire</str>
                  <str>Questionnaire</str>
                  <str>Language background questionnaire</str>
                  <str>Questionnaire</str>
                  <str>Language preferences or dominance questionnaire</str>
               </arr>
               <str name="iris2.instrument.instrumentType.alltypes">biographical questionnaire language background questionnaire language preferences or dominance questionnaire </str>
               <arr name="iris2.instrument.licence">
                  <str>Attribution-NonCommercial-ShareAlike</str>
               </arr>
               <str name="iris2.instrument.primaryInstrumentType">Questionnaire &gt; Language background questionnaire</str>
               <arr name="iris2.instrument.researchArea">
                  <str>Attrition</str>
               </arr>
               <arr name="iris2.instrument.secondaryInstrumentType">
                  <str>Questionnaire &gt; Biographical questionnaire</str>
                  <str>Questionnaire &gt; Language preferences or dominance questionnaire</str>
               </arr>
               <arr name="iris2.instrument.sourceLanguage">
                  <str>English</str>
                  <str>Dutch</str>
                  <str>German</str>
                  <str>Romanian</str>
                  <str>Spanish</str>
                  <str>Farsi</str>
               </arr>
               <arr name="iris2.instrument.typeOfFile">
                  <str>Text</str>
               </arr>
               <arr name="iris2.participants.firstLanguage">
                  <str>English</str>
                  <str>Dutch</str>
                  <str>German</str>
                  <str>Romanian</str>
                  <str>Spanish</str>
                  <str>Turkmen</str>
               </arr>
               <arr name="iris2.participants.participantType">
                  <str>Second language learners</str>
               </arr>
               <arr name="iris2.referenceid">
                  <str>Cherciov_Between acquisition and attrition: The dynamics between two languages in adult migrants</str>
                  <str>Keijzer_Last in first out? An investigation of the regression hypothesis in Dutch emigrants in anglophone Canada</str>
                  <str>2010_Schmid_Dusseldorp_Quantitative analyses in a multivariate study of language attrition: The impact of extralinguistic factors</str>
               </arr>
               <str name="iris2.references.allauthors">Cherciov (2010); Keijzer (2007); Schmid &amp; Dusseldorp (2010)</str>
               <arr name="iris2.references.author">
                  <str>Cherciov, M.</str>
                  <str>Keijzer, M.</str>
                  <str>Schmid, M.S.</str>
                  <str>Dusseldorp, E.</str>
               </arr>
               <str name="iris2.references.author.lastnames">cherciovkeijzerschmiddusseldorp</str>
               <arr name="iris2.references.journal">
                  <str>Second Language Research</str>
               </arr>
               <arr name="iris2.references.publicationDate">
                  <str>2010</str>
                  <str>2010</str>
                  <str>2007</str>
               </arr>
               <arr name="iris2.references.publicationLatestDate">
                  <str>2010</str>
                  <str>2010</str>
               </arr>
               <arr name="iris2.references.publicationType">
                  <str>Thesis</str>
                  <str>Thesis</str>
                  <str>Journal Article</str>
               </arr>
               <arr name="oai_dc.dc_xsi:schemaLocation">
                  <str>http://www.openarchives.org/OAI/2.0/oai_dc/ http://www.openarchives.org/OAI/2.0/oai_dc.xsd</str>
               </arr>
            </doc>
         </result>
      </response>
   </solr>
   <files>
      <file id="INSTRUMENT" mime="application/pdf" url="http://www.iris-database.org/iris/api/resource/york:805642/asset/INSTRUMENT?download=true"/>
      <file id="INSTRUMENT1" mime="application/pdf" url="http://www.iris-database.org/iris/api/resource/york:805642/asset/INSTRUMENT1?download=true"/>
      <file id="INSTRUMENT2" mime="application/pdf" url="http://www.iris-database.org/iris/api/resource/york:805642/asset/INSTRUMENT2?download=true"/>
      <file id="INSTRUMENT3" mime="application/pdf" url="http://www.iris-database.org/iris/api/resource/york:805642/asset/INSTRUMENT3?download=true"/>
      <file id="INSTRUMENT4" mime="application/pdf" url="http://www.iris-database.org/iris/api/resource/york:805642/asset/INSTRUMENT4?download=true"/>
      <file id="INSTRUMENT5" mime="application/pdf" url="http://www.iris-database.org/iris/api/resource/york:805642/asset/INSTRUMENT5?download=true"/>
      <file id="INSTRUMENT6" mime="application/pdf" url="http://www.iris-database.org/iris/api/resource/york:805642/asset/INSTRUMENT6?download=true"/>
      <file id="INSTRUMENT7" mime="application/pdf" url="http://www.iris-database.org/iris/api/resource/york:805642/asset/INSTRUMENT7?download=true"/>
      <file id="INSTRUMENT8" mime="application/pdf" url="http://www.iris-database.org/iris/api/resource/york:805642/asset/INSTRUMENT8?download=true"/>
   </files>
</record>
