<?xml version="1.0" encoding="ISO-8859-1"?>

<record pid="york:822224">
   <solr>
      <response>
         <lst name="responseHeader">
            <int name="status">0</int>
            <int name="QTime">511</int>
            <lst name="params">
               <str name="q">PID:york?822224</str>
            </lst>
         </lst>
         <result name="response" numfound="1" start="0">
            <doc>
               <str name="PID">york:822224</str>
               <arr name="dc.creator">
                  <str>Barrot, Jessie S.</str>
               </arr>
               <arr name="dc.format">
                  <str>English</str>
               </arr>
               <arr name="dc.type">
                  <str>Interview protocol</str>
                  <str>Questionnaire</str>
                  <str>Attitude questionnaire</str>
                  <str>http://www.iris-database.org/Instruments</str>
               </arr>
               <arr name="dc2.creator">
                  <str>Barrot, Jessie S.</str>
               </arr>
               <arr name="dc2.format">
                  <str>English</str>
               </arr>
               <arr name="dc2.type">
                  <str>Interview protocol</str>
                  <str>Questionnaire</str>
                  <str>Attitude questionnaire</str>
                  <str>http://www.iris-database.org/Instruments</str>
               </arr>
               <arr name="dc3.creator">
                  <str>Barrot, Jessie S.</str>
               </arr>
               <date name="fgs.createdDate">2014-03-20T14:01:56.621Z</date>
               <date name="fgs.dateCreated.sort">2014-03-20T14:01:56.621Z</date>
               <str name="fgs.label">IRIS Instrument created by YODL workflow.</str>
               <date name="fgs.lastModifiedDate">2016-05-12T16:14:24.464Z</date>
               <str name="fgs.ownerId">iris-580a9f0f-ed9e-4f5f-be7e-877243bddfd0</str>
               <str name="fgs.state">Active</str>
               <arr name="iris.email">
                  <str>jessie.barrot@dlsu.edu.ph</str>
               </arr>
               <arr name="iris.feedback.count">
                  <str>0</str>
               </arr>
               <str name="iris.hasmaterials">Records with materials</str>
               <arr name="iris.instrument.author">
                  <str>Barrot, Jessie S.</str>
               </arr>
               <arr name="iris.instrument.instrumentType">
                  <str>Interview protocol / schedule</str>
                  <str>Questionnaire</str>
                  <str>Other questionnaire</str>
                  <str>Questionnaire</str>
                  <str>Attitude questionnaire</str>
               </arr>
               <str name="iris.instrument.instrumentType.alltypes">interview protocol / schedule other questionnaire attitude questionnaire </str>
               <arr name="iris.instrument.licence">
                  <str>Attribution-NonCommercial-ShareAlike</str>
               </arr>
               <str name="iris.instrument.primaryInstrumentType">Questionnaire &gt; Other questionnaire</str>
               <arr name="iris.instrument.researchArea">
                  <str>Teacher cognition</str>
                  <str>Teaching methods (style, approach, technique)</str>
                  <str>Teaching materials and curriculum (syllabus, textbook design)</str>
               </arr>
               <arr name="iris.instrument.secondaryInstrumentType">
                  <str>Interview protocol / schedule</str>
                  <str>Questionnaire &gt; Attitude questionnaire</str>
               </arr>
               <arr name="iris.instrument.sourceLanguage">
                  <str>English</str>
               </arr>
               <arr name="iris.instrument.typeOfFile">
                  <str>Text</str>
               </arr>
               <arr name="iris.participants.participantType">
                  <str>Teachers</str>
                  <str>Primary school</str>
               </arr>
               <arr name="iris.referenceid">
                  <str>Barrot_Towards the development and validation of a sociocognitive-transformative materials design model for ESL learners</str>
               </arr>
               <str name="iris.references.allauthors">Barrot (2012)</str>
               <arr name="iris.references.author">
                  <str>Barrot, Jessie S.</str>
               </arr>
               <str name="iris.references.author.lastnames">barrot</str>
               <arr name="iris.references.author.noack">
                  <str>Barrot, Jessie S.</str>
               </arr>
               <arr name="iris.references.publicationDate">
                  <str>2012</str>
               </arr>
               <arr name="iris.references.publicationLatestDate">
                  <str>2012</str>
               </arr>
               <arr name="iris.references.publicationType">
                  <str>Thesis</str>
               </arr>
               <arr name="iris2.email">
                  <str>jessie.barrot@dlsu.edu.ph</str>
               </arr>
               <arr name="iris2.feedback.count">
                  <str>0</str>
               </arr>
               <str name="iris2.hasmaterials">Records with materials</str>
               <arr name="iris2.instrument.author">
                  <str>Barrot, Jessie S.</str>
               </arr>
               <arr name="iris2.instrument.instrumentType">
                  <str>Interview protocol / schedule</str>
                  <str>Questionnaire</str>
                  <str>Other questionnaire</str>
                  <str>Questionnaire</str>
                  <str>Attitude questionnaire</str>
               </arr>
               <str name="iris2.instrument.instrumentType.alltypes">interview protocol / schedule other questionnaire attitude questionnaire </str>
               <arr name="iris2.instrument.licence">
                  <str>Attribution-NonCommercial-ShareAlike</str>
               </arr>
               <str name="iris2.instrument.primaryInstrumentType">Questionnaire &gt; Other questionnaire</str>
               <arr name="iris2.instrument.researchArea">
                  <str>Teacher cognition</str>
                  <str>Teaching methods (style, approach, technique)</str>
                  <str>Teaching materials and curriculum (syllabus, textbook design)</str>
               </arr>
               <arr name="iris2.instrument.secondaryInstrumentType">
                  <str>Interview protocol / schedule</str>
                  <str>Questionnaire &gt; Attitude questionnaire</str>
               </arr>
               <arr name="iris2.instrument.sourceLanguage">
                  <str>English</str>
               </arr>
               <arr name="iris2.instrument.typeOfFile">
                  <str>Text</str>
               </arr>
               <arr name="iris2.participants.participantType">
                  <str>Teachers</str>
                  <str>Primary school</str>
               </arr>
               <arr name="iris2.referenceid">
                  <str>Barrot_Towards the development and validation of a sociocognitive-transformative materials design model for ESL learners</str>
               </arr>
               <str name="iris2.references.allauthors">Barrot (2012)</str>
               <arr name="iris2.references.author">
                  <str>Barrot, Jessie S.</str>
               </arr>
               <str name="iris2.references.author.lastnames">barrot</str>
               <arr name="iris2.references.publicationDate">
                  <str>2012</str>
               </arr>
               <arr name="iris2.references.publicationLatestDate">
                  <str>2012</str>
               </arr>
               <arr name="iris2.references.publicationType">
                  <str>Thesis</str>
               </arr>
               <arr name="oai_dc.dc_xsi:schemaLocation">
                  <str>http://www.openarchives.org/OAI/2.0/oai_dc/ http://www.openarchives.org/OAI/2.0/oai_dc.xsd</str>
               </arr>
            </doc>
         </result>
      </response>
   </solr>
   <files>
      <file id="INSTRUMENT" mime="application/msword" url="http://www.iris-database.org/iris/api/resource/york:822224/asset/INSTRUMENT?download=true"/>
      <file id="INSTRUMENT1" mime="application/msword" url="http://www.iris-database.org/iris/api/resource/york:822224/asset/INSTRUMENT1?download=true"/>
      <file id="INSTRUMENT2" mime="application/msword" url="http://www.iris-database.org/iris/api/resource/york:822224/asset/INSTRUMENT2?download=true"/>
   </files>
</record>
