<?xml version="1.0" encoding="ISO-8859-1"?>

<record pid="york:790118">
   <solr>
      <response>
         <lst name="responseHeader">
            <int name="status">0</int>
            <int name="QTime">1334</int>
            <lst name="params">
               <str name="q">PID:york?790118</str>
            </lst>
         </lst>
         <result name="response" numfound="1" start="0">
            <doc>
               <str name="PID">york:790118</str>
               <arr name="dc.creator">
                  <str>Marian, Viorica</str>
                  <str>Blumenfeld, Henrike K.</str>
                  <str>Kaushanskaya , Margarita</str>
               </arr>
               <arr name="dc.date">
                  <str>2007</str>
               </arr>
               <arr name="dc.description">
                  <str>This is a resource from IRIS, a collection of instruments, materials and stimuli used to elicit data for research into second and foreign languages.</str>
               </arr>
               <arr name="dc.relation">
                  <str>Marian, V., Blumenfeld, H., and Kaushanskaya, M. (2007). The Language Experience and Proficiency Questionnaire (LEAP-Q): Assessing Language Profiles in Bilinguals and Multilinguals. Journal of Speech, Language, and Hearing Research, 50(August 2007)</str>
               </arr>
               <arr name="dc.rights">
                  <str>http://creativecommons.org/licenses/by-nc-sa/3.0/</str>
               </arr>
               <arr name="dc.source">
                  <str>http://www.iris-database.org/iris/app/home/detail?id=york:790118</str>
               </arr>
               <str name="dc.title">Marian; Blumenfeld; Kaushanskaya</str>
               <str name="dc.title.sort">Marian; Blumenfeld; Kaushanskaya</str>
               <arr name="dc.type">
                  <str>http://www.iris-database.org/Instruments</str>
               </arr>
               <arr name="dc2.creator">
                  <str>Marian, Viorica</str>
                  <str>Blumenfeld, Henrike K.</str>
                  <str>Kaushanskaya , Margarita</str>
               </arr>
               <arr name="dc2.date">
                  <str>2007</str>
               </arr>
               <arr name="dc2.description">
                  <str>This is a resource from IRIS, a collection of instruments, materials and stimuli used to elicit data for research into second and foreign languages.</str>
               </arr>
               <arr name="dc2.relation">
                  <str>Marian, V., Blumenfeld, H., and Kaushanskaya, M. (2007). The Language Experience and Proficiency Questionnaire (LEAP-Q): Assessing Language Profiles in Bilinguals and Multilinguals. Journal of Speech, Language, and Hearing Research, 50(August 2007)</str>
               </arr>
               <arr name="dc2.rights">
                  <str>http://creativecommons.org/licenses/by-nc-sa/3.0/</str>
               </arr>
               <arr name="dc2.source">
                  <str>http://www.iris-database.org/iris/app/home/detail?id=york:790118</str>
               </arr>
               <str name="dc2.title">Marian; Blumenfeld; Kaushanskaya</str>
               <arr name="dc2.type">
                  <str>http://www.iris-database.org/Instruments</str>
               </arr>
               <arr name="dc3.creator">
                  <str>Marian, Viorica</str>
                  <str>Blumenfeld, Henrike K.</str>
                  <str>Kaushanskaya , Margarita</str>
               </arr>
               <str name="dc3.title">Marian; Blumenfeld; Kaushanskaya</str>
               <date name="fgs.createdDate">2012-02-21T22:43:41.088Z</date>
               <date name="fgs.dateCreated.sort">2012-02-21T22:43:41.088Z</date>
               <str name="fgs.label">IRIS Instrument created by YODL workflow.</str>
               <date name="fgs.lastModifiedDate">2016-04-26T06:07:54.474Z</date>
               <str name="fgs.ownerId">fedoraAdmin</str>
               <str name="fgs.state">Active</str>
               <arr name="iris.email">
                  <str>v-marian@northwestern.edu</str>
               </arr>
               <arr name="iris.feedback.count">
                  <str>0</str>
               </arr>
               <str name="iris.hasmaterials">Records with materials</str>
               <arr name="iris.instrument.author">
                  <str>Marian, Viorica</str>
                  <str>Blumenfeld, Henrike K.</str>
                  <str>Kaushanskaya, Margarita</str>
               </arr>
               <arr name="iris.instrument.funder">
                  <str>NIH</str>
               </arr>
               <arr name="iris.instrument.instrumentType">
                  <str>Questionnaire</str>
               </arr>
               <str name="iris.instrument.instrumentType.alltypes">questionnaire </str>
               <arr name="iris.instrument.licence">
                  <str>Attribution-NonCommercial-ShareAlike</str>
               </arr>
               <arr name="iris.instrument.linguisticTarget">
                  <str>Morphology</str>
                  <str>Morphosyntax (grammar)</str>
                  <str>Aspect</str>
                  <str>Case</str>
                  <str>Determiners</str>
                  <str>Gender</str>
                  <str>Number</str>
                  <str>Tense</str>
                  <str>Lexis (vocabulary)</str>
                  <str>Closed class</str>
                  <str>Open class</str>
                  <str>Pragmatics</str>
                  <str>Apologies</str>
                  <str>Complaints</str>
                  <str>Greetings</str>
                  <str>Promises</str>
                  <str>Requests</str>
                  <str>Phonology</str>
                  <str>Codas</str>
                  <str>Stress</str>
                  <str>Syllable</str>
                  <str>Syntax</str>
               </arr>
               <str name="iris.instrument.primaryInstrumentType">Questionnaire</str>
               <arr name="iris.instrument.researchArea">
                  <str>Aptitude</str>
                  <str>Acquisition</str>
                  <str>Comprehension</str>
                  <str>Culture</str>
                  <str>Fluency</str>
                  <str>Linguistic identity</str>
                  <str>Reading</str>
                  <str>Pronunciation</str>
                  <str>Speaking / Oral production</str>
               </arr>
               <arr name="iris.instrument.sourceLanguage">
                  <str>English</str>
               </arr>
               <arr name="iris.instrument.title">
                  <str>LEAP-Q</str>
               </arr>
               <arr name="iris.instrument.typeOfFile">
                  <str>Text</str>
               </arr>
               <arr name="iris.participants.gender">
                  <str>mixed</str>
               </arr>
               <arr name="iris.participants.participantType">
                  <str>Bilinguals</str>
                  <str>Foreign language learners</str>
                  <str>First language learners</str>
                  <str>Language users</str>
                  <str>Monolinguals</str>
                  <str>Second language learners</str>
               </arr>
               <arr name="iris.referenceid">
                  <str>2007_Marian_Blumenfeld_Kaushanskaya_The Language Experience and Proficiency Questionnaire (LEAP-Q): Assessing Language Profiles in Bilinguals and Multilinguals</str>
               </arr>
               <str name="iris.references.allauthors">Marian, Blumenfeld, et al. (2007)</str>
               <arr name="iris.references.author">
                  <str>Marian, Viorica</str>
                  <str>Blumenfeld, Henrike K.</str>
                  <str>Kaushanskaya, Margarita</str>
               </arr>
               <str name="iris.references.author.lastnames">marianblumenfeldkaushanskaya</str>
               <arr name="iris.references.author.noack">
                  <str>Marian, Viorica</str>
                  <str>Blumenfeld, Henrike K.</str>
                  <str>Kaushanskaya, Margarita</str>
               </arr>
               <arr name="iris.references.journal">
                  <str>Journal of Speech, Language, and Hearing Research</str>
               </arr>
               <arr name="iris.references.publicationDate">
                  <str>2007</str>
               </arr>
               <arr name="iris.references.publicationLatestDate">
                  <str>2007</str>
               </arr>
               <arr name="iris.references.publicationType">
                  <str>Journal Article</str>
               </arr>
               <arr name="iris2.email">
                  <str>v-marian@northwestern.edu</str>
               </arr>
               <arr name="iris2.feedback.count">
                  <str>0</str>
               </arr>
               <str name="iris2.hasmaterials">Records with materials</str>
               <arr name="iris2.instrument.author">
                  <str>Marian, Viorica</str>
                  <str>Blumenfeld, Henrike K.</str>
                  <str>Kaushanskaya, Margarita</str>
               </arr>
               <arr name="iris2.instrument.funder">
                  <str>NIH</str>
               </arr>
               <arr name="iris2.instrument.instrumentType">
                  <str>Questionnaire</str>
               </arr>
               <str name="iris2.instrument.instrumentType.alltypes">questionnaire </str>
               <arr name="iris2.instrument.licence">
                  <str>Attribution-NonCommercial-ShareAlike</str>
               </arr>
               <arr name="iris2.instrument.linguisticTarget">
                  <str>Morphology</str>
                  <str>Morphosyntax (grammar)</str>
                  <str>Aspect</str>
                  <str>Case</str>
                  <str>Determiners</str>
                  <str>Gender</str>
                  <str>Number</str>
                  <str>Tense</str>
                  <str>Lexis (vocabulary)</str>
                  <str>Closed class</str>
                  <str>Open class</str>
                  <str>Pragmatics</str>
                  <str>Apologies</str>
                  <str>Complaints</str>
                  <str>Greetings</str>
                  <str>Promises</str>
                  <str>Requests</str>
                  <str>Phonology</str>
                  <str>Codas</str>
                  <str>Stress</str>
                  <str>Syllable</str>
                  <str>Syntax</str>
               </arr>
               <str name="iris2.instrument.primaryInstrumentType">Questionnaire</str>
               <arr name="iris2.instrument.researchArea">
                  <str>Aptitude</str>
                  <str>Acquisition</str>
                  <str>Comprehension</str>
                  <str>Culture</str>
                  <str>Fluency</str>
                  <str>Linguistic identity</str>
                  <str>Reading</str>
                  <str>Pronunciation</str>
                  <str>Speaking / Oral production</str>
               </arr>
               <arr name="iris2.instrument.sourceLanguage">
                  <str>English</str>
               </arr>
               <arr name="iris2.instrument.typeOfFile">
                  <str>Text</str>
               </arr>
               <arr name="iris2.participants.gender">
                  <str>mixed</str>
               </arr>
               <arr name="iris2.participants.participantType">
                  <str>Bilinguals</str>
                  <str>Foreign language learners</str>
                  <str>First language learners</str>
                  <str>Language users</str>
                  <str>Monolinguals</str>
                  <str>Second language learners</str>
               </arr>
               <arr name="iris2.referenceid">
                  <str>2007_Marian_Blumenfeld_Kaushanskaya_The Language Experience and Proficiency Questionnaire (LEAP-Q): Assessing Language Profiles in Bilinguals and Multilinguals</str>
               </arr>
               <str name="iris2.references.allauthors">Marian, Blumenfeld, et al. (2007)</str>
               <arr name="iris2.references.author">
                  <str>Marian, Viorica</str>
                  <str>Blumenfeld, Henrike K.</str>
                  <str>Kaushanskaya, Margarita</str>
               </arr>
               <str name="iris2.references.author.lastnames">marianblumenfeldkaushanskaya</str>
               <arr name="iris2.references.journal">
                  <str>Journal of Speech, Language, and Hearing Research</str>
               </arr>
               <arr name="iris2.references.publicationDate">
                  <str>2007</str>
               </arr>
               <arr name="iris2.references.publicationLatestDate">
                  <str>2007</str>
               </arr>
               <arr name="iris2.references.publicationType">
                  <str>Journal Article</str>
               </arr>
               <arr name="oai_dc.dc_xsi:schemaLocation">
                  <str>http://www.openarchives.org/OAI/2.0/oai_dc/ http://www.openarchives.org/OAI/2.0/oai_dc.xsd</str>
               </arr>
            </doc>
         </result>
      </response>
   </solr>
   <files>
      <file id="INSTRUMENT" mime="application/msword" url="http://www.iris-database.org/iris/api/resource/york:790118/asset/INSTRUMENT?download=true"/>
      <file id="INSTRUMENT1" mime="application/pdf" url="http://www.iris-database.org/iris/api/resource/york:790118/asset/INSTRUMENT1?download=true"/>
      <file id="INSTRUMENT2" mime="application/pdf" url="http://www.iris-database.org/iris/api/resource/york:790118/asset/INSTRUMENT2?download=true"/>
   </files>
</record>
