<?xml version="1.0" encoding="ISO-8859-1"?>

<record pid="york:808352">
   <solr>
      <response>
         <lst name="responseHeader">
            <int name="status">0</int>
            <int name="QTime">696</int>
            <lst name="params">
               <str name="q">PID:york?808352</str>
            </lst>
         </lst>
         <result name="response" numfound="1" start="0">
            <doc>
               <str name="PID">york:808352</str>
               <arr name="dc.creator">
                  <str>Erlam, Rosemary</str>
               </arr>
               <arr name="dc.date">
                  <str>2007</str>
                  <str>2006</str>
                  <str>2009</str>
               </arr>
               <arr name="dc.format">
                  <str>English</str>
               </arr>
               <arr name="dc.identifier">
                  <str>york:808352</str>
               </arr>
               <str name="dc.title">Metalinguistic knowledge test</str>
               <str name="dc.title.sort">Metalinguistic knowledge test</str>
               <arr name="dc.type">
                  <str>Grammar test</str>
                  <str>Productive grammar test</str>
                  <str>Receptive grammar test</str>
                  <str>Reading comprehension test</str>
                  <str>Reading test</str>
                  <str>Metalinguistic knowledge test</str>
                  <str>http://www.iris-database.org/Instruments</str>
               </arr>
               <arr name="dc2.creator">
                  <str>Erlam, Rosemary</str>
               </arr>
               <arr name="dc2.date">
                  <str>2007</str>
                  <str>2006</str>
                  <str>2009</str>
               </arr>
               <arr name="dc2.format">
                  <str>English</str>
               </arr>
               <arr name="dc2.identifier">
                  <str>york:808352</str>
               </arr>
               <str name="dc2.title">Metalinguistic knowledge test</str>
               <arr name="dc2.type">
                  <str>Grammar test</str>
                  <str>Productive grammar test</str>
                  <str>Receptive grammar test</str>
                  <str>Reading comprehension test</str>
                  <str>Reading test</str>
                  <str>Metalinguistic knowledge test</str>
                  <str>http://www.iris-database.org/Instruments</str>
               </arr>
               <arr name="dc3.creator">
                  <str>Erlam, Rosemary</str>
               </arr>
               <str name="dc3.title">Metalinguistic knowledge test</str>
               <date name="fgs.createdDate">2013-02-06T15:17:00.612Z</date>
               <date name="fgs.dateCreated.sort">2013-02-06T15:17:00.612Z</date>
               <str name="fgs.label">IRIS Instrument created by YODL workflow.</str>
               <date name="fgs.lastModifiedDate">2016-05-05T06:48:16.755Z</date>
               <str name="fgs.ownerId">iris-580a9f0f-ed9e-4f5f-be7e-877243bddfd0</str>
               <str name="fgs.state">Active</str>
               <arr name="iris.email">
                  <str>r.erlam@auckland.ac.nz</str>
               </arr>
               <arr name="iris.feedback.count">
                  <str>2</str>
               </arr>
               <arr name="iris.feedback.email_1">
                  <str>a.revesz@ioe.ac.uk</str>
               </arr>
               <arr name="iris.feedback.email_2">
                  <str>florina.erbeli@guest.arnes.si</str>
               </arr>
               <arr name="iris.feedback.published_1">
                  <str>false</str>
               </arr>
               <arr name="iris.feedback.published_2">
                  <str>false</str>
               </arr>
               <arr name="iris.feedback.time_1">
                  <str>9 Jul 2014 14:39:09 GMT</str>
               </arr>
               <arr name="iris.feedback.time_2">
                  <str>19 Jul 2014 23:53:51 GMT</str>
               </arr>
               <str name="iris.hasmaterials">Records with materials</str>
               <arr name="iris.instrument.author">
                  <str>Erlam, Rosemary</str>
               </arr>
               <arr name="iris.instrument.dataType">
                  <str>Written comprehension</str>
                  <str>Written production</str>
               </arr>
               <arr name="iris.instrument.funder">
                  <str>Marsden Fund grant awarded by the Royal Society of Arts of New Zealand</str>
               </arr>
               <arr name="iris.instrument.instrumentType">
                  <str>Grammar test / Morphosyntax test</str>
                  <str>Grammar test / Morphosyntax test</str>
                  <str>Productive</str>
                  <str>Grammar test / Morphosyntax test</str>
                  <str>Receptive</str>
                  <str>Comprehension test</str>
                  <str>Reading</str>
                  <str>Reading test</str>
                  <str>Metalinguistic knowledge test</str>
               </arr>
               <str name="iris.instrument.instrumentType.alltypes">grammar test / morphosyntax test productive receptive reading reading test metalinguistic knowledge test</str>
               <arr name="iris.instrument.licence">
                  <str>Attribution-NonCommercial-ShareAlike</str>
               </arr>
               <arr name="iris.instrument.linguisticTarget">
                  <str>Tense</str>
                  <str>Comparatives</str>
                  <str>Determiners</str>
               </arr>
               <str name="iris.instrument.primaryInstrumentType">Metalinguistic knowledge test</str>
               <arr name="iris.instrument.researchArea">
                  <str>Acquisition</str>
                  <str>Effectiveness of teaching</str>
                  <str>Morphosyntax (grammar)</str>
                  <str>Teaching methods (style, approach, technique)</str>
                  <str>Corrective feedback</str>
               </arr>
               <arr name="iris.instrument.secondaryInstrumentType">
                  <str>Grammar test / Morphosyntax test</str>
                  <str>Grammar test / Morphosyntax test &gt; Productive</str>
                  <str>Grammar test / Morphosyntax test &gt; Receptive</str>
                  <str>Comprehension test &gt; Reading</str>
                  <str>Reading test</str>
               </arr>
               <arr name="iris.instrument.sourceLanguage">
                  <str>English</str>
               </arr>
               <arr name="iris.instrument.title">
                  <str>Metalinguistic knowledge test</str>
               </arr>
               <arr name="iris.instrument.typeOfFile">
                  <str>Text</str>
               </arr>
               <arr name="iris.participants.gender">
                  <str>mixed</str>
               </arr>
               <arr name="iris.participants.participantType">
                  <str>Second language learners</str>
               </arr>
               <arr name="iris.participants.proficiencyLearner">
                  <str>Near beginner</str>
                  <str>Pre-intermediate</str>
                  <str>Intermediate</str>
               </arr>
               <arr name="iris.participants.targetLanguage">
                  <str>English</str>
               </arr>
               <arr name="iris.referenceid">
                  <str>2007_Ellis_The differential effects of corrective feedback on two grammatical structures</str>
                  <str>2006_Ellis_Loewen_Erlam_Implicit and explicit corrective feedback and the acquisition of L2 grammar</str>
                  <str>2009_Ellis_Loewen_Erlam_Implicit and explicit corrective feedback and the acquisition of L2 grammar</str>
               </arr>
               <str name="iris.references.allauthors">Ellis (2007); Ellis, Loewen, et al. (2006); Ellis, Loewen, et al. (2009)</str>
               <arr name="iris.references.author">
                  <str>Ellis, R</str>
                  <str>Ellis, R</str>
                  <str>Loewen, S</str>
                  <str>Erlam, Rosemary</str>
                  <str>Ellis, R</str>
                  <str>Loewen, S</str>
                  <str>Erlam, Rosemary</str>
               </arr>
               <str name="iris.references.author.lastnames">ellisellisloewenerlamellisloewenerlam</str>
               <arr name="iris.references.author.noack">
                  <str>Ellis, R</str>
                  <str>Ellis, R</str>
                  <str>Loewen, S</str>
                  <str>Erlam, Rosemary</str>
                  <str>Ellis, R</str>
                  <str>Loewen, S</str>
                  <str>Erlam, Rosemary</str>
               </arr>
               <arr name="iris.references.booktitle">
                  <str>The differential effects of corrective feedback on two grammatical structures</str>
                  <str>Conversational interaction in second language acquisition</str>
                  <str>Implicit and explicit corrective feedback and the acquisition of L2 grammar</str>
                  <str>Implicit and explicit knowledge in second language learning, testing and teaching</str>
               </arr>
               <arr name="iris.references.editor">
                  <str>Mackey, Alison</str>
                  <str>Ellis, R</str>
                  <str>Loewen, S</str>
                  <str>Elder, Catherine</str>
                  <str>Erlam, Rosemary</str>
                  <str>Philp, Jenefer</str>
                  <str>Reinders, H</str>
               </arr>
               <arr name="iris.references.journal">
                  <str>Studies in Second Language Acquisition</str>
               </arr>
               <arr name="iris.references.publicationDate">
                  <str>2007</str>
                  <str>2006</str>
                  <str>2009</str>
               </arr>
               <arr name="iris.references.publicationLatestDate">
                  <str>2009</str>
               </arr>
               <arr name="iris.references.publicationType">
                  <str>Chapter</str>
                  <str>Journal Article</str>
                  <str>Chapter</str>
               </arr>
               <arr name="iris2.email">
                  <str>r.erlam@auckland.ac.nz</str>
               </arr>
               <arr name="iris2.feedback.count">
                  <str>2</str>
               </arr>
               <arr name="iris2.feedback.email_1">
                  <str>a.revesz@ioe.ac.uk</str>
               </arr>
               <arr name="iris2.feedback.email_2">
                  <str>florina.erbeli@guest.arnes.si</str>
               </arr>
               <arr name="iris2.feedback.published_1">
                  <str>false</str>
               </arr>
               <arr name="iris2.feedback.published_2">
                  <str>false</str>
               </arr>
               <arr name="iris2.feedback.time_1">
                  <str>9 Jul 2014 14:39:09 GMT</str>
               </arr>
               <arr name="iris2.feedback.time_2">
                  <str>19 Jul 2014 23:53:51 GMT</str>
               </arr>
               <str name="iris2.hasmaterials">Records with materials</str>
               <arr name="iris2.instrument.author">
                  <str>Erlam, Rosemary</str>
               </arr>
               <arr name="iris2.instrument.dataType">
                  <str>Written comprehension</str>
                  <str>Written production</str>
               </arr>
               <arr name="iris2.instrument.funder">
                  <str>Marsden Fund grant awarded by the Royal Society of Arts of New Zealand</str>
               </arr>
               <arr name="iris2.instrument.instrumentType">
                  <str>Grammar test / Morphosyntax test</str>
                  <str>Grammar test / Morphosyntax test</str>
                  <str>Productive</str>
                  <str>Grammar test / Morphosyntax test</str>
                  <str>Receptive</str>
                  <str>Comprehension test</str>
                  <str>Reading</str>
                  <str>Reading test</str>
                  <str>Metalinguistic knowledge test</str>
               </arr>
               <str name="iris2.instrument.instrumentType.alltypes">grammar test / morphosyntax test productive receptive reading reading test metalinguistic knowledge test</str>
               <arr name="iris2.instrument.licence">
                  <str>Attribution-NonCommercial-ShareAlike</str>
               </arr>
               <arr name="iris2.instrument.linguisticTarget">
                  <str>Tense</str>
                  <str>Comparatives</str>
                  <str>Determiners</str>
               </arr>
               <str name="iris2.instrument.primaryInstrumentType">Metalinguistic knowledge test</str>
               <arr name="iris2.instrument.researchArea">
                  <str>Acquisition</str>
                  <str>Effectiveness of teaching</str>
                  <str>Morphosyntax (grammar)</str>
                  <str>Teaching methods (style, approach, technique)</str>
                  <str>Corrective feedback</str>
               </arr>
               <arr name="iris2.instrument.secondaryInstrumentType">
                  <str>Grammar test / Morphosyntax test</str>
                  <str>Grammar test / Morphosyntax test &gt; Productive</str>
                  <str>Grammar test / Morphosyntax test &gt; Receptive</str>
                  <str>Comprehension test &gt; Reading</str>
                  <str>Reading test</str>
               </arr>
               <arr name="iris2.instrument.sourceLanguage">
                  <str>English</str>
               </arr>
               <arr name="iris2.instrument.typeOfFile">
                  <str>Text</str>
               </arr>
               <arr name="iris2.participants.gender">
                  <str>mixed</str>
               </arr>
               <arr name="iris2.participants.participantType">
                  <str>Second language learners</str>
               </arr>
               <arr name="iris2.participants.proficiencyLearner">
                  <str>Near beginner</str>
                  <str>Pre-intermediate</str>
                  <str>Intermediate</str>
               </arr>
               <arr name="iris2.participants.targetLanguage">
                  <str>English</str>
               </arr>
               <arr name="iris2.referenceid">
                  <str>2007_Ellis_The differential effects of corrective feedback on two grammatical structures</str>
                  <str>2006_Ellis_Loewen_Erlam_Implicit and explicit corrective feedback and the acquisition of L2 grammar</str>
                  <str>2009_Ellis_Loewen_Erlam_Implicit and explicit corrective feedback and the acquisition of L2 grammar</str>
               </arr>
               <str name="iris2.references.allauthors">Ellis (2007); Ellis, Loewen, et al. (2006); Ellis, Loewen, et al. (2009)</str>
               <arr name="iris2.references.author">
                  <str>Ellis, R</str>
                  <str>Ellis, R</str>
                  <str>Loewen, S</str>
                  <str>Erlam, Rosemary</str>
                  <str>Ellis, R</str>
                  <str>Loewen, S</str>
                  <str>Erlam, Rosemary</str>
               </arr>
               <str name="iris2.references.author.lastnames">ellisellisloewenerlamellisloewenerlam</str>
               <arr name="iris2.references.booktitle">
                  <str>The differential effects of corrective feedback on two grammatical structures</str>
                  <str>Conversational interaction in second language acquisition</str>
                  <str>Implicit and explicit corrective feedback and the acquisition of L2 grammar</str>
                  <str>Implicit and explicit knowledge in second language learning, testing and teaching</str>
               </arr>
               <arr name="iris2.references.editor">
                  <str>Mackey, Alison</str>
                  <str>Ellis, R</str>
                  <str>Loewen, S</str>
                  <str>Elder, Catherine</str>
                  <str>Erlam, Rosemary</str>
                  <str>Philp, Jenefer</str>
                  <str>Reinders, H</str>
               </arr>
               <arr name="iris2.references.journal">
                  <str>Studies in Second Language Acquisition</str>
               </arr>
               <arr name="iris2.references.publicationDate">
                  <str>2007</str>
                  <str>2006</str>
                  <str>2009</str>
               </arr>
               <arr name="iris2.references.publicationLatestDate">
                  <str>2009</str>
               </arr>
               <arr name="iris2.references.publicationType">
                  <str>Chapter</str>
                  <str>Journal Article</str>
                  <str>Chapter</str>
               </arr>
               <arr name="oai_dc.dc_xsi:schemaLocation">
                  <str>http://www.openarchives.org/OAI/2.0/oai_dc/ http://www.openarchives.org/OAI/2.0/oai_dc.xsd</str>
                  <str>http://www.openarchives.org/OAI/2.0/oai_dc/ http://www.openarchives.org/OAI/2.0/oai_dc.xsd</str>
               </arr>
            </doc>
         </result>
      </response>
   </solr>
   <files>
      <file id="INSTRUMENT" mime="application/msword" url="http://www.iris-database.org/iris/api/resource/york:808352/asset/INSTRUMENT?download=true"/>
   </files>
</record>
