<?xml version="1.0" encoding="ISO-8859-1"?>

<record pid="york:29356">
   <solr>
      <response>
         <lst name="responseHeader">
            <int name="status">0</int>
            <int name="QTime">840</int>
            <lst name="params">
               <str name="q">PID:york?29356</str>
            </lst>
         </lst>
         <result name="response" numfound="1" start="0">
            <doc>
               <str name="PID">york:29356</str>
               <arr name="dc.creator">
                  <str>Silver, Rita Elaine</str>
               </arr>
               <arr name="dc.date">
                  <str>2000</str>
               </arr>
               <arr name="dc.description">
                  <str>The Aliens picture differences task is especially exciting to children of kindergarten-primary school age. However, it can also be quite difficult in terms of vocabulary and finding ways to describe the aliens. I have found that pre-intermediate learners can do the task for research purposes, but they tend to find it frustrating; therefore I prefer to use it with children who have an intermediate level proficiency.</str>
               </arr>
               <arr name="dc.format">
                  <str>English</str>
               </arr>
               <arr name="dc.identifier">
                  <str>york:29356</str>
               </arr>
               <arr name="dc.type">
                  <str>Information exchange tasks</str>
                  <str>Communicative task</str>
                  <str>Communicative task</str>
                  <str>Information gap tasks (e.g. spot difference, map task)</str>
                  <str>Interaction protocol</str>
                  <str>http://www.iris-database.org/Instruments</str>
               </arr>
               <arr name="dc2.creator">
                  <str>Silver, Rita Elaine</str>
               </arr>
               <arr name="dc2.date">
                  <str>2000</str>
               </arr>
               <arr name="dc2.description">
                  <str>The Aliens picture differences task is especially exciting to children of kindergarten-primary school age. However, it can also be quite difficult in terms of vocabulary and finding ways to describe the aliens. I have found that pre-intermediate learners can do the task for research purposes, but they tend to find it frustrating; therefore I prefer to use it with children who have an intermediate level proficiency.</str>
               </arr>
               <arr name="dc2.format">
                  <str>English</str>
               </arr>
               <arr name="dc2.identifier">
                  <str>york:29356</str>
               </arr>
               <arr name="dc2.type">
                  <str>Information exchange tasks</str>
                  <str>Communicative task</str>
                  <str>Communicative task</str>
                  <str>Information gap tasks (e.g. spot difference, map task)</str>
                  <str>Interaction protocol</str>
                  <str>http://www.iris-database.org/Instruments</str>
               </arr>
               <arr name="dc3.creator">
                  <str>Silver, Rita Elaine</str>
               </arr>
               <date name="fgs.createdDate">2012-01-17T12:02:22.559Z</date>
               <date name="fgs.dateCreated.sort">2012-01-17T12:02:22.559Z</date>
               <str name="fgs.label">IRIS Instrument created by YODL workflow.</str>
               <date name="fgs.lastModifiedDate">2016-05-14T19:43:23.818Z</date>
               <str name="fgs.ownerId">fedoraAdmin</str>
               <str name="fgs.state">Active</str>
               <arr name="iris.feedback.count">
                  <str>0</str>
               </arr>
               <str name="iris.hasmaterials">Records with materials</str>
               <arr name="iris.instrument.author">
                  <str>Silver, Rita Elaine</str>
               </arr>
               <arr name="iris.instrument.dataType">
                  <str>Oral production</str>
               </arr>
               <arr name="iris.instrument.instrumentType">
                  <str>Communicative / Interactive task</str>
                  <str>Information exchange</str>
                  <str>Communicative / Interactive task</str>
                  <str>Other communicative / interactive task</str>
                  <str>Communicative / Interactive task</str>
                  <str>Communicative / Interactive task</str>
                  <str>Information gap</str>
                  <str>Interaction protocol</str>
               </arr>
               <str name="iris.instrument.instrumentType.alltypes">information exchange other communicative / interactive task communicative / interactive task information gap interaction protocol </str>
               <arr name="iris.instrument.licence">
                  <str>Attribution-NonCommercial-ShareAlike</str>
               </arr>
               <arr name="iris.instrument.linguisticTarget">
                  <str>Aspect</str>
                  <str>Number</str>
                  <str>Tense</str>
               </arr>
               <str name="iris.instrument.primaryInstrumentType">Interaction protocol</str>
               <arr name="iris.instrument.researchArea">
                  <str>Morphosyntax (grammar)</str>
                  <str>Interaction</str>
               </arr>
               <arr name="iris.instrument.secondaryInstrumentType">
                  <str>Communicative / Interactive task &gt; Information exchange</str>
                  <str>Communicative / Interactive task &gt; Other communicative / interactive task</str>
                  <str>Communicative / Interactive task</str>
                  <str>Communicative / Interactive task &gt; Information gap</str>
               </arr>
               <arr name="iris.instrument.sourceLanguage">
                  <str>English</str>
               </arr>
               <arr name="iris.instrument.typeOfFile">
                  <str>Still Image</str>
                  <str>Text</str>
               </arr>
               <arr name="iris.participants.firstLanguage">
                  <str>Chinese</str>
               </arr>
               <arr name="iris.participants.gender">
                  <str>mixed</str>
               </arr>
               <arr name="iris.participants.participantType">
                  <str>Foreign language learners</str>
                  <str>Second language learners</str>
               </arr>
               <arr name="iris.participants.proficiencyLearner">
                  <str>Pre-intermediate</str>
                  <str>Intermediate</str>
               </arr>
               <arr name="iris.participants.targetLanguage">
                  <str>English</str>
               </arr>
               <arr name="iris.referenceid">
                  <str>2000_Silver_Input, output and negotiation: Conditions for second language development</str>
               </arr>
               <str name="iris.references.allauthors">Silver (2000)</str>
               <arr name="iris.references.author">
                  <str>Silver, Rita Elaine</str>
               </arr>
               <str name="iris.references.author.lastnames">silver</str>
               <arr name="iris.references.author.noack">
                  <str>Silver, Rita Elaine</str>
               </arr>
               <arr name="iris.references.booktitle">
                  <str>Input, output and negotiation: Conditions for second language development</str>
                  <str>Social and cognitive factors in second language acquisition: Selected proceedings of the 1999 Second Language Research Forum</str>
               </arr>
               <arr name="iris.references.editor">
                  <str>Swierzbin, B</str>
                  <str>Morris, F</str>
                  <str>Anderson, M.</str>
                  <str>Klee, C</str>
                  <str>Tarone, Elaine</str>
               </arr>
               <arr name="iris.references.publicationDate">
                  <str>2000</str>
               </arr>
               <arr name="iris.references.publicationLatestDate">
                  <str>2000</str>
               </arr>
               <arr name="iris.references.publicationType">
                  <str>Chapter</str>
               </arr>
               <arr name="iris2.feedback.count">
                  <str>0</str>
               </arr>
               <str name="iris2.hasmaterials">Records with materials</str>
               <arr name="iris2.instrument.author">
                  <str>Silver, Rita Elaine</str>
               </arr>
               <arr name="iris2.instrument.dataType">
                  <str>Oral production</str>
               </arr>
               <arr name="iris2.instrument.instrumentType">
                  <str>Communicative / Interactive task</str>
                  <str>Information exchange</str>
                  <str>Communicative / Interactive task</str>
                  <str>Other communicative / interactive task</str>
                  <str>Communicative / Interactive task</str>
                  <str>Communicative / Interactive task</str>
                  <str>Information gap</str>
                  <str>Interaction protocol</str>
               </arr>
               <str name="iris2.instrument.instrumentType.alltypes">information exchange other communicative / interactive task communicative / interactive task information gap interaction protocol </str>
               <arr name="iris2.instrument.licence">
                  <str>Attribution-NonCommercial-ShareAlike</str>
               </arr>
               <arr name="iris2.instrument.linguisticTarget">
                  <str>Aspect</str>
                  <str>Number</str>
                  <str>Tense</str>
               </arr>
               <str name="iris2.instrument.primaryInstrumentType">Interaction protocol</str>
               <arr name="iris2.instrument.researchArea">
                  <str>Morphosyntax (grammar)</str>
                  <str>Interaction</str>
               </arr>
               <arr name="iris2.instrument.secondaryInstrumentType">
                  <str>Communicative / Interactive task &gt; Information exchange</str>
                  <str>Communicative / Interactive task &gt; Other communicative / interactive task</str>
                  <str>Communicative / Interactive task</str>
                  <str>Communicative / Interactive task &gt; Information gap</str>
               </arr>
               <arr name="iris2.instrument.sourceLanguage">
                  <str>English</str>
               </arr>
               <arr name="iris2.instrument.typeOfFile">
                  <str>Still Image</str>
                  <str>Text</str>
               </arr>
               <arr name="iris2.participants.firstLanguage">
                  <str>Chinese</str>
               </arr>
               <arr name="iris2.participants.gender">
                  <str>mixed</str>
               </arr>
               <arr name="iris2.participants.participantType">
                  <str>Foreign language learners</str>
                  <str>Second language learners</str>
               </arr>
               <arr name="iris2.participants.proficiencyLearner">
                  <str>Pre-intermediate</str>
                  <str>Intermediate</str>
               </arr>
               <arr name="iris2.participants.targetLanguage">
                  <str>English</str>
               </arr>
               <arr name="iris2.referenceid">
                  <str>2000_Silver_Input, output and negotiation: Conditions for second language development</str>
               </arr>
               <str name="iris2.references.allauthors">Silver (2000)</str>
               <arr name="iris2.references.author">
                  <str>Silver, Rita Elaine</str>
               </arr>
               <str name="iris2.references.author.lastnames">silver</str>
               <arr name="iris2.references.booktitle">
                  <str>Input, output and negotiation: Conditions for second language development</str>
                  <str>Social and cognitive factors in second language acquisition: Selected proceedings of the 1999 Second Language Research Forum</str>
               </arr>
               <arr name="iris2.references.editor">
                  <str>Swierzbin, B</str>
                  <str>Morris, F</str>
                  <str>Anderson, M.</str>
                  <str>Klee, C</str>
                  <str>Tarone, Elaine</str>
               </arr>
               <arr name="iris2.references.publicationDate">
                  <str>2000</str>
               </arr>
               <arr name="iris2.references.publicationLatestDate">
                  <str>2000</str>
               </arr>
               <arr name="iris2.references.publicationType">
                  <str>Chapter</str>
               </arr>
               <arr name="oai_dc.dc_xsi:schemaLocation">
                  <str>http://www.openarchives.org/OAI/2.0/oai_dc/ http://www.openarchives.org/OAI/2.0/oai_dc.xsd</str>
                  <str>http://www.openarchives.org/OAI/2.0/oai_dc/ http://www.openarchives.org/OAI/2.0/oai_dc.xsd</str>
                  <str>http://www.openarchives.org/OAI/2.0/oai_dc/ http://www.openarchives.org/OAI/2.0/oai_dc.xsd</str>
                  <str>http://www.openarchives.org/OAI/2.0/oai_dc/ http://www.openarchives.org/OAI/2.0/oai_dc.xsd</str>
               </arr>
            </doc>
         </result>
      </response>
   </solr>
   <files>
      <file id="INSTRUMENT" mime="application/pdf" url="http://www.iris-database.org/iris/api/resource/york:29356/asset/INSTRUMENT?download=true"/>
      <file id="INSTRUMENT1" mime="application/pdf" url="http://www.iris-database.org/iris/api/resource/york:29356/asset/INSTRUMENT1?download=true"/>
   </files>
</record>
