<?xml version="1.0" encoding="ISO-8859-1"?>

<record pid="york:804076">
   <solr>
      <response>
         <lst name="responseHeader">
            <int name="status">0</int>
            <int name="QTime">516</int>
            <lst name="params">
               <str name="q">PID:york?804076</str>
            </lst>
         </lst>
         <result name="response" numfound="1" start="0">
            <doc>
               <str name="PID">york:804076</str>
               <arr name="dc.creator">
                  <str>Ioannidou, Elena</str>
               </arr>
               <arr name="dc.date">
                  <str>2009</str>
                  <str>2010</str>
               </arr>
               <arr name="dc.format">
                  <str>Not Applicable</str>
               </arr>
               <arr name="dc.subject">
                  <str>Linguistic identity</str>
               </arr>
               <arr name="dc.type">
                  <str>Observation protocol/schedule</str>
                  <str>http://www.iris-database.org/Instruments</str>
               </arr>
               <arr name="dc2.creator">
                  <str>Ioannidou, Elena</str>
               </arr>
               <arr name="dc2.date">
                  <str>2009</str>
                  <str>2010</str>
               </arr>
               <arr name="dc2.format">
                  <str>Not Applicable</str>
               </arr>
               <arr name="dc2.subject">
                  <str>Linguistic identity</str>
               </arr>
               <arr name="dc2.type">
                  <str>Observation protocol/schedule</str>
                  <str>http://www.iris-database.org/Instruments</str>
               </arr>
               <arr name="dc3.creator">
                  <str>Ioannidou, Elena</str>
               </arr>
               <arr name="dc3.subject">
                  <str>Linguistic identity</str>
               </arr>
               <date name="fgs.createdDate">2012-07-16T13:27:11.859Z</date>
               <date name="fgs.dateCreated.sort">2012-07-16T13:27:11.859Z</date>
               <str name="fgs.label">IRIS Instrument created by YODL workflow.</str>
               <date name="fgs.lastModifiedDate">2016-04-07T15:29:43.814Z</date>
               <str name="fgs.ownerId">fedoraAdmin</str>
               <str name="fgs.state">Active</str>
               <arr name="iris.email">
                  <str>ioannidou.elena@ucy.ac.cy</str>
               </arr>
               <arr name="iris.feedback.count">
                  <str>0</str>
               </arr>
               <str name="iris.hasmaterials">Records with materials</str>
               <arr name="iris.instrument.author">
                  <str>Ioannidou, Elena</str>
               </arr>
               <arr name="iris.instrument.instrumentType">
                  <str>Observation protocol / schedule</str>
               </arr>
               <str name="iris.instrument.instrumentType.alltypes">observation protocol / schedule </str>
               <arr name="iris.instrument.licence">
                  <str>Attribution-NonCommercial-ShareAlike</str>
               </arr>
               <str name="iris.instrument.primaryInstrumentType">Observation protocol / schedule</str>
               <arr name="iris.instrument.researchArea">
                  <str>Linguistic identity</str>
               </arr>
               <arr name="iris.instrument.typeOfFile">
                  <str>Text</str>
               </arr>
               <arr name="iris.participants.firstLanguage">
                  <str>Greek</str>
               </arr>
               <arr name="iris.participants.gender">
                  <str>mixed</str>
               </arr>
               <arr name="iris.participants.participantType">
                  <str>First language learners</str>
               </arr>
               <arr name="iris.participants.targetLanguage">
                  <str>Greek</str>
               </arr>
               <arr name="iris.referenceid">
                  <str>Ioannidou_This ain�t my real language, Miss: On language and ethnic identity among Greek Cypriot students</str>
                  <str>2009_Ioannidou_Using improper language in the classroom: The conflict between language use and legitimate varieties in education - evidence from a Greek Cypriot classroom</str>
                  <str>2010_Ioannidou_Sophocleous_'Now, is this how we are going to say it?' Comparing teachers&#8217; language practices in primary and secondary state education in Cyprus</str>
               </arr>
               <str name="iris.references.allauthors">Ioannidou (2002); Ioannidou (2009); Ioannidou &amp; Sophocleous (2010)</str>
               <arr name="iris.references.author">
                  <str>Ioannidou, Elena</str>
                  <str>Ioannidou, Elena</str>
                  <str>Ioannidou, Elena</str>
                  <str>Sophocleous, Andry</str>
               </arr>
               <str name="iris.references.author.lastnames">ioannidouioannidouioannidousophocleous</str>
               <arr name="iris.references.author.noack">
                  <str>Ioannidou, Elena</str>
                  <str>Ioannidou, Elena</str>
                  <str>Ioannidou, Elena</str>
                  <str>Sophocleous, Andry</str>
               </arr>
               <arr name="iris.references.journal">
                  <str>Language and Education</str>
                  <str>Linguistics and Education</str>
               </arr>
               <arr name="iris.references.publicationDate">
                  <str>2009</str>
                  <str>2010</str>
                  <str>2002</str>
               </arr>
               <arr name="iris.references.publicationLatestDate">
                  <str>2010</str>
               </arr>
               <arr name="iris.references.publicationType">
                  <str>Thesis</str>
                  <str>Journal Article</str>
                  <str>Journal Article</str>
               </arr>
               <arr name="iris2.email">
                  <str>ioannidou.elena@ucy.ac.cy</str>
               </arr>
               <arr name="iris2.feedback.count">
                  <str>0</str>
               </arr>
               <str name="iris2.hasmaterials">Records with materials</str>
               <arr name="iris2.instrument.author">
                  <str>Ioannidou, Elena</str>
               </arr>
               <arr name="iris2.instrument.instrumentType">
                  <str>Observation protocol / schedule</str>
               </arr>
               <str name="iris2.instrument.instrumentType.alltypes">observation protocol / schedule </str>
               <arr name="iris2.instrument.licence">
                  <str>Attribution-NonCommercial-ShareAlike</str>
               </arr>
               <str name="iris2.instrument.primaryInstrumentType">Observation protocol / schedule</str>
               <arr name="iris2.instrument.researchArea">
                  <str>Linguistic identity</str>
               </arr>
               <arr name="iris2.instrument.typeOfFile">
                  <str>Text</str>
               </arr>
               <arr name="iris2.participants.firstLanguage">
                  <str>Greek</str>
               </arr>
               <arr name="iris2.participants.gender">
                  <str>mixed</str>
               </arr>
               <arr name="iris2.participants.participantType">
                  <str>First language learners</str>
               </arr>
               <arr name="iris2.participants.targetLanguage">
                  <str>Greek</str>
               </arr>
               <arr name="iris2.referenceid">
                  <str>Ioannidou_This ain�t my real language, Miss: On language and ethnic identity among Greek Cypriot students</str>
                  <str>2009_Ioannidou_Using improper language in the classroom: The conflict between language use and legitimate varieties in education - evidence from a Greek Cypriot classroom</str>
                  <str>2010_Ioannidou_Sophocleous_'Now, is this how we are going to say it?' Comparing teachers&#8217; language practices in primary and secondary state education in Cyprus</str>
               </arr>
               <str name="iris2.references.allauthors">Ioannidou (2002); Ioannidou (2009); Ioannidou &amp; Sophocleous (2010)</str>
               <arr name="iris2.references.author">
                  <str>Ioannidou, Elena</str>
                  <str>Ioannidou, Elena</str>
                  <str>Ioannidou, Elena</str>
                  <str>Sophocleous, Andry</str>
               </arr>
               <str name="iris2.references.author.lastnames">ioannidouioannidouioannidousophocleous</str>
               <arr name="iris2.references.journal">
                  <str>Language and Education</str>
                  <str>Linguistics and Education</str>
               </arr>
               <arr name="iris2.references.publicationDate">
                  <str>2009</str>
                  <str>2010</str>
                  <str>2002</str>
               </arr>
               <arr name="iris2.references.publicationLatestDate">
                  <str>2010</str>
               </arr>
               <arr name="iris2.references.publicationType">
                  <str>Thesis</str>
                  <str>Journal Article</str>
                  <str>Journal Article</str>
               </arr>
               <arr name="oai_dc.dc_xsi:schemaLocation">
                  <str>http://www.openarchives.org/OAI/2.0/oai_dc/ http://www.openarchives.org/OAI/2.0/oai_dc.xsd</str>
               </arr>
            </doc>
         </result>
      </response>
   </solr>
   <files>
      <file id="INSTRUMENT" mime="application/msword" url="http://www.iris-database.org/iris/api/resource/york:804076/asset/INSTRUMENT?download=true"/>
   </files>
</record>
