<?xml version="1.0" encoding="ISO-8859-1"?>

<record pid="york:847234">
   <solr>
      <response>
         <lst name="responseHeader">
            <int name="status">0</int>
            <int name="QTime">810</int>
            <lst name="params">
               <str name="q">PID:york?847234</str>
            </lst>
         </lst>
         <result name="response" numfound="1" start="0">
            <doc>
               <str name="PID">york:847234</str>
               <arr name="dc.creator">
                  <str>O'Brien, Mary Grantham</str>
               </arr>
               <arr name="dc.date">
                  <str>2014</str>
               </arr>
               <arr name="dc.identifier">
                  <str>york:847234</str>
               </arr>
               <str name="dc.title">Accentedness, fluency and comprehensibility rating tasks</str>
               <str name="dc.title.sort">Accentedness, fluency and comprehensibility rating tasks</str>
               <arr name="dc.type">
                  <str>Speech Perception</str>
                  <str>http://www.iris-database.org/Instruments</str>
               </arr>
               <arr name="dc2.creator">
                  <str>O'Brien, Mary Grantham</str>
               </arr>
               <arr name="dc2.date">
                  <str>2014</str>
               </arr>
               <arr name="dc2.identifier">
                  <str>york:847234</str>
               </arr>
               <str name="dc2.title">Accentedness, fluency and comprehensibility rating tasks</str>
               <arr name="dc2.type">
                  <str>Speech Perception</str>
                  <str>http://www.iris-database.org/Instruments</str>
               </arr>
               <arr name="dc3.creator">
                  <str>O'Brien, Mary Grantham</str>
               </arr>
               <str name="dc3.title">Accentedness, fluency and comprehensibility rating tasks</str>
               <date name="fgs.createdDate">2015-01-02T15:43:06.411Z</date>
               <date name="fgs.dateCreated.sort">2015-01-02T15:43:06.411Z</date>
               <str name="fgs.label">IRIS Instrument created by YODL workflow.</str>
               <date name="fgs.lastModifiedDate">2015-01-02T15:43:14.952Z</date>
               <str name="fgs.ownerId">iris-580a9f0f-ed9e-4f5f-be7e-877243bddfd0</str>
               <str name="fgs.state">Active</str>
               <arr name="iris.email">
                  <str>mgobrien@ucalgary.ca</str>
               </arr>
               <arr name="iris.feedback.count">
                  <str>0</str>
               </arr>
               <str name="iris.hasmaterials">Records with information only (materials not yet held)</str>
               <arr name="iris.instrument.author">
                  <str>O'Brien, Mary Grantham</str>
               </arr>
               <arr name="iris.instrument.instrumentType">
                  <str>Speech perception / rating</str>
               </arr>
               <str name="iris.instrument.instrumentType.alltypes">speech perception / rating </str>
               <arr name="iris.instrument.licence">
                  <str>Attribution-NonCommercial-ShareAlike</str>
               </arr>
               <str name="iris.instrument.primaryInstrumentType">Speech perception / rating</str>
               <arr name="iris.instrument.researchArea">
                  <str>Comprehension</str>
                  <str>Pronunciation</str>
                  <str>Speaking / Oral production</str>
                  <str>Fluency</str>
               </arr>
               <arr name="iris.instrument.software">
                  <str>PsyScope X</str>
               </arr>
               <arr name="iris.instrument.title">
                  <str>Accentedness, fluency and comprehensibility rating tasks</str>
               </arr>
               <arr name="iris.instrument.typeOfFile">
                  <str>Software</str>
               </arr>
               <arr name="iris.participants.firstLanguage">
                  <str>English</str>
               </arr>
               <arr name="iris.participants.participantType">
                  <str>Foreign language learners</str>
               </arr>
               <arr name="iris.participants.targetLanguage">
                  <str>German</str>
               </arr>
               <arr name="iris.referenceid">
                  <str>2014_O'Brien_L2 learners' assessments of accentedness, fluency and comprehensibility of native and nonnative German speech</str>
               </arr>
               <str name="iris.references.allauthors">O'Brien (2014)</str>
               <arr name="iris.references.author">
                  <str>O'Brien, Mary Grantham</str>
               </arr>
               <str name="iris.references.author.lastnames">o'brien</str>
               <arr name="iris.references.author.noack">
                  <str>O'Brien, Mary Grantham</str>
               </arr>
               <arr name="iris.references.journal">
                  <str>Language Learning</str>
               </arr>
               <arr name="iris.references.publicationDate">
                  <str>2014</str>
               </arr>
               <arr name="iris.references.publicationLatestDate">
                  <str>2014</str>
               </arr>
               <arr name="iris.references.publicationType">
                  <str>Journal Article</str>
               </arr>
               <arr name="iris2.email">
                  <str>mgobrien@ucalgary.ca</str>
               </arr>
               <arr name="iris2.feedback.count">
                  <str>0</str>
               </arr>
               <str name="iris2.hasmaterials">Records with information only (materials not yet held)</str>
               <arr name="iris2.instrument.author">
                  <str>O'Brien, Mary Grantham</str>
               </arr>
               <arr name="iris2.instrument.instrumentType">
                  <str>Speech perception / rating</str>
               </arr>
               <str name="iris2.instrument.instrumentType.alltypes">speech perception / rating </str>
               <arr name="iris2.instrument.licence">
                  <str>Attribution-NonCommercial-ShareAlike</str>
               </arr>
               <str name="iris2.instrument.primaryInstrumentType">Speech perception / rating</str>
               <arr name="iris2.instrument.researchArea">
                  <str>Comprehension</str>
                  <str>Pronunciation</str>
                  <str>Speaking / Oral production</str>
                  <str>Fluency</str>
               </arr>
               <arr name="iris2.instrument.software">
                  <str>PsyScope X</str>
               </arr>
               <arr name="iris2.instrument.typeOfFile">
                  <str>Software</str>
               </arr>
               <arr name="iris2.participants.firstLanguage">
                  <str>English</str>
               </arr>
               <arr name="iris2.participants.participantType">
                  <str>Foreign language learners</str>
               </arr>
               <arr name="iris2.participants.targetLanguage">
                  <str>German</str>
               </arr>
               <arr name="iris2.referenceid">
                  <str>2014_O'Brien_L2 learners' assessments of accentedness, fluency and comprehensibility of native and nonnative German speech</str>
               </arr>
               <str name="iris2.references.allauthors">O'Brien (2014)</str>
               <arr name="iris2.references.author">
                  <str>O'Brien, Mary Grantham</str>
               </arr>
               <str name="iris2.references.author.lastnames">o'brien</str>
               <arr name="iris2.references.journal">
                  <str>Language Learning</str>
               </arr>
               <arr name="iris2.references.publicationDate">
                  <str>2014</str>
               </arr>
               <arr name="iris2.references.publicationLatestDate">
                  <str>2014</str>
               </arr>
               <arr name="iris2.references.publicationType">
                  <str>Journal Article</str>
               </arr>
               <arr name="oai_dc.dc_xsi:schemaLocation">
                  <str>http://www.openarchives.org/OAI/2.0/oai_dc/ http://www.openarchives.org/OAI/2.0/oai_dc.xsd</str>
                  <str>http://www.openarchives.org/OAI/2.0/oai_dc/ http://www.openarchives.org/OAI/2.0/oai_dc.xsd</str>
               </arr>
            </doc>
         </result>
      </response>
   </solr>
   <files/>
</record>
