<?xml version="1.0" encoding="ISO-8859-1"?>

<record pid="york:823621">
   <solr>
      <response>
         <lst name="responseHeader">
            <int name="status">0</int>
            <int name="QTime">588</int>
            <lst name="params">
               <str name="q">PID:york?823621</str>
            </lst>
         </lst>
         <result name="response" numfound="1" start="0">
            <doc>
               <str name="PID">york:823621</str>
               <arr name="dc.creator">
                  <str>Tavakoli, Parvaneh</str>
                  <str>Howard, Michael</str>
               </arr>
               <arr name="dc.date">
                  <str>2012</str>
               </arr>
               <arr name="dc.identifier">
                  <str>york:823621</str>
               </arr>
               <str name="dc.title">Teachers' perceptions and beliefs questionnaire</str>
               <str name="dc.title.sort">Teachers' perceptions and beliefs questionnaire</str>
               <arr name="dc.type">
                  <str>Attitude questionnaire</str>
                  <str>http://www.iris-database.org/Instruments</str>
               </arr>
               <arr name="dc2.creator">
                  <str>Tavakoli, Parvaneh</str>
                  <str>Howard, Michael</str>
               </arr>
               <arr name="dc2.date">
                  <str>2012</str>
               </arr>
               <arr name="dc2.identifier">
                  <str>york:823621</str>
               </arr>
               <str name="dc2.title">Teachers' perceptions and beliefs questionnaire</str>
               <arr name="dc2.type">
                  <str>Attitude questionnaire</str>
                  <str>http://www.iris-database.org/Instruments</str>
               </arr>
               <arr name="dc3.creator">
                  <str>Tavakoli, Parvaneh</str>
                  <str>Howard, Michael</str>
               </arr>
               <str name="dc3.title">Teachers' perceptions and beliefs questionnaire</str>
               <date name="fgs.createdDate">2014-09-18T19:46:48.982Z</date>
               <date name="fgs.dateCreated.sort">2014-09-18T19:46:48.982Z</date>
               <str name="fgs.label">IRIS Instrument created by YODL workflow.</str>
               <date name="fgs.lastModifiedDate">2016-05-19T11:53:36.116Z</date>
               <str name="fgs.ownerId">iris-580a9f0f-ed9e-4f5f-be7e-877243bddfd0</str>
               <str name="fgs.state">Active</str>
               <arr name="iris.email">
                  <str>p.tavakoli@reading.ac.uk</str>
               </arr>
               <arr name="iris.feedback.count">
                  <str>0</str>
               </arr>
               <str name="iris.hasmaterials">Records with materials</str>
               <arr name="iris.instrument.author">
                  <str>Tavakoli, Parvaneh</str>
                  <str>Howard, Michael</str>
               </arr>
               <arr name="iris.instrument.instrumentType">
                  <str>Questionnaire</str>
                  <str>Attitude questionnaire</str>
               </arr>
               <str name="iris.instrument.instrumentType.alltypes">attitude questionnaire </str>
               <arr name="iris.instrument.licence">
                  <str>Attribution-NonCommercial-ShareAlike</str>
               </arr>
               <str name="iris.instrument.primaryInstrumentType">Questionnaire &gt; Attitude questionnaire</str>
               <arr name="iris.instrument.researchArea">
                  <str>Acquisition</str>
                  <str>Teaching methods (style, approach, technique)</str>
                  <str>Teacher education</str>
               </arr>
               <arr name="iris.instrument.title">
                  <str>Teachers' perceptions and beliefs questionnaire</str>
               </arr>
               <arr name="iris.instrument.typeOfFile">
                  <str>Text</str>
               </arr>
               <arr name="iris.participants.participantType">
                  <str>Teachers</str>
               </arr>
               <arr name="iris.referenceid">
                  <str>2012_Tavakoli_Howard_TESOL teachers' views on the relationship between research and practice</str>
               </arr>
               <str name="iris.references.allauthors">Tavakoli &amp; Howard (2012)</str>
               <arr name="iris.references.author">
                  <str>Tavakoli, Parvaneh</str>
                  <str>Howard, Michael</str>
               </arr>
               <str name="iris.references.author.lastnames">tavakolihoward</str>
               <arr name="iris.references.author.noack">
                  <str>Tavakoli, Parvaneh</str>
                  <str>Howard, Michael</str>
               </arr>
               <arr name="iris.references.journal">
                  <str>European Journal of Teacher Education</str>
               </arr>
               <arr name="iris.references.publicationDate">
                  <str>2012</str>
               </arr>
               <arr name="iris.references.publicationLatestDate">
                  <str>2012</str>
               </arr>
               <arr name="iris.references.publicationType">
                  <str>Journal Article</str>
               </arr>
               <arr name="iris2.email">
                  <str>p.tavakoli@reading.ac.uk</str>
               </arr>
               <arr name="iris2.feedback.count">
                  <str>0</str>
               </arr>
               <str name="iris2.hasmaterials">Records with materials</str>
               <arr name="iris2.instrument.author">
                  <str>Tavakoli, Parvaneh</str>
                  <str>Howard, Michael</str>
               </arr>
               <arr name="iris2.instrument.instrumentType">
                  <str>Questionnaire</str>
                  <str>Attitude questionnaire</str>
               </arr>
               <str name="iris2.instrument.instrumentType.alltypes">attitude questionnaire </str>
               <arr name="iris2.instrument.licence">
                  <str>Attribution-NonCommercial-ShareAlike</str>
               </arr>
               <str name="iris2.instrument.primaryInstrumentType">Questionnaire &gt; Attitude questionnaire</str>
               <arr name="iris2.instrument.researchArea">
                  <str>Acquisition</str>
                  <str>Teaching methods (style, approach, technique)</str>
                  <str>Teacher education</str>
               </arr>
               <arr name="iris2.instrument.typeOfFile">
                  <str>Text</str>
               </arr>
               <arr name="iris2.participants.participantType">
                  <str>Teachers</str>
               </arr>
               <arr name="iris2.referenceid">
                  <str>2012_Tavakoli_Howard_TESOL teachers' views on the relationship between research and practice</str>
               </arr>
               <str name="iris2.references.allauthors">Tavakoli &amp; Howard (2012)</str>
               <arr name="iris2.references.author">
                  <str>Tavakoli, Parvaneh</str>
                  <str>Howard, Michael</str>
               </arr>
               <str name="iris2.references.author.lastnames">tavakolihoward</str>
               <arr name="iris2.references.journal">
                  <str>European Journal of Teacher Education</str>
               </arr>
               <arr name="iris2.references.publicationDate">
                  <str>2012</str>
               </arr>
               <arr name="iris2.references.publicationLatestDate">
                  <str>2012</str>
               </arr>
               <arr name="iris2.references.publicationType">
                  <str>Journal Article</str>
               </arr>
               <arr name="oai_dc.dc_xsi:schemaLocation">
                  <str>http://www.openarchives.org/OAI/2.0/oai_dc/ http://www.openarchives.org/OAI/2.0/oai_dc.xsd</str>
                  <str>http://www.openarchives.org/OAI/2.0/oai_dc/ http://www.openarchives.org/OAI/2.0/oai_dc.xsd</str>
               </arr>
            </doc>
         </result>
      </response>
   </solr>
   <files>
      <file id="INSTRUMENT" mime="application/pdf" url="http://www.iris-database.org/iris/api/resource/york:823621/asset/INSTRUMENT?download=true"/>
   </files>
</record>
