<?xml version="1.0" encoding="ISO-8859-1"?>

<record pid="york:828152">
   <solr>
      <response>
         <lst name="responseHeader">
            <int name="status">0</int>
            <int name="QTime">1148</int>
            <lst name="params">
               <str name="q">PID:york?828152</str>
            </lst>
         </lst>
         <result name="response" numfound="1" start="0">
            <doc>
               <str name="PID">york:828152</str>
               <arr name="dc.creator">
                  <str>Dewaele, Jean-Marc</str>
                  <str>MacIntyre, P.</str>
               </arr>
               <arr name="dc.date">
                  <str>2014</str>
               </arr>
               <arr name="dc.identifier">
                  <str>york:828152</str>
               </arr>
               <arr name="dc.subject">
                  <str>Learner attitudes</str>
               </arr>
               <str name="dc.title">Foreign language enjoyment questionnaire</str>
               <str name="dc.title.sort">Foreign language enjoyment questionnaire</str>
               <arr name="dc.type">
                  <str>Attitude questionnaire</str>
                  <str>http://www.iris-database.org/Instruments</str>
               </arr>
               <arr name="dc2.creator">
                  <str>Dewaele, Jean-Marc</str>
                  <str>MacIntyre, P.</str>
               </arr>
               <arr name="dc2.date">
                  <str>2014</str>
               </arr>
               <arr name="dc2.identifier">
                  <str>york:828152</str>
               </arr>
               <arr name="dc2.subject">
                  <str>Learner attitudes</str>
               </arr>
               <str name="dc2.title">Foreign language enjoyment questionnaire</str>
               <arr name="dc2.type">
                  <str>Attitude questionnaire</str>
                  <str>http://www.iris-database.org/Instruments</str>
               </arr>
               <arr name="dc3.creator">
                  <str>Dewaele, Jean-Marc</str>
                  <str>MacIntyre, P.</str>
               </arr>
               <arr name="dc3.subject">
                  <str>Learner attitudes</str>
               </arr>
               <str name="dc3.title">Foreign language enjoyment questionnaire</str>
               <date name="fgs.createdDate">2014-10-10T13:13:11.47Z</date>
               <date name="fgs.dateCreated.sort">2014-10-10T13:13:11.47Z</date>
               <str name="fgs.label">IRIS Instrument created by YODL workflow.</str>
               <date name="fgs.lastModifiedDate">2016-05-22T11:30:58.738Z</date>
               <str name="fgs.ownerId">iris-580a9f0f-ed9e-4f5f-be7e-877243bddfd0</str>
               <str name="fgs.state">Active</str>
               <arr name="iris.email">
                  <str>ublf020@mail.bbk.ac.uk</str>
               </arr>
               <arr name="iris.feedback.count">
                  <str>0</str>
               </arr>
               <str name="iris.hasmaterials">Records with materials</str>
               <arr name="iris.instrument.author">
                  <str>Dewaele, Jean-Marc</str>
                  <str>MacIntyre, P.</str>
               </arr>
               <arr name="iris.instrument.instrumentType">
                  <str>Questionnaire</str>
                  <str>Attitude questionnaire</str>
               </arr>
               <str name="iris.instrument.instrumentType.alltypes">attitude questionnaire </str>
               <arr name="iris.instrument.licence">
                  <str>Attribution-NonCommercial-ShareAlike</str>
               </arr>
               <str name="iris.instrument.primaryInstrumentType">Questionnaire &gt; Attitude questionnaire</str>
               <arr name="iris.instrument.researchArea">
                  <str>Learner attitudes</str>
               </arr>
               <arr name="iris.instrument.title">
                  <str>Foreign language enjoyment questionnaire</str>
               </arr>
               <arr name="iris.instrument.typeOfFile">
                  <str>Text</str>
               </arr>
               <arr name="iris.participants.participantType">
                  <str>Foreign language learners</str>
               </arr>
               <arr name="iris.referenceid">
                  <str>2014_Dewaele_MacIntyre_The two faces of Janus? Anxiety and enjoyment in the foreign language classroom</str>
               </arr>
               <str name="iris.references.allauthors">Dewaele &amp; MacIntyre (2014)</str>
               <arr name="iris.references.author">
                  <str>Dewaele, Jean-Marc</str>
                  <str>MacIntyre, P.</str>
               </arr>
               <str name="iris.references.author.lastnames">dewaelemacintyre</str>
               <arr name="iris.references.author.noack">
                  <str>Dewaele, Jean-Marc</str>
                  <str>MacIntyre, P.</str>
               </arr>
               <arr name="iris.references.journal">
                  <str>Studies in Second Language Learning and Teaching</str>
               </arr>
               <arr name="iris.references.publicationDate">
                  <str>2014</str>
               </arr>
               <arr name="iris.references.publicationLatestDate">
                  <str>2014</str>
               </arr>
               <arr name="iris.references.publicationType">
                  <str>Journal Article</str>
               </arr>
               <arr name="iris2.email">
                  <str>ublf020@mail.bbk.ac.uk</str>
               </arr>
               <arr name="iris2.feedback.count">
                  <str>0</str>
               </arr>
               <str name="iris2.hasmaterials">Records with materials</str>
               <arr name="iris2.instrument.author">
                  <str>Dewaele, Jean-Marc</str>
                  <str>MacIntyre, P.</str>
               </arr>
               <arr name="iris2.instrument.instrumentType">
                  <str>Questionnaire</str>
                  <str>Attitude questionnaire</str>
               </arr>
               <str name="iris2.instrument.instrumentType.alltypes">attitude questionnaire </str>
               <arr name="iris2.instrument.licence">
                  <str>Attribution-NonCommercial-ShareAlike</str>
               </arr>
               <str name="iris2.instrument.primaryInstrumentType">Questionnaire &gt; Attitude questionnaire</str>
               <arr name="iris2.instrument.researchArea">
                  <str>Learner attitudes</str>
               </arr>
               <arr name="iris2.instrument.typeOfFile">
                  <str>Text</str>
               </arr>
               <arr name="iris2.participants.participantType">
                  <str>Foreign language learners</str>
               </arr>
               <arr name="iris2.referenceid">
                  <str>2014_Dewaele_MacIntyre_The two faces of Janus? Anxiety and enjoyment in the foreign language classroom</str>
               </arr>
               <str name="iris2.references.allauthors">Dewaele &amp; MacIntyre (2014)</str>
               <arr name="iris2.references.author">
                  <str>Dewaele, Jean-Marc</str>
                  <str>MacIntyre, P.</str>
               </arr>
               <str name="iris2.references.author.lastnames">dewaelemacintyre</str>
               <arr name="iris2.references.journal">
                  <str>Studies in Second Language Learning and Teaching</str>
               </arr>
               <arr name="iris2.references.publicationDate">
                  <str>2014</str>
               </arr>
               <arr name="iris2.references.publicationLatestDate">
                  <str>2014</str>
               </arr>
               <arr name="iris2.references.publicationType">
                  <str>Journal Article</str>
               </arr>
               <arr name="oai_dc.dc_xsi:schemaLocation">
                  <str>http://www.openarchives.org/OAI/2.0/oai_dc/ http://www.openarchives.org/OAI/2.0/oai_dc.xsd</str>
                  <str>http://www.openarchives.org/OAI/2.0/oai_dc/ http://www.openarchives.org/OAI/2.0/oai_dc.xsd</str>
               </arr>
            </doc>
         </result>
      </response>
   </solr>
   <files>
      <file id="INSTRUMENT" mime="application/vnd.openxmlformats-officedocument.wordprocessingml.document" url="http://www.iris-database.org/iris/api/resource/york:828152/asset/INSTRUMENT?download=true"/>
   </files>
</record>
