<?xml version="1.0" encoding="ISO-8859-1"?>

<record pid="york:795511">
   <solr>
      <response>
         <lst name="responseHeader">
            <int name="status">0</int>
            <int name="QTime">1352</int>
            <lst name="params">
               <str name="q">PID:york?795511</str>
            </lst>
         </lst>
         <result name="response" numfound="1" start="0">
            <doc>
               <str name="PID">york:795511</str>
               <arr name="dc.creator">
                  <str>Storch, Neomy</str>
               </arr>
               <arr name="dc.date">
                  <str>2002</str>
               </arr>
               <arr name="dc.format">
                  <str>English</str>
               </arr>
               <arr name="dc.subject">
                  <str>Writing</str>
                  <str>Morphosyntax (grammar)</str>
               </arr>
               <arr name="dc.type">
                  <str>Writing test</str>
                  <str>Productive grammar test</str>
                  <str>Vocabulary test (productive)</str>
                  <str>http://www.iris-database.org/Instruments</str>
               </arr>
               <arr name="dc2.creator">
                  <str>Storch, Neomy</str>
               </arr>
               <arr name="dc2.date">
                  <str>2002</str>
               </arr>
               <arr name="dc2.format">
                  <str>English</str>
               </arr>
               <arr name="dc2.subject">
                  <str>Writing</str>
                  <str>Morphosyntax (grammar)</str>
               </arr>
               <arr name="dc2.type">
                  <str>Writing test</str>
                  <str>Productive grammar test</str>
                  <str>Vocabulary test (productive)</str>
                  <str>http://www.iris-database.org/Instruments</str>
               </arr>
               <arr name="dc3.creator">
                  <str>Storch, Neomy</str>
               </arr>
               <arr name="dc3.subject">
                  <str>Writing</str>
                  <str>Morphosyntax (grammar)</str>
               </arr>
               <date name="fgs.createdDate">2012-03-25T10:27:44.772Z</date>
               <date name="fgs.dateCreated.sort">2012-03-25T10:27:44.772Z</date>
               <str name="fgs.label">IRIS Instrument created by YODL workflow.</str>
               <date name="fgs.lastModifiedDate">2016-03-17T21:45:36.562Z</date>
               <str name="fgs.ownerId">fedoraAdmin</str>
               <str name="fgs.state">Active</str>
               <arr name="iris.email">
                  <str>neomys@unimelb.edu.au</str>
               </arr>
               <arr name="iris.feedback.count">
                  <str>1</str>
               </arr>
               <arr name="iris.feedback.email_1">
                  <str>pradheepxing@gmail.com</str>
               </arr>
               <arr name="iris.feedback.published_1">
                  <str>false</str>
               </arr>
               <arr name="iris.feedback.time_1">
                  <str>9 Jul 2014 12:48:54 GMT</str>
               </arr>
               <str name="iris.hasmaterials">Records with materials</str>
               <arr name="iris.instrument.author">
                  <str>Storch, Neomy</str>
               </arr>
               <arr name="iris.instrument.dataType">
                  <str>Written production</str>
                  <str>Judgements</str>
               </arr>
               <arr name="iris.instrument.instrumentType">
                  <str>Writing test</str>
                  <str>Grammar test / Morphosyntax test</str>
                  <str>Productive</str>
                  <str>Vocabulary test</str>
                  <str>Productive</str>
               </arr>
               <str name="iris.instrument.instrumentType.alltypes">writing test productive productive </str>
               <arr name="iris.instrument.licence">
                  <str>Attribution-NonCommercial-ShareAlike</str>
               </arr>
               <arr name="iris.instrument.linguisticTarget">
                  <str>Morphosyntax (grammar)</str>
                  <str>Aspect</str>
                  <str>Case</str>
                  <str>Determiners</str>
                  <str>Gender</str>
                  <str>Number</str>
                  <str>Tense</str>
                  <str>Lexis (vocabulary)</str>
                  <str>Closed class</str>
                  <str>Open class</str>
                  <str>Syntax</str>
               </arr>
               <str name="iris.instrument.primaryInstrumentType">Writing test</str>
               <arr name="iris.instrument.researchArea">
                  <str>Writing</str>
                  <str>Morphosyntax (grammar)</str>
               </arr>
               <arr name="iris.instrument.secondaryInstrumentType">
                  <str>Grammar test / Morphosyntax test &gt; Productive</str>
                  <str>Vocabulary test &gt; Productive</str>
               </arr>
               <arr name="iris.instrument.sourceLanguage">
                  <str>English</str>
               </arr>
               <arr name="iris.instrument.typeOfFile">
                  <str>Text</str>
               </arr>
               <arr name="iris.participants.domainOfUse">
                  <str>School - language instruction only</str>
               </arr>
               <arr name="iris.participants.gender">
                  <str>mixed</str>
               </arr>
               <arr name="iris.participants.participantType">
                  <str>Second language learners</str>
               </arr>
               <arr name="iris.participants.proficiencyLearner">
                  <str>Intermediate/advanced</str>
               </arr>
               <arr name="iris.referenceid">
                  <str>2002_Storch_Patterns of interaction in ESL pair work</str>
               </arr>
               <str name="iris.references.allauthors">Storch (2002)</str>
               <arr name="iris.references.author">
                  <str>Storch, Neomy</str>
               </arr>
               <str name="iris.references.author.lastnames">storch</str>
               <arr name="iris.references.author.noack">
                  <str>Storch, Neomy</str>
               </arr>
               <arr name="iris.references.journal">
                  <str>The Language Learning Journal</str>
               </arr>
               <arr name="iris.references.publicationDate">
                  <str>2002</str>
               </arr>
               <arr name="iris.references.publicationLatestDate">
                  <str>2002</str>
               </arr>
               <arr name="iris.references.publicationType">
                  <str>Journal Article</str>
               </arr>
               <arr name="iris2.email">
                  <str>neomys@unimelb.edu.au</str>
               </arr>
               <arr name="iris2.feedback.count">
                  <str>1</str>
               </arr>
               <arr name="iris2.feedback.email_1">
                  <str>pradheepxing@gmail.com</str>
               </arr>
               <arr name="iris2.feedback.published_1">
                  <str>false</str>
               </arr>
               <arr name="iris2.feedback.time_1">
                  <str>9 Jul 2014 12:48:54 GMT</str>
               </arr>
               <str name="iris2.hasmaterials">Records with materials</str>
               <arr name="iris2.instrument.author">
                  <str>Storch, Neomy</str>
               </arr>
               <arr name="iris2.instrument.dataType">
                  <str>Written production</str>
                  <str>Judgements</str>
               </arr>
               <arr name="iris2.instrument.instrumentType">
                  <str>Writing test</str>
                  <str>Grammar test / Morphosyntax test</str>
                  <str>Productive</str>
                  <str>Vocabulary test</str>
                  <str>Productive</str>
               </arr>
               <str name="iris2.instrument.instrumentType.alltypes">writing test productive productive </str>
               <arr name="iris2.instrument.licence">
                  <str>Attribution-NonCommercial-ShareAlike</str>
               </arr>
               <arr name="iris2.instrument.linguisticTarget">
                  <str>Morphosyntax (grammar)</str>
                  <str>Aspect</str>
                  <str>Case</str>
                  <str>Determiners</str>
                  <str>Gender</str>
                  <str>Number</str>
                  <str>Tense</str>
                  <str>Lexis (vocabulary)</str>
                  <str>Closed class</str>
                  <str>Open class</str>
                  <str>Syntax</str>
               </arr>
               <str name="iris2.instrument.primaryInstrumentType">Writing test</str>
               <arr name="iris2.instrument.researchArea">
                  <str>Writing</str>
                  <str>Morphosyntax (grammar)</str>
               </arr>
               <arr name="iris2.instrument.secondaryInstrumentType">
                  <str>Grammar test / Morphosyntax test &gt; Productive</str>
                  <str>Vocabulary test &gt; Productive</str>
               </arr>
               <arr name="iris2.instrument.sourceLanguage">
                  <str>English</str>
               </arr>
               <arr name="iris2.instrument.typeOfFile">
                  <str>Text</str>
               </arr>
               <arr name="iris2.participants.domainOfUse">
                  <str>School - language instruction only</str>
               </arr>
               <arr name="iris2.participants.gender">
                  <str>mixed</str>
               </arr>
               <arr name="iris2.participants.participantType">
                  <str>Second language learners</str>
               </arr>
               <arr name="iris2.participants.proficiencyLearner">
                  <str>Intermediate/advanced</str>
               </arr>
               <arr name="iris2.referenceid">
                  <str>2002_Storch_Patterns of interaction in ESL pair work</str>
               </arr>
               <str name="iris2.references.allauthors">Storch (2002)</str>
               <arr name="iris2.references.author">
                  <str>Storch, Neomy</str>
               </arr>
               <str name="iris2.references.author.lastnames">storch</str>
               <arr name="iris2.references.journal">
                  <str>The Language Learning Journal</str>
               </arr>
               <arr name="iris2.references.publicationDate">
                  <str>2002</str>
               </arr>
               <arr name="iris2.references.publicationLatestDate">
                  <str>2002</str>
               </arr>
               <arr name="iris2.references.publicationType">
                  <str>Journal Article</str>
               </arr>
               <arr name="oai_dc.dc_xsi:schemaLocation">
                  <str>http://www.openarchives.org/OAI/2.0/oai_dc/ http://www.openarchives.org/OAI/2.0/oai_dc.xsd</str>
               </arr>
            </doc>
         </result>
      </response>
   </solr>
   <files>
      <file id="INSTRUMENT" mime="application/msword" url="http://www.iris-database.org/iris/api/resource/york:795511/asset/INSTRUMENT?download=true"/>
      <file id="INSTRUMENT1" mime="application/msword" url="http://www.iris-database.org/iris/api/resource/york:795511/asset/INSTRUMENT1?download=true"/>
      <file id="INSTRUMENT2" mime="application/msword" url="http://www.iris-database.org/iris/api/resource/york:795511/asset/INSTRUMENT2?download=true"/>
   </files>
</record>
