<?xml version="1.0" encoding="ISO-8859-1"?>

<record pid="york:804081">
   <solr>
      <response>
         <lst name="responseHeader">
            <int name="status">0</int>
            <int name="QTime">529</int>
            <lst name="params">
               <str name="q">PID:york?804081</str>
            </lst>
         </lst>
         <result name="response" numfound="1" start="0">
            <doc>
               <str name="PID">york:804081</str>
               <arr name="dc.creator">
                  <str>Ioannidou, Elena</str>
               </arr>
               <arr name="dc.date">
                  <str>2009</str>
                  <str>2010</str>
               </arr>
               <arr name="dc.format">
                  <str>English</str>
               </arr>
               <arr name="dc.subject">
                  <str>Cultural identity</str>
                  <str>Identity</str>
                  <str>Linguistic identity</str>
                  <str>Teaching policy</str>
               </arr>
               <arr name="dc.type">
                  <str>Interview protocol</str>
                  <str>http://www.iris-database.org/Instruments</str>
               </arr>
               <arr name="dc2.creator">
                  <str>Ioannidou, Elena</str>
               </arr>
               <arr name="dc2.date">
                  <str>2009</str>
                  <str>2010</str>
               </arr>
               <arr name="dc2.format">
                  <str>English</str>
               </arr>
               <arr name="dc2.subject">
                  <str>Cultural identity</str>
                  <str>Identity</str>
                  <str>Linguistic identity</str>
                  <str>Teaching policy</str>
               </arr>
               <arr name="dc2.type">
                  <str>Interview protocol</str>
                  <str>http://www.iris-database.org/Instruments</str>
               </arr>
               <arr name="dc3.creator">
                  <str>Ioannidou, Elena</str>
               </arr>
               <arr name="dc3.subject">
                  <str>Cultural identity</str>
                  <str>Identity</str>
                  <str>Linguistic identity</str>
                  <str>Teaching policy</str>
               </arr>
               <date name="fgs.createdDate">2012-07-17T10:41:48.758Z</date>
               <date name="fgs.dateCreated.sort">2012-07-17T10:41:48.758Z</date>
               <str name="fgs.label">IRIS Instrument created by YODL workflow.</str>
               <date name="fgs.lastModifiedDate">2016-04-08T13:35:04.32Z</date>
               <str name="fgs.ownerId">fedoraAdmin</str>
               <str name="fgs.state">Active</str>
               <arr name="iris.email">
                  <str>ioannidou.elena@ucy.ac.cy</str>
               </arr>
               <arr name="iris.feedback.count">
                  <str>1</str>
               </arr>
               <arr name="iris.feedback.email_1">
                  <str>gjroberts@cardiffmet.ac.uk</str>
               </arr>
               <arr name="iris.feedback.published_1">
                  <str>false</str>
               </arr>
               <arr name="iris.feedback.time_1">
                  <str>10 Jun 2013 20:52:34 GMT</str>
               </arr>
               <str name="iris.hasmaterials">Records with materials</str>
               <arr name="iris.instrument.author">
                  <str>Ioannidou, Elena</str>
               </arr>
               <arr name="iris.instrument.instrumentType">
                  <str>Interview protocol / schedule</str>
               </arr>
               <str name="iris.instrument.instrumentType.alltypes">interview protocol / schedule </str>
               <arr name="iris.instrument.licence">
                  <str>Attribution-NonCommercial-ShareAlike</str>
               </arr>
               <str name="iris.instrument.primaryInstrumentType">Interview protocol / schedule</str>
               <arr name="iris.instrument.researchArea">
                  <str>Cultural identity</str>
                  <str>Identity</str>
                  <str>Linguistic identity</str>
                  <str>Teaching policy</str>
               </arr>
               <arr name="iris.instrument.sourceLanguage">
                  <str>English</str>
               </arr>
               <arr name="iris.instrument.typeOfFile">
                  <str>Text</str>
               </arr>
               <arr name="iris.participants.firstLanguage">
                  <str>Greek</str>
               </arr>
               <arr name="iris.participants.participantType">
                  <str>Policy-makers</str>
               </arr>
               <arr name="iris.participants.targetLanguage">
                  <str>Greek</str>
               </arr>
               <arr name="iris.referenceid">
                  <str>Ioannidou_This ain't my real language, Miss: On language and ethnic identity among Greek Cypriot students</str>
                  <str>2009_Ioannidou_Using improper language in the classroom: The conflict between language use and legitimate varieties in education - evidence from a Greek Cypriot classroom</str>
                  <str>2010_Ioannidou_Sophocleous_'Now, is this how we are going to say it?' Comparing teachers' language practices in primary and secondary state education in Cyprus</str>
               </arr>
               <str name="iris.references.allauthors">Ioannidou (2002); Ioannidou (2009); Ioannidou &amp; Sophocleous (2010)</str>
               <arr name="iris.references.author">
                  <str>Ioannidou, Elena</str>
                  <str>Ioannidou, Elena</str>
                  <str>Ioannidou, Elena</str>
                  <str>Sophocleous, Andry</str>
               </arr>
               <str name="iris.references.author.lastnames">ioannidouioannidouioannidousophocleous</str>
               <arr name="iris.references.author.noack">
                  <str>Ioannidou, Elena</str>
                  <str>Ioannidou, Elena</str>
                  <str>Ioannidou, Elena</str>
                  <str>Sophocleous, Andry</str>
               </arr>
               <arr name="iris.references.journal">
                  <str>Language and Education</str>
                  <str>Linguistics and Education</str>
               </arr>
               <arr name="iris.references.publicationDate">
                  <str>2009</str>
                  <str>2010</str>
                  <str>2002</str>
               </arr>
               <arr name="iris.references.publicationLatestDate">
                  <str>2010</str>
               </arr>
               <arr name="iris.references.publicationType">
                  <str>Thesis</str>
                  <str>Journal Article</str>
                  <str>Journal Article</str>
               </arr>
               <arr name="iris2.email">
                  <str>ioannidou.elena@ucy.ac.cy</str>
               </arr>
               <arr name="iris2.feedback.count">
                  <str>1</str>
               </arr>
               <arr name="iris2.feedback.email_1">
                  <str>gjroberts@cardiffmet.ac.uk</str>
               </arr>
               <arr name="iris2.feedback.published_1">
                  <str>false</str>
               </arr>
               <arr name="iris2.feedback.time_1">
                  <str>10 Jun 2013 20:52:34 GMT</str>
               </arr>
               <str name="iris2.hasmaterials">Records with materials</str>
               <arr name="iris2.instrument.author">
                  <str>Ioannidou, Elena</str>
               </arr>
               <arr name="iris2.instrument.instrumentType">
                  <str>Interview protocol / schedule</str>
               </arr>
               <str name="iris2.instrument.instrumentType.alltypes">interview protocol / schedule </str>
               <arr name="iris2.instrument.licence">
                  <str>Attribution-NonCommercial-ShareAlike</str>
               </arr>
               <str name="iris2.instrument.primaryInstrumentType">Interview protocol / schedule</str>
               <arr name="iris2.instrument.researchArea">
                  <str>Cultural identity</str>
                  <str>Identity</str>
                  <str>Linguistic identity</str>
                  <str>Teaching policy</str>
               </arr>
               <arr name="iris2.instrument.sourceLanguage">
                  <str>English</str>
               </arr>
               <arr name="iris2.instrument.typeOfFile">
                  <str>Text</str>
               </arr>
               <arr name="iris2.participants.firstLanguage">
                  <str>Greek</str>
               </arr>
               <arr name="iris2.participants.participantType">
                  <str>Policy-makers</str>
               </arr>
               <arr name="iris2.participants.targetLanguage">
                  <str>Greek</str>
               </arr>
               <arr name="iris2.referenceid">
                  <str>Ioannidou_This ain't my real language, Miss: On language and ethnic identity among Greek Cypriot students</str>
                  <str>2009_Ioannidou_Using improper language in the classroom: The conflict between language use and legitimate varieties in education - evidence from a Greek Cypriot classroom</str>
                  <str>2010_Ioannidou_Sophocleous_'Now, is this how we are going to say it?' Comparing teachers' language practices in primary and secondary state education in Cyprus</str>
               </arr>
               <str name="iris2.references.allauthors">Ioannidou (2002); Ioannidou (2009); Ioannidou &amp; Sophocleous (2010)</str>
               <arr name="iris2.references.author">
                  <str>Ioannidou, Elena</str>
                  <str>Ioannidou, Elena</str>
                  <str>Ioannidou, Elena</str>
                  <str>Sophocleous, Andry</str>
               </arr>
               <str name="iris2.references.author.lastnames">ioannidouioannidouioannidousophocleous</str>
               <arr name="iris2.references.journal">
                  <str>Language and Education</str>
                  <str>Linguistics and Education</str>
               </arr>
               <arr name="iris2.references.publicationDate">
                  <str>2009</str>
                  <str>2010</str>
                  <str>2002</str>
               </arr>
               <arr name="iris2.references.publicationLatestDate">
                  <str>2010</str>
               </arr>
               <arr name="iris2.references.publicationType">
                  <str>Thesis</str>
                  <str>Journal Article</str>
                  <str>Journal Article</str>
               </arr>
               <arr name="oai_dc.dc_xsi:schemaLocation">
                  <str>http://www.openarchives.org/OAI/2.0/oai_dc/ http://www.openarchives.org/OAI/2.0/oai_dc.xsd</str>
               </arr>
            </doc>
         </result>
      </response>
   </solr>
   <files>
      <file id="INSTRUMENT" mime="application/msword" url="http://www.iris-database.org/iris/api/resource/york:804081/asset/INSTRUMENT?download=true"/>
   </files>
</record>
