<?xml version="1.0" encoding="ISO-8859-1"?>

<record pid="york:815131">
   <solr>
      <response>
         <lst name="responseHeader">
            <int name="status">0</int>
            <int name="QTime">816</int>
            <lst name="params">
               <str name="q">PID:york?815131</str>
            </lst>
         </lst>
         <result name="response" numfound="1" start="0">
            <doc>
               <str name="PID">york:815131</str>
               <arr name="dc.creator">
                  <str>Trofimovich, Pavel</str>
                  <str>McDonough, Kim</str>
                  <str>Neumann, Heike</str>
               </arr>
               <arr name="dc.date">
                  <str>2013</str>
               </arr>
               <arr name="dc.description">
                  <str>The words highlighted in yellow are pronunciation (word stress) targets from the Academic Word List (Coxhead, 2000). The highlighting is kept for researchers; in actual classroom materials, no text was highlighted.</str>
               </arr>
               <arr name="dc.format">
                  <str>English</str>
               </arr>
               <arr name="dc.identifier">
                  <str>york:815131</str>
               </arr>
               <str name="dc.title">Integrated priming tasks (true-false quiz)</str>
               <str name="dc.title.sort">Integrated priming tasks (true-false quiz)</str>
               <arr name="dc.type">
                  <str>Information exchange tasks</str>
                  <str>Information gap tasks (e.g. spot difference, map task)</str>
                  <str>http://www.iris-database.org/Instruments</str>
               </arr>
               <arr name="dc2.creator">
                  <str>Trofimovich, Pavel</str>
                  <str>McDonough, Kim</str>
                  <str>Neumann, Heike</str>
               </arr>
               <arr name="dc2.date">
                  <str>2013</str>
               </arr>
               <arr name="dc2.description">
                  <str>The words highlighted in yellow are pronunciation (word stress) targets from the Academic Word List (Coxhead, 2000). The highlighting is kept for researchers; in actual classroom materials, no text was highlighted.</str>
               </arr>
               <arr name="dc2.format">
                  <str>English</str>
               </arr>
               <arr name="dc2.identifier">
                  <str>york:815131</str>
               </arr>
               <str name="dc2.title">Integrated priming tasks (true-false quiz)</str>
               <arr name="dc2.type">
                  <str>Information exchange tasks</str>
                  <str>Information gap tasks (e.g. spot difference, map task)</str>
                  <str>http://www.iris-database.org/Instruments</str>
               </arr>
               <arr name="dc3.creator">
                  <str>Trofimovich, Pavel</str>
                  <str>McDonough, Kim</str>
                  <str>Neumann, Heike</str>
               </arr>
               <str name="dc3.title">Integrated priming tasks (true-false quiz)</str>
               <date name="fgs.createdDate">2013-08-12T17:40:38.396Z</date>
               <date name="fgs.dateCreated.sort">2013-08-12T17:40:38.396Z</date>
               <str name="fgs.label">IRIS Instrument created by YODL workflow.</str>
               <date name="fgs.lastModifiedDate">2016-04-15T11:40:03.028Z</date>
               <str name="fgs.ownerId">iris-16f1fdd0-f9c5-42dc-bc34-4d2d3af91d1d</str>
               <str name="fgs.state">Active</str>
               <arr name="iris.email">
                  <str>pavel.trofimovich@concordia.ca</str>
               </arr>
               <arr name="iris.feedback.count">
                  <str>0</str>
               </arr>
               <str name="iris.hasmaterials">Records with materials</str>
               <arr name="iris.instrument.author">
                  <str>Trofimovich, Pavel</str>
                  <str>McDonough, Kim</str>
                  <str>Neumann, Heike</str>
               </arr>
               <arr name="iris.instrument.dataType">
                  <str>Oral production</str>
               </arr>
               <arr name="iris.instrument.funder">
                  <str>Social Sciences and Humanities Research Council</str>
               </arr>
               <arr name="iris.instrument.instrumentType">
                  <str>Communicative / Interactive task</str>
                  <str>Information exchange</str>
                  <str>Communicative / Interactive task</str>
                  <str>Information gap</str>
               </arr>
               <str name="iris.instrument.instrumentType.alltypes">information exchange information gap </str>
               <arr name="iris.instrument.licence">
                  <str>Attribution-NonCommercial-ShareAlike</str>
               </arr>
               <arr name="iris.instrument.linguisticTarget">
                  <str>Stress</str>
                  <str>Syntax</str>
               </arr>
               <str name="iris.instrument.primaryInstrumentType">Communicative / Interactive task &gt; Information exchange</str>
               <arr name="iris.instrument.researchArea">
                  <str>Speaking / Oral production</str>
                  <str>Interaction</str>
               </arr>
               <arr name="iris.instrument.secondaryInstrumentType">
                  <str>Communicative / Interactive task &gt; Information gap</str>
               </arr>
               <arr name="iris.instrument.sourceLanguage">
                  <str>English</str>
               </arr>
               <arr name="iris.instrument.title">
                  <str>Integrated priming tasks (true-false quiz)</str>
               </arr>
               <arr name="iris.instrument.typeOfFile">
                  <str>Text</str>
               </arr>
               <arr name="iris.participants.participantType">
                  <str>Second language learners</str>
               </arr>
               <arr name="iris.participants.proficiencyLearner">
                  <str>Advanced</str>
                  <str>Intermediate/advanced</str>
               </arr>
               <arr name="iris.participants.targetLanguage">
                  <str>English</str>
               </arr>
               <arr name="iris.referenceid">
                  <str>2013_Trofimovich_McDonough_Neumann_Using collaborative tasks to elicit auditory and structural priming</str>
               </arr>
               <str name="iris.references.allauthors">Trofimovich, McDonough, et al. (2013)</str>
               <arr name="iris.references.author">
                  <str>Trofimovich, Pavel</str>
                  <str>McDonough, Kim</str>
                  <str>Neumann, Heike</str>
               </arr>
               <str name="iris.references.author.lastnames">trofimovichmcdonoughneumann</str>
               <arr name="iris.references.author.noack">
                  <str>Trofimovich, Pavel</str>
                  <str>McDonough, Kim</str>
                  <str>Neumann, Heike</str>
               </arr>
               <arr name="iris.references.journal">
                  <str>TESOL Quarterly</str>
               </arr>
               <arr name="iris.references.publicationDate">
                  <str>2013</str>
               </arr>
               <arr name="iris.references.publicationLatestDate">
                  <str>2013</str>
               </arr>
               <arr name="iris.references.publicationType">
                  <str>Journal Article</str>
               </arr>
               <arr name="iris2.email">
                  <str>pavel.trofimovich@concordia.ca</str>
               </arr>
               <arr name="iris2.feedback.count">
                  <str>0</str>
               </arr>
               <str name="iris2.hasmaterials">Records with materials</str>
               <arr name="iris2.instrument.author">
                  <str>Trofimovich, Pavel</str>
                  <str>McDonough, Kim</str>
                  <str>Neumann, Heike</str>
               </arr>
               <arr name="iris2.instrument.dataType">
                  <str>Oral production</str>
               </arr>
               <arr name="iris2.instrument.funder">
                  <str>Social Sciences and Humanities Research Council</str>
               </arr>
               <arr name="iris2.instrument.instrumentType">
                  <str>Communicative / Interactive task</str>
                  <str>Information exchange</str>
                  <str>Communicative / Interactive task</str>
                  <str>Information gap</str>
               </arr>
               <str name="iris2.instrument.instrumentType.alltypes">information exchange information gap </str>
               <arr name="iris2.instrument.licence">
                  <str>Attribution-NonCommercial-ShareAlike</str>
               </arr>
               <arr name="iris2.instrument.linguisticTarget">
                  <str>Stress</str>
                  <str>Syntax</str>
               </arr>
               <str name="iris2.instrument.primaryInstrumentType">Communicative / Interactive task &gt; Information exchange</str>
               <arr name="iris2.instrument.researchArea">
                  <str>Speaking / Oral production</str>
                  <str>Interaction</str>
               </arr>
               <arr name="iris2.instrument.secondaryInstrumentType">
                  <str>Communicative / Interactive task &gt; Information gap</str>
               </arr>
               <arr name="iris2.instrument.sourceLanguage">
                  <str>English</str>
               </arr>
               <arr name="iris2.instrument.typeOfFile">
                  <str>Text</str>
               </arr>
               <arr name="iris2.participants.participantType">
                  <str>Second language learners</str>
               </arr>
               <arr name="iris2.participants.proficiencyLearner">
                  <str>Advanced</str>
                  <str>Intermediate/advanced</str>
               </arr>
               <arr name="iris2.participants.targetLanguage">
                  <str>English</str>
               </arr>
               <arr name="iris2.referenceid">
                  <str>2013_Trofimovich_McDonough_Neumann_Using collaborative tasks to elicit auditory and structural priming</str>
               </arr>
               <str name="iris2.references.allauthors">Trofimovich, McDonough, et al. (2013)</str>
               <arr name="iris2.references.author">
                  <str>Trofimovich, Pavel</str>
                  <str>McDonough, Kim</str>
                  <str>Neumann, Heike</str>
               </arr>
               <str name="iris2.references.author.lastnames">trofimovichmcdonoughneumann</str>
               <arr name="iris2.references.journal">
                  <str>TESOL Quarterly</str>
               </arr>
               <arr name="iris2.references.publicationDate">
                  <str>2013</str>
               </arr>
               <arr name="iris2.references.publicationLatestDate">
                  <str>2013</str>
               </arr>
               <arr name="iris2.references.publicationType">
                  <str>Journal Article</str>
               </arr>
               <arr name="oai_dc.dc_xsi:schemaLocation">
                  <str>http://www.openarchives.org/OAI/2.0/oai_dc/ http://www.openarchives.org/OAI/2.0/oai_dc.xsd</str>
                  <str>http://www.openarchives.org/OAI/2.0/oai_dc/ http://www.openarchives.org/OAI/2.0/oai_dc.xsd</str>
                  <str>http://www.openarchives.org/OAI/2.0/oai_dc/ http://www.openarchives.org/OAI/2.0/oai_dc.xsd</str>
               </arr>
            </doc>
         </result>
      </response>
   </solr>
   <files>
      <file id="INSTRUMENT" mime="application/pdf" url="http://www.iris-database.org/iris/api/resource/york:815131/asset/INSTRUMENT?download=true"/>
      <file id="INSTRUMENT1" mime="application/pdf" url="http://www.iris-database.org/iris/api/resource/york:815131/asset/INSTRUMENT1?download=true"/>
   </files>
</record>
