<?xml version="1.0" encoding="ISO-8859-1"?>

<record pid="york:795513">
   <solr>
      <response>
         <lst name="responseHeader">
            <int name="status">0</int>
            <int name="QTime">1167</int>
            <lst name="params">
               <str name="q">PID:york?795513</str>
            </lst>
         </lst>
         <result name="response" numfound="1" start="0">
            <doc>
               <str name="PID">york:795513</str>
               <arr name="dc.creator">
                  <str>Erlam, Rosemary</str>
                  <str>Ellis, R</str>
               </arr>
               <arr name="dc.date">
                  <str>2006</str>
                  <str>2009</str>
               </arr>
               <arr name="dc.format">
                  <str>English</str>
               </arr>
               <arr name="dc.identifier">
                  <str>york:795513</str>
               </arr>
               <arr name="dc.subject">
                  <str>Acquisition</str>
               </arr>
               <arr name="dc.type">
                  <str>Elicited imitation protocol / Sentence repetition task</str>
                  <str>http://www.iris-database.org/Instruments</str>
               </arr>
               <arr name="dc2.creator">
                  <str>Erlam, Rosemary</str>
                  <str>Ellis, R</str>
               </arr>
               <arr name="dc2.date">
                  <str>2006</str>
                  <str>2009</str>
               </arr>
               <arr name="dc2.format">
                  <str>English</str>
               </arr>
               <arr name="dc2.identifier">
                  <str>york:795513</str>
               </arr>
               <arr name="dc2.subject">
                  <str>Acquisition</str>
               </arr>
               <arr name="dc2.type">
                  <str>Elicited imitation protocol / Sentence repetition task</str>
                  <str>http://www.iris-database.org/Instruments</str>
               </arr>
               <arr name="dc3.creator">
                  <str>Erlam, Rosemary</str>
                  <str>Ellis, R</str>
               </arr>
               <arr name="dc3.subject">
                  <str>Acquisition</str>
               </arr>
               <date name="fgs.createdDate">2012-03-27T00:22:38.32Z</date>
               <date name="fgs.dateCreated.sort">2012-03-27T00:22:38.32Z</date>
               <str name="fgs.label">IRIS Instrument created by YODL workflow.</str>
               <date name="fgs.lastModifiedDate">2016-05-16T14:15:43.654Z</date>
               <str name="fgs.ownerId">fedoraAdmin</str>
               <str name="fgs.state">Active</str>
               <arr name="iris.email">
                  <str>r.erlam@auckland.ac.nz</str>
               </arr>
               <arr name="iris.feedback.count">
                  <str>2</str>
               </arr>
               <arr name="iris.feedback.email_1">
                  <str>a.revesz@ioe.ac.uk</str>
               </arr>
               <arr name="iris.feedback.email_2">
                  <str>a.revesz@ioe.ac.uk</str>
               </arr>
               <arr name="iris.feedback.published_1">
                  <str>false</str>
               </arr>
               <arr name="iris.feedback.published_2">
                  <str>false</str>
               </arr>
               <arr name="iris.feedback.time_1">
                  <str>9 Jul 2014 14:39:52 GMT</str>
               </arr>
               <arr name="iris.feedback.time_2">
                  <str>9 Jul 2014 14:40:18 GMT</str>
               </arr>
               <str name="iris.hasmaterials">Records with materials</str>
               <arr name="iris.instrument.author">
                  <str>Erlam, Rosemary</str>
                  <str>Ellis, R</str>
               </arr>
               <arr name="iris.instrument.instrumentType">
                  <str>Elicited imitation protocol / Sentence repetition task</str>
               </arr>
               <str name="iris.instrument.instrumentType.alltypes">elicited imitation protocol / sentence repetition task </str>
               <arr name="iris.instrument.licence">
                  <str>Attribution-NonCommercial-ShareAlike</str>
               </arr>
               <str name="iris.instrument.primaryInstrumentType">Elicited imitation protocol / Sentence repetition task</str>
               <arr name="iris.instrument.researchArea">
                  <str>Acquisition</str>
               </arr>
               <arr name="iris.instrument.sourceLanguage">
                  <str>English</str>
               </arr>
               <arr name="iris.instrument.typeOfFile">
                  <str>Text</str>
               </arr>
               <arr name="iris.participants.participantType">
                  <str>Second language learners</str>
               </arr>
               <arr name="iris.participants.targetLanguage">
                  <str>English</str>
               </arr>
               <arr name="iris.referenceid">
                  <str>2006_Erlam_Elicited imitation as a measure of L2 implicit knowledge: An empirical validation study</str>
                  <str>2009_Erlam_The elicited oral imitation test as a measure of implicit knowledge</str>
               </arr>
               <str name="iris.references.allauthors">Erlam (2006); Erlam (2009)</str>
               <arr name="iris.references.author">
                  <str>Erlam, Rosemary</str>
                  <str>Erlam, Rosemary</str>
               </arr>
               <str name="iris.references.author.lastnames">erlamerlam</str>
               <arr name="iris.references.author.noack">
                  <str>Erlam, Rosemary</str>
                  <str>Erlam, Rosemary</str>
               </arr>
               <arr name="iris.references.booktitle">
                  <str>The elicited oral imitation test as a measure of implicit knowledge</str>
                  <str>Implicit and explicit knowledge in second language learning, testing and teaching</str>
               </arr>
               <arr name="iris.references.editor">
                  <str>Ellis, R</str>
                  <str>Loewen, S</str>
                  <str>Elder, Catherine</str>
                  <str>Erlam, Rosemary</str>
                  <str>Philp, Jenefer</str>
                  <str>Reinders, H</str>
               </arr>
               <arr name="iris.references.journal">
                  <str>Applied Linguistics</str>
               </arr>
               <arr name="iris.references.publicationDate">
                  <str>2006</str>
                  <str>2009</str>
               </arr>
               <arr name="iris.references.publicationLatestDate">
                  <str>2009</str>
               </arr>
               <arr name="iris.references.publicationType">
                  <str>Journal Article</str>
                  <str>Chapter</str>
               </arr>
               <arr name="iris2.email">
                  <str>r.erlam@auckland.ac.nz</str>
               </arr>
               <arr name="iris2.feedback.count">
                  <str>2</str>
               </arr>
               <arr name="iris2.feedback.email_1">
                  <str>a.revesz@ioe.ac.uk</str>
               </arr>
               <arr name="iris2.feedback.email_2">
                  <str>a.revesz@ioe.ac.uk</str>
               </arr>
               <arr name="iris2.feedback.published_1">
                  <str>false</str>
               </arr>
               <arr name="iris2.feedback.published_2">
                  <str>false</str>
               </arr>
               <arr name="iris2.feedback.time_1">
                  <str>9 Jul 2014 14:39:52 GMT</str>
               </arr>
               <arr name="iris2.feedback.time_2">
                  <str>9 Jul 2014 14:40:18 GMT</str>
               </arr>
               <str name="iris2.hasmaterials">Records with materials</str>
               <arr name="iris2.instrument.author">
                  <str>Erlam, Rosemary</str>
                  <str>Ellis, R</str>
               </arr>
               <arr name="iris2.instrument.instrumentType">
                  <str>Elicited imitation protocol / Sentence repetition task</str>
               </arr>
               <str name="iris2.instrument.instrumentType.alltypes">elicited imitation protocol / sentence repetition task </str>
               <arr name="iris2.instrument.licence">
                  <str>Attribution-NonCommercial-ShareAlike</str>
               </arr>
               <str name="iris2.instrument.primaryInstrumentType">Elicited imitation protocol / Sentence repetition task</str>
               <arr name="iris2.instrument.researchArea">
                  <str>Acquisition</str>
               </arr>
               <arr name="iris2.instrument.sourceLanguage">
                  <str>English</str>
               </arr>
               <arr name="iris2.instrument.typeOfFile">
                  <str>Text</str>
               </arr>
               <arr name="iris2.participants.participantType">
                  <str>Second language learners</str>
               </arr>
               <arr name="iris2.participants.targetLanguage">
                  <str>English</str>
               </arr>
               <arr name="iris2.referenceid">
                  <str>2006_Erlam_Elicited imitation as a measure of L2 implicit knowledge: An empirical validation study</str>
                  <str>2009_Erlam_The elicited oral imitation test as a measure of implicit knowledge</str>
               </arr>
               <str name="iris2.references.allauthors">Erlam (2006); Erlam (2009)</str>
               <arr name="iris2.references.author">
                  <str>Erlam, Rosemary</str>
                  <str>Erlam, Rosemary</str>
               </arr>
               <str name="iris2.references.author.lastnames">erlamerlam</str>
               <arr name="iris2.references.booktitle">
                  <str>The elicited oral imitation test as a measure of implicit knowledge</str>
                  <str>Implicit and explicit knowledge in second language learning, testing and teaching</str>
               </arr>
               <arr name="iris2.references.editor">
                  <str>Ellis, R</str>
                  <str>Loewen, S</str>
                  <str>Elder, Catherine</str>
                  <str>Erlam, Rosemary</str>
                  <str>Philp, Jenefer</str>
                  <str>Reinders, H</str>
               </arr>
               <arr name="iris2.references.journal">
                  <str>Applied Linguistics</str>
               </arr>
               <arr name="iris2.references.publicationDate">
                  <str>2006</str>
                  <str>2009</str>
               </arr>
               <arr name="iris2.references.publicationLatestDate">
                  <str>2009</str>
               </arr>
               <arr name="iris2.references.publicationType">
                  <str>Journal Article</str>
                  <str>Chapter</str>
               </arr>
               <arr name="oai_dc.dc_xsi:schemaLocation">
                  <str>http://www.openarchives.org/OAI/2.0/oai_dc/ http://www.openarchives.org/OAI/2.0/oai_dc.xsd</str>
                  <str>http://www.openarchives.org/OAI/2.0/oai_dc/ http://www.openarchives.org/OAI/2.0/oai_dc.xsd</str>
                  <str>http://www.openarchives.org/OAI/2.0/oai_dc/ http://www.openarchives.org/OAI/2.0/oai_dc.xsd</str>
               </arr>
            </doc>
         </result>
      </response>
   </solr>
   <files>
      <file id="INSTRUMENT" mime="application/pdf" url="http://www.iris-database.org/iris/api/resource/york:795513/asset/INSTRUMENT?download=true"/>
   </files>
</record>
