<?xml version="1.0" encoding="ISO-8859-1"?>

<record pid="york:822267">
   <solr>
      <response>
         <lst name="responseHeader">
            <int name="status">0</int>
            <int name="QTime">516</int>
            <lst name="params">
               <str name="q">PID:york?822267</str>
            </lst>
         </lst>
         <result name="response" numfound="1" start="0">
            <doc>
               <str name="PID">york:822267</str>
               <arr name="dc.creator">
                  <str>Bowles, Melissa</str>
               </arr>
               <arr name="dc.date">
                  <str>2008</str>
               </arr>
               <arr name="dc.description">
                  <str>This instrument contains the verbalization (think-aloud) instructions for the written posttest. These instructions can be found in the article's appendices. The author has kindly given permission for the verbalization instructions to be held in IRIS.</str>
               </arr>
               <arr name="dc.identifier">
                  <str>york:822267</str>
               </arr>
               <str name="dc.title">Verbalization instructions (think-aloud), written posttest</str>
               <str name="dc.title.sort">Verbalization instructions (think-aloud), written posttest</str>
               <arr name="dc.type">
                  <str>Writing test</str>
                  <str>Productive grammar test</str>
                  <str>L1 to L2 (L3, L4, etc.)</str>
                  <str>Concurrent think aloud</str>
                  <str>http://www.iris-database.org/Instruments</str>
               </arr>
               <arr name="dc2.creator">
                  <str>Bowles, Melissa</str>
               </arr>
               <arr name="dc2.date">
                  <str>2008</str>
               </arr>
               <arr name="dc2.description">
                  <str>This instrument contains the verbalization (think-aloud) instructions for the written posttest. These instructions can be found in the article's appendices. The author has kindly given permission for the verbalization instructions to be held in IRIS.</str>
               </arr>
               <arr name="dc2.identifier">
                  <str>york:822267</str>
               </arr>
               <str name="dc2.title">Verbalization instructions (think-aloud), written posttest</str>
               <arr name="dc2.type">
                  <str>Writing test</str>
                  <str>Productive grammar test</str>
                  <str>L1 to L2 (L3, L4, etc.)</str>
                  <str>Concurrent think aloud</str>
                  <str>http://www.iris-database.org/Instruments</str>
               </arr>
               <arr name="dc3.creator">
                  <str>Bowles, Melissa</str>
               </arr>
               <str name="dc3.title">Verbalization instructions (think-aloud), written posttest</str>
               <date name="fgs.createdDate">2014-04-27T15:13:24.526Z</date>
               <date name="fgs.dateCreated.sort">2014-04-27T15:13:24.526Z</date>
               <str name="fgs.label">IRIS Instrument created by YODL workflow.</str>
               <date name="fgs.lastModifiedDate">2016-05-03T10:50:54.171Z</date>
               <str name="fgs.ownerId">iris-580a9f0f-ed9e-4f5f-be7e-877243bddfd0</str>
               <str name="fgs.state">Active</str>
               <arr name="iris.email">
                  <str>bowlesm@uiuc.edu</str>
               </arr>
               <arr name="iris.feedback.count">
                  <str>0</str>
               </arr>
               <str name="iris.hasmaterials">Records with materials</str>
               <arr name="iris.instrument.author">
                  <str>Bowles, Melissa</str>
               </arr>
               <arr name="iris.instrument.instrumentType">
                  <str>Writing test</str>
                  <str>Grammar test / Morphosyntax test</str>
                  <str>Productive</str>
                  <str>Translation task</str>
                  <str>L1 to L2 (L3, L4, etc.)</str>
                  <str>Introspective technique / Think-aloud protocol / Self-report</str>
                  <str>Concurrent think-aloud</str>
               </arr>
               <str name="iris.instrument.instrumentType.alltypes">writing test productive l1 to l2 (l3, l4, etc.) concurrent think-aloud </str>
               <arr name="iris.instrument.licence">
                  <str>Attribution-NonCommercial-ShareAlike</str>
               </arr>
               <str name="iris.instrument.primaryInstrumentType">Introspective technique / Think-aloud protocol / Self-report &gt; Concurrent think-aloud</str>
               <arr name="iris.instrument.researchArea">
                  <str>Acquisition</str>
                  <str>Meta-analysis</str>
                  <str>Processing</str>
                  <str>Teaching methods (style, approach, technique)</str>
               </arr>
               <arr name="iris.instrument.secondaryInstrumentType">
                  <str>Writing test</str>
                  <str>Grammar test / Morphosyntax test &gt; Productive</str>
                  <str>Translation task &gt; L1 to L2 (L3, L4, etc.)</str>
               </arr>
               <arr name="iris.instrument.title">
                  <str>Verbalization instructions (think-aloud), written posttest</str>
               </arr>
               <arr name="iris.instrument.typeOfFile">
                  <str>Text</str>
               </arr>
               <arr name="iris.participants.firstLanguage">
                  <str>English</str>
               </arr>
               <arr name="iris.participants.participantType">
                  <str>Foreign language learners</str>
                  <str>Monolinguals</str>
                  <str/>
               </arr>
               <arr name="iris.participants.targetLanguage">
                  <str>Spanish</str>
               </arr>
               <arr name="iris.referenceid">
                  <str>2008_Bowles_Task type and reactivity of verbal reports in SLA</str>
               </arr>
               <str name="iris.references.allauthors">Bowles (2008)</str>
               <arr name="iris.references.author">
                  <str>Bowles, Melissa</str>
               </arr>
               <str name="iris.references.author.lastnames">bowles</str>
               <arr name="iris.references.author.noack">
                  <str>Bowles, Melissa</str>
               </arr>
               <arr name="iris.references.journal">
                  <str>Studies in Second Language Acquisition</str>
               </arr>
               <arr name="iris.references.publicationDate">
                  <str>2008</str>
               </arr>
               <arr name="iris.references.publicationLatestDate">
                  <str>2008</str>
               </arr>
               <arr name="iris.references.publicationType">
                  <str>Journal Article</str>
               </arr>
               <arr name="iris2.email">
                  <str>bowlesm@uiuc.edu</str>
               </arr>
               <arr name="iris2.feedback.count">
                  <str>0</str>
               </arr>
               <str name="iris2.hasmaterials">Records with materials</str>
               <arr name="iris2.instrument.author">
                  <str>Bowles, Melissa</str>
               </arr>
               <arr name="iris2.instrument.instrumentType">
                  <str>Writing test</str>
                  <str>Grammar test / Morphosyntax test</str>
                  <str>Productive</str>
                  <str>Translation task</str>
                  <str>L1 to L2 (L3, L4, etc.)</str>
                  <str>Introspective technique / Think-aloud protocol / Self-report</str>
                  <str>Concurrent think-aloud</str>
               </arr>
               <str name="iris2.instrument.instrumentType.alltypes">writing test productive l1 to l2 (l3, l4, etc.) concurrent think-aloud </str>
               <arr name="iris2.instrument.licence">
                  <str>Attribution-NonCommercial-ShareAlike</str>
               </arr>
               <str name="iris2.instrument.primaryInstrumentType">Introspective technique / Think-aloud protocol / Self-report &gt; Concurrent think-aloud</str>
               <arr name="iris2.instrument.researchArea">
                  <str>Acquisition</str>
                  <str>Meta-analysis</str>
                  <str>Processing</str>
                  <str>Teaching methods (style, approach, technique)</str>
               </arr>
               <arr name="iris2.instrument.secondaryInstrumentType">
                  <str>Writing test</str>
                  <str>Grammar test / Morphosyntax test &gt; Productive</str>
                  <str>Translation task &gt; L1 to L2 (L3, L4, etc.)</str>
               </arr>
               <arr name="iris2.instrument.typeOfFile">
                  <str>Text</str>
               </arr>
               <arr name="iris2.participants.firstLanguage">
                  <str>English</str>
               </arr>
               <arr name="iris2.participants.participantType">
                  <str>Foreign language learners</str>
                  <str>Monolinguals</str>
                  <str/>
               </arr>
               <arr name="iris2.participants.targetLanguage">
                  <str>Spanish</str>
               </arr>
               <arr name="iris2.referenceid">
                  <str>2008_Bowles_Task type and reactivity of verbal reports in SLA</str>
               </arr>
               <str name="iris2.references.allauthors">Bowles (2008)</str>
               <arr name="iris2.references.author">
                  <str>Bowles, Melissa</str>
               </arr>
               <str name="iris2.references.author.lastnames">bowles</str>
               <arr name="iris2.references.journal">
                  <str>Studies in Second Language Acquisition</str>
               </arr>
               <arr name="iris2.references.publicationDate">
                  <str>2008</str>
               </arr>
               <arr name="iris2.references.publicationLatestDate">
                  <str>2008</str>
               </arr>
               <arr name="iris2.references.publicationType">
                  <str>Journal Article</str>
               </arr>
               <arr name="oai_dc.dc_xsi:schemaLocation">
                  <str>http://www.openarchives.org/OAI/2.0/oai_dc/ http://www.openarchives.org/OAI/2.0/oai_dc.xsd</str>
                  <str>http://www.openarchives.org/OAI/2.0/oai_dc/ http://www.openarchives.org/OAI/2.0/oai_dc.xsd</str>
                  <str>http://www.openarchives.org/OAI/2.0/oai_dc/ http://www.openarchives.org/OAI/2.0/oai_dc.xsd</str>
                  <str>http://www.openarchives.org/OAI/2.0/oai_dc/ http://www.openarchives.org/OAI/2.0/oai_dc.xsd</str>
                  <str>http://www.openarchives.org/OAI/2.0/oai_dc/ http://www.openarchives.org/OAI/2.0/oai_dc.xsd</str>
               </arr>
            </doc>
         </result>
      </response>
   </solr>
   <files>
      <file id="INSTRUMENT" mime="application/vnd.openxmlformats-officedocument.wordprocessingml.document" url="http://www.iris-database.org/iris/api/resource/york:822267/asset/INSTRUMENT?download=true"/>
   </files>
</record>
