<?xml version="1.0" encoding="ISO-8859-1"?>

<record pid="york:809006">
   <solr>
      <response>
         <lst name="responseHeader">
            <int name="status">0</int>
            <int name="QTime">997</int>
            <lst name="params">
               <str name="q">PID:york?809006</str>
            </lst>
         </lst>
         <result name="response" numfound="1" start="0">
            <doc>
               <str name="PID">york:809006</str>
               <arr name="dc.creator">
                  <str>Meara, Paul</str>
               </arr>
               <arr name="dc.date">
                  <str>2012</str>
               </arr>
               <arr name="dc.description">
                  <str>The Llama programs replace the Lat03 suite of programs.</str>
               </arr>
               <arr name="dc.subject">
                  <str>Aptitude</str>
               </arr>
               <str name="dc.title">LLAMA_D</str>
               <str name="dc.title.sort">LLAMA_D</str>
               <arr name="dc.type">
                  <str>Working memory test (PSTM)</str>
                  <str>http://www.iris-database.org/Instruments</str>
               </arr>
               <arr name="dc2.creator">
                  <str>Meara, Paul</str>
               </arr>
               <arr name="dc2.date">
                  <str>2012</str>
               </arr>
               <arr name="dc2.description">
                  <str>The Llama programs replace the Lat03 suite of programs.</str>
               </arr>
               <arr name="dc2.subject">
                  <str>Aptitude</str>
               </arr>
               <str name="dc2.title">LLAMA_D</str>
               <arr name="dc2.type">
                  <str>Working memory test (PSTM)</str>
                  <str>http://www.iris-database.org/Instruments</str>
               </arr>
               <arr name="dc3.creator">
                  <str>Meara, Paul</str>
               </arr>
               <arr name="dc3.subject">
                  <str>Aptitude</str>
               </arr>
               <str name="dc3.title">LLAMA_D</str>
               <date name="fgs.createdDate">2013-03-20T11:22:11.875Z</date>
               <date name="fgs.dateCreated.sort">2013-03-20T11:22:11.875Z</date>
               <str name="fgs.label">IRIS Instrument created by YODL workflow.</str>
               <date name="fgs.lastModifiedDate">2016-04-06T09:06:15.979Z</date>
               <str name="fgs.ownerId">fedoraAdmin</str>
               <str name="fgs.state">Active</str>
               <arr name="iris.email">
                  <str>becky.taylor@york.ac.uk</str>
               </arr>
               <arr name="iris.feedback.count">
                  <str>0</str>
               </arr>
               <str name="iris.hasmaterials">Records with materials</str>
               <arr name="iris.instrument.author">
                  <str>Meara, Paul</str>
               </arr>
               <arr name="iris.instrument.instrumentType">
                  <str>Working memory test</str>
                  <str>Phonological short term memory</str>
               </arr>
               <str name="iris.instrument.instrumentType.alltypes">phonological short term memory </str>
               <arr name="iris.instrument.licence">
                  <str>Attribution-NonCommercial-ShareAlike</str>
               </arr>
               <str name="iris.instrument.primaryInstrumentType">Working memory test &gt; Phonological short term memory</str>
               <arr name="iris.instrument.researchArea">
                  <str>Aptitude</str>
               </arr>
               <arr name="iris.instrument.title">
                  <str>LLAMA_D</str>
               </arr>
               <arr name="iris.instrument.typeOfFile">
                  <str>Software</str>
               </arr>
               <arr name="iris.participants.participantType">
                  <str>Language users</str>
               </arr>
               <arr name="iris.referenceid">
                  <str>2012_Xiang_Dediu_Roberts_Van Oort_Norris_Hagoort_The structural connectivity underpinning language aptitude, working memory, and IQ in the Perisylvian language network</str>
               </arr>
               <str name="iris.references.allauthors">Xiang, Dediu, et al. (2012)</str>
               <arr name="iris.references.author">
                  <str>Xiang, Huadong</str>
                  <str>Dediu, Dan</str>
                  <str>Roberts, Leah</str>
                  <str>Van Oort, Erik</str>
                  <str>Norris, David G.</str>
                  <str>Hagoort, Peter</str>
               </arr>
               <str name="iris.references.author.lastnames">xiangdediurobertsvan oortnorrishagoort</str>
               <arr name="iris.references.author.noack">
                  <str>Xiang, Huadong</str>
                  <str>Dediu, Dan</str>
                  <str>Roberts, Leah</str>
                  <str>Van Oort, Erik</str>
                  <str>Norris, David G.</str>
                  <str>Hagoort, Peter</str>
               </arr>
               <arr name="iris.references.journal">
                  <str>Language Learning</str>
               </arr>
               <arr name="iris.references.publicationDate">
                  <str>2012</str>
               </arr>
               <arr name="iris.references.publicationLatestDate">
                  <str>2012</str>
               </arr>
               <arr name="iris.references.publicationType">
                  <str>Journal Article</str>
               </arr>
               <arr name="iris2.email">
                  <str>becky.taylor@york.ac.uk</str>
               </arr>
               <arr name="iris2.feedback.count">
                  <str>0</str>
               </arr>
               <str name="iris2.hasmaterials">Records with materials</str>
               <arr name="iris2.instrument.author">
                  <str>Meara, Paul</str>
               </arr>
               <arr name="iris2.instrument.instrumentType">
                  <str>Working memory test</str>
                  <str>Phonological short term memory</str>
               </arr>
               <str name="iris2.instrument.instrumentType.alltypes">phonological short term memory </str>
               <arr name="iris2.instrument.licence">
                  <str>Attribution-NonCommercial-ShareAlike</str>
               </arr>
               <str name="iris2.instrument.primaryInstrumentType">Working memory test &gt; Phonological short term memory</str>
               <arr name="iris2.instrument.researchArea">
                  <str>Aptitude</str>
               </arr>
               <arr name="iris2.instrument.typeOfFile">
                  <str>Software</str>
               </arr>
               <arr name="iris2.participants.participantType">
                  <str>Language users</str>
               </arr>
               <arr name="iris2.referenceid">
                  <str>2012_Xiang_Dediu_Roberts_Van Oort_Norris_Hagoort_The structural connectivity underpinning language aptitude, working memory, and IQ in the Perisylvian language network</str>
               </arr>
               <str name="iris2.references.allauthors">Xiang, Dediu, et al. (2012)</str>
               <arr name="iris2.references.author">
                  <str>Xiang, Huadong</str>
                  <str>Dediu, Dan</str>
                  <str>Roberts, Leah</str>
                  <str>Van Oort, Erik</str>
                  <str>Norris, David G.</str>
                  <str>Hagoort, Peter</str>
               </arr>
               <str name="iris2.references.author.lastnames">xiangdediurobertsvan oortnorrishagoort</str>
               <arr name="iris2.references.journal">
                  <str>Language Learning</str>
               </arr>
               <arr name="iris2.references.publicationDate">
                  <str>2012</str>
               </arr>
               <arr name="iris2.references.publicationLatestDate">
                  <str>2012</str>
               </arr>
               <arr name="iris2.references.publicationType">
                  <str>Journal Article</str>
               </arr>
               <arr name="oai_dc.dc_xsi:schemaLocation">
                  <str>http://www.openarchives.org/OAI/2.0/oai_dc/ http://www.openarchives.org/OAI/2.0/oai_dc.xsd</str>
               </arr>
            </doc>
         </result>
      </response>
   </solr>
   <files>
      <file id="INSTRUMENT" mime="application/octet-stream" url="http://www.iris-database.org/iris/api/resource/york:809006/asset/INSTRUMENT?download=true"/>
   </files>
</record>
