<?xml version="1.0" encoding="ISO-8859-1"?>

<record pid="york:833496">
   <solr>
      <response>
         <lst name="responseHeader">
            <int name="status">0</int>
            <int name="QTime">1305</int>
            <lst name="params">
               <str name="q">PID:york?833496</str>
            </lst>
         </lst>
         <result name="response" numfound="1" start="0">
            <doc>
               <str name="PID">york:833496</str>
               <arr name="dc.creator">
                  <str>Rinke, E</str>
                  <str>Flores, C</str>
               </arr>
               <arr name="dc.date">
                  <str>2010</str>
                  <str>2014</str>
               </arr>
               <arr name="dc.identifier">
                  <str>york:833496</str>
               </arr>
               <str name="dc.title">Grammaticality judgement test (clitics)</str>
               <str name="dc.title.sort">Grammaticality judgement test (clitics)</str>
               <arr name="dc.type">
                  <str>Grammaticality judgement sentences or acceptability judgement</str>
                  <str>http://www.iris-database.org/Instruments</str>
               </arr>
               <arr name="dc2.creator">
                  <str>Rinke, E</str>
                  <str>Flores, C</str>
               </arr>
               <arr name="dc2.date">
                  <str>2010</str>
                  <str>2014</str>
               </arr>
               <arr name="dc2.identifier">
                  <str>york:833496</str>
               </arr>
               <str name="dc2.title">Grammaticality judgement test (clitics)</str>
               <arr name="dc2.type">
                  <str>Grammaticality judgement sentences or acceptability judgement</str>
                  <str>http://www.iris-database.org/Instruments</str>
               </arr>
               <arr name="dc3.creator">
                  <str>Rinke, E</str>
                  <str>Flores, C</str>
               </arr>
               <str name="dc3.title">Grammaticality judgement test (clitics)</str>
               <date name="fgs.createdDate">2014-11-21T11:51:36.672Z</date>
               <date name="fgs.dateCreated.sort">2014-11-21T11:51:36.672Z</date>
               <str name="fgs.label">IRIS Instrument created by YODL workflow.</str>
               <date name="fgs.lastModifiedDate">2016-01-27T08:53:24.761Z</date>
               <str name="fgs.ownerId">iris-580a9f0f-ed9e-4f5f-be7e-877243bddfd0</str>
               <str name="fgs.state">Active</str>
               <arr name="iris.email">
                  <str>Esther.Rinke@em.uni-frankfurt.de</str>
               </arr>
               <arr name="iris.feedback.count">
                  <str>0</str>
               </arr>
               <str name="iris.hasmaterials">Records with materials</str>
               <arr name="iris.instrument.author">
                  <str>Rinke, E</str>
                  <str>Flores, C</str>
               </arr>
               <arr name="iris.instrument.instrumentType">
                  <str>Grammaticality / Acceptability judgement test</str>
               </arr>
               <str name="iris.instrument.instrumentType.alltypes">grammaticality / acceptability judgement test </str>
               <arr name="iris.instrument.licence">
                  <str>Attribution-NonCommercial-ShareAlike</str>
               </arr>
               <arr name="iris.instrument.linguisticTarget">
                  <str>Morphology</str>
               </arr>
               <str name="iris.instrument.primaryInstrumentType">Grammaticality / Acceptability judgement test</str>
               <arr name="iris.instrument.researchArea">
                  <str>Bilingualism</str>
                  <str>Morphosyntax (grammar)</str>
               </arr>
               <arr name="iris.instrument.title">
                  <str>Grammaticality judgement test (clitics)</str>
               </arr>
               <arr name="iris.instrument.typeOfFile">
                  <str>Text</str>
               </arr>
               <arr name="iris.participants.firstLanguage">
                  <str>Portuguese</str>
               </arr>
               <arr name="iris.participants.participantType">
                  <str/>
                  <str>Native speakers</str>
               </arr>
               <arr name="iris.referenceid">
                  <str>2010_Montrul_How similar are adult second language learners and Spanish heritage speakers? Spanish clitics and word order</str>
                  <str>2014_Rinke_Flores_Morphosyntactic knowledge of clitics by Portuguese heritage bilinguals</str>
               </arr>
               <str name="iris.references.allauthors">Rinke &amp; Flores (2014); </str>
               <arr name="iris.references.author">
                  <str>Montrul, S</str>
                  <str>Rinke, E</str>
                  <str>Flores, C</str>
               </arr>
               <str name="iris.references.author.lastnames">montrulrinkeflores</str>
               <arr name="iris.references.author.noack">
                  <str>Rinke, E</str>
                  <str>Flores, C</str>
               </arr>
               <arr name="iris.references.journal">
                  <str>Bilingualism: Language and Cognition</str>
               </arr>
               <arr name="iris.references.publicationDate">
                  <str>2010</str>
                  <str>2014</str>
               </arr>
               <arr name="iris.references.publicationLatestDate">
                  <str>2014</str>
               </arr>
               <arr name="iris.references.publicationType">
                  <str>Journal Article</str>
                  <str>Journal Article</str>
               </arr>
               <arr name="iris2.email">
                  <str>Esther.Rinke@em.uni-frankfurt.de</str>
               </arr>
               <arr name="iris2.feedback.count">
                  <str>0</str>
               </arr>
               <str name="iris2.hasmaterials">Records with materials</str>
               <arr name="iris2.instrument.author">
                  <str>Rinke, E</str>
                  <str>Flores, C</str>
               </arr>
               <arr name="iris2.instrument.instrumentType">
                  <str>Grammaticality / Acceptability judgement test</str>
               </arr>
               <str name="iris2.instrument.instrumentType.alltypes">grammaticality / acceptability judgement test </str>
               <arr name="iris2.instrument.licence">
                  <str>Attribution-NonCommercial-ShareAlike</str>
               </arr>
               <arr name="iris2.instrument.linguisticTarget">
                  <str>Morphology</str>
               </arr>
               <str name="iris2.instrument.primaryInstrumentType">Grammaticality / Acceptability judgement test</str>
               <arr name="iris2.instrument.researchArea">
                  <str>Bilingualism</str>
                  <str>Morphosyntax (grammar)</str>
               </arr>
               <arr name="iris2.instrument.typeOfFile">
                  <str>Text</str>
               </arr>
               <arr name="iris2.participants.firstLanguage">
                  <str>Portuguese</str>
               </arr>
               <arr name="iris2.participants.participantType">
                  <str/>
                  <str>Native speakers</str>
               </arr>
               <arr name="iris2.referenceid">
                  <str>2010_Montrul_How similar are adult second language learners and Spanish heritage speakers? Spanish clitics and word order</str>
                  <str>2014_Rinke_Flores_Morphosyntactic knowledge of clitics by Portuguese heritage bilinguals</str>
               </arr>
               <str name="iris2.references.allauthors">Rinke &amp; Flores (2014); </str>
               <arr name="iris2.references.author">
                  <str>Montrul, S</str>
                  <str>Rinke, E</str>
                  <str>Flores, C</str>
               </arr>
               <str name="iris2.references.author.lastnames">montrulrinkeflores</str>
               <arr name="iris2.references.journal">
                  <str>Bilingualism: Language and Cognition</str>
               </arr>
               <arr name="iris2.references.publicationDate">
                  <str>2010</str>
                  <str>2014</str>
               </arr>
               <arr name="iris2.references.publicationLatestDate">
                  <str>2014</str>
               </arr>
               <arr name="iris2.references.publicationType">
                  <str>Journal Article</str>
                  <str>Journal Article</str>
               </arr>
               <arr name="oai_dc.dc_xsi:schemaLocation">
                  <str>http://www.openarchives.org/OAI/2.0/oai_dc/ http://www.openarchives.org/OAI/2.0/oai_dc.xsd</str>
                  <str>http://www.openarchives.org/OAI/2.0/oai_dc/ http://www.openarchives.org/OAI/2.0/oai_dc.xsd</str>
                  <str>http://www.openarchives.org/OAI/2.0/oai_dc/ http://www.openarchives.org/OAI/2.0/oai_dc.xsd</str>
                  <str>http://www.openarchives.org/OAI/2.0/oai_dc/ http://www.openarchives.org/OAI/2.0/oai_dc.xsd</str>
                  <str>http://www.openarchives.org/OAI/2.0/oai_dc/ http://www.openarchives.org/OAI/2.0/oai_dc.xsd</str>
                  <str>http://www.openarchives.org/OAI/2.0/oai_dc/ http://www.openarchives.org/OAI/2.0/oai_dc.xsd</str>
                  <str>http://www.openarchives.org/OAI/2.0/oai_dc/ http://www.openarchives.org/OAI/2.0/oai_dc.xsd</str>
                  <str>http://www.openarchives.org/OAI/2.0/oai_dc/ http://www.openarchives.org/OAI/2.0/oai_dc.xsd</str>
                  <str>http://www.openarchives.org/OAI/2.0/oai_dc/ http://www.openarchives.org/OAI/2.0/oai_dc.xsd</str>
                  <str>http://www.openarchives.org/OAI/2.0/oai_dc/ http://www.openarchives.org/OAI/2.0/oai_dc.xsd</str>
               </arr>
            </doc>
         </result>
      </response>
   </solr>
   <files>
      <file id="INSTRUMENT" mime="application/vnd.openxmlformats-officedocument.wordprocessingml.document" url="http://www.iris-database.org/iris/api/resource/york:833496/asset/INSTRUMENT?download=true"/>
      <file id="INSTRUMENT1" mime="application/pdf" url="http://www.iris-database.org/iris/api/resource/york:833496/asset/INSTRUMENT1?download=true"/>
   </files>
</record>
