<?xml version="1.0" encoding="ISO-8859-1"?>

<record pid="york:847589">
   <solr>
      <response>
         <lst name="responseHeader">
            <int name="status">0</int>
            <int name="QTime">1043</int>
            <lst name="params">
               <str name="q">PID:york?847589</str>
            </lst>
         </lst>
         <result name="response" numfound="1" start="0">
            <doc>
               <str name="PID">york:847589</str>
               <arr name="dc.creator">
                  <str>Song, Yoonsang</str>
               </arr>
               <arr name="dc.date">
                  <str>in press</str>
               </arr>
               <arr name="dc.format">
                  <str>English</str>
               </arr>
               <arr name="dc.identifier">
                  <str>york:847589</str>
               </arr>
               <str name="dc.title">Self-paced reading task sentences</str>
               <str name="dc.title.sort">Self-paced reading task sentences</str>
               <arr name="dc.type">
                  <str>Stimuli for laboratory studies (visual - verbal)</str>
                  <str>http://www.iris-database.org/Instruments</str>
               </arr>
               <arr name="dc2.creator">
                  <str>Song, Yoonsang</str>
               </arr>
               <arr name="dc2.date">
                  <str>in press</str>
               </arr>
               <arr name="dc2.format">
                  <str>English</str>
               </arr>
               <arr name="dc2.identifier">
                  <str>york:847589</str>
               </arr>
               <str name="dc2.title">Self-paced reading task sentences</str>
               <arr name="dc2.type">
                  <str>Stimuli for laboratory studies (visual - verbal)</str>
                  <str>http://www.iris-database.org/Instruments</str>
               </arr>
               <arr name="dc3.creator">
                  <str>Song, Yoonsang</str>
               </arr>
               <str name="dc3.title">Self-paced reading task sentences</str>
               <date name="fgs.createdDate">2015-01-28T02:27:32.91Z</date>
               <date name="fgs.dateCreated.sort">2015-01-28T02:27:32.91Z</date>
               <str name="fgs.label">IRIS Instrument created by YODL workflow.</str>
               <date name="fgs.lastModifiedDate">2016-04-11T19:13:41.627Z</date>
               <str name="fgs.ownerId">iris-3a516a4d-c185-470c-9a88-fa8fe6bca2bd</str>
               <str name="fgs.state">Active</str>
               <arr name="iris.email">
                  <str>ys342@georgetown.edu</str>
               </arr>
               <arr name="iris.feedback.count">
                  <str>0</str>
               </arr>
               <str name="iris.hasmaterials">Records with materials</str>
               <arr name="iris.instrument.author">
                  <str>Song, Yoonsang</str>
               </arr>
               <arr name="iris.instrument.instrumentType">
                  <str>Stimuli for laboratory studies</str>
                  <str>Visual</str>
                  <str>Verbal</str>
               </arr>
               <str name="iris.instrument.instrumentType.alltypes">verbal </str>
               <arr name="iris.instrument.licence">
                  <str>Attribution-NonCommercial-ShareAlike</str>
               </arr>
               <arr name="iris.instrument.linguisticTarget">
                  <str>Suffixes</str>
                  <str>Number</str>
               </arr>
               <str name="iris.instrument.primaryInstrumentType">Stimuli for laboratory studies &gt; Visual &gt; Verbal</str>
               <arr name="iris.instrument.researchArea">
                  <str>Sentence processing</str>
                  <str>Morphosyntax (grammar)</str>
               </arr>
               <arr name="iris.instrument.sourceLanguage">
                  <str>English</str>
               </arr>
               <arr name="iris.instrument.title">
                  <str>Self-paced reading task sentences</str>
               </arr>
               <arr name="iris.instrument.typeOfFile">
                  <str>Text</str>
               </arr>
               <arr name="iris.participants.firstLanguage">
                  <str>Korean</str>
               </arr>
               <arr name="iris.participants.participantType">
                  <str>Second language learners</str>
               </arr>
               <arr name="iris.participants.proficiencyLearner">
                  <str>Advanced</str>
               </arr>
               <arr name="iris.participants.targetLanguage">
                  <str>English</str>
               </arr>
               <arr name="iris.referenceid">
                  <str>in press_Song_L2 Processing of Plural Inflection in English</str>
               </arr>
               <str name="iris.references.allauthors">Song (in press)</str>
               <arr name="iris.references.author">
                  <str>Song, Yoonsang</str>
               </arr>
               <str name="iris.references.author.lastnames">song</str>
               <arr name="iris.references.author.noack">
                  <str>Song, Yoonsang</str>
               </arr>
               <arr name="iris.references.journal">
                  <str>Language Learning</str>
               </arr>
               <arr name="iris.references.publicationDate">
                  <str>in press</str>
               </arr>
               <arr name="iris.references.publicationLatestDate">
                  <str>in press</str>
               </arr>
               <arr name="iris.references.publicationType">
                  <str>Journal Article</str>
               </arr>
               <arr name="iris2.email">
                  <str>ys342@georgetown.edu</str>
               </arr>
               <arr name="iris2.feedback.count">
                  <str>0</str>
               </arr>
               <str name="iris2.hasmaterials">Records with materials</str>
               <arr name="iris2.instrument.author">
                  <str>Song, Yoonsang</str>
               </arr>
               <arr name="iris2.instrument.instrumentType">
                  <str>Stimuli for laboratory studies</str>
                  <str>Visual</str>
                  <str>Verbal</str>
               </arr>
               <str name="iris2.instrument.instrumentType.alltypes">verbal </str>
               <arr name="iris2.instrument.licence">
                  <str>Attribution-NonCommercial-ShareAlike</str>
               </arr>
               <arr name="iris2.instrument.linguisticTarget">
                  <str>Suffixes</str>
                  <str>Number</str>
               </arr>
               <str name="iris2.instrument.primaryInstrumentType">Stimuli for laboratory studies &gt; Visual &gt; Verbal</str>
               <arr name="iris2.instrument.researchArea">
                  <str>Sentence processing</str>
                  <str>Morphosyntax (grammar)</str>
               </arr>
               <arr name="iris2.instrument.sourceLanguage">
                  <str>English</str>
               </arr>
               <arr name="iris2.instrument.typeOfFile">
                  <str>Text</str>
               </arr>
               <arr name="iris2.participants.firstLanguage">
                  <str>Korean</str>
               </arr>
               <arr name="iris2.participants.participantType">
                  <str>Second language learners</str>
               </arr>
               <arr name="iris2.participants.proficiencyLearner">
                  <str>Advanced</str>
               </arr>
               <arr name="iris2.participants.targetLanguage">
                  <str>English</str>
               </arr>
               <arr name="iris2.referenceid">
                  <str>in press_Song_L2 Processing of Plural Inflection in English</str>
               </arr>
               <str name="iris2.references.allauthors">Song (in press)</str>
               <arr name="iris2.references.author">
                  <str>Song, Yoonsang</str>
               </arr>
               <str name="iris2.references.author.lastnames">song</str>
               <arr name="iris2.references.journal">
                  <str>Language Learning</str>
               </arr>
               <arr name="iris2.references.publicationDate">
                  <str>in press</str>
               </arr>
               <arr name="iris2.references.publicationLatestDate">
                  <str>in press</str>
               </arr>
               <arr name="iris2.references.publicationType">
                  <str>Journal Article</str>
               </arr>
               <arr name="oai_dc.dc_xsi:schemaLocation">
                  <str>http://www.openarchives.org/OAI/2.0/oai_dc/ http://www.openarchives.org/OAI/2.0/oai_dc.xsd</str>
                  <str>http://www.openarchives.org/OAI/2.0/oai_dc/ http://www.openarchives.org/OAI/2.0/oai_dc.xsd</str>
               </arr>
            </doc>
         </result>
      </response>
   </solr>
   <files>
      <file id="INSTRUMENT" mime="application/pdf" url="http://www.iris-database.org/iris/api/resource/york:847589/asset/INSTRUMENT?download=true"/>
   </files>
</record>
