<?xml version="1.0" encoding="ISO-8859-1"?>

<record pid="york:808177">
   <solr>
      <response>
         <lst name="responseHeader">
            <int name="status">0</int>
            <int name="QTime">1039</int>
            <lst name="params">
               <str name="q">PID:york?808177</str>
            </lst>
         </lst>
         <result name="response" numfound="1" start="0">
            <doc>
               <str name="PID">york:808177</str>
               <arr name="dc.creator">
                  <str>Kim, Jeong-eun</str>
               </arr>
               <arr name="dc.subject">
                  <str>Morphosyntax (grammar)</str>
               </arr>
               <arr name="dc.type">
                  <str>Receptive grammar test</str>
                  <str>Grammaticality judgement sentences or acceptability judgement</str>
                  <str>http://www.iris-database.org/Instruments</str>
               </arr>
               <arr name="dc2.creator">
                  <str>Kim, Jeong-eun</str>
               </arr>
               <arr name="dc2.subject">
                  <str>Morphosyntax (grammar)</str>
               </arr>
               <arr name="dc2.type">
                  <str>Receptive grammar test</str>
                  <str>Grammaticality judgement sentences or acceptability judgement</str>
                  <str>http://www.iris-database.org/Instruments</str>
               </arr>
               <arr name="dc3.creator">
                  <str>Kim, Jeong-eun</str>
               </arr>
               <arr name="dc3.subject">
                  <str>Morphosyntax (grammar)</str>
               </arr>
               <date name="fgs.createdDate">2013-01-19T01:27:35.978Z</date>
               <date name="fgs.dateCreated.sort">2013-01-19T01:27:35.978Z</date>
               <str name="fgs.label">IRIS Instrument created by YODL workflow.</str>
               <date name="fgs.lastModifiedDate">2016-04-26T10:38:51.681Z</date>
               <str name="fgs.ownerId">iris-12c0fbe3-547b-4013-97d1-d4478756725f</str>
               <str name="fgs.state">Active</str>
               <arr name="iris.email">
                  <str>katie.j.kim12@gmail.com</str>
               </arr>
               <arr name="iris.feedback.count">
                  <str>0</str>
               </arr>
               <str name="iris.hasmaterials">Records with materials</str>
               <arr name="iris.instrument.author">
                  <str>Kim, Jeong-eun</str>
               </arr>
               <arr name="iris.instrument.instrumentType">
                  <str>Grammar test / Morphosyntax test</str>
                  <str>Receptive</str>
                  <str>Grammaticality / Acceptability judgement test</str>
               </arr>
               <str name="iris.instrument.instrumentType.alltypes">receptive grammaticality / acceptability judgement test </str>
               <arr name="iris.instrument.licence">
                  <str>Attribution-NonCommercial-ShareAlike</str>
               </arr>
               <str name="iris.instrument.primaryInstrumentType">Grammar test / Morphosyntax test &gt; Receptive</str>
               <arr name="iris.instrument.researchArea">
                  <str>Morphosyntax (grammar)</str>
               </arr>
               <arr name="iris.instrument.secondaryInstrumentType">
                  <str>Grammaticality / Acceptability judgement test</str>
               </arr>
               <arr name="iris.instrument.typeOfFile">
                  <str>Text</str>
               </arr>
               <arr name="iris.participants.participantType">
                  <str>Foreign language learners</str>
               </arr>
               <arr name="iris.referenceid">
                  <str>Kim_The optimal conditions for form-focused instruction: Method, target complexity, and types of knowledge</str>
               </arr>
               <str name="iris.references.allauthors">Kim (2012)</str>
               <arr name="iris.references.author">
                  <str>Kim, Jeong-eun</str>
               </arr>
               <str name="iris.references.author.lastnames">kim</str>
               <arr name="iris.references.author.noack">
                  <str>Kim, Jeong-eun</str>
               </arr>
               <arr name="iris.references.publicationDate">
                  <str>2012</str>
               </arr>
               <arr name="iris.references.publicationLatestDate">
                  <str>2012</str>
               </arr>
               <arr name="iris.references.publicationType">
                  <str>Thesis</str>
               </arr>
               <arr name="iris2.email">
                  <str>katie.j.kim12@gmail.com</str>
               </arr>
               <arr name="iris2.feedback.count">
                  <str>0</str>
               </arr>
               <str name="iris2.hasmaterials">Records with materials</str>
               <arr name="iris2.instrument.author">
                  <str>Kim, Jeong-eun</str>
               </arr>
               <arr name="iris2.instrument.instrumentType">
                  <str>Grammar test / Morphosyntax test</str>
                  <str>Receptive</str>
                  <str>Grammaticality / Acceptability judgement test</str>
               </arr>
               <str name="iris2.instrument.instrumentType.alltypes">receptive grammaticality / acceptability judgement test </str>
               <arr name="iris2.instrument.licence">
                  <str>Attribution-NonCommercial-ShareAlike</str>
               </arr>
               <str name="iris2.instrument.primaryInstrumentType">Grammar test / Morphosyntax test &gt; Receptive</str>
               <arr name="iris2.instrument.researchArea">
                  <str>Morphosyntax (grammar)</str>
               </arr>
               <arr name="iris2.instrument.secondaryInstrumentType">
                  <str>Grammaticality / Acceptability judgement test</str>
               </arr>
               <arr name="iris2.instrument.typeOfFile">
                  <str>Text</str>
               </arr>
               <arr name="iris2.participants.participantType">
                  <str>Foreign language learners</str>
               </arr>
               <arr name="iris2.referenceid">
                  <str>Kim_The optimal conditions for form-focused instruction: Method, target complexity, and types of knowledge</str>
               </arr>
               <str name="iris2.references.allauthors">Kim (2012)</str>
               <arr name="iris2.references.author">
                  <str>Kim, Jeong-eun</str>
               </arr>
               <str name="iris2.references.author.lastnames">kim</str>
               <arr name="iris2.references.publicationDate">
                  <str>2012</str>
               </arr>
               <arr name="iris2.references.publicationLatestDate">
                  <str>2012</str>
               </arr>
               <arr name="iris2.references.publicationType">
                  <str>Thesis</str>
               </arr>
               <arr name="oai_dc.dc_xsi:schemaLocation">
                  <str>http://www.openarchives.org/OAI/2.0/oai_dc/ http://www.openarchives.org/OAI/2.0/oai_dc.xsd</str>
               </arr>
            </doc>
         </result>
      </response>
   </solr>
   <files>
      <file id="INSTRUMENT" mime="application/vnd.openxmlformats-officedocument.wordprocessingml.document" url="http://www.iris-database.org/iris/api/resource/york:808177/asset/INSTRUMENT?download=true"/>
   </files>
</record>
