<?xml version="1.0" encoding="ISO-8859-1"?>

<record pid="york:818851">
   <solr>
      <response>
         <lst name="responseHeader">
            <int name="status">0</int>
            <int name="QTime">520</int>
            <lst name="params">
               <str name="q">PID:york?818851</str>
            </lst>
         </lst>
         <result name="response" numfound="1" start="0">
            <doc>
               <str name="PID">york:818851</str>
               <arr name="dc.creator">
                  <str>Trenkic, Danijela</str>
               </arr>
               <arr name="dc.date">
                  <str>2002</str>
                  <str>2013</str>
               </arr>
               <arr name="dc.identifier">
                  <str>york:818851</str>
               </arr>
               <str name="dc.title">Scripts pack, Trenkic</str>
               <str name="dc.title.sort">Scripts pack, Trenkic</str>
               <arr name="dc.type">
                  <str>Picture pointing task</str>
                  <str>Stimuli for laboratory studies (audio)</str>
                  <str>Stimuli for laboratory studies (visual - pictorial)</str>
                  <str>Script for psycholinguistic techniques (eye tracking - visual world)</str>
                  <str>http://www.iris-database.org/Instruments</str>
               </arr>
               <arr name="dc2.creator">
                  <str>Trenkic, Danijela</str>
               </arr>
               <arr name="dc2.date">
                  <str>2002</str>
                  <str>2013</str>
               </arr>
               <arr name="dc2.identifier">
                  <str>york:818851</str>
               </arr>
               <str name="dc2.title">Scripts pack, Trenkic</str>
               <arr name="dc2.type">
                  <str>Picture pointing task</str>
                  <str>Stimuli for laboratory studies (audio)</str>
                  <str>Stimuli for laboratory studies (visual - pictorial)</str>
                  <str>Script for psycholinguistic techniques (eye tracking - visual world)</str>
                  <str>http://www.iris-database.org/Instruments</str>
               </arr>
               <arr name="dc3.creator">
                  <str>Trenkic, Danijela</str>
               </arr>
               <str name="dc3.title">Scripts pack, Trenkic</str>
               <date name="fgs.createdDate">2013-11-22T20:12:40.429Z</date>
               <date name="fgs.dateCreated.sort">2013-11-22T20:12:40.429Z</date>
               <str name="fgs.label">IRIS Instrument created by YODL workflow.</str>
               <date name="fgs.lastModifiedDate">2016-03-01T17:50:31.948Z</date>
               <str name="fgs.ownerId">iris-580a9f0f-ed9e-4f5f-be7e-877243bddfd0</str>
               <str name="fgs.state">Active</str>
               <arr name="iris.email">
                  <str>danijela.trenkic@york.ac.uk</str>
               </arr>
               <arr name="iris.feedback.count">
                  <str>0</str>
               </arr>
               <str name="iris.hasmaterials">Records with materials</str>
               <arr name="iris.instrument.author">
                  <str>Trenkic, Danijela</str>
               </arr>
               <arr name="iris.instrument.instrumentType">
                  <str>Picture pointing task</str>
                  <str>Stimuli for laboratory studies</str>
                  <str>Audio</str>
                  <str>Stimuli for laboratory studies</str>
                  <str>Visual</str>
                  <str>Pictorial</str>
                  <str>Script for psycholinguistic techniques</str>
                  <str>Eye tracking</str>
                  <str>Visual world</str>
               </arr>
               <str name="iris.instrument.instrumentType.alltypes">picture pointing task audio pictorial visual world </str>
               <arr name="iris.instrument.licence">
                  <str>Attribution-NonCommercial-ShareAlike</str>
               </arr>
               <str name="iris.instrument.primaryInstrumentType">Script for psycholinguistic techniques &gt; Eye tracking &gt; Visual world</str>
               <arr name="iris.instrument.researchArea">
                  <str>Comprehension</str>
                  <str>Morphosyntax (grammar)</str>
                  <str>Processing</str>
                  <str>Sentence processing</str>
                  <str>English articles</str>
               </arr>
               <arr name="iris.instrument.secondaryInstrumentType">
                  <str>Picture pointing task</str>
                  <str>Stimuli for laboratory studies &gt; Audio</str>
                  <str>Stimuli for laboratory studies &gt; Visual &gt; Pictorial</str>
               </arr>
               <arr name="iris.instrument.software">
                  <str>EyeLink II eyetracker</str>
               </arr>
               <arr name="iris.instrument.title">
                  <str>Scripts pack, Trenkic</str>
               </arr>
               <arr name="iris.instrument.typeOfFile">
                  <str>Sound</str>
                  <str>Still Image</str>
                  <str>Text</str>
                  <str>Software</str>
               </arr>
               <arr name="iris.participants.participantType">
                  <str>Foreign language learners</str>
                  <str>Native speakers</str>
               </arr>
               <arr name="iris.referenceid">
                  <str>2002_Chambers_Tanenhaus_Eberhard_Filip_Carlson_Circumscribing referential domains during real-time language comprehension</str>
                  <str>2013_Trenkic_Mirkovic_Altmann_Real-time grammar processing by native and non-native speakers: Constructions unique to the second language</str>
               </arr>
               <str name="iris.references.allauthors">Trenkic, Mirkovic, et al. (2013); </str>
               <arr name="iris.references.author">
                  <str>Chambers, C.</str>
                  <str>Tanenhaus, M. K.</str>
                  <str>Eberhard, K. M.</str>
                  <str>Filip, H.</str>
                  <str>Carlson, G. N.</str>
                  <str>Trenkic, Danijela</str>
                  <str>Mirkovic, J.</str>
                  <str>Altmann, Gerry T. M.</str>
               </arr>
               <str name="iris.references.author.lastnames">chamberstanenhauseberhardfilipcarlsontrenkicmirkovicaltmann</str>
               <arr name="iris.references.author.noack">
                  <str>Trenkic, Danijela</str>
                  <str>Mirkovic, J.</str>
                  <str>Altmann, Gerry T. M.</str>
               </arr>
               <arr name="iris.references.journal">
                  <str>Bilingualism: Language and Cognition</str>
               </arr>
               <arr name="iris.references.publicationDate">
                  <str>2002</str>
                  <str>2013</str>
               </arr>
               <arr name="iris.references.publicationLatestDate">
                  <str>2013</str>
               </arr>
               <arr name="iris.references.publicationType">
                  <str>Journal Article</str>
                  <str>Journal Article</str>
               </arr>
               <arr name="iris2.email">
                  <str>danijela.trenkic@york.ac.uk</str>
               </arr>
               <arr name="iris2.feedback.count">
                  <str>0</str>
               </arr>
               <str name="iris2.hasmaterials">Records with materials</str>
               <arr name="iris2.instrument.author">
                  <str>Trenkic, Danijela</str>
               </arr>
               <arr name="iris2.instrument.instrumentType">
                  <str>Picture pointing task</str>
                  <str>Stimuli for laboratory studies</str>
                  <str>Audio</str>
                  <str>Stimuli for laboratory studies</str>
                  <str>Visual</str>
                  <str>Pictorial</str>
                  <str>Script for psycholinguistic techniques</str>
                  <str>Eye tracking</str>
                  <str>Visual world</str>
               </arr>
               <str name="iris2.instrument.instrumentType.alltypes">picture pointing task audio pictorial visual world </str>
               <arr name="iris2.instrument.licence">
                  <str>Attribution-NonCommercial-ShareAlike</str>
               </arr>
               <str name="iris2.instrument.primaryInstrumentType">Script for psycholinguistic techniques &gt; Eye tracking &gt; Visual world</str>
               <arr name="iris2.instrument.researchArea">
                  <str>Comprehension</str>
                  <str>Morphosyntax (grammar)</str>
                  <str>Processing</str>
                  <str>Sentence processing</str>
                  <str>English articles</str>
               </arr>
               <arr name="iris2.instrument.secondaryInstrumentType">
                  <str>Picture pointing task</str>
                  <str>Stimuli for laboratory studies &gt; Audio</str>
                  <str>Stimuli for laboratory studies &gt; Visual &gt; Pictorial</str>
               </arr>
               <arr name="iris2.instrument.software">
                  <str>EyeLink II eyetracker</str>
               </arr>
               <arr name="iris2.instrument.typeOfFile">
                  <str>Sound</str>
                  <str>Still Image</str>
                  <str>Text</str>
                  <str>Software</str>
               </arr>
               <arr name="iris2.participants.participantType">
                  <str>Foreign language learners</str>
                  <str>Native speakers</str>
               </arr>
               <arr name="iris2.referenceid">
                  <str>2002_Chambers_Tanenhaus_Eberhard_Filip_Carlson_Circumscribing referential domains during real-time language comprehension</str>
                  <str>2013_Trenkic_Mirkovic_Altmann_Real-time grammar processing by native and non-native speakers: Constructions unique to the second language</str>
               </arr>
               <str name="iris2.references.allauthors">Trenkic, Mirkovic, et al. (2013); </str>
               <arr name="iris2.references.author">
                  <str>Chambers, C.</str>
                  <str>Tanenhaus, M. K.</str>
                  <str>Eberhard, K. M.</str>
                  <str>Filip, H.</str>
                  <str>Carlson, G. N.</str>
                  <str>Trenkic, Danijela</str>
                  <str>Mirkovic, J.</str>
                  <str>Altmann, Gerry T. M.</str>
               </arr>
               <str name="iris2.references.author.lastnames">chamberstanenhauseberhardfilipcarlsontrenkicmirkovicaltmann</str>
               <arr name="iris2.references.journal">
                  <str>Bilingualism: Language and Cognition</str>
               </arr>
               <arr name="iris2.references.publicationDate">
                  <str>2002</str>
                  <str>2013</str>
               </arr>
               <arr name="iris2.references.publicationLatestDate">
                  <str>2013</str>
               </arr>
               <arr name="iris2.references.publicationType">
                  <str>Journal Article</str>
                  <str>Journal Article</str>
               </arr>
               <arr name="oai_dc.dc_xsi:schemaLocation">
                  <str>http://www.openarchives.org/OAI/2.0/oai_dc/ http://www.openarchives.org/OAI/2.0/oai_dc.xsd</str>
                  <str>http://www.openarchives.org/OAI/2.0/oai_dc/ http://www.openarchives.org/OAI/2.0/oai_dc.xsd</str>
                  <str>http://www.openarchives.org/OAI/2.0/oai_dc/ http://www.openarchives.org/OAI/2.0/oai_dc.xsd</str>
               </arr>
            </doc>
         </result>
      </response>
   </solr>
   <files>
      <file id="INSTRUMENT" mime="application/octet-stream" url="http://www.iris-database.org/iris/api/resource/york:818851/asset/INSTRUMENT?download=true"/>
      <file id="INSTRUMENT1" mime="application/octet-stream" url="http://www.iris-database.org/iris/api/resource/york:818851/asset/INSTRUMENT1?download=true"/>
      <file id="INSTRUMENT2" mime="application/octet-stream" url="http://www.iris-database.org/iris/api/resource/york:818851/asset/INSTRUMENT2?download=true"/>
      <file id="INSTRUMENT3" mime="application/octet-stream" url="http://www.iris-database.org/iris/api/resource/york:818851/asset/INSTRUMENT3?download=true"/>
      <file id="INSTRUMENT4" mime="application/octet-stream" url="http://www.iris-database.org/iris/api/resource/york:818851/asset/INSTRUMENT4?download=true"/>
      <file id="INSTRUMENT5" mime="application/octet-stream" url="http://www.iris-database.org/iris/api/resource/york:818851/asset/INSTRUMENT5?download=true"/>
      <file id="INSTRUMENT6" mime="application/octet-stream" url="http://www.iris-database.org/iris/api/resource/york:818851/asset/INSTRUMENT6?download=true"/>
   </files>
</record>
