<?xml version="1.0" encoding="ISO-8859-1"?>

<record pid="york:795642">
   <solr>
      <response>
         <lst name="responseHeader">
            <int name="status">0</int>
            <int name="QTime">994</int>
            <lst name="params">
               <str name="q">PID:york?795642</str>
            </lst>
         </lst>
         <result name="response" numfound="1" start="0">
            <doc>
               <str name="PID">york:795642</str>
               <arr name="dc.creator">
                  <str>Elder, Catherine</str>
               </arr>
               <arr name="dc.date">
                  <str>1997</str>
                  <str>2009</str>
               </arr>
               <arr name="dc.description">
                  <str>Part 2 of this test is based very closely on Alderson et al.'s 1997 test (Alderson, J.C., Clapham, C. and Steel, D. (1997). Metalinguistic knowledge, language aptitude and language proficiency. Language Teaching Research, 1, 93-121.)</str>
               </arr>
               <arr name="dc.format">
                  <str>English</str>
               </arr>
               <arr name="dc.identifier">
                  <str>york:795642</str>
               </arr>
               <arr name="dc.type">
                  <str>Grammar test</str>
                  <str>Productive grammar test</str>
                  <str>Receptive grammar test</str>
                  <str>http://www.iris-database.org/Instruments</str>
               </arr>
               <arr name="dc2.creator">
                  <str>Elder, Catherine</str>
               </arr>
               <arr name="dc2.date">
                  <str>1997</str>
                  <str>2009</str>
               </arr>
               <arr name="dc2.description">
                  <str>Part 2 of this test is based very closely on Alderson et al.'s 1997 test (Alderson, J.C., Clapham, C. and Steel, D. (1997). Metalinguistic knowledge, language aptitude and language proficiency. Language Teaching Research, 1, 93-121.)</str>
               </arr>
               <arr name="dc2.format">
                  <str>English</str>
               </arr>
               <arr name="dc2.identifier">
                  <str>york:795642</str>
               </arr>
               <arr name="dc2.type">
                  <str>Grammar test</str>
                  <str>Productive grammar test</str>
                  <str>Receptive grammar test</str>
                  <str>http://www.iris-database.org/Instruments</str>
               </arr>
               <arr name="dc3.creator">
                  <str>Elder, Catherine</str>
               </arr>
               <date name="fgs.createdDate">2012-04-04T04:02:26.991Z</date>
               <date name="fgs.dateCreated.sort">2012-04-04T04:02:26.991Z</date>
               <str name="fgs.label">IRIS Instrument created by YODL workflow.</str>
               <date name="fgs.lastModifiedDate">2016-05-05T06:49:57.864Z</date>
               <str name="fgs.ownerId">fedoraAdmin</str>
               <str name="fgs.state">Active</str>
               <arr name="iris.email">
                  <str>caelder@unimelb.edu.au</str>
               </arr>
               <arr name="iris.feedback.count">
                  <str>0</str>
               </arr>
               <str name="iris.hasmaterials">Records with materials</str>
               <arr name="iris.instrument.author">
                  <str>Elder, Catherine</str>
               </arr>
               <arr name="iris.instrument.dataType">
                  <str>Closed response format</str>
               </arr>
               <arr name="iris.instrument.funder">
                  <str>Marsden grant</str>
               </arr>
               <arr name="iris.instrument.instrumentType">
                  <str>Grammar test / Morphosyntax test</str>
                  <str>Grammar test / Morphosyntax test</str>
                  <str>Productive</str>
                  <str>Grammar test / Morphosyntax test</str>
                  <str>Receptive</str>
               </arr>
               <str name="iris.instrument.instrumentType.alltypes">grammar test / morphosyntax test productive receptive </str>
               <arr name="iris.instrument.licence">
                  <str>Attribution-NonCommercial-ShareAlike</str>
               </arr>
               <arr name="iris.instrument.linguisticTarget">
                  <str>Morphosyntax (grammar)</str>
                  <str>Aspect</str>
                  <str>Case</str>
                  <str>Determiners</str>
                  <str>Gender</str>
                  <str>Number</str>
                  <str>Tense</str>
                  <str>Syntax</str>
               </arr>
               <str name="iris.instrument.primaryInstrumentType">Grammar test / Morphosyntax test</str>
               <arr name="iris.instrument.researchArea">
                  <str>Acquisition</str>
                  <str>Morphosyntax (grammar)</str>
               </arr>
               <arr name="iris.instrument.secondaryInstrumentType">
                  <str>Grammar test / Morphosyntax test &gt; Productive</str>
                  <str>Grammar test / Morphosyntax test &gt; Receptive</str>
               </arr>
               <arr name="iris.instrument.sourceLanguage">
                  <str>English</str>
               </arr>
               <arr name="iris.instrument.typeOfFile">
                  <str>Text</str>
               </arr>
               <arr name="iris.participants.participantType">
                  <str>Second language learners</str>
               </arr>
               <arr name="iris.participants.targetLanguage">
                  <str>English</str>
               </arr>
               <arr name="iris.referenceid">
                  <str>1997_Alderson_Clapham_Steel_Metalinguistic knowledge, language aptitude and language proficiency.</str>
                  <str>2009_Elder_Erlam_Philp_Ellis_Loewen_Reinders_Implicit and explicit knowledge in second language learning, testing and teaching</str>
               </arr>
               <str name="iris.references.allauthors">Elder, Erlam, et al. (2009); </str>
               <arr name="iris.references.author">
                  <str>Alderson, J.C</str>
                  <str>Clapham, C</str>
                  <str>Steel, D</str>
                  <str>Elder, Catherine</str>
                  <str>Erlam, Rosemary</str>
                  <str>Philp, Jenefer</str>
                  <str>Ellis, R</str>
                  <str>Loewen, S</str>
                  <str>Reinders, H</str>
               </arr>
               <str name="iris.references.author.lastnames">aldersonclaphamsteeleldererlamphilpellisloewenreinders</str>
               <arr name="iris.references.author.noack">
                  <str>Elder, Catherine</str>
                  <str>Erlam, Rosemary</str>
                  <str>Philp, Jenefer</str>
                  <str>Ellis, R</str>
                  <str>Loewen, S</str>
                  <str>Reinders, H</str>
               </arr>
               <arr name="iris.references.placeOfPublication">
                  <str>Bristol</str>
               </arr>
               <arr name="iris.references.publicationDate">
                  <str>1997</str>
                  <str>2009</str>
               </arr>
               <arr name="iris.references.publicationLatestDate">
                  <str>2009</str>
               </arr>
               <arr name="iris.references.publicationType">
                  <str>Journal Article</str>
                  <str>Book</str>
               </arr>
               <arr name="iris.references.publisher">
                  <str>Multilingual Matters</str>
               </arr>
               <arr name="iris2.email">
                  <str>caelder@unimelb.edu.au</str>
               </arr>
               <arr name="iris2.feedback.count">
                  <str>0</str>
               </arr>
               <str name="iris2.hasmaterials">Records with materials</str>
               <arr name="iris2.instrument.author">
                  <str>Elder, Catherine</str>
               </arr>
               <arr name="iris2.instrument.dataType">
                  <str>Closed response format</str>
               </arr>
               <arr name="iris2.instrument.funder">
                  <str>Marsden grant</str>
               </arr>
               <arr name="iris2.instrument.instrumentType">
                  <str>Grammar test / Morphosyntax test</str>
                  <str>Grammar test / Morphosyntax test</str>
                  <str>Productive</str>
                  <str>Grammar test / Morphosyntax test</str>
                  <str>Receptive</str>
               </arr>
               <str name="iris2.instrument.instrumentType.alltypes">grammar test / morphosyntax test productive receptive </str>
               <arr name="iris2.instrument.licence">
                  <str>Attribution-NonCommercial-ShareAlike</str>
               </arr>
               <arr name="iris2.instrument.linguisticTarget">
                  <str>Morphosyntax (grammar)</str>
                  <str>Aspect</str>
                  <str>Case</str>
                  <str>Determiners</str>
                  <str>Gender</str>
                  <str>Number</str>
                  <str>Tense</str>
                  <str>Syntax</str>
               </arr>
               <str name="iris2.instrument.primaryInstrumentType">Grammar test / Morphosyntax test</str>
               <arr name="iris2.instrument.researchArea">
                  <str>Acquisition</str>
                  <str>Morphosyntax (grammar)</str>
               </arr>
               <arr name="iris2.instrument.secondaryInstrumentType">
                  <str>Grammar test / Morphosyntax test &gt; Productive</str>
                  <str>Grammar test / Morphosyntax test &gt; Receptive</str>
               </arr>
               <arr name="iris2.instrument.sourceLanguage">
                  <str>English</str>
               </arr>
               <arr name="iris2.instrument.typeOfFile">
                  <str>Text</str>
               </arr>
               <arr name="iris2.participants.participantType">
                  <str>Second language learners</str>
               </arr>
               <arr name="iris2.participants.targetLanguage">
                  <str>English</str>
               </arr>
               <arr name="iris2.referenceid">
                  <str>1997_Alderson_Clapham_Steel_Metalinguistic knowledge, language aptitude and language proficiency.</str>
                  <str>2009_Elder_Erlam_Philp_Ellis_Loewen_Reinders_Implicit and explicit knowledge in second language learning, testing and teaching</str>
               </arr>
               <str name="iris2.references.allauthors">Elder, Erlam, et al. (2009); </str>
               <arr name="iris2.references.author">
                  <str>Alderson, J.C</str>
                  <str>Clapham, C</str>
                  <str>Steel, D</str>
                  <str>Elder, Catherine</str>
                  <str>Erlam, Rosemary</str>
                  <str>Philp, Jenefer</str>
                  <str>Ellis, R</str>
                  <str>Loewen, S</str>
                  <str>Reinders, H</str>
               </arr>
               <str name="iris2.references.author.lastnames">aldersonclaphamsteeleldererlamphilpellisloewenreinders</str>
               <arr name="iris2.references.placeOfPublication">
                  <str>Bristol</str>
               </arr>
               <arr name="iris2.references.publicationDate">
                  <str>1997</str>
                  <str>2009</str>
               </arr>
               <arr name="iris2.references.publicationLatestDate">
                  <str>2009</str>
               </arr>
               <arr name="iris2.references.publicationType">
                  <str>Journal Article</str>
                  <str>Book</str>
               </arr>
               <arr name="iris2.references.publisher">
                  <str>Multilingual Matters</str>
               </arr>
               <arr name="oai_dc.dc_xsi:schemaLocation">
                  <str>http://www.openarchives.org/OAI/2.0/oai_dc/ http://www.openarchives.org/OAI/2.0/oai_dc.xsd</str>
                  <str>http://www.openarchives.org/OAI/2.0/oai_dc/ http://www.openarchives.org/OAI/2.0/oai_dc.xsd</str>
                  <str>http://www.openarchives.org/OAI/2.0/oai_dc/ http://www.openarchives.org/OAI/2.0/oai_dc.xsd</str>
                  <str>http://www.openarchives.org/OAI/2.0/oai_dc/ http://www.openarchives.org/OAI/2.0/oai_dc.xsd</str>
                  <str>http://www.openarchives.org/OAI/2.0/oai_dc/ http://www.openarchives.org/OAI/2.0/oai_dc.xsd</str>
               </arr>
            </doc>
         </result>
      </response>
   </solr>
   <files>
      <file id="INSTRUMENT" mime="application/pdf" url="http://www.iris-database.org/iris/api/resource/york:795642/asset/INSTRUMENT?download=true"/>
   </files>
</record>
