<?xml version="1.0" encoding="ISO-8859-1"?>

<record pid="york:822654">
   <solr>
      <response>
         <lst name="responseHeader">
            <int name="status">0</int>
            <int name="QTime">704</int>
            <lst name="params">
               <str name="q">PID:york?822654</str>
            </lst>
         </lst>
         <result name="response" numfound="1" start="0">
            <doc>
               <str name="PID">york:822654</str>
               <arr name="dc.creator">
                  <str>Sagarra, Nuria</str>
                  <str>Herschensohn, Julia</str>
               </arr>
               <arr name="dc.date">
                  <str>2011</str>
               </arr>
               <arr name="dc.description">
                  <str>The moving window task and grammaticality judgement task used in the referenced article are linked in IRIS. The list of nouns and adjectives used in this task are available to download.</str>
               </arr>
               <arr name="dc.identifier">
                  <str>york:822654</str>
               </arr>
               <str name="dc.title">Grammaticality judgement task</str>
               <str name="dc.title.sort">Grammaticality judgement task</str>
               <arr name="dc.type">
                  <str>Grammaticality / Acceptability judgement test</str>
                  <str>Script for psycholinguistic techniques (self-paced reading)</str>
                  <str>Reading test</str>
                  <str>http://www.iris-database.org/Instruments</str>
               </arr>
               <arr name="dc2.creator">
                  <str>Sagarra, Nuria</str>
                  <str>Herschensohn, Julia</str>
               </arr>
               <arr name="dc2.date">
                  <str>2011</str>
               </arr>
               <arr name="dc2.description">
                  <str>The moving window task and grammaticality judgement task used in the referenced article are linked in IRIS. The list of nouns and adjectives used in this task are available to download.</str>
               </arr>
               <arr name="dc2.identifier">
                  <str>york:822654</str>
               </arr>
               <str name="dc2.title">Grammaticality judgement task</str>
               <arr name="dc2.type">
                  <str>Grammaticality / Acceptability judgement test</str>
                  <str>Script for psycholinguistic techniques (self-paced reading)</str>
                  <str>Reading test</str>
                  <str>http://www.iris-database.org/Instruments</str>
               </arr>
               <arr name="dc3.creator">
                  <str>Sagarra, Nuria</str>
                  <str>Herschensohn, Julia</str>
               </arr>
               <str name="dc3.title">Grammaticality judgement task</str>
               <date name="fgs.createdDate">2014-06-13T09:12:40.543Z</date>
               <date name="fgs.dateCreated.sort">2014-06-13T09:12:40.543Z</date>
               <str name="fgs.label">IRIS Instrument created by YODL workflow.</str>
               <date name="fgs.lastModifiedDate">2016-04-12T21:23:33.679Z</date>
               <str name="fgs.ownerId">iris-580a9f0f-ed9e-4f5f-be7e-877243bddfd0</str>
               <str name="fgs.state">Active</str>
               <arr name="iris.email">
                  <str>sagarra@psu.edu</str>
               </arr>
               <arr name="iris.feedback.count">
                  <str>0</str>
               </arr>
               <str name="iris.hasmaterials">Records with materials</str>
               <arr name="iris.instrument.author">
                  <str>Sagarra, Nuria</str>
                  <str>Herschensohn, Julia</str>
               </arr>
               <arr name="iris.instrument.instrumentType">
                  <str>Grammaticality / Acceptability judgement test</str>
                  <str>Script for psycholinguistic techniques</str>
                  <str>Self-paced reading</str>
                  <str>Reading test</str>
               </arr>
               <str name="iris.instrument.instrumentType.alltypes">grammaticality / acceptability judgement test self-paced reading reading test </str>
               <arr name="iris.instrument.licence">
                  <str>Attribution-NonCommercial-ShareAlike</str>
               </arr>
               <arr name="iris.instrument.linguisticTarget">
                  <str>Gender</str>
                  <str>Nouns</str>
               </arr>
               <str name="iris.instrument.primaryInstrumentType">Grammaticality / Acceptability judgement test</str>
               <arr name="iris.instrument.researchArea">
                  <str>Acquisition</str>
                  <str>Comprehension</str>
                  <str>Morphosyntax (grammar)</str>
                  <str>Processing</str>
               </arr>
               <arr name="iris.instrument.secondaryInstrumentType">
                  <str>Script for psycholinguistic techniques &gt; Self-paced reading</str>
                  <str>Reading test</str>
               </arr>
               <arr name="iris.instrument.title">
                  <str>Grammaticality judgement task</str>
               </arr>
               <arr name="iris.instrument.typeOfFile">
                  <str>Software</str>
                  <str>Text</str>
               </arr>
               <arr name="iris.participants.firstLanguage">
                  <str>English</str>
               </arr>
               <arr name="iris.participants.participantType">
                  <str>Foreign language learners</str>
                  <str>Monolinguals</str>
                  <str/>
               </arr>
               <arr name="iris.participants.targetLanguage">
                  <str>Spanish</str>
               </arr>
               <arr name="iris.referenceid">
                  <str>2011_Sagarra_Herschensohn_Proficiency and animacy effects on L2 gender agreement processes during comprehension</str>
               </arr>
               <str name="iris.references.allauthors">Sagarra &amp; Herschensohn (2011)</str>
               <arr name="iris.references.author">
                  <str>Sagarra, Nuria</str>
                  <str>Herschensohn, Julia</str>
               </arr>
               <str name="iris.references.author.lastnames">sagarraherschensohn</str>
               <arr name="iris.references.author.noack">
                  <str>Sagarra, Nuria</str>
                  <str>Herschensohn, Julia</str>
               </arr>
               <arr name="iris.references.journal">
                  <str>Language Learning</str>
               </arr>
               <arr name="iris.references.publicationDate">
                  <str>2011</str>
               </arr>
               <arr name="iris.references.publicationLatestDate">
                  <str>2011</str>
               </arr>
               <arr name="iris.references.publicationType">
                  <str>Journal Article</str>
               </arr>
               <arr name="iris2.email">
                  <str>sagarra@psu.edu</str>
               </arr>
               <arr name="iris2.feedback.count">
                  <str>0</str>
               </arr>
               <str name="iris2.hasmaterials">Records with materials</str>
               <arr name="iris2.instrument.author">
                  <str>Sagarra, Nuria</str>
                  <str>Herschensohn, Julia</str>
               </arr>
               <arr name="iris2.instrument.instrumentType">
                  <str>Grammaticality / Acceptability judgement test</str>
                  <str>Script for psycholinguistic techniques</str>
                  <str>Self-paced reading</str>
                  <str>Reading test</str>
               </arr>
               <str name="iris2.instrument.instrumentType.alltypes">grammaticality / acceptability judgement test self-paced reading reading test </str>
               <arr name="iris2.instrument.licence">
                  <str>Attribution-NonCommercial-ShareAlike</str>
               </arr>
               <arr name="iris2.instrument.linguisticTarget">
                  <str>Gender</str>
                  <str>Nouns</str>
               </arr>
               <str name="iris2.instrument.primaryInstrumentType">Grammaticality / Acceptability judgement test</str>
               <arr name="iris2.instrument.researchArea">
                  <str>Acquisition</str>
                  <str>Comprehension</str>
                  <str>Morphosyntax (grammar)</str>
                  <str>Processing</str>
               </arr>
               <arr name="iris2.instrument.secondaryInstrumentType">
                  <str>Script for psycholinguistic techniques &gt; Self-paced reading</str>
                  <str>Reading test</str>
               </arr>
               <arr name="iris2.instrument.typeOfFile">
                  <str>Software</str>
                  <str>Text</str>
               </arr>
               <arr name="iris2.participants.firstLanguage">
                  <str>English</str>
               </arr>
               <arr name="iris2.participants.participantType">
                  <str>Foreign language learners</str>
                  <str>Monolinguals</str>
                  <str/>
               </arr>
               <arr name="iris2.participants.targetLanguage">
                  <str>Spanish</str>
               </arr>
               <arr name="iris2.referenceid">
                  <str>2011_Sagarra_Herschensohn_Proficiency and animacy effects on L2 gender agreement processes during comprehension</str>
               </arr>
               <str name="iris2.references.allauthors">Sagarra &amp; Herschensohn (2011)</str>
               <arr name="iris2.references.author">
                  <str>Sagarra, Nuria</str>
                  <str>Herschensohn, Julia</str>
               </arr>
               <str name="iris2.references.author.lastnames">sagarraherschensohn</str>
               <arr name="iris2.references.journal">
                  <str>Language Learning</str>
               </arr>
               <arr name="iris2.references.publicationDate">
                  <str>2011</str>
               </arr>
               <arr name="iris2.references.publicationLatestDate">
                  <str>2011</str>
               </arr>
               <arr name="iris2.references.publicationType">
                  <str>Journal Article</str>
               </arr>
               <arr name="oai_dc.dc_xsi:schemaLocation">
                  <str>http://www.openarchives.org/OAI/2.0/oai_dc/ http://www.openarchives.org/OAI/2.0/oai_dc.xsd</str>
                  <str>http://www.openarchives.org/OAI/2.0/oai_dc/ http://www.openarchives.org/OAI/2.0/oai_dc.xsd</str>
                  <str>http://www.openarchives.org/OAI/2.0/oai_dc/ http://www.openarchives.org/OAI/2.0/oai_dc.xsd</str>
                  <str>http://www.openarchives.org/OAI/2.0/oai_dc/ http://www.openarchives.org/OAI/2.0/oai_dc.xsd</str>
               </arr>
            </doc>
         </result>
      </response>
   </solr>
   <files>
      <file id="INSTRUMENT" mime="application/vnd.openxmlformats-officedocument.wordprocessingml.document" url="http://www.iris-database.org/iris/api/resource/york:822654/asset/INSTRUMENT?download=true"/>
   </files>
</record>
