<?xml version="1.0" encoding="ISO-8859-1"?>

<record pid="york:815587">
   <solr>
      <response>
         <lst name="responseHeader">
            <int name="status">0</int>
            <int name="QTime">505</int>
            <lst name="params">
               <str name="q">PID:york?815587</str>
            </lst>
         </lst>
         <result name="response" numfound="1" start="0">
            <doc>
               <str name="PID">york:815587</str>
               <arr name="dc.creator">
                  <str>Opitz, Conny</str>
               </arr>
               <arr name="dc.description">
                  <str>This sociolinguistic questionnaire was developed in conjunction with the work done within the Graduate Attrition Network (headed by Monika S. Schmid). Since one of the purposes of the Network was the creation of instruments to be used across several studies to build comparable data sets, this questionnaire contains all the questions elicited with the published questionaire (Schmid, 2004a, Schmid, 2004b), in addition to the questions of primary concern to the study in which it was used (Opitz 2011). Schmid, M. S. (2004). The language attrition test battery. A research manual. Unpublished manuscript, Amsterdam. Schmid, M. S. (2004). A new blueprint for language attrition research. In M. S. Schmid, B. K�pke, M. Keijzer &amp; L. Weilemar (Eds.), Language attrition: Interdisciplinary perspectives on methodological issues (Vol. 28, pp. 348-363). Amsterdam: John Benjamins. Opitz, C. (2011). First language attrition and second language acquisition in a second language environment. Unpublished PhD thesis. Trinity College Dublin.</str>
               </arr>
               <arr name="dc.format">
                  <str>German</str>
               </arr>
               <arr name="dc.identifier">
                  <str>york:815587</str>
               </arr>
               <arr name="dc.type">
                  <str>Biographical questionnaire</str>
                  <str>Language background questionnaire</str>
                  <str>Proficiency questionnaire</str>
                  <str>Attitude questionnaire</str>
                  <str>http://www.iris-database.org/Instruments</str>
               </arr>
               <arr name="dc2.creator">
                  <str>Opitz, Conny</str>
               </arr>
               <arr name="dc2.description">
                  <str>This sociolinguistic questionnaire was developed in conjunction with the work done within the Graduate Attrition Network (headed by Monika S. Schmid). Since one of the purposes of the Network was the creation of instruments to be used across several studies to build comparable data sets, this questionnaire contains all the questions elicited with the published questionaire (Schmid, 2004a, Schmid, 2004b), in addition to the questions of primary concern to the study in which it was used (Opitz 2011). Schmid, M. S. (2004). The language attrition test battery. A research manual. Unpublished manuscript, Amsterdam. Schmid, M. S. (2004). A new blueprint for language attrition research. In M. S. Schmid, B. K�pke, M. Keijzer &amp; L. Weilemar (Eds.), Language attrition: Interdisciplinary perspectives on methodological issues (Vol. 28, pp. 348-363). Amsterdam: John Benjamins. Opitz, C. (2011). First language attrition and second language acquisition in a second language environment. Unpublished PhD thesis. Trinity College Dublin.</str>
               </arr>
               <arr name="dc2.format">
                  <str>German</str>
               </arr>
               <arr name="dc2.identifier">
                  <str>york:815587</str>
               </arr>
               <arr name="dc2.type">
                  <str>Biographical questionnaire</str>
                  <str>Language background questionnaire</str>
                  <str>Proficiency questionnaire</str>
                  <str>Attitude questionnaire</str>
                  <str>http://www.iris-database.org/Instruments</str>
               </arr>
               <arr name="dc3.creator">
                  <str>Opitz, Conny</str>
               </arr>
               <date name="fgs.createdDate">2013-08-31T09:10:37.557Z</date>
               <date name="fgs.dateCreated.sort">2013-08-31T09:10:37.557Z</date>
               <str name="fgs.label">IRIS Instrument created by YODL workflow.</str>
               <date name="fgs.lastModifiedDate">2016-04-29T15:43:29.97Z</date>
               <str name="fgs.ownerId">iris-2768c9a6-c84a-4157-8619-3983cca11f5a</str>
               <str name="fgs.state">Active</str>
               <arr name="iris.email">
                  <str>opitzc@tcd.ie</str>
               </arr>
               <arr name="iris.feedback.count">
                  <str>0</str>
               </arr>
               <str name="iris.hasmaterials">Records with materials</str>
               <arr name="iris.instrument.author">
                  <str>Opitz, Conny</str>
               </arr>
               <arr name="iris.instrument.instrumentType">
                  <str>Questionnaire</str>
                  <str>Biographical questionnaire</str>
                  <str>Questionnaire</str>
                  <str>Language background questionnaire</str>
                  <str>Questionnaire</str>
                  <str>Proficiency questionnaire</str>
                  <str>Questionnaire</str>
                  <str>Attitude questionnaire</str>
               </arr>
               <str name="iris.instrument.instrumentType.alltypes">biographical questionnaire language background questionnaire proficiency questionnaire attitude questionnaire </str>
               <arr name="iris.instrument.licence">
                  <str>Attribution-NonCommercial-ShareAlike</str>
               </arr>
               <str name="iris.instrument.primaryInstrumentType">Questionnaire &gt; Language background questionnaire</str>
               <arr name="iris.instrument.researchArea">
                  <str>Attrition</str>
                  <str>Acquisition</str>
                  <str>Bilingualism</str>
               </arr>
               <arr name="iris.instrument.secondaryInstrumentType">
                  <str>Questionnaire &gt; Biographical questionnaire</str>
                  <str>Questionnaire &gt; Proficiency questionnaire</str>
                  <str>Questionnaire &gt; Attitude questionnaire</str>
               </arr>
               <arr name="iris.instrument.sourceLanguage">
                  <str>German</str>
               </arr>
               <arr name="iris.instrument.typeOfFile">
                  <str>Text</str>
               </arr>
               <arr name="iris.participants.firstLanguage">
                  <str>German</str>
               </arr>
               <arr name="iris.participants.gender">
                  <str>mixed</str>
               </arr>
               <arr name="iris.participants.participantType">
                  <str>Language users</str>
                  <str>First language attriters</str>
                  <str>Bilinguals</str>
               </arr>
               <arr name="iris.participants.proficiencyLearner">
                  <str>Advanced</str>
                  <str>Near native</str>
                  <str>Intermediate/advanced</str>
               </arr>
               <arr name="iris.participants.targetLanguage">
                  <str>English</str>
               </arr>
               <arr name="iris.referenceid">
                  <str>Opitz_First language attrition and second language acquisition in a second language environment</str>
               </arr>
               <str name="iris.references.allauthors">Opitz (2011)</str>
               <arr name="iris.references.author">
                  <str>Opitz, Cornelia</str>
               </arr>
               <str name="iris.references.author.lastnames">opitz</str>
               <arr name="iris.references.author.noack">
                  <str>Opitz, Cornelia</str>
               </arr>
               <arr name="iris.references.publicationDate">
                  <str>2011</str>
               </arr>
               <arr name="iris.references.publicationLatestDate">
                  <str>2011</str>
               </arr>
               <arr name="iris.references.publicationType">
                  <str>Thesis</str>
               </arr>
               <arr name="iris2.email">
                  <str>opitzc@tcd.ie</str>
               </arr>
               <arr name="iris2.feedback.count">
                  <str>0</str>
               </arr>
               <str name="iris2.hasmaterials">Records with materials</str>
               <arr name="iris2.instrument.author">
                  <str>Opitz, Conny</str>
               </arr>
               <arr name="iris2.instrument.instrumentType">
                  <str>Questionnaire</str>
                  <str>Biographical questionnaire</str>
                  <str>Questionnaire</str>
                  <str>Language background questionnaire</str>
                  <str>Questionnaire</str>
                  <str>Proficiency questionnaire</str>
                  <str>Questionnaire</str>
                  <str>Attitude questionnaire</str>
               </arr>
               <str name="iris2.instrument.instrumentType.alltypes">biographical questionnaire language background questionnaire proficiency questionnaire attitude questionnaire </str>
               <arr name="iris2.instrument.licence">
                  <str>Attribution-NonCommercial-ShareAlike</str>
               </arr>
               <str name="iris2.instrument.primaryInstrumentType">Questionnaire &gt; Language background questionnaire</str>
               <arr name="iris2.instrument.researchArea">
                  <str>Attrition</str>
                  <str>Acquisition</str>
                  <str>Bilingualism</str>
               </arr>
               <arr name="iris2.instrument.secondaryInstrumentType">
                  <str>Questionnaire &gt; Biographical questionnaire</str>
                  <str>Questionnaire &gt; Proficiency questionnaire</str>
                  <str>Questionnaire &gt; Attitude questionnaire</str>
               </arr>
               <arr name="iris2.instrument.sourceLanguage">
                  <str>German</str>
               </arr>
               <arr name="iris2.instrument.typeOfFile">
                  <str>Text</str>
               </arr>
               <arr name="iris2.participants.firstLanguage">
                  <str>German</str>
               </arr>
               <arr name="iris2.participants.gender">
                  <str>mixed</str>
               </arr>
               <arr name="iris2.participants.participantType">
                  <str>Language users</str>
                  <str>First language attriters</str>
                  <str>Bilinguals</str>
               </arr>
               <arr name="iris2.participants.proficiencyLearner">
                  <str>Advanced</str>
                  <str>Near native</str>
                  <str>Intermediate/advanced</str>
               </arr>
               <arr name="iris2.participants.targetLanguage">
                  <str>English</str>
               </arr>
               <arr name="iris2.referenceid">
                  <str>Opitz_First language attrition and second language acquisition in a second language environment</str>
               </arr>
               <str name="iris2.references.allauthors">Opitz (2011)</str>
               <arr name="iris2.references.author">
                  <str>Opitz, Cornelia</str>
               </arr>
               <str name="iris2.references.author.lastnames">opitz</str>
               <arr name="iris2.references.publicationDate">
                  <str>2011</str>
               </arr>
               <arr name="iris2.references.publicationLatestDate">
                  <str>2011</str>
               </arr>
               <arr name="iris2.references.publicationType">
                  <str>Thesis</str>
               </arr>
               <arr name="oai_dc.dc_xsi:schemaLocation">
                  <str>http://www.openarchives.org/OAI/2.0/oai_dc/ http://www.openarchives.org/OAI/2.0/oai_dc.xsd</str>
                  <str>http://www.openarchives.org/OAI/2.0/oai_dc/ http://www.openarchives.org/OAI/2.0/oai_dc.xsd</str>
                  <str>http://www.openarchives.org/OAI/2.0/oai_dc/ http://www.openarchives.org/OAI/2.0/oai_dc.xsd</str>
                  <str>http://www.openarchives.org/OAI/2.0/oai_dc/ http://www.openarchives.org/OAI/2.0/oai_dc.xsd</str>
                  <str>http://www.openarchives.org/OAI/2.0/oai_dc/ http://www.openarchives.org/OAI/2.0/oai_dc.xsd</str>
               </arr>
            </doc>
         </result>
      </response>
   </solr>
   <files>
      <file id="INSTRUMENT" mime="application/pdf" url="http://www.iris-database.org/iris/api/resource/york:815587/asset/INSTRUMENT?download=true"/>
   </files>
</record>
