<?xml version="1.0" encoding="ISO-8859-1"?>

<record pid="york:807017">
   <solr>
      <response>
         <lst name="responseHeader">
            <int name="status">0</int>
            <int name="QTime">525</int>
            <lst name="params">
               <str name="q">PID:york?807017</str>
            </lst>
         </lst>
         <result name="response" numfound="1" start="0">
            <doc>
               <str name="PID">york:807017</str>
               <arr name="dc.creator">
                  <str>Faqeih, Haifaa</str>
               </arr>
               <arr name="dc.format">
                  <str>English</str>
               </arr>
               <arr name="dc.identifier">
                  <str>york:807017</str>
               </arr>
               <arr name="dc.type">
                  <str>Elicited imitation protocol / Sentence repetition task</str>
                  <str>http://www.iris-database.org/Instruments</str>
               </arr>
               <arr name="dc2.creator">
                  <str>Faqeih, Haifaa</str>
               </arr>
               <arr name="dc2.format">
                  <str>English</str>
               </arr>
               <arr name="dc2.identifier">
                  <str>york:807017</str>
               </arr>
               <arr name="dc2.type">
                  <str>Elicited imitation protocol / Sentence repetition task</str>
                  <str>http://www.iris-database.org/Instruments</str>
               </arr>
               <arr name="dc3.creator">
                  <str>Faqeih, Haifaa</str>
               </arr>
               <date name="fgs.createdDate">2012-11-14T15:43:26.783Z</date>
               <date name="fgs.dateCreated.sort">2012-11-14T15:43:26.783Z</date>
               <str name="fgs.label">IRIS Instrument created by YODL workflow.</str>
               <date name="fgs.lastModifiedDate">2016-04-20T14:05:22.935Z</date>
               <str name="fgs.ownerId">iris-580a9f0f-ed9e-4f5f-be7e-877243bddfd0</str>
               <str name="fgs.state">Active</str>
               <arr name="iris.email">
                  <str>haifaa_faqeih@hotmail.com</str>
               </arr>
               <arr name="iris.feedback.count">
                  <str>0</str>
               </arr>
               <str name="iris.hasmaterials">Records with materials</str>
               <arr name="iris.instrument.author">
                  <str>Faqeih, Haifaa</str>
               </arr>
               <arr name="iris.instrument.dataType">
                  <str>Oral production</str>
               </arr>
               <arr name="iris.instrument.instrumentType">
                  <str>Elicited imitation protocol / Sentence repetition task</str>
               </arr>
               <str name="iris.instrument.instrumentType.alltypes">elicited imitation protocol / sentence repetition task </str>
               <arr name="iris.instrument.licence">
                  <str>Attribution-NonCommercial-ShareAlike</str>
               </arr>
               <arr name="iris.instrument.linguisticTarget">
                  <str>Morphosyntax (grammar)</str>
                  <str>Aspect</str>
                  <str>Case</str>
                  <str>Determiners</str>
                  <str>Gender</str>
                  <str>Number</str>
                  <str>Tense</str>
               </arr>
               <str name="iris.instrument.primaryInstrumentType">Elicited imitation protocol / Sentence repetition task</str>
               <arr name="iris.instrument.researchArea">
                  <str>Speaking / Oral production</str>
                  <str>Error correction and oral production</str>
               </arr>
               <arr name="iris.instrument.sourceLanguage">
                  <str>English</str>
               </arr>
               <arr name="iris.instrument.typeOfFile">
                  <str>Text</str>
               </arr>
               <arr name="iris.participants.domainOfUse">
                  <str>School - subject(s) other than language</str>
                  <str>Work</str>
               </arr>
               <arr name="iris.participants.firstLanguage">
                  <str>Arabic</str>
               </arr>
               <arr name="iris.participants.gender">
                  <str>mixed</str>
               </arr>
               <arr name="iris.participants.participantType">
                  <str>Foreign language learners</str>
               </arr>
               <arr name="iris.participants.proficiencyLearner">
                  <str>Pre-intermediate</str>
               </arr>
               <arr name="iris.participants.targetLanguage">
                  <str>English</str>
               </arr>
               <arr name="iris.referenceid">
                  <str>Faqeih_The effectiveness of error correction during oral interaction: Experimental studies with English L2 learners in the United Kingdom and Saudi Arabia</str>
               </arr>
               <str name="iris.references.allauthors">Faqeih (2012)</str>
               <arr name="iris.references.author">
                  <str>Faqeih, Haifaa</str>
               </arr>
               <str name="iris.references.author.lastnames">faqeih</str>
               <arr name="iris.references.author.noack">
                  <str>Faqeih, Haifaa</str>
               </arr>
               <arr name="iris.references.publicationDate">
                  <str>2012</str>
               </arr>
               <arr name="iris.references.publicationLatestDate">
                  <str>2012</str>
               </arr>
               <arr name="iris.references.publicationType">
                  <str>Thesis</str>
               </arr>
               <arr name="iris2.email">
                  <str>haifaa_faqeih@hotmail.com</str>
               </arr>
               <arr name="iris2.feedback.count">
                  <str>0</str>
               </arr>
               <str name="iris2.hasmaterials">Records with materials</str>
               <arr name="iris2.instrument.author">
                  <str>Faqeih, Haifaa</str>
               </arr>
               <arr name="iris2.instrument.dataType">
                  <str>Oral production</str>
               </arr>
               <arr name="iris2.instrument.instrumentType">
                  <str>Elicited imitation protocol / Sentence repetition task</str>
               </arr>
               <str name="iris2.instrument.instrumentType.alltypes">elicited imitation protocol / sentence repetition task </str>
               <arr name="iris2.instrument.licence">
                  <str>Attribution-NonCommercial-ShareAlike</str>
               </arr>
               <arr name="iris2.instrument.linguisticTarget">
                  <str>Morphosyntax (grammar)</str>
                  <str>Aspect</str>
                  <str>Case</str>
                  <str>Determiners</str>
                  <str>Gender</str>
                  <str>Number</str>
                  <str>Tense</str>
               </arr>
               <str name="iris2.instrument.primaryInstrumentType">Elicited imitation protocol / Sentence repetition task</str>
               <arr name="iris2.instrument.researchArea">
                  <str>Speaking / Oral production</str>
                  <str>Error correction and oral production</str>
               </arr>
               <arr name="iris2.instrument.sourceLanguage">
                  <str>English</str>
               </arr>
               <arr name="iris2.instrument.typeOfFile">
                  <str>Text</str>
               </arr>
               <arr name="iris2.participants.domainOfUse">
                  <str>School - subject(s) other than language</str>
                  <str>Work</str>
               </arr>
               <arr name="iris2.participants.firstLanguage">
                  <str>Arabic</str>
               </arr>
               <arr name="iris2.participants.gender">
                  <str>mixed</str>
               </arr>
               <arr name="iris2.participants.participantType">
                  <str>Foreign language learners</str>
               </arr>
               <arr name="iris2.participants.proficiencyLearner">
                  <str>Pre-intermediate</str>
               </arr>
               <arr name="iris2.participants.targetLanguage">
                  <str>English</str>
               </arr>
               <arr name="iris2.referenceid">
                  <str>Faqeih_The effectiveness of error correction during oral interaction: Experimental studies with English L2 learners in the United Kingdom and Saudi Arabia</str>
               </arr>
               <str name="iris2.references.allauthors">Faqeih (2012)</str>
               <arr name="iris2.references.author">
                  <str>Faqeih, Haifaa</str>
               </arr>
               <str name="iris2.references.author.lastnames">faqeih</str>
               <arr name="iris2.references.publicationDate">
                  <str>2012</str>
               </arr>
               <arr name="iris2.references.publicationLatestDate">
                  <str>2012</str>
               </arr>
               <arr name="iris2.references.publicationType">
                  <str>Thesis</str>
               </arr>
               <arr name="oai_dc.dc_xsi:schemaLocation">
                  <str>http://www.openarchives.org/OAI/2.0/oai_dc/ http://www.openarchives.org/OAI/2.0/oai_dc.xsd</str>
                  <str>http://www.openarchives.org/OAI/2.0/oai_dc/ http://www.openarchives.org/OAI/2.0/oai_dc.xsd</str>
               </arr>
            </doc>
         </result>
      </response>
   </solr>
   <files>
      <file id="INSTRUMENT" mime="application/pdf" url="http://www.iris-database.org/iris/api/resource/york:807017/asset/INSTRUMENT?download=true"/>
      <file id="INSTRUMENT1" mime="application/vnd.ms-powerpoint" url="http://www.iris-database.org/iris/api/resource/york:807017/asset/INSTRUMENT1?download=true"/>
   </files>
</record>
