<?xml version="1.0" encoding="ISO-8859-1"?>

<record pid="york:832810">
   <solr>
      <response>
         <lst name="responseHeader">
            <int name="status">0</int>
            <int name="QTime">1231</int>
            <lst name="params">
               <str name="q">PID:york?832810</str>
            </lst>
         </lst>
         <result name="response" numfound="1" start="0">
            <doc>
               <str name="PID">york:832810</str>
               <arr name="dc.creator">
                  <str>Mizera, G. J.</str>
               </arr>
               <arr name="dc.date">
                  <str>1991</str>
                  <str>1986</str>
                  <str>2013</str>
               </arr>
               <arr name="dc.description">
                  <str>The speaking span test was submitted to IRIS by Nadia Mifka-Profozic, who adapted it for the purposes of her PhD thesis and obtained permission for use from the test's author Mizera (2006). Earlier versions of the test are Daneman (1991) and Daneman and Green (1986) (see Publications and Acknowledgements below). The PowerPoint version of the test was created by a student of Jenefer Philp. All attempts have been made to contact and acknowledge all involved in the creation and development of the MS Word and PowerPoint versions of the test held in IRIS.</str>
               </arr>
               <arr name="dc.identifier">
                  <str>york:832810</str>
               </arr>
               <str name="dc.title">Speaking span test</str>
               <str name="dc.title.sort">Speaking span test</str>
               <arr name="dc.type">
                  <str>Speaking test</str>
                  <str>Working memory test</str>
                  <str>http://www.iris-database.org/Instruments</str>
               </arr>
               <arr name="dc2.creator">
                  <str>Mizera, G. J.</str>
               </arr>
               <arr name="dc2.date">
                  <str>1991</str>
                  <str>1986</str>
                  <str>2013</str>
               </arr>
               <arr name="dc2.description">
                  <str>The speaking span test was submitted to IRIS by Nadia Mifka-Profozic, who adapted it for the purposes of her PhD thesis and obtained permission for use from the test's author Mizera (2006). Earlier versions of the test are Daneman (1991) and Daneman and Green (1986) (see Publications and Acknowledgements below). The PowerPoint version of the test was created by a student of Jenefer Philp. All attempts have been made to contact and acknowledge all involved in the creation and development of the MS Word and PowerPoint versions of the test held in IRIS.</str>
               </arr>
               <arr name="dc2.identifier">
                  <str>york:832810</str>
               </arr>
               <str name="dc2.title">Speaking span test</str>
               <arr name="dc2.type">
                  <str>Speaking test</str>
                  <str>Working memory test</str>
                  <str>http://www.iris-database.org/Instruments</str>
               </arr>
               <arr name="dc3.creator">
                  <str>Mizera, G. J.</str>
               </arr>
               <str name="dc3.title">Speaking span test</str>
               <date name="fgs.createdDate">2014-11-03T16:31:22.099Z</date>
               <date name="fgs.dateCreated.sort">2014-11-03T16:31:22.099Z</date>
               <str name="fgs.label">IRIS Instrument created by YODL workflow.</str>
               <date name="fgs.lastModifiedDate">2016-02-04T14:33:34.945Z</date>
               <str name="fgs.ownerId">iris-580a9f0f-ed9e-4f5f-be7e-877243bddfd0</str>
               <str name="fgs.state">Active</str>
               <arr name="iris.email">
                  <str>nmprofozic@gmail.com</str>
               </arr>
               <arr name="iris.feedback.count">
                  <str>0</str>
               </arr>
               <str name="iris.hasmaterials">Records with materials</str>
               <arr name="iris.instrument.author">
                  <str>Mizera, G. J.</str>
               </arr>
               <arr name="iris.instrument.instrumentType">
                  <str>Speaking test / Oral production test</str>
                  <str>Working memory test</str>
                  <str>Other working memory test</str>
               </arr>
               <str name="iris.instrument.instrumentType.alltypes">speaking test / oral production test other working memory test </str>
               <arr name="iris.instrument.licence">
                  <str>Attribution-NonCommercial-ShareAlike</str>
               </arr>
               <str name="iris.instrument.primaryInstrumentType">Speaking test / Oral production test</str>
               <arr name="iris.instrument.researchArea">
                  <str>Working memory</str>
                  <str>Speaking / Oral production</str>
                  <str>Fluency</str>
               </arr>
               <arr name="iris.instrument.secondaryInstrumentType">
                  <str>Working memory test &gt; Other working memory test</str>
               </arr>
               <arr name="iris.instrument.title">
                  <str>Speaking span test</str>
               </arr>
               <arr name="iris.instrument.typeOfFile">
                  <str>Text</str>
               </arr>
               <arr name="iris.participants.participantType">
                  <str>Second language learners</str>
               </arr>
               <arr name="iris.referenceid">
                  <str>1991_Daneman_Working memory as a predictor of verbal fluency</str>
                  <str>1986_Daneman_Green_Individual differences in comprehending and producing words in context</str>
                  <str>Mifka-Profozic_Oral corrective feedback, individual differences, and L2 acquisition of French past tenses</str>
                  <str>Mizera_Working memory and L2 oral fluency</str>
                  <str>2013_Philp_Iwashita_Talking, tuning in, and noticing: Exploring the benefits of output in task based peer interaction</str>
               </arr>
               <str name="iris.references.allauthors">Mifka-Profozic (2012); Mizera (2006); </str>
               <arr name="iris.references.author">
                  <str>Daneman, M.</str>
                  <str>Daneman, M.</str>
                  <str>Green, I.</str>
                  <str>Mifka-Profozic, Nadia</str>
                  <str>Mizera, G. J.</str>
                  <str>Philp, Jenefer</str>
                  <str>Iwashita, N.</str>
               </arr>
               <str name="iris.references.author.lastnames">danemandanemangreenmifka-profozicmizeraphilpiwashita</str>
               <arr name="iris.references.author.noack">
                  <str>Mifka-Profozic, Nadia</str>
                  <str>Mizera, G. J.</str>
               </arr>
               <arr name="iris.references.publicationDate">
                  <str>1991</str>
                  <str>1986</str>
                  <str>2013</str>
                  <str>2012</str>
                  <str>2006</str>
               </arr>
               <arr name="iris.references.publicationLatestDate">
                  <str>2013</str>
                  <str>2012</str>
               </arr>
               <arr name="iris.references.publicationType">
                  <str>Journal Article</str>
                  <str>Journal Article</str>
                  <str>Thesis</str>
                  <str>Thesis</str>
                  <str>Journal Article</str>
               </arr>
               <arr name="iris2.email">
                  <str>nmprofozic@gmail.com</str>
               </arr>
               <arr name="iris2.feedback.count">
                  <str>0</str>
               </arr>
               <str name="iris2.hasmaterials">Records with materials</str>
               <arr name="iris2.instrument.author">
                  <str>Mizera, G. J.</str>
               </arr>
               <arr name="iris2.instrument.instrumentType">
                  <str>Speaking test / Oral production test</str>
                  <str>Working memory test</str>
                  <str>Other working memory test</str>
               </arr>
               <str name="iris2.instrument.instrumentType.alltypes">speaking test / oral production test other working memory test </str>
               <arr name="iris2.instrument.licence">
                  <str>Attribution-NonCommercial-ShareAlike</str>
               </arr>
               <str name="iris2.instrument.primaryInstrumentType">Speaking test / Oral production test</str>
               <arr name="iris2.instrument.researchArea">
                  <str>Working memory</str>
                  <str>Speaking / Oral production</str>
                  <str>Fluency</str>
               </arr>
               <arr name="iris2.instrument.secondaryInstrumentType">
                  <str>Working memory test &gt; Other working memory test</str>
               </arr>
               <arr name="iris2.instrument.typeOfFile">
                  <str>Text</str>
               </arr>
               <arr name="iris2.participants.participantType">
                  <str>Second language learners</str>
               </arr>
               <arr name="iris2.referenceid">
                  <str>1991_Daneman_Working memory as a predictor of verbal fluency</str>
                  <str>1986_Daneman_Green_Individual differences in comprehending and producing words in context</str>
                  <str>Mifka-Profozic_Oral corrective feedback, individual differences, and L2 acquisition of French past tenses</str>
                  <str>Mizera_Working memory and L2 oral fluency</str>
                  <str>2013_Philp_Iwashita_Talking, tuning in, and noticing: Exploring the benefits of output in task based peer interaction</str>
               </arr>
               <str name="iris2.references.allauthors">Mifka-Profozic (2012); Mizera (2006); </str>
               <arr name="iris2.references.author">
                  <str>Daneman, M.</str>
                  <str>Daneman, M.</str>
                  <str>Green, I.</str>
                  <str>Mifka-Profozic, Nadia</str>
                  <str>Mizera, G. J.</str>
                  <str>Philp, Jenefer</str>
                  <str>Iwashita, N.</str>
               </arr>
               <str name="iris2.references.author.lastnames">danemandanemangreenmifka-profozicmizeraphilpiwashita</str>
               <arr name="iris2.references.publicationDate">
                  <str>1991</str>
                  <str>1986</str>
                  <str>2013</str>
                  <str>2012</str>
                  <str>2006</str>
               </arr>
               <arr name="iris2.references.publicationLatestDate">
                  <str>2013</str>
                  <str>2012</str>
               </arr>
               <arr name="iris2.references.publicationType">
                  <str>Journal Article</str>
                  <str>Journal Article</str>
                  <str>Thesis</str>
                  <str>Thesis</str>
                  <str>Journal Article</str>
               </arr>
               <arr name="oai_dc.dc_xsi:schemaLocation">
                  <str>http://www.openarchives.org/OAI/2.0/oai_dc/ http://www.openarchives.org/OAI/2.0/oai_dc.xsd</str>
                  <str>http://www.openarchives.org/OAI/2.0/oai_dc/ http://www.openarchives.org/OAI/2.0/oai_dc.xsd</str>
                  <str>http://www.openarchives.org/OAI/2.0/oai_dc/ http://www.openarchives.org/OAI/2.0/oai_dc.xsd</str>
                  <str>http://www.openarchives.org/OAI/2.0/oai_dc/ http://www.openarchives.org/OAI/2.0/oai_dc.xsd</str>
                  <str>http://www.openarchives.org/OAI/2.0/oai_dc/ http://www.openarchives.org/OAI/2.0/oai_dc.xsd</str>
               </arr>
            </doc>
         </result>
      </response>
   </solr>
   <files>
      <file id="INSTRUMENT" mime="application/vnd.openxmlformats-officedocument.wordprocessingml.document" url="http://www.iris-database.org/iris/api/resource/york:832810/asset/INSTRUMENT?download=true"/>
      <file id="INSTRUMENT1" mime="application/octet-stream" url="http://www.iris-database.org/iris/api/resource/york:832810/asset/INSTRUMENT1?download=true"/>
   </files>
</record>
