<?xml version="1.0" encoding="ISO-8859-1"?>

<record pid="york:814537">
   <solr>
      <response>
         <lst name="responseHeader">
            <int name="status">0</int>
            <int name="QTime">907</int>
            <lst name="params">
               <str name="q">PID:york?814537</str>
            </lst>
         </lst>
         <result name="response" numfound="1" start="0">
            <doc>
               <str name="PID">york:814537</str>
               <arr name="dc.creator">
                  <str>Alhussein Almbark, Rana</str>
               </arr>
               <arr name="dc.date">
                  <str>2010</str>
               </arr>
               <arr name="dc.format">
                  <str>English</str>
                  <str>Arabic</str>
               </arr>
               <arr name="dc.identifier">
                  <str>york:814537</str>
               </arr>
               <arr name="dc.subject">
                  <str>Acquisition</str>
               </arr>
               <arr name="dc.type">
                  <str>Stimuli for laboratory studies (audio)</str>
                  <str>Word list</str>
                  <str>http://www.iris-database.org/Instruments</str>
               </arr>
               <arr name="dc2.creator">
                  <str>Alhussein Almbark, Rana</str>
               </arr>
               <arr name="dc2.date">
                  <str>2010</str>
               </arr>
               <arr name="dc2.format">
                  <str>English</str>
                  <str>Arabic</str>
               </arr>
               <arr name="dc2.identifier">
                  <str>york:814537</str>
               </arr>
               <arr name="dc2.subject">
                  <str>Acquisition</str>
               </arr>
               <arr name="dc2.type">
                  <str>Stimuli for laboratory studies (audio)</str>
                  <str>Word list</str>
                  <str>http://www.iris-database.org/Instruments</str>
               </arr>
               <arr name="dc3.creator">
                  <str>Alhussein Almbark, Rana</str>
               </arr>
               <arr name="dc3.subject">
                  <str>Acquisition</str>
               </arr>
               <date name="fgs.createdDate">2013-07-13T12:49:15.167Z</date>
               <date name="fgs.dateCreated.sort">2013-07-13T12:49:15.167Z</date>
               <str name="fgs.label">IRIS Instrument created by YODL workflow.</str>
               <date name="fgs.lastModifiedDate">2016-04-20T14:05:56.137Z</date>
               <str name="fgs.ownerId">iris-3f87841a-d210-4bf0-8499-9da11d71e5f0</str>
               <str name="fgs.state">Active</str>
               <arr name="iris.email">
                  <str>rana.alhusseinalmbark@york.ac.uk</str>
               </arr>
               <arr name="iris.feedback.count">
                  <str>0</str>
               </arr>
               <str name="iris.hasmaterials">Records with materials</str>
               <arr name="iris.instrument.author">
                  <str>Alhussein Almbark, Rana</str>
               </arr>
               <arr name="iris.instrument.dataType">
                  <str/>
               </arr>
               <arr name="iris.instrument.instrumentType">
                  <str/>
                  <str/>
                  <str/>
                  <str/>
                  <str/>
                  <str/>
               </arr>
               <str name="iris.instrument.instrumentType.alltypes">  </str>
               <arr name="iris.instrument.licence">
                  <str>Attribution-NonCommercial-ShareAlike</str>
               </arr>
               <arr name="iris.instrument.linguisticTarget">
                  <str/>
                  <str/>
               </arr>
               <str name="iris.instrument.primaryInstrumentType"/>
               <arr name="iris.instrument.researchArea">
                  <str/>
               </arr>
               <arr name="iris.instrument.secondaryInstrumentType">
                  <str/>
               </arr>
               <arr name="iris.instrument.sourceLanguage">
                  <str>English</str>
                  <str>Arabic</str>
               </arr>
               <arr name="iris.instrument.typeOfFile">
                  <str>Text</str>
               </arr>
               <arr name="iris.participants.domainOfUse">
                  <str/>
                  <str/>
               </arr>
               <arr name="iris.participants.firstLanguage">
                  <str>Arabic</str>
               </arr>
               <arr name="iris.participants.gender">
                  <str>mixed</str>
               </arr>
               <arr name="iris.participants.participantType">
                  <str/>
               </arr>
               <arr name="iris.participants.proficiencyLearner">
                  <str/>
               </arr>
               <arr name="iris.participants.targetLanguage">
                  <str>English</str>
               </arr>
               <arr name="iris.referenceid">
                  <str>Alhussein Almbark_The perception and production of SSBE vowels by Syrian Arabic learners: The foreign language model</str>
                  <str>2010_Alhussein Almbark_Achievements and perspectives in SLA of speech: New Sounds 2010</str>
               </arr>
               <str name="iris.references.allauthors">Alhussein Almbark (2013); Alhussein Almbark (2010)</str>
               <arr name="iris.references.author">
                  <str>Alhussein Almbark, Rana</str>
                  <str>Alhussein Almbark, Rana</str>
               </arr>
               <str name="iris.references.author.lastnames">alhussein almbarkalhussein almbark</str>
               <arr name="iris.references.author.noack">
                  <str>Alhussein Almbark, Rana</str>
                  <str>Alhussein Almbark, Rana</str>
               </arr>
               <arr name="iris.references.conferenceName">
                  <str>New Sounds 2010</str>
               </arr>
               <arr name="iris.references.editor">
                  <str>Wrembel , Magdalena</str>
                  <str>Kul, Malgorzata</str>
                  <str>Dziubalska-Kolaczyk, Katarzyna</str>
               </arr>
               <arr name="iris.references.publicationDate">
                  <str>2010</str>
                  <str>2013</str>
               </arr>
               <arr name="iris.references.publicationLatestDate">
                  <str>2013</str>
               </arr>
               <arr name="iris.references.publicationType">
                  <str/>
                  <str/>
               </arr>
               <arr name="iris2.email">
                  <str>rana.alhusseinalmbark@york.ac.uk</str>
               </arr>
               <arr name="iris2.feedback.count">
                  <str>0</str>
               </arr>
               <str name="iris2.hasmaterials">Records with materials</str>
               <arr name="iris2.instrument.author">
                  <str>Alhussein Almbark, Rana</str>
               </arr>
               <arr name="iris2.instrument.dataType">
                  <str/>
               </arr>
               <arr name="iris2.instrument.instrumentType">
                  <str/>
                  <str/>
                  <str/>
                  <str/>
                  <str/>
                  <str/>
               </arr>
               <str name="iris2.instrument.instrumentType.alltypes">  </str>
               <arr name="iris2.instrument.licence">
                  <str>Attribution-NonCommercial-ShareAlike</str>
               </arr>
               <arr name="iris2.instrument.linguisticTarget">
                  <str/>
                  <str/>
               </arr>
               <str name="iris2.instrument.primaryInstrumentType"/>
               <arr name="iris2.instrument.researchArea">
                  <str/>
               </arr>
               <arr name="iris2.instrument.secondaryInstrumentType">
                  <str/>
               </arr>
               <arr name="iris2.instrument.sourceLanguage">
                  <str>English</str>
                  <str>Arabic</str>
               </arr>
               <arr name="iris2.instrument.typeOfFile">
                  <str>Text</str>
               </arr>
               <arr name="iris2.participants.domainOfUse">
                  <str/>
                  <str/>
               </arr>
               <arr name="iris2.participants.firstLanguage">
                  <str>Arabic</str>
               </arr>
               <arr name="iris2.participants.gender">
                  <str>mixed</str>
               </arr>
               <arr name="iris2.participants.participantType">
                  <str/>
               </arr>
               <arr name="iris2.participants.proficiencyLearner">
                  <str/>
               </arr>
               <arr name="iris2.participants.targetLanguage">
                  <str>English</str>
               </arr>
               <arr name="iris2.referenceid">
                  <str>Alhussein Almbark_The perception and production of SSBE vowels by Syrian Arabic learners: The foreign language model</str>
                  <str>2010_Alhussein Almbark_Achievements and perspectives in SLA of speech: New Sounds 2010</str>
               </arr>
               <str name="iris2.references.allauthors">Alhussein Almbark (2013); Alhussein Almbark (2010)</str>
               <arr name="iris2.references.author">
                  <str>Alhussein Almbark, Rana</str>
                  <str>Alhussein Almbark, Rana</str>
               </arr>
               <str name="iris2.references.author.lastnames">alhussein almbarkalhussein almbark</str>
               <arr name="iris2.references.conferenceName">
                  <str>New Sounds 2010</str>
               </arr>
               <arr name="iris2.references.editor">
                  <str>Wrembel , Magdalena</str>
                  <str>Kul, Malgorzata</str>
                  <str>Dziubalska-Kolaczyk, Katarzyna</str>
               </arr>
               <arr name="iris2.references.publicationDate">
                  <str>2010</str>
                  <str>2013</str>
               </arr>
               <arr name="iris2.references.publicationLatestDate">
                  <str>2013</str>
               </arr>
               <arr name="iris2.references.publicationType">
                  <str/>
                  <str/>
               </arr>
               <arr name="oai_dc.dc_xsi:schemaLocation">
                  <str>http://www.openarchives.org/OAI/2.0/oai_dc/ http://www.openarchives.org/OAI/2.0/oai_dc.xsd</str>
                  <str>http://www.openarchives.org/OAI/2.0/oai_dc/ http://www.openarchives.org/OAI/2.0/oai_dc.xsd</str>
                  <str>http://www.openarchives.org/OAI/2.0/oai_dc/ http://www.openarchives.org/OAI/2.0/oai_dc.xsd</str>
                  <str>http://www.openarchives.org/OAI/2.0/oai_dc/ http://www.openarchives.org/OAI/2.0/oai_dc.xsd</str>
               </arr>
            </doc>
         </result>
      </response>
   </solr>
   <files>
      <file id="INSTRUMENT" mime="application/pdf" url="http://www.iris-database.org/iris/api/resource/york:814537/asset/INSTRUMENT?download=true"/>
   </files>
</record>
