<?xml version="1.0" encoding="ISO-8859-1"?>

<record pid="york:849991">
   <solr>
      <response>
         <lst name="responseHeader">
            <int name="status">0</int>
            <int name="QTime">525</int>
            <lst name="params">
               <str name="q">PID:york?849991</str>
            </lst>
         </lst>
         <result name="response" numfound="1" start="0">
            <doc>
               <str name="PID">york:849991</str>
               <arr name="dc.creator">
                  <str>Rogers, James</str>
                  <str>Webb, Stuart</str>
                  <str>Nakata, Tatsuya</str>
               </arr>
               <arr name="dc.date">
                  <str>2015</str>
               </arr>
               <arr name="dc.description">
                  <str>The tasks are all available in the "study session" file.</str>
               </arr>
               <arr name="dc.identifier">
                  <str>york:849991</str>
               </arr>
               <str name="dc.title">Pre- and post-test</str>
               <str name="dc.title.sort">Pre- and post-test</str>
               <arr name="dc.type">
                  <str>Vocabulary test (productive)</str>
                  <str>Gap-fill / Cloze test</str>
                  <str>http://www.iris-database.org/Instruments</str>
               </arr>
               <arr name="dc2.creator">
                  <str>Rogers, James</str>
                  <str>Webb, Stuart</str>
                  <str>Nakata, Tatsuya</str>
               </arr>
               <arr name="dc2.date">
                  <str>2015</str>
               </arr>
               <arr name="dc2.description">
                  <str>The tasks are all available in the "study session" file.</str>
               </arr>
               <arr name="dc2.identifier">
                  <str>york:849991</str>
               </arr>
               <str name="dc2.title">Pre- and post-test</str>
               <arr name="dc2.type">
                  <str>Vocabulary test (productive)</str>
                  <str>Gap-fill / Cloze test</str>
                  <str>http://www.iris-database.org/Instruments</str>
               </arr>
               <arr name="dc3.creator">
                  <str>Rogers, James</str>
                  <str>Webb, Stuart</str>
                  <str>Nakata, Tatsuya</str>
               </arr>
               <str name="dc3.title">Pre- and post-test</str>
               <date name="fgs.createdDate">2015-02-20T14:55:40.332Z</date>
               <date name="fgs.dateCreated.sort">2015-02-20T14:55:40.332Z</date>
               <str name="fgs.label">IRIS Instrument created by YODL workflow.</str>
               <date name="fgs.lastModifiedDate">2016-03-04T17:37:07.253Z</date>
               <str name="fgs.ownerId">iris-580a9f0f-ed9e-4f5f-be7e-877243bddfd0</str>
               <str name="fgs.state">Active</str>
               <arr name="iris.email">
                  <str>theladuke@gmail.com</str>
               </arr>
               <arr name="iris.feedback.count">
                  <str>0</str>
               </arr>
               <str name="iris.hasmaterials">Records with materials</str>
               <arr name="iris.instrument.author">
                  <str>Rogers, James</str>
                  <str>Webb, Stuart</str>
                  <str>Nakata, Tatsuya</str>
               </arr>
               <arr name="iris.instrument.instrumentType">
                  <str>Vocabulary test</str>
                  <str>Productive</str>
                  <str>Gap-fill / Cloze test / Fill in the blank</str>
               </arr>
               <str name="iris.instrument.instrumentType.alltypes">productive gap-fill / cloze test / fill in the blank </str>
               <arr name="iris.instrument.licence">
                  <str>Attribution-NonCommercial-ShareAlike</str>
               </arr>
               <str name="iris.instrument.primaryInstrumentType">Vocabulary test &gt; Productive</str>
               <arr name="iris.instrument.researchArea">
                  <str>Acquisition</str>
                  <str>Lexicon (vocabulary)</str>
               </arr>
               <arr name="iris.instrument.secondaryInstrumentType">
                  <str>Gap-fill / Cloze test / Fill in the blank</str>
               </arr>
               <arr name="iris.instrument.software">
                  <str>Microsoft Excel Version 7.0</str>
               </arr>
               <arr name="iris.instrument.title">
                  <str>Pre- and post-test</str>
               </arr>
               <arr name="iris.instrument.typeOfFile">
                  <str>Software</str>
               </arr>
               <arr name="iris.participants.firstLanguage">
                  <str>Japanese</str>
               </arr>
               <arr name="iris.participants.participantType">
                  <str>Foreign language learners</str>
                  <str/>
               </arr>
               <arr name="iris.participants.targetLanguage">
                  <str>English</str>
               </arr>
               <arr name="iris.referenceid">
                  <str>2015_Rogers_Webb_Nakata_Do the cognacy characteristics of loanwords make them more easily learned than noncognates?</str>
               </arr>
               <str name="iris.references.allauthors">Rogers, Webb, et al. (2015)</str>
               <arr name="iris.references.author">
                  <str>Rogers, James</str>
                  <str>Webb, Stuart</str>
                  <str>Nakata, Tatsuya</str>
               </arr>
               <str name="iris.references.author.lastnames">rogerswebbnakata</str>
               <arr name="iris.references.author.noack">
                  <str>Rogers, James</str>
                  <str>Webb, Stuart</str>
                  <str>Nakata, Tatsuya</str>
               </arr>
               <arr name="iris.references.journal">
                  <str>Language Teaching Research</str>
               </arr>
               <arr name="iris.references.publicationDate">
                  <str>2015</str>
               </arr>
               <arr name="iris.references.publicationLatestDate">
                  <str>2015</str>
               </arr>
               <arr name="iris.references.publicationType">
                  <str>Journal Article</str>
               </arr>
               <arr name="iris2.email">
                  <str>theladuke@gmail.com</str>
               </arr>
               <arr name="iris2.feedback.count">
                  <str>0</str>
               </arr>
               <str name="iris2.hasmaterials">Records with materials</str>
               <arr name="iris2.instrument.author">
                  <str>Rogers, James</str>
                  <str>Webb, Stuart</str>
                  <str>Nakata, Tatsuya</str>
               </arr>
               <arr name="iris2.instrument.instrumentType">
                  <str>Vocabulary test</str>
                  <str>Productive</str>
                  <str>Gap-fill / Cloze test / Fill in the blank</str>
               </arr>
               <str name="iris2.instrument.instrumentType.alltypes">productive gap-fill / cloze test / fill in the blank </str>
               <arr name="iris2.instrument.licence">
                  <str>Attribution-NonCommercial-ShareAlike</str>
               </arr>
               <str name="iris2.instrument.primaryInstrumentType">Vocabulary test &gt; Productive</str>
               <arr name="iris2.instrument.researchArea">
                  <str>Acquisition</str>
                  <str>Lexicon (vocabulary)</str>
               </arr>
               <arr name="iris2.instrument.secondaryInstrumentType">
                  <str>Gap-fill / Cloze test / Fill in the blank</str>
               </arr>
               <arr name="iris2.instrument.software">
                  <str>Microsoft Excel Version 7.0</str>
               </arr>
               <arr name="iris2.instrument.typeOfFile">
                  <str>Software</str>
               </arr>
               <arr name="iris2.participants.firstLanguage">
                  <str>Japanese</str>
               </arr>
               <arr name="iris2.participants.participantType">
                  <str>Foreign language learners</str>
                  <str/>
               </arr>
               <arr name="iris2.participants.targetLanguage">
                  <str>English</str>
               </arr>
               <arr name="iris2.referenceid">
                  <str>2015_Rogers_Webb_Nakata_Do the cognacy characteristics of loanwords make them more easily learned than noncognates?</str>
               </arr>
               <str name="iris2.references.allauthors">Rogers, Webb, et al. (2015)</str>
               <arr name="iris2.references.author">
                  <str>Rogers, James</str>
                  <str>Webb, Stuart</str>
                  <str>Nakata, Tatsuya</str>
               </arr>
               <str name="iris2.references.author.lastnames">rogerswebbnakata</str>
               <arr name="iris2.references.journal">
                  <str>Language Teaching Research</str>
               </arr>
               <arr name="iris2.references.publicationDate">
                  <str>2015</str>
               </arr>
               <arr name="iris2.references.publicationLatestDate">
                  <str>2015</str>
               </arr>
               <arr name="iris2.references.publicationType">
                  <str>Journal Article</str>
               </arr>
               <arr name="oai_dc.dc_xsi:schemaLocation">
                  <str>http://www.openarchives.org/OAI/2.0/oai_dc/ http://www.openarchives.org/OAI/2.0/oai_dc.xsd</str>
                  <str>http://www.openarchives.org/OAI/2.0/oai_dc/ http://www.openarchives.org/OAI/2.0/oai_dc.xsd</str>
                  <str>http://www.openarchives.org/OAI/2.0/oai_dc/ http://www.openarchives.org/OAI/2.0/oai_dc.xsd</str>
               </arr>
            </doc>
         </result>
      </response>
   </solr>
   <files>
      <file id="INSTRUMENT" mime="application/octet-stream" url="http://www.iris-database.org/iris/api/resource/york:849991/asset/INSTRUMENT?download=true"/>
      <file id="INSTRUMENT1" mime="application/vnd.openxmlformats-officedocument.wordprocessingml.document" url="http://www.iris-database.org/iris/api/resource/york:849991/asset/INSTRUMENT1?download=true"/>
   </files>
</record>
