<?xml version="1.0" encoding="ISO-8859-1"?>

<record pid="york:806824">
   <solr>
      <response>
         <lst name="responseHeader">
            <int name="status">0</int>
            <int name="QTime">711</int>
            <lst name="params">
               <str name="q">PID:york?806824</str>
            </lst>
         </lst>
         <result name="response" numfound="1" start="0">
            <doc>
               <str name="PID">york:806824</str>
               <arr name="dc.creator">
                  <str>Hsu, Hui-Fen</str>
               </arr>
               <arr name="dc.subject">
                  <str>Language testing; Washback</str>
               </arr>
               <arr name="dc.type">
                  <str>Interview protocol</str>
                  <str>Observation protocol/schedule</str>
                  <str>Attitude questionnaire</str>
                  <str>Language Awareness questionnaire</str>
                  <str>Biographical questionnaire</str>
                  <str>Language background questionnaire</str>
                  <str>Questionnaire</str>
                  <str>http://www.iris-database.org/Instruments</str>
               </arr>
               <arr name="dc2.creator">
                  <str>Hsu, Hui-Fen</str>
               </arr>
               <arr name="dc2.subject">
                  <str>Language testing; Washback</str>
               </arr>
               <arr name="dc2.type">
                  <str>Interview protocol</str>
                  <str>Observation protocol/schedule</str>
                  <str>Attitude questionnaire</str>
                  <str>Language Awareness questionnaire</str>
                  <str>Biographical questionnaire</str>
                  <str>Language background questionnaire</str>
                  <str>Questionnaire</str>
                  <str>http://www.iris-database.org/Instruments</str>
               </arr>
               <arr name="dc3.creator">
                  <str>Hsu, Hui-Fen</str>
               </arr>
               <arr name="dc3.subject">
                  <str>Language testing; Washback</str>
               </arr>
               <date name="fgs.createdDate">2012-10-31T04:52:24.601Z</date>
               <date name="fgs.dateCreated.sort">2012-10-31T04:52:24.601Z</date>
               <str name="fgs.label">IRIS Instrument created by YODL workflow.</str>
               <date name="fgs.lastModifiedDate">2016-02-18T15:44:26.914Z</date>
               <str name="fgs.ownerId">iris-8bda3b76-1ab6-47e8-9dd8-1c1f1974cfe4</str>
               <str name="fgs.state">Active</str>
               <arr name="iris.email">
                  <str>hfh205@gmail.com</str>
               </arr>
               <arr name="iris.feedback.count">
                  <str>0</str>
               </arr>
               <str name="iris.hasmaterials">Records with materials</str>
               <arr name="iris.instrument.author">
                  <str>Hsu, Hui-Fen</str>
               </arr>
               <arr name="iris.instrument.instrumentType">
                  <str>Interview protocol / schedule</str>
                  <str>Observation protocol / schedule</str>
                  <str>Questionnaire</str>
                  <str>Attitude questionnaire</str>
                  <str>Questionnaire</str>
                  <str>Language awareness questionnaire</str>
                  <str>Questionnaire</str>
                  <str>Biographical questionnaire</str>
                  <str>Questionnaire</str>
                  <str>Language background questionnaire</str>
                  <str>Questionnaire</str>
                  <str>Other questionnaire</str>
               </arr>
               <str name="iris.instrument.instrumentType.alltypes">interview protocol / schedule observation protocol / schedule attitude questionnaire language awareness questionnaire biographical questionnaire language background questionnaire other questionnaire </str>
               <arr name="iris.instrument.licence">
                  <str>Attribution-NonCommercial-ShareAlike</str>
               </arr>
               <str name="iris.instrument.primaryInstrumentType">Questionnaire &gt; Other questionnaire</str>
               <arr name="iris.instrument.researchArea">
                  <str>Language testing; Washback</str>
               </arr>
               <arr name="iris.instrument.secondaryInstrumentType">
                  <str>Interview protocol / schedule</str>
                  <str>Observation protocol / schedule</str>
                  <str>Questionnaire &gt; Attitude questionnaire</str>
                  <str>Questionnaire &gt; Language awareness questionnaire</str>
                  <str>Questionnaire &gt; Biographical questionnaire</str>
                  <str>Questionnaire &gt; Language background questionnaire</str>
               </arr>
               <arr name="iris.instrument.typeOfFile">
                  <str>Text</str>
               </arr>
               <arr name="iris.participants.participantType">
                  <str>Foreign language learners</str>
               </arr>
               <arr name="iris.referenceid">
                  <str>Hsu_The impact of implementing English proficiency tests as a graduation requirement at Taiwanese universities of technology</str>
               </arr>
               <str name="iris.references.allauthors">Hsu (2010)</str>
               <arr name="iris.references.author">
                  <str>Hsu, Hui-Fen</str>
               </arr>
               <str name="iris.references.author.lastnames">hsu</str>
               <arr name="iris.references.author.noack">
                  <str>Hsu, Hui-Fen</str>
               </arr>
               <arr name="iris.references.publicationDate">
                  <str>2010</str>
               </arr>
               <arr name="iris.references.publicationLatestDate">
                  <str>2010</str>
               </arr>
               <arr name="iris.references.publicationType">
                  <str>Thesis</str>
               </arr>
               <arr name="iris2.email">
                  <str>hfh205@gmail.com</str>
               </arr>
               <arr name="iris2.feedback.count">
                  <str>0</str>
               </arr>
               <str name="iris2.hasmaterials">Records with materials</str>
               <arr name="iris2.instrument.author">
                  <str>Hsu, Hui-Fen</str>
               </arr>
               <arr name="iris2.instrument.instrumentType">
                  <str>Interview protocol / schedule</str>
                  <str>Observation protocol / schedule</str>
                  <str>Questionnaire</str>
                  <str>Attitude questionnaire</str>
                  <str>Questionnaire</str>
                  <str>Language awareness questionnaire</str>
                  <str>Questionnaire</str>
                  <str>Biographical questionnaire</str>
                  <str>Questionnaire</str>
                  <str>Language background questionnaire</str>
                  <str>Questionnaire</str>
                  <str>Other questionnaire</str>
               </arr>
               <str name="iris2.instrument.instrumentType.alltypes">interview protocol / schedule observation protocol / schedule attitude questionnaire language awareness questionnaire biographical questionnaire language background questionnaire other questionnaire </str>
               <arr name="iris2.instrument.licence">
                  <str>Attribution-NonCommercial-ShareAlike</str>
               </arr>
               <str name="iris2.instrument.primaryInstrumentType">Questionnaire &gt; Other questionnaire</str>
               <arr name="iris2.instrument.researchArea">
                  <str>Language testing; Washback</str>
               </arr>
               <arr name="iris2.instrument.secondaryInstrumentType">
                  <str>Interview protocol / schedule</str>
                  <str>Observation protocol / schedule</str>
                  <str>Questionnaire &gt; Attitude questionnaire</str>
                  <str>Questionnaire &gt; Language awareness questionnaire</str>
                  <str>Questionnaire &gt; Biographical questionnaire</str>
                  <str>Questionnaire &gt; Language background questionnaire</str>
               </arr>
               <arr name="iris2.instrument.typeOfFile">
                  <str>Text</str>
               </arr>
               <arr name="iris2.participants.participantType">
                  <str>Foreign language learners</str>
               </arr>
               <arr name="iris2.referenceid">
                  <str>Hsu_The impact of implementing English proficiency tests as a graduation requirement at Taiwanese universities of technology</str>
               </arr>
               <str name="iris2.references.allauthors">Hsu (2010)</str>
               <arr name="iris2.references.author">
                  <str>Hsu, Hui-Fen</str>
               </arr>
               <str name="iris2.references.author.lastnames">hsu</str>
               <arr name="iris2.references.publicationDate">
                  <str>2010</str>
               </arr>
               <arr name="iris2.references.publicationLatestDate">
                  <str>2010</str>
               </arr>
               <arr name="iris2.references.publicationType">
                  <str>Thesis</str>
               </arr>
               <arr name="oai_dc.dc_xsi:schemaLocation">
                  <str>http://www.openarchives.org/OAI/2.0/oai_dc/ http://www.openarchives.org/OAI/2.0/oai_dc.xsd</str>
               </arr>
            </doc>
         </result>
      </response>
   </solr>
   <files>
      <file id="INSTRUMENT" mime="application/pdf" url="http://www.iris-database.org/iris/api/resource/york:806824/asset/INSTRUMENT?download=true"/>
   </files>
</record>
