<?xml version="1.0" encoding="ISO-8859-1"?>

<record pid="york:796410">
   <solr>
      <response>
         <lst name="responseHeader">
            <int name="status">0</int>
            <int name="QTime">951</int>
            <lst name="params">
               <str name="q">PID:york?796410</str>
            </lst>
         </lst>
         <result name="response" numfound="1" start="0">
            <doc>
               <str name="PID">york:796410</str>
               <arr name="dc.creator">
                  <str>Ziegler, Nicole</str>
               </arr>
               <arr name="dc.date">
                  <str>2012</str>
               </arr>
               <arr name="dc.subject">
                  <str>Interaction</str>
                  <str>Acquisition</str>
               </arr>
               <arr name="dc.type">
                  <str>Questionnaire</str>
                  <str>http://www.iris-database.org/Instruments</str>
               </arr>
               <arr name="dc2.creator">
                  <str>Ziegler, Nicole</str>
               </arr>
               <arr name="dc2.date">
                  <str>2012</str>
               </arr>
               <arr name="dc2.subject">
                  <str>Interaction</str>
                  <str>Acquisition</str>
               </arr>
               <arr name="dc2.type">
                  <str>Questionnaire</str>
                  <str>http://www.iris-database.org/Instruments</str>
               </arr>
               <arr name="dc3.creator">
                  <str>Ziegler, Nicole</str>
               </arr>
               <arr name="dc3.subject">
                  <str>Interaction</str>
                  <str>Acquisition</str>
               </arr>
               <date name="fgs.createdDate">2012-05-23T03:05:35.048Z</date>
               <date name="fgs.dateCreated.sort">2012-05-23T03:05:35.048Z</date>
               <str name="fgs.label">IRIS Instrument created by YODL workflow.</str>
               <date name="fgs.lastModifiedDate">2015-12-18T16:11:50.298Z</date>
               <str name="fgs.ownerId">fedoraAdmin</str>
               <str name="fgs.state">Active</str>
               <arr name="iris.email">
                  <str>nz45@georgetown.edu</str>
               </arr>
               <arr name="iris.feedback.count">
                  <str>0</str>
               </arr>
               <str name="iris.hasmaterials">Records with materials</str>
               <arr name="iris.instrument.author">
                  <str>Ziegler, Nicole</str>
               </arr>
               <arr name="iris.instrument.instrumentType">
                  <str>Questionnaire</str>
               </arr>
               <str name="iris.instrument.instrumentType.alltypes">questionnaire </str>
               <arr name="iris.instrument.licence">
                  <str>Attribution-NonCommercial-ShareAlike</str>
               </arr>
               <str name="iris.instrument.primaryInstrumentType">Questionnaire</str>
               <arr name="iris.instrument.researchArea">
                  <str>Interaction</str>
                  <str>Acquisition</str>
               </arr>
               <arr name="iris.instrument.typeOfFile">
                  <str>Text</str>
               </arr>
               <arr name="iris.participants.firstLanguage">
                  <str>English</str>
               </arr>
               <arr name="iris.participants.gender">
                  <str>mixed</str>
               </arr>
               <arr name="iris.participants.participantType">
                  <str>Second language learners</str>
                  <str>Foreign language learners</str>
               </arr>
               <arr name="iris.participants.proficiencyLearner">
                  <str>Intermediate</str>
               </arr>
               <arr name="iris.participants.targetLanguage">
                  <str>German</str>
               </arr>
               <arr name="iris.referenceid">
                  <str>2012_Ziegler_Seals_Ammons_Lake_Hamrick_Rebuschat_Interaction in conversation groups: The development of L2 conversational styles</str>
               </arr>
               <str name="iris.references.allauthors">Ziegler, Seals, et al. (2012)</str>
               <arr name="iris.references.author">
                  <str>Ziegler, Nicole</str>
                  <str>Seals, Corinne</str>
                  <str>Ammons, Steffi</str>
                  <str>Lake, Julie</str>
                  <str>Hamrick, Phillip</str>
                  <str>Rebuschat, Patrick</str>
               </arr>
               <str name="iris.references.author.lastnames">zieglersealsammonslakehamrickrebuschat</str>
               <arr name="iris.references.author.noack">
                  <str>Ziegler, Nicole</str>
                  <str>Seals, Corinne</str>
                  <str>Ammons, Steffi</str>
                  <str>Lake, Julie</str>
                  <str>Hamrick, Phillip</str>
                  <str>Rebuschat, Patrick</str>
               </arr>
               <arr name="iris.references.booktitle">
                  <str>Interaction in conversation groups: The development of L2 conversational styles</str>
                  <str>New perspectives on classroom interaction in second language research</str>
               </arr>
               <arr name="iris.references.editor">
                  <str>McDonough, Kim</str>
                  <str>Mackey, Alison</str>
               </arr>
               <arr name="iris.references.publicationDate">
                  <str>2012</str>
               </arr>
               <arr name="iris.references.publicationLatestDate">
                  <str>2012</str>
               </arr>
               <arr name="iris.references.publicationType">
                  <str>Chapter</str>
               </arr>
               <arr name="iris2.email">
                  <str>nz45@georgetown.edu</str>
               </arr>
               <arr name="iris2.feedback.count">
                  <str>0</str>
               </arr>
               <str name="iris2.hasmaterials">Records with materials</str>
               <arr name="iris2.instrument.author">
                  <str>Ziegler, Nicole</str>
               </arr>
               <arr name="iris2.instrument.instrumentType">
                  <str>Questionnaire</str>
               </arr>
               <str name="iris2.instrument.instrumentType.alltypes">questionnaire </str>
               <arr name="iris2.instrument.licence">
                  <str>Attribution-NonCommercial-ShareAlike</str>
               </arr>
               <str name="iris2.instrument.primaryInstrumentType">Questionnaire</str>
               <arr name="iris2.instrument.researchArea">
                  <str>Interaction</str>
                  <str>Acquisition</str>
               </arr>
               <arr name="iris2.instrument.typeOfFile">
                  <str>Text</str>
               </arr>
               <arr name="iris2.participants.firstLanguage">
                  <str>English</str>
               </arr>
               <arr name="iris2.participants.gender">
                  <str>mixed</str>
               </arr>
               <arr name="iris2.participants.participantType">
                  <str>Second language learners</str>
                  <str>Foreign language learners</str>
               </arr>
               <arr name="iris2.participants.proficiencyLearner">
                  <str>Intermediate</str>
               </arr>
               <arr name="iris2.participants.targetLanguage">
                  <str>German</str>
               </arr>
               <arr name="iris2.referenceid">
                  <str>2012_Ziegler_Seals_Ammons_Lake_Hamrick_Rebuschat_Interaction in conversation groups: The development of L2 conversational styles</str>
               </arr>
               <str name="iris2.references.allauthors">Ziegler, Seals, et al. (2012)</str>
               <arr name="iris2.references.author">
                  <str>Ziegler, Nicole</str>
                  <str>Seals, Corinne</str>
                  <str>Ammons, Steffi</str>
                  <str>Lake, Julie</str>
                  <str>Hamrick, Phillip</str>
                  <str>Rebuschat, Patrick</str>
               </arr>
               <str name="iris2.references.author.lastnames">zieglersealsammonslakehamrickrebuschat</str>
               <arr name="iris2.references.booktitle">
                  <str>Interaction in conversation groups: The development of L2 conversational styles</str>
                  <str>New perspectives on classroom interaction in second language research</str>
               </arr>
               <arr name="iris2.references.editor">
                  <str>McDonough, Kim</str>
                  <str>Mackey, Alison</str>
               </arr>
               <arr name="iris2.references.publicationDate">
                  <str>2012</str>
               </arr>
               <arr name="iris2.references.publicationLatestDate">
                  <str>2012</str>
               </arr>
               <arr name="iris2.references.publicationType">
                  <str>Chapter</str>
               </arr>
               <arr name="oai_dc.dc_xsi:schemaLocation">
                  <str>http://www.openarchives.org/OAI/2.0/oai_dc/ http://www.openarchives.org/OAI/2.0/oai_dc.xsd</str>
               </arr>
            </doc>
         </result>
      </response>
   </solr>
   <files>
      <file id="INSTRUMENT" mime="application/pdf" url="http://www.iris-database.org/iris/api/resource/york:796410/asset/INSTRUMENT?download=true"/>
   </files>
</record>
