<?xml version="1.0" encoding="ISO-8859-1"?>

<record pid="york:815129">
   <solr>
      <response>
         <lst name="responseHeader">
            <int name="status">0</int>
            <int name="QTime">967</int>
            <lst name="params">
               <str name="q">PID:york?815129</str>
            </lst>
         </lst>
         <result name="response" numfound="1" start="0">
            <doc>
               <str name="PID">york:815129</str>
               <arr name="dc.creator">
                  <str>Spada, Nina</str>
               </arr>
               <arr name="dc.date">
                  <str>in press</str>
               </arr>
               <arr name="dc.description">
                  <str>After extensive piloting, this instrument has been used with adult ESL learners in several instructed SLA studies. High levels of reliability obtained.</str>
               </arr>
               <arr name="dc.format">
                  <str>English</str>
               </arr>
               <arr name="dc.identifier">
                  <str>york:815129</str>
               </arr>
               <str name="dc.title">Error Correction Task</str>
               <str name="dc.title.sort">Error Correction Task</str>
               <arr name="dc.type">
                  <str>Productive grammar test</str>
                  <str>Metalinguistic knowledge (MLK) test</str>
                  <str>http://www.iris-database.org/Instruments</str>
               </arr>
               <arr name="dc2.creator">
                  <str>Spada, Nina</str>
               </arr>
               <arr name="dc2.date">
                  <str>in press</str>
               </arr>
               <arr name="dc2.description">
                  <str>After extensive piloting, this instrument has been used with adult ESL learners in several instructed SLA studies. High levels of reliability obtained.</str>
               </arr>
               <arr name="dc2.format">
                  <str>English</str>
               </arr>
               <arr name="dc2.identifier">
                  <str>york:815129</str>
               </arr>
               <str name="dc2.title">Error Correction Task</str>
               <arr name="dc2.type">
                  <str>Productive grammar test</str>
                  <str>Metalinguistic knowledge (MLK) test</str>
                  <str>http://www.iris-database.org/Instruments</str>
               </arr>
               <arr name="dc3.creator">
                  <str>Spada, Nina</str>
               </arr>
               <str name="dc3.title">Error Correction Task</str>
               <date name="fgs.createdDate">2013-08-12T15:22:41.285Z</date>
               <date name="fgs.dateCreated.sort">2013-08-12T15:22:41.285Z</date>
               <str name="fgs.label">IRIS Instrument created by YODL workflow.</str>
               <date name="fgs.lastModifiedDate">2016-05-05T03:59:23.363Z</date>
               <str name="fgs.ownerId">iris-8587e950-34f7-4540-881c-b4f389eb4b55</str>
               <str name="fgs.state">Active</str>
               <arr name="iris.email">
                  <str>nina.spada@utoronto.ca</str>
               </arr>
               <arr name="iris.feedback.count">
                  <str>0</str>
               </arr>
               <str name="iris.hasmaterials">Records with materials</str>
               <arr name="iris.instrument.author">
                  <str>Spada, Nina</str>
               </arr>
               <arr name="iris.instrument.dataType">
                  <str>Error Correction</str>
               </arr>
               <arr name="iris.instrument.funder">
                  <str>Social Sciences and Humanities Research Council</str>
               </arr>
               <arr name="iris.instrument.instrumentType">
                  <str>Grammar test / Morphosyntax test</str>
                  <str>Productive</str>
                  <str>Metalinguistic knowledge (MLK) test</str>
               </arr>
               <str name="iris.instrument.instrumentType.alltypes">productive metalinguistic knowledge (mlk) test </str>
               <arr name="iris.instrument.licence">
                  <str>Attribution-NonCommercial-ShareAlike</str>
               </arr>
               <arr name="iris.instrument.linguisticTarget">
                  <str>Passive / active voice</str>
               </arr>
               <str name="iris.instrument.primaryInstrumentType">Metalinguistic knowledge (MLK) test</str>
               <arr name="iris.instrument.researchArea">
                  <str>Acquisition</str>
                  <str>Morphosyntax (grammar)</str>
                  <str>Explicit or metalinguistic knowledge / Language awareness</str>
               </arr>
               <arr name="iris.instrument.secondaryInstrumentType">
                  <str>Grammar test / Morphosyntax test &gt; Productive</str>
               </arr>
               <arr name="iris.instrument.sourceLanguage">
                  <str>English</str>
               </arr>
               <arr name="iris.instrument.title">
                  <str>Error Correction Task</str>
               </arr>
               <arr name="iris.instrument.typeOfFile">
                  <str>Text</str>
               </arr>
               <arr name="iris.participants.domainOfUse">
                  <str>Work</str>
                  <str>Higher Education</str>
               </arr>
               <arr name="iris.participants.firstLanguage">
                  <str>Chinese</str>
                  <str>Spanish</str>
                  <str>Japanese</str>
                  <str>Russian</str>
                  <str>Arabic</str>
               </arr>
               <arr name="iris.participants.gender">
                  <str>mixed</str>
               </arr>
               <arr name="iris.participants.participantType">
                  <str>Foreign language learners</str>
                  <str>Second language learners</str>
               </arr>
               <arr name="iris.participants.proficiencyLearner">
                  <str>Intermediate</str>
               </arr>
               <arr name="iris.participants.targetLanguage">
                  <str>English</str>
               </arr>
               <arr name="iris.referenceid">
                  <str>in press_Spada_Jessop_Suzuki_Tomita_Valeo_Isolated and integrated form-focused instruction: Effects on different types of L2 knowledge</str>
               </arr>
               <str name="iris.references.allauthors">Spada, Jessop, et al. (in press)</str>
               <arr name="iris.references.author">
                  <str>Spada, Nina</str>
                  <str>Jessop, Lorena</str>
                  <str>Suzuki, Wataru</str>
                  <str>Tomita, Yasuyo</str>
                  <str>Valeo, Antonella</str>
               </arr>
               <str name="iris.references.author.lastnames">spadajessopsuzukitomitavaleo</str>
               <arr name="iris.references.author.noack">
                  <str>Spada, Nina</str>
                  <str>Jessop, Lorena</str>
                  <str>Suzuki, Wataru</str>
                  <str>Tomita, Yasuyo</str>
                  <str>Valeo, Antonella</str>
               </arr>
               <arr name="iris.references.journal">
                  <str>Language Teaching Research</str>
               </arr>
               <arr name="iris.references.publicationDate">
                  <str>in press</str>
               </arr>
               <arr name="iris.references.publicationLatestDate">
                  <str>in press</str>
               </arr>
               <arr name="iris.references.publicationType">
                  <str>Journal Article</str>
               </arr>
               <arr name="iris2.email">
                  <str>nina.spada@utoronto.ca</str>
               </arr>
               <arr name="iris2.feedback.count">
                  <str>0</str>
               </arr>
               <str name="iris2.hasmaterials">Records with materials</str>
               <arr name="iris2.instrument.author">
                  <str>Spada, Nina</str>
               </arr>
               <arr name="iris2.instrument.dataType">
                  <str>Error Correction</str>
               </arr>
               <arr name="iris2.instrument.funder">
                  <str>Social Sciences and Humanities Research Council</str>
               </arr>
               <arr name="iris2.instrument.instrumentType">
                  <str>Grammar test / Morphosyntax test</str>
                  <str>Productive</str>
                  <str>Metalinguistic knowledge (MLK) test</str>
               </arr>
               <str name="iris2.instrument.instrumentType.alltypes">productive metalinguistic knowledge (mlk) test </str>
               <arr name="iris2.instrument.licence">
                  <str>Attribution-NonCommercial-ShareAlike</str>
               </arr>
               <arr name="iris2.instrument.linguisticTarget">
                  <str>Passive / active voice</str>
               </arr>
               <str name="iris2.instrument.primaryInstrumentType">Metalinguistic knowledge (MLK) test</str>
               <arr name="iris2.instrument.researchArea">
                  <str>Acquisition</str>
                  <str>Morphosyntax (grammar)</str>
                  <str>Explicit or metalinguistic knowledge / Language awareness</str>
               </arr>
               <arr name="iris2.instrument.secondaryInstrumentType">
                  <str>Grammar test / Morphosyntax test &gt; Productive</str>
               </arr>
               <arr name="iris2.instrument.sourceLanguage">
                  <str>English</str>
               </arr>
               <arr name="iris2.instrument.typeOfFile">
                  <str>Text</str>
               </arr>
               <arr name="iris2.participants.domainOfUse">
                  <str>Work</str>
                  <str>Higher Education</str>
               </arr>
               <arr name="iris2.participants.firstLanguage">
                  <str>Chinese</str>
                  <str>Spanish</str>
                  <str>Japanese</str>
                  <str>Russian</str>
                  <str>Arabic</str>
               </arr>
               <arr name="iris2.participants.gender">
                  <str>mixed</str>
               </arr>
               <arr name="iris2.participants.participantType">
                  <str>Foreign language learners</str>
                  <str>Second language learners</str>
               </arr>
               <arr name="iris2.participants.proficiencyLearner">
                  <str>Intermediate</str>
               </arr>
               <arr name="iris2.participants.targetLanguage">
                  <str>English</str>
               </arr>
               <arr name="iris2.referenceid">
                  <str>in press_Spada_Jessop_Suzuki_Tomita_Valeo_Isolated and integrated form-focused instruction: Effects on different types of L2 knowledge</str>
               </arr>
               <str name="iris2.references.allauthors">Spada, Jessop, et al. (in press)</str>
               <arr name="iris2.references.author">
                  <str>Spada, Nina</str>
                  <str>Jessop, Lorena</str>
                  <str>Suzuki, Wataru</str>
                  <str>Tomita, Yasuyo</str>
                  <str>Valeo, Antonella</str>
               </arr>
               <str name="iris2.references.author.lastnames">spadajessopsuzukitomitavaleo</str>
               <arr name="iris2.references.journal">
                  <str>Language Teaching Research</str>
               </arr>
               <arr name="iris2.references.publicationDate">
                  <str>in press</str>
               </arr>
               <arr name="iris2.references.publicationLatestDate">
                  <str>in press</str>
               </arr>
               <arr name="iris2.references.publicationType">
                  <str>Journal Article</str>
               </arr>
               <arr name="oai_dc.dc_xsi:schemaLocation">
                  <str>http://www.openarchives.org/OAI/2.0/oai_dc/ http://www.openarchives.org/OAI/2.0/oai_dc.xsd</str>
                  <str>http://www.openarchives.org/OAI/2.0/oai_dc/ http://www.openarchives.org/OAI/2.0/oai_dc.xsd</str>
                  <str>http://www.openarchives.org/OAI/2.0/oai_dc/ http://www.openarchives.org/OAI/2.0/oai_dc.xsd</str>
                  <str>http://www.openarchives.org/OAI/2.0/oai_dc/ http://www.openarchives.org/OAI/2.0/oai_dc.xsd</str>
               </arr>
            </doc>
         </result>
      </response>
   </solr>
   <files>
      <file id="INSTRUMENT4" mime="application/pdf" url="http://www.iris-database.org/iris/api/resource/york:815129/asset/INSTRUMENT4?download=true"/>
      <file id="INSTRUMENT5" mime="application/pdf" url="http://www.iris-database.org/iris/api/resource/york:815129/asset/INSTRUMENT5?download=true"/>
      <file id="INSTRUMENT6" mime="application/pdf" url="http://www.iris-database.org/iris/api/resource/york:815129/asset/INSTRUMENT6?download=true"/>
      <file id="INSTRUMENT7" mime="application/pdf" url="http://www.iris-database.org/iris/api/resource/york:815129/asset/INSTRUMENT7?download=true"/>
   </files>
</record>
