<?xml version="1.0" encoding="ISO-8859-1"?>

<record pid="york:814071">
   <solr>
      <response>
         <lst name="responseHeader">
            <int name="status">0</int>
            <int name="QTime">971</int>
            <lst name="params">
               <str name="q">PID:york?814071</str>
            </lst>
         </lst>
         <result name="response" numfound="1" start="0">
            <doc>
               <str name="PID">york:814071</str>
               <arr name="dc.creator">
                  <str>McManus, Kevin</str>
                  <str>Tracy-Ventura, Nicole</str>
                  <str>Mitchell, Rosamond</str>
               </arr>
               <arr name="dc.date">
                  <str>in press</str>
               </arr>
               <arr name="dc.description">
                  <str>This software was designed to administer a GJT on a computer without access to the internet. Please see the README text document in the folder for explanations on creating test stimuli, adapting the constraints under which the test runs and other features.</str>
               </arr>
               <arr name="dc.format">
                  <str>English</str>
                  <str>French</str>
               </arr>
               <arr name="dc.identifier">
                  <str>york:814071</str>
               </arr>
               <str name="dc.title">Grammaticality Judgement Task</str>
               <str name="dc.title.sort">Grammaticality Judgement Task</str>
               <arr name="dc.type">
                  <str>Grammaticality judgement sentences or acceptability judgement</str>
                  <str>http://www.iris-database.org/Instruments</str>
               </arr>
               <arr name="dc2.creator">
                  <str>McManus, Kevin</str>
                  <str>Tracy-Ventura, Nicole</str>
                  <str>Mitchell, Rosamond</str>
               </arr>
               <arr name="dc2.date">
                  <str>in press</str>
               </arr>
               <arr name="dc2.description">
                  <str>This software was designed to administer a GJT on a computer without access to the internet. Please see the README text document in the folder for explanations on creating test stimuli, adapting the constraints under which the test runs and other features.</str>
               </arr>
               <arr name="dc2.format">
                  <str>English</str>
                  <str>French</str>
               </arr>
               <arr name="dc2.identifier">
                  <str>york:814071</str>
               </arr>
               <str name="dc2.title">Grammaticality Judgement Task</str>
               <arr name="dc2.type">
                  <str>Grammaticality judgement sentences or acceptability judgement</str>
                  <str>http://www.iris-database.org/Instruments</str>
               </arr>
               <arr name="dc3.creator">
                  <str>McManus, Kevin</str>
                  <str>Tracy-Ventura, Nicole</str>
                  <str>Mitchell, Rosamond</str>
               </arr>
               <str name="dc3.title">Grammaticality Judgement Task</str>
               <date name="fgs.createdDate">2013-06-21T16:01:30.851Z</date>
               <date name="fgs.dateCreated.sort">2013-06-21T16:01:30.851Z</date>
               <str name="fgs.label">IRIS Instrument created by YODL workflow.</str>
               <date name="fgs.lastModifiedDate">2016-02-22T17:31:20.679Z</date>
               <str name="fgs.ownerId">iris-945c419d-9858-4887-ac14-b61e3573bd7b</str>
               <str name="fgs.state">Active</str>
               <arr name="iris.email">
                  <str>k.mcmanus@soton.ac.uk</str>
               </arr>
               <arr name="iris.feedback.count">
                  <str>0</str>
               </arr>
               <str name="iris.hasmaterials">Records with materials</str>
               <arr name="iris.instrument.author">
                  <str>McManus, Kevin</str>
                  <str>Tracy-Ventura, Nicole</str>
                  <str>Mitchell, Rosamond</str>
               </arr>
               <arr name="iris.instrument.dataType">
                  <str>Judgements</str>
               </arr>
               <arr name="iris.instrument.funder">
                  <str>Economic and Social Research Council (ESRC)</str>
               </arr>
               <arr name="iris.instrument.instrumentType">
                  <str>Grammaticality / Acceptability judgement test</str>
               </arr>
               <str name="iris.instrument.instrumentType.alltypes">grammaticality / acceptability judgement test </str>
               <arr name="iris.instrument.licence">
                  <str>Attribution-NonCommercial-ShareAlike</str>
               </arr>
               <arr name="iris.instrument.linguisticTarget">
                  <str>Morphosyntax (grammar)</str>
                  <str>Aspect</str>
                  <str>Case</str>
                  <str>Determiners</str>
                  <str>Gender</str>
                  <str>Number</str>
                  <str>Suffixes</str>
                  <str>Tense</str>
                  <str>Morphology</str>
                  <str>Semantics</str>
               </arr>
               <str name="iris.instrument.primaryInstrumentType">Grammaticality / Acceptability judgement test</str>
               <arr name="iris.instrument.researchArea">
                  <str>Acquisition</str>
                  <str>Morphosyntax (grammar)</str>
               </arr>
               <arr name="iris.instrument.sourceLanguage">
                  <str>English</str>
                  <str>French</str>
               </arr>
               <arr name="iris.instrument.title">
                  <str>Grammaticality Judgement Task</str>
               </arr>
               <arr name="iris.instrument.typeOfFile">
                  <str>Software</str>
               </arr>
               <arr name="iris.participants.firstLanguage">
                  <str>English</str>
               </arr>
               <arr name="iris.participants.participantType">
                  <str>Teachers</str>
                  <str>Foreign language learners</str>
               </arr>
               <arr name="iris.participants.proficiencyLearner">
                  <str>Intermediate/advanced</str>
                  <str>Advanced</str>
                  <str>Near native</str>
               </arr>
               <arr name="iris.participants.targetLanguage">
                  <str>French</str>
               </arr>
               <arr name="iris.referenceid">
                  <str>in press_McManus_Tracy-Ventura_Mitchell_Richard_Romero de Mills_Exploring the acquisition of the French subjunctive: Local syntactic context or oral proficiency?</str>
               </arr>
               <str name="iris.references.allauthors">McManus, Tracy-Ventura, et al. (in press)</str>
               <arr name="iris.references.author">
                  <str>McManus, Kevin</str>
                  <str>Tracy-Ventura, Nicole</str>
                  <str>Mitchell, Rosamond</str>
                  <str>Richard, Laurence</str>
                  <str>Romero de Mills, Patricia</str>
               </arr>
               <str name="iris.references.author.lastnames">mcmanustracy-venturamitchellrichardromero de mills</str>
               <arr name="iris.references.author.noack">
                  <str>McManus, Kevin</str>
                  <str>Tracy-Ventura, Nicole</str>
                  <str>Mitchell, Rosamond</str>
                  <str>Richard, Laurence</str>
                  <str>Romero de Mills, Patricia</str>
               </arr>
               <arr name="iris.references.booktitle">
                  <str>Exploring the acquisition of the French subjunctive: Local syntactic context or oral proficiency?</str>
                  <str>Proficiency assessment issues in SLA research: Measures and practices</str>
               </arr>
               <arr name="iris.references.editor">
                  <str>Leclercq, P.</str>
                  <str>Hilton, H.</str>
                  <str>Edmonds, A.</str>
               </arr>
               <arr name="iris.references.publicationDate">
                  <str>in press</str>
               </arr>
               <arr name="iris.references.publicationLatestDate">
                  <str>in press</str>
               </arr>
               <arr name="iris.references.publicationType">
                  <str>Chapter</str>
               </arr>
               <arr name="iris2.email">
                  <str>k.mcmanus@soton.ac.uk</str>
               </arr>
               <arr name="iris2.feedback.count">
                  <str>0</str>
               </arr>
               <str name="iris2.hasmaterials">Records with materials</str>
               <arr name="iris2.instrument.author">
                  <str>McManus, Kevin</str>
                  <str>Tracy-Ventura, Nicole</str>
                  <str>Mitchell, Rosamond</str>
               </arr>
               <arr name="iris2.instrument.dataType">
                  <str>Judgements</str>
               </arr>
               <arr name="iris2.instrument.funder">
                  <str>Economic and Social Research Council (ESRC)</str>
               </arr>
               <arr name="iris2.instrument.instrumentType">
                  <str>Grammaticality / Acceptability judgement test</str>
               </arr>
               <str name="iris2.instrument.instrumentType.alltypes">grammaticality / acceptability judgement test </str>
               <arr name="iris2.instrument.licence">
                  <str>Attribution-NonCommercial-ShareAlike</str>
               </arr>
               <arr name="iris2.instrument.linguisticTarget">
                  <str>Morphosyntax (grammar)</str>
                  <str>Aspect</str>
                  <str>Case</str>
                  <str>Determiners</str>
                  <str>Gender</str>
                  <str>Number</str>
                  <str>Suffixes</str>
                  <str>Tense</str>
                  <str>Morphology</str>
                  <str>Semantics</str>
               </arr>
               <str name="iris2.instrument.primaryInstrumentType">Grammaticality / Acceptability judgement test</str>
               <arr name="iris2.instrument.researchArea">
                  <str>Acquisition</str>
                  <str>Morphosyntax (grammar)</str>
               </arr>
               <arr name="iris2.instrument.sourceLanguage">
                  <str>English</str>
                  <str>French</str>
               </arr>
               <arr name="iris2.instrument.typeOfFile">
                  <str>Software</str>
               </arr>
               <arr name="iris2.participants.firstLanguage">
                  <str>English</str>
               </arr>
               <arr name="iris2.participants.participantType">
                  <str>Teachers</str>
                  <str>Foreign language learners</str>
               </arr>
               <arr name="iris2.participants.proficiencyLearner">
                  <str>Intermediate/advanced</str>
                  <str>Advanced</str>
                  <str>Near native</str>
               </arr>
               <arr name="iris2.participants.targetLanguage">
                  <str>French</str>
               </arr>
               <arr name="iris2.referenceid">
                  <str>in press_McManus_Tracy-Ventura_Mitchell_Richard_Romero de Mills_Exploring the acquisition of the French subjunctive: Local syntactic context or oral proficiency?</str>
               </arr>
               <str name="iris2.references.allauthors">McManus, Tracy-Ventura, et al. (in press)</str>
               <arr name="iris2.references.author">
                  <str>McManus, Kevin</str>
                  <str>Tracy-Ventura, Nicole</str>
                  <str>Mitchell, Rosamond</str>
                  <str>Richard, Laurence</str>
                  <str>Romero de Mills, Patricia</str>
               </arr>
               <str name="iris2.references.author.lastnames">mcmanustracy-venturamitchellrichardromero de mills</str>
               <arr name="iris2.references.booktitle">
                  <str>Exploring the acquisition of the French subjunctive: Local syntactic context or oral proficiency?</str>
                  <str>Proficiency assessment issues in SLA research: Measures and practices</str>
               </arr>
               <arr name="iris2.references.editor">
                  <str>Leclercq, P.</str>
                  <str>Hilton, H.</str>
                  <str>Edmonds, A.</str>
               </arr>
               <arr name="iris2.references.publicationDate">
                  <str>in press</str>
               </arr>
               <arr name="iris2.references.publicationLatestDate">
                  <str>in press</str>
               </arr>
               <arr name="iris2.references.publicationType">
                  <str>Chapter</str>
               </arr>
               <arr name="oai_dc.dc_xsi:schemaLocation">
                  <str>http://www.openarchives.org/OAI/2.0/oai_dc/ http://www.openarchives.org/OAI/2.0/oai_dc.xsd</str>
                  <str>http://www.openarchives.org/OAI/2.0/oai_dc/ http://www.openarchives.org/OAI/2.0/oai_dc.xsd</str>
                  <str>http://www.openarchives.org/OAI/2.0/oai_dc/ http://www.openarchives.org/OAI/2.0/oai_dc.xsd</str>
                  <str>http://www.openarchives.org/OAI/2.0/oai_dc/ http://www.openarchives.org/OAI/2.0/oai_dc.xsd</str>
               </arr>
            </doc>
         </result>
      </response>
   </solr>
   <files>
      <file id="INSTRUMENT" mime="application/octet-stream" url="http://www.iris-database.org/iris/api/resource/york:814071/asset/INSTRUMENT?download=true"/>
   </files>
</record>
