<?xml version="1.0" encoding="ISO-8859-1"?>

<record pid="york:808508">
   <solr>
      <response>
         <lst name="responseHeader">
            <int name="status">0</int>
            <int name="QTime">967</int>
            <lst name="params">
               <str name="q">PID:york?808508</str>
            </lst>
         </lst>
         <result name="response" numfound="1" start="0">
            <doc>
               <str name="PID">york:808508</str>
               <arr name="dc.creator">
                  <str>Zhu, D</str>
               </arr>
               <arr name="dc.date">
                  <str>2008</str>
               </arr>
               <arr name="dc.format">
                  <str>English</str>
               </arr>
               <arr name="dc.subject">
                  <str>Motivation</str>
               </arr>
               <arr name="dc.type">
                  <str>Attitude questionnaire</str>
                  <str>http://www.iris-database.org/Instruments</str>
               </arr>
               <arr name="dc2.creator">
                  <str>Zhu, D</str>
               </arr>
               <arr name="dc2.date">
                  <str>2008</str>
               </arr>
               <arr name="dc2.format">
                  <str>English</str>
               </arr>
               <arr name="dc2.subject">
                  <str>Motivation</str>
               </arr>
               <arr name="dc2.type">
                  <str>Attitude questionnaire</str>
                  <str>http://www.iris-database.org/Instruments</str>
               </arr>
               <arr name="dc3.creator">
                  <str>Zhu, D</str>
               </arr>
               <arr name="dc3.subject">
                  <str>Motivation</str>
               </arr>
               <date name="fgs.createdDate">2013-02-13T18:07:02.489Z</date>
               <date name="fgs.dateCreated.sort">2013-02-13T18:07:02.489Z</date>
               <str name="fgs.label">IRIS Instrument created by YODL workflow.</str>
               <date name="fgs.lastModifiedDate">2016-03-28T13:39:41.243Z</date>
               <str name="fgs.ownerId">iris-580a9f0f-ed9e-4f5f-be7e-877243bddfd0</str>
               <str name="fgs.state">Active</str>
               <arr name="iris.feedback.count">
                  <str>0</str>
               </arr>
               <str name="iris.hasmaterials">Records with materials</str>
               <arr name="iris.instrument.author">
                  <str>Zhu, D</str>
               </arr>
               <arr name="iris.instrument.instrumentType">
                  <str>Questionnaire</str>
                  <str>Attitude questionnaire</str>
               </arr>
               <str name="iris.instrument.instrumentType.alltypes">attitude questionnaire </str>
               <arr name="iris.instrument.licence">
                  <str>Attribution-NonCommercial-ShareAlike</str>
               </arr>
               <str name="iris.instrument.primaryInstrumentType">Questionnaire &gt; Attitude questionnaire</str>
               <arr name="iris.instrument.researchArea">
                  <str>Motivation</str>
               </arr>
               <arr name="iris.instrument.sourceLanguage">
                  <str>English</str>
               </arr>
               <arr name="iris.instrument.typeOfFile">
                  <str>Text</str>
               </arr>
               <arr name="iris.participants.firstLanguage">
                  <str>Chinese</str>
               </arr>
               <arr name="iris.participants.participantType">
                  <str>Foreign language learners</str>
               </arr>
               <arr name="iris.participants.targetLanguage">
                  <str>English</str>
               </arr>
               <arr name="iris.referenceid">
                  <str>2008_Kyriacou_Zhu_Shanghai pupils' motivation towards learning English and the perceived influence of important others</str>
                  <str>Zhu_EFL learning motivation in Shanghai upper-secondary students and the influence of important others</str>
               </arr>
               <str name="iris.references.allauthors">Kyriacou &amp; Zhu (2008); Zhu (2007)</str>
               <arr name="iris.references.author">
                  <str>Kyriacou, C</str>
                  <str>Zhu, D</str>
                  <str>Zhu, D</str>
               </arr>
               <str name="iris.references.author.lastnames">kyriacouzhuzhu</str>
               <arr name="iris.references.author.noack">
                  <str>Kyriacou, C</str>
                  <str>Zhu, D</str>
                  <str>Zhu, D</str>
               </arr>
               <arr name="iris.references.journal">
                  <str>Educational Studies</str>
               </arr>
               <arr name="iris.references.publicationDate">
                  <str>2008</str>
                  <str>2007</str>
               </arr>
               <arr name="iris.references.publicationLatestDate">
                  <str>2008</str>
               </arr>
               <arr name="iris.references.publicationType">
                  <str>Journal Article</str>
                  <str>Thesis</str>
               </arr>
               <arr name="iris2.feedback.count">
                  <str>0</str>
               </arr>
               <str name="iris2.hasmaterials">Records with materials</str>
               <arr name="iris2.instrument.author">
                  <str>Zhu, D</str>
               </arr>
               <arr name="iris2.instrument.instrumentType">
                  <str>Questionnaire</str>
                  <str>Attitude questionnaire</str>
               </arr>
               <str name="iris2.instrument.instrumentType.alltypes">attitude questionnaire </str>
               <arr name="iris2.instrument.licence">
                  <str>Attribution-NonCommercial-ShareAlike</str>
               </arr>
               <str name="iris2.instrument.primaryInstrumentType">Questionnaire &gt; Attitude questionnaire</str>
               <arr name="iris2.instrument.researchArea">
                  <str>Motivation</str>
               </arr>
               <arr name="iris2.instrument.sourceLanguage">
                  <str>English</str>
               </arr>
               <arr name="iris2.instrument.typeOfFile">
                  <str>Text</str>
               </arr>
               <arr name="iris2.participants.firstLanguage">
                  <str>Chinese</str>
               </arr>
               <arr name="iris2.participants.participantType">
                  <str>Foreign language learners</str>
               </arr>
               <arr name="iris2.participants.targetLanguage">
                  <str>English</str>
               </arr>
               <arr name="iris2.referenceid">
                  <str>2008_Kyriacou_Zhu_Shanghai pupils' motivation towards learning English and the perceived influence of important others</str>
                  <str>Zhu_EFL learning motivation in Shanghai upper-secondary students and the influence of important others</str>
               </arr>
               <str name="iris2.references.allauthors">Kyriacou &amp; Zhu (2008); Zhu (2007)</str>
               <arr name="iris2.references.author">
                  <str>Kyriacou, C</str>
                  <str>Zhu, D</str>
                  <str>Zhu, D</str>
               </arr>
               <str name="iris2.references.author.lastnames">kyriacouzhuzhu</str>
               <arr name="iris2.references.journal">
                  <str>Educational Studies</str>
               </arr>
               <arr name="iris2.references.publicationDate">
                  <str>2008</str>
                  <str>2007</str>
               </arr>
               <arr name="iris2.references.publicationLatestDate">
                  <str>2008</str>
               </arr>
               <arr name="iris2.references.publicationType">
                  <str>Journal Article</str>
                  <str>Thesis</str>
               </arr>
               <arr name="oai_dc.dc_xsi:schemaLocation">
                  <str>http://www.openarchives.org/OAI/2.0/oai_dc/ http://www.openarchives.org/OAI/2.0/oai_dc.xsd</str>
               </arr>
            </doc>
         </result>
      </response>
   </solr>
   <files>
      <file id="INSTRUMENT" mime="application/pdf" url="http://www.iris-database.org/iris/api/resource/york:808508/asset/INSTRUMENT?download=true"/>
   </files>
</record>
