<?xml version="1.0" encoding="ISO-8859-1"?>

<record pid="york:790115">
   <solr>
      <response>
         <lst name="responseHeader">
            <int name="status">0</int>
            <int name="QTime">622</int>
            <lst name="params">
               <str name="q">PID:york?790115</str>
            </lst>
         </lst>
         <result name="response" numfound="1" start="0">
            <doc>
               <str name="PID">york:790115</str>
               <arr name="dc.creator">
                  <str>Cao, Yiqian (Katherine)</str>
               </arr>
               <arr name="dc.date">
                  <str>2011</str>
                  <str>2009</str>
               </arr>
               <arr name="dc.description">
                  <str>This is a resource from IRIS, a collection of instruments, materials and stimuli used to elicit data for research into second and foreign languages.</str>
               </arr>
               <arr name="dc.relation">
                  <str>Cao, Y. (2009). Understanding the notion of interdependence and the dynamics of willingness to communicate. University of Auckland, New Zealand</str>
                  <str>Cao, Y. (2011). Investigating situational willingness to communicate within second language classrooms from an ecological perspective. System, 39(4). 468-479</str>
               </arr>
               <arr name="dc.rights">
                  <str>http://creativecommons.org/licenses/by-nc-sa/3.0/</str>
               </arr>
               <arr name="dc.source">
                  <str>http://www.iris-database.org/iris/app/home/detail?id=york:790115</str>
               </arr>
               <str name="dc.title">Cao: Interview Protocol; Observation Protocol; Questionnaire; Stimulated Recall</str>
               <str name="dc.title.sort">Cao: Interview Protocol; Observation Protocol; Questionnaire; Stimulated Recall</str>
               <arr name="dc.type">
                  <str>http://www.iris-database.org/Instruments</str>
               </arr>
               <arr name="dc2.creator">
                  <str>Cao, Yiqian (Katherine)</str>
               </arr>
               <arr name="dc2.date">
                  <str>2011</str>
                  <str>2009</str>
               </arr>
               <arr name="dc2.description">
                  <str>This is a resource from IRIS, a collection of instruments, materials and stimuli used to elicit data for research into second and foreign languages.</str>
               </arr>
               <arr name="dc2.relation">
                  <str>Cao, Y. (2009). Understanding the notion of interdependence and the dynamics of willingness to communicate. University of Auckland, New Zealand</str>
                  <str>Cao, Y. (2011). Investigating situational willingness to communicate within second language classrooms from an ecological perspective. System, 39(4). 468-479</str>
               </arr>
               <arr name="dc2.rights">
                  <str>http://creativecommons.org/licenses/by-nc-sa/3.0/</str>
               </arr>
               <arr name="dc2.source">
                  <str>http://www.iris-database.org/iris/app/home/detail?id=york:790115</str>
               </arr>
               <str name="dc2.title">Cao: Interview Protocol; Observation Protocol; Questionnaire; Stimulated Recall</str>
               <arr name="dc2.type">
                  <str>http://www.iris-database.org/Instruments</str>
               </arr>
               <arr name="dc3.creator">
                  <str>Cao, Yiqian (Katherine)</str>
               </arr>
               <str name="dc3.title">Cao: Interview Protocol; Observation Protocol; Questionnaire; Stimulated Recall</str>
               <date name="fgs.createdDate">2012-02-21T11:50:24.783Z</date>
               <date name="fgs.dateCreated.sort">2012-02-21T11:50:24.783Z</date>
               <str name="fgs.label">IRIS Instrument created by YODL workflow.</str>
               <date name="fgs.lastModifiedDate">2016-05-23T08:08:30.949Z</date>
               <str name="fgs.ownerId">fedoraAdmin</str>
               <str name="fgs.state">Active</str>
               <arr name="iris.email">
                  <str>Yiqian.Cao@xjtlu.edu.cn</str>
               </arr>
               <arr name="iris.feedback.count">
                  <str>1</str>
               </arr>
               <arr name="iris.feedback.email_1">
                  <str>myrna242000@yahoo.co.uk</str>
               </arr>
               <arr name="iris.feedback.published_1">
                  <str>false</str>
               </arr>
               <arr name="iris.feedback.time_1">
                  <str>9 Jul 2014 16:07:08 GMT</str>
               </arr>
               <str name="iris.hasmaterials">Records with materials</str>
               <arr name="iris.instrument.author">
                  <str>Cao, Yiqian</str>
               </arr>
               <arr name="iris.instrument.dataType">
                  <str>Open response</str>
                  <str>Oral production</str>
               </arr>
               <arr name="iris.instrument.instrumentType">
                  <str>Interview protocol / schedule</str>
                  <str>Observation protocol / schedule</str>
                  <str>Questionnaire</str>
                  <str>Stimulated recall</str>
               </arr>
               <str name="iris.instrument.instrumentType.alltypes">interview protocol / schedule observation protocol / schedule questionnaire stimulated recall </str>
               <arr name="iris.instrument.licence">
                  <str>Attribution-NonCommercial-ShareAlike</str>
               </arr>
               <arr name="iris.instrument.linguisticTarget">
                  <str>Morphosyntax (grammar)</str>
                  <str>Aspect</str>
                  <str>Case</str>
                  <str>Determiners</str>
                  <str>Gender</str>
                  <str>Number</str>
                  <str>Tense</str>
               </arr>
               <str name="iris.instrument.primaryInstrumentType">Interview protocol / schedule</str>
               <arr name="iris.instrument.researchArea">
                  <str>Learner attitudes</str>
                  <str>Motivation</str>
                  <str>Acquisition</str>
               </arr>
               <arr name="iris.instrument.secondaryInstrumentType">
                  <str>Observation protocol / schedule</str>
                  <str>Questionnaire</str>
                  <str>Stimulated recall</str>
               </arr>
               <arr name="iris.instrument.sourceLanguage">
                  <str>English</str>
               </arr>
               <arr name="iris.instrument.typeOfFile">
                  <str>Text</str>
               </arr>
               <arr name="iris.participants.gender">
                  <str>mixed</str>
               </arr>
               <arr name="iris.participants.participantType">
                  <str>Foreign language learners</str>
                  <str>Second language learners</str>
                  <str>Monolinguals</str>
               </arr>
               <arr name="iris.participants.targetLanguage">
                  <str>English</str>
               </arr>
               <arr name="iris.referenceid">
                  <str>Cao_Understanding the notion of interdependence and the dynamics of willingness to communicate</str>
                  <str>2011_Cao_Investigating situational willingness to communicate within second language classrooms from an ecological perspective</str>
               </arr>
               <str name="iris.references.allauthors">Cao (2009); Cao (2011)</str>
               <arr name="iris.references.author">
                  <str>Cao, Yiqian</str>
                  <str>Cao, Yiqian</str>
               </arr>
               <str name="iris.references.author.lastnames">caocao</str>
               <arr name="iris.references.author.noack">
                  <str>Cao, Yiqian</str>
                  <str>Cao, Yiqian</str>
               </arr>
               <arr name="iris.references.journal">
                  <str>System</str>
               </arr>
               <arr name="iris.references.publicationDate">
                  <str>2011</str>
                  <str>2009</str>
               </arr>
               <arr name="iris.references.publicationLatestDate">
                  <str>2011</str>
               </arr>
               <arr name="iris.references.publicationType">
                  <str>Thesis</str>
                  <str>Journal Article</str>
               </arr>
               <arr name="iris2.email">
                  <str>Yiqian.Cao@xjtlu.edu.cn</str>
               </arr>
               <arr name="iris2.feedback.count">
                  <str>1</str>
               </arr>
               <arr name="iris2.feedback.email_1">
                  <str>myrna242000@yahoo.co.uk</str>
               </arr>
               <arr name="iris2.feedback.published_1">
                  <str>false</str>
               </arr>
               <arr name="iris2.feedback.time_1">
                  <str>9 Jul 2014 16:07:08 GMT</str>
               </arr>
               <str name="iris2.hasmaterials">Records with materials</str>
               <arr name="iris2.instrument.author">
                  <str>Cao, Yiqian</str>
               </arr>
               <arr name="iris2.instrument.dataType">
                  <str>Open response</str>
                  <str>Oral production</str>
               </arr>
               <arr name="iris2.instrument.instrumentType">
                  <str>Interview protocol / schedule</str>
                  <str>Observation protocol / schedule</str>
                  <str>Questionnaire</str>
                  <str>Stimulated recall</str>
               </arr>
               <str name="iris2.instrument.instrumentType.alltypes">interview protocol / schedule observation protocol / schedule questionnaire stimulated recall </str>
               <arr name="iris2.instrument.licence">
                  <str>Attribution-NonCommercial-ShareAlike</str>
               </arr>
               <arr name="iris2.instrument.linguisticTarget">
                  <str>Morphosyntax (grammar)</str>
                  <str>Aspect</str>
                  <str>Case</str>
                  <str>Determiners</str>
                  <str>Gender</str>
                  <str>Number</str>
                  <str>Tense</str>
               </arr>
               <str name="iris2.instrument.primaryInstrumentType">Interview protocol / schedule</str>
               <arr name="iris2.instrument.researchArea">
                  <str>Learner attitudes</str>
                  <str>Motivation</str>
                  <str>Acquisition</str>
               </arr>
               <arr name="iris2.instrument.secondaryInstrumentType">
                  <str>Observation protocol / schedule</str>
                  <str>Questionnaire</str>
                  <str>Stimulated recall</str>
               </arr>
               <arr name="iris2.instrument.sourceLanguage">
                  <str>English</str>
               </arr>
               <arr name="iris2.instrument.typeOfFile">
                  <str>Text</str>
               </arr>
               <arr name="iris2.participants.gender">
                  <str>mixed</str>
               </arr>
               <arr name="iris2.participants.participantType">
                  <str>Foreign language learners</str>
                  <str>Second language learners</str>
                  <str>Monolinguals</str>
               </arr>
               <arr name="iris2.participants.targetLanguage">
                  <str>English</str>
               </arr>
               <arr name="iris2.referenceid">
                  <str>Cao_Understanding the notion of interdependence and the dynamics of willingness to communicate</str>
                  <str>2011_Cao_Investigating situational willingness to communicate within second language classrooms from an ecological perspective</str>
               </arr>
               <str name="iris2.references.allauthors">Cao (2009); Cao (2011)</str>
               <arr name="iris2.references.author">
                  <str>Cao, Yiqian</str>
                  <str>Cao, Yiqian</str>
               </arr>
               <str name="iris2.references.author.lastnames">caocao</str>
               <arr name="iris2.references.journal">
                  <str>System</str>
               </arr>
               <arr name="iris2.references.publicationDate">
                  <str>2011</str>
                  <str>2009</str>
               </arr>
               <arr name="iris2.references.publicationLatestDate">
                  <str>2011</str>
               </arr>
               <arr name="iris2.references.publicationType">
                  <str>Thesis</str>
                  <str>Journal Article</str>
               </arr>
               <arr name="oai_dc.dc_xsi:schemaLocation">
                  <str>http://www.openarchives.org/OAI/2.0/oai_dc/ http://www.openarchives.org/OAI/2.0/oai_dc.xsd</str>
               </arr>
            </doc>
         </result>
      </response>
   </solr>
   <files>
      <file id="INSTRUMENT" mime="application/vnd.openxmlformats-officedocument.wordprocessingml.document" url="http://www.iris-database.org/iris/api/resource/york:790115/asset/INSTRUMENT?download=true"/>
   </files>
</record>
