<?xml version="1.0" encoding="ISO-8859-1"?>

<record pid="york:810244">
   <solr>
      <response>
         <lst name="responseHeader">
            <int name="status">0</int>
            <int name="QTime">1165</int>
            <lst name="params">
               <str name="q">PID:york?810244</str>
            </lst>
         </lst>
         <result name="response" numfound="1" start="0">
            <doc>
               <str name="PID">york:810244</str>
               <arr name="dc.creator">
                  <str>De Jong, Nivja</str>
                  <str>Groenhout, Rachel</str>
                  <str>Schoonen, Rob</str>
                  <str>Hulstijn, Jan</str>
               </arr>
               <arr name="dc.date">
                  <str>in press</str>
                  <str>2012</str>
               </arr>
               <arr name="dc.description">
                  <str>The .exe file is made in Authorware (http://www.adobe.com/products/authorware/). However, more files are needed in a directory to be able to run this file (.dll-files). These files are sent upon request or uploaded to this database at a later stage. The .ppt file shows what the speaking tasks looked like when the .exe is run. Originally, PRAAT (http://www.fon.hum.uva.nl/praat/) was used to automatically record the speaking performances on the same computer as the .exe file is run on. The .doc-file, finally, shows the scoresheets that were used by the raters to judge the speaking performances on functional adequacy/communicative success. NB: the tasks were carried out by native speakers of English (in the study as published in the journal Applied Psycholinguistics). The tasks, however, are very well suitable for L2 learners of English. They were constructed to be similar to a set of eight speaking tasks in Dutch (for both L2 learners of Dutch and native speakers), as published in SSLA (http://dx.doi.org/10.1017/S0272263111000489)</str>
               </arr>
               <arr name="dc.format">
                  <str>English</str>
               </arr>
               <arr name="dc.subject">
                  <str>Speaking</str>
                  <str>Fluency</str>
               </arr>
               <arr name="dc.type">
                  <str>Speaking test</str>
                  <str>http://www.iris-database.org/Instruments</str>
               </arr>
               <arr name="dc2.creator">
                  <str>De Jong, Nivja</str>
                  <str>Groenhout, Rachel</str>
                  <str>Schoonen, Rob</str>
                  <str>Hulstijn, Jan</str>
               </arr>
               <arr name="dc2.date">
                  <str>in press</str>
                  <str>2012</str>
               </arr>
               <arr name="dc2.description">
                  <str>The .exe file is made in Authorware (http://www.adobe.com/products/authorware/). However, more files are needed in a directory to be able to run this file (.dll-files). These files are sent upon request or uploaded to this database at a later stage. The .ppt file shows what the speaking tasks looked like when the .exe is run. Originally, PRAAT (http://www.fon.hum.uva.nl/praat/) was used to automatically record the speaking performances on the same computer as the .exe file is run on. The .doc-file, finally, shows the scoresheets that were used by the raters to judge the speaking performances on functional adequacy/communicative success. NB: the tasks were carried out by native speakers of English (in the study as published in the journal Applied Psycholinguistics). The tasks, however, are very well suitable for L2 learners of English. They were constructed to be similar to a set of eight speaking tasks in Dutch (for both L2 learners of Dutch and native speakers), as published in SSLA (http://dx.doi.org/10.1017/S0272263111000489)</str>
               </arr>
               <arr name="dc2.format">
                  <str>English</str>
               </arr>
               <arr name="dc2.subject">
                  <str>Speaking</str>
                  <str>Fluency</str>
               </arr>
               <arr name="dc2.type">
                  <str>Speaking test</str>
                  <str>http://www.iris-database.org/Instruments</str>
               </arr>
               <arr name="dc3.creator">
                  <str>De Jong, Nivja</str>
                  <str>Groenhout, Rachel</str>
                  <str>Schoonen, Rob</str>
                  <str>Hulstijn, Jan</str>
               </arr>
               <arr name="dc3.subject">
                  <str>Speaking</str>
                  <str>Fluency</str>
               </arr>
               <date name="fgs.createdDate">2013-06-07T10:34:22.976Z</date>
               <date name="fgs.dateCreated.sort">2013-06-07T10:34:22.976Z</date>
               <str name="fgs.label">IRIS Instrument created by YODL workflow.</str>
               <date name="fgs.lastModifiedDate">2016-05-16T14:27:56.572Z</date>
               <str name="fgs.ownerId">iris-691e924b-7637-48a5-b82f-92d1de24eddb</str>
               <str name="fgs.state">Active</str>
               <arr name="iris.email">
                  <str>nivjadj@gmail.com</str>
               </arr>
               <arr name="iris.feedback.count">
                  <str>0</str>
               </arr>
               <str name="iris.hasmaterials">Records with materials</str>
               <arr name="iris.instrument.author">
                  <str>De Jong, Nivja</str>
                  <str>Groenhout, Rachel</str>
                  <str>Schoonen, Rob</str>
                  <str>Hulstijn, Jan</str>
               </arr>
               <arr name="iris.instrument.dataType">
                  <str>Oral production</str>
               </arr>
               <arr name="iris.instrument.funder">
                  <str>Irish Research Council for Humanities and Social Sciences</str>
               </arr>
               <arr name="iris.instrument.instrumentType">
                  <str>Speaking test / Oral production test</str>
               </arr>
               <str name="iris.instrument.instrumentType.alltypes">speaking test / oral production test </str>
               <arr name="iris.instrument.licence">
                  <str>Attribution-NonCommercial-ShareAlike</str>
               </arr>
               <str name="iris.instrument.primaryInstrumentType">Speaking test / Oral production test</str>
               <arr name="iris.instrument.researchArea">
                  <str>Speaking / Oral production</str>
                  <str>Fluency</str>
               </arr>
               <arr name="iris.instrument.sourceLanguage">
                  <str>English</str>
               </arr>
               <arr name="iris.instrument.typeOfFile">
                  <str>Still Image</str>
                  <str>Text</str>
               </arr>
               <arr name="iris.participants.gender">
                  <str>mixed</str>
               </arr>
               <arr name="iris.participants.participantType">
                  <str>Native speakers</str>
                  <str>Second language learners</str>
               </arr>
               <arr name="iris.participants.proficiencyLearner">
                  <str>Pre-intermediate</str>
                  <str>Intermediate</str>
                  <str>Intermediate/advanced</str>
                  <str>Advanced</str>
                  <str>Near native</str>
                  <str>Native</str>
               </arr>
               <arr name="iris.participants.targetLanguage">
                  <str>English</str>
               </arr>
               <arr name="iris.referenceid">
                  <str>in press_De Jong_Groenhout_Schoonen_Hulstijn_Second language fluency: Speaking style or proficiency? Correcting measures of second language fluency for first language behavior</str>
                  <str>2012_De Jong_Steinel_Florijn_Schoonen_Hulstijn_Facets of speaking proficiency</str>
               </arr>
               <str name="iris.references.allauthors">De Jong, Groenhout, et al. (in press); </str>
               <arr name="iris.references.author">
                  <str>De Jong, Nivja</str>
                  <str>Groenhout, Rachel</str>
                  <str>Schoonen, Rob</str>
                  <str>Hulstijn, Jan</str>
                  <str>De Jong, Nivja</str>
                  <str>Steinel, Margarita</str>
                  <str>Florijn, Arjen</str>
                  <str>Schoonen, Rob</str>
                  <str>Hulstijn, Jan</str>
               </arr>
               <str name="iris.references.author.lastnames">de jonggroenhoutschoonenhulstijnde jongsteinelflorijnschoonenhulstijn</str>
               <arr name="iris.references.author.noack">
                  <str>De Jong, Nivja</str>
                  <str>Groenhout, Rachel</str>
                  <str>Schoonen, Rob</str>
                  <str>Hulstijn, Jan</str>
               </arr>
               <arr name="iris.references.journal">
                  <str>Applied Psycholinguistics</str>
               </arr>
               <arr name="iris.references.publicationDate">
                  <str>in press</str>
                  <str>2012</str>
               </arr>
               <arr name="iris.references.publicationLatestDate">
                  <str>in press</str>
                  <str>2012</str>
               </arr>
               <arr name="iris.references.publicationType">
                  <str>Journal Article</str>
                  <str>Journal Article</str>
               </arr>
               <arr name="iris2.email">
                  <str>nivjadj@gmail.com</str>
               </arr>
               <arr name="iris2.feedback.count">
                  <str>0</str>
               </arr>
               <str name="iris2.hasmaterials">Records with materials</str>
               <arr name="iris2.instrument.author">
                  <str>De Jong, Nivja</str>
                  <str>Groenhout, Rachel</str>
                  <str>Schoonen, Rob</str>
                  <str>Hulstijn, Jan</str>
               </arr>
               <arr name="iris2.instrument.dataType">
                  <str>Oral production</str>
               </arr>
               <arr name="iris2.instrument.funder">
                  <str>Irish Research Council for Humanities and Social Sciences</str>
               </arr>
               <arr name="iris2.instrument.instrumentType">
                  <str>Speaking test / Oral production test</str>
               </arr>
               <str name="iris2.instrument.instrumentType.alltypes">speaking test / oral production test </str>
               <arr name="iris2.instrument.licence">
                  <str>Attribution-NonCommercial-ShareAlike</str>
               </arr>
               <str name="iris2.instrument.primaryInstrumentType">Speaking test / Oral production test</str>
               <arr name="iris2.instrument.researchArea">
                  <str>Speaking / Oral production</str>
                  <str>Fluency</str>
               </arr>
               <arr name="iris2.instrument.sourceLanguage">
                  <str>English</str>
               </arr>
               <arr name="iris2.instrument.typeOfFile">
                  <str>Still Image</str>
                  <str>Text</str>
               </arr>
               <arr name="iris2.participants.gender">
                  <str>mixed</str>
               </arr>
               <arr name="iris2.participants.participantType">
                  <str>Native speakers</str>
                  <str>Second language learners</str>
               </arr>
               <arr name="iris2.participants.proficiencyLearner">
                  <str>Pre-intermediate</str>
                  <str>Intermediate</str>
                  <str>Intermediate/advanced</str>
                  <str>Advanced</str>
                  <str>Near native</str>
                  <str>Native</str>
               </arr>
               <arr name="iris2.participants.targetLanguage">
                  <str>English</str>
               </arr>
               <arr name="iris2.referenceid">
                  <str>in press_De Jong_Groenhout_Schoonen_Hulstijn_Second language fluency: Speaking style or proficiency? Correcting measures of second language fluency for first language behavior</str>
                  <str>2012_De Jong_Steinel_Florijn_Schoonen_Hulstijn_Facets of speaking proficiency</str>
               </arr>
               <str name="iris2.references.allauthors">De Jong, Groenhout, et al. (in press); </str>
               <arr name="iris2.references.author">
                  <str>De Jong, Nivja</str>
                  <str>Groenhout, Rachel</str>
                  <str>Schoonen, Rob</str>
                  <str>Hulstijn, Jan</str>
                  <str>De Jong, Nivja</str>
                  <str>Steinel, Margarita</str>
                  <str>Florijn, Arjen</str>
                  <str>Schoonen, Rob</str>
                  <str>Hulstijn, Jan</str>
               </arr>
               <str name="iris2.references.author.lastnames">de jonggroenhoutschoonenhulstijnde jongsteinelflorijnschoonenhulstijn</str>
               <arr name="iris2.references.journal">
                  <str>Applied Psycholinguistics</str>
               </arr>
               <arr name="iris2.references.publicationDate">
                  <str>in press</str>
                  <str>2012</str>
               </arr>
               <arr name="iris2.references.publicationLatestDate">
                  <str>in press</str>
                  <str>2012</str>
               </arr>
               <arr name="iris2.references.publicationType">
                  <str>Journal Article</str>
                  <str>Journal Article</str>
               </arr>
               <arr name="oai_dc.dc_xsi:schemaLocation">
                  <str>http://www.openarchives.org/OAI/2.0/oai_dc/ http://www.openarchives.org/OAI/2.0/oai_dc.xsd</str>
               </arr>
            </doc>
         </result>
      </response>
   </solr>
   <files>
      <file id="INSTRUMENT" mime="application/octet-stream" url="http://www.iris-database.org/iris/api/resource/york:810244/asset/INSTRUMENT?download=true"/>
      <file id="INSTRUMENT1" mime="application/octet-stream" url="http://www.iris-database.org/iris/api/resource/york:810244/asset/INSTRUMENT1?download=true"/>
   </files>
</record>
