<?xml version="1.0" encoding="ISO-8859-1"?>

<record pid="york:822316">
   <solr>
      <response>
         <lst name="responseHeader">
            <int name="status">0</int>
            <int name="QTime">1337</int>
            <lst name="params">
               <str name="q">PID:york?822316</str>
            </lst>
         </lst>
         <result name="response" numfound="1" start="0">
            <doc>
               <str name="PID">york:822316</str>
               <arr name="dc.creator">
                  <str>Nassaji, Hossein</str>
               </arr>
               <arr name="dc.date">
                  <str>2009</str>
               </arr>
               <arr name="dc.description">
                  <str>Pictures were used to elicit written and spoken production.</str>
               </arr>
               <arr name="dc.identifier">
                  <str>york:822316</str>
               </arr>
               <str name="dc.title">Picture sequencing task</str>
               <str name="dc.title.sort">Picture sequencing task</str>
               <arr name="dc.type">
                  <str>Writing test</str>
                  <str>Narration / Story retelling</str>
                  <str>Picture description</str>
                  <str>http://www.iris-database.org/Instruments</str>
               </arr>
               <arr name="dc2.creator">
                  <str>Nassaji, Hossein</str>
               </arr>
               <arr name="dc2.date">
                  <str>2009</str>
               </arr>
               <arr name="dc2.description">
                  <str>Pictures were used to elicit written and spoken production.</str>
               </arr>
               <arr name="dc2.identifier">
                  <str>york:822316</str>
               </arr>
               <str name="dc2.title">Picture sequencing task</str>
               <arr name="dc2.type">
                  <str>Writing test</str>
                  <str>Narration / Story retelling</str>
                  <str>Picture description</str>
                  <str>http://www.iris-database.org/Instruments</str>
               </arr>
               <arr name="dc3.creator">
                  <str>Nassaji, Hossein</str>
               </arr>
               <str name="dc3.title">Picture sequencing task</str>
               <date name="fgs.createdDate">2014-05-26T17:12:15.016Z</date>
               <date name="fgs.dateCreated.sort">2014-05-26T17:12:15.016Z</date>
               <str name="fgs.label">IRIS Instrument created by YODL workflow.</str>
               <date name="fgs.lastModifiedDate">2016-02-19T09:09:40.145Z</date>
               <str name="fgs.ownerId">iris-580a9f0f-ed9e-4f5f-be7e-877243bddfd0</str>
               <str name="fgs.state">Active</str>
               <arr name="iris.email">
                  <str>nassaji@uvic.ca</str>
               </arr>
               <arr name="iris.feedback.count">
                  <str>0</str>
               </arr>
               <str name="iris.hasmaterials">Records with information only (materials not yet held)</str>
               <arr name="iris.instrument.author">
                  <str>Nassaji, Hossein</str>
               </arr>
               <arr name="iris.instrument.instrumentType">
                  <str>Writing test</str>
                  <str>Speaking test / Oral production test</str>
                  <str>Narration / Story retelling </str>
                  <str>Speaking test / Oral production test</str>
                  <str>Picture description</str>
               </arr>
               <str name="iris.instrument.instrumentType.alltypes">writing test narration / story retelling  picture description </str>
               <arr name="iris.instrument.licence">
                  <str>Attribution-NonCommercial-ShareAlike</str>
               </arr>
               <str name="iris.instrument.primaryInstrumentType">Speaking test / Oral production test &gt; Picture description</str>
               <arr name="iris.instrument.researchArea">
                  <str>Acquisition</str>
                  <str>Error correction / Corrective feedback</str>
                  <str>Speaking / Oral production</str>
                  <str>Teaching methods (style, approach, technique)</str>
               </arr>
               <arr name="iris.instrument.secondaryInstrumentType">
                  <str>Writing test</str>
                  <str>Speaking test / Oral production test &gt; Narration / Story retelling </str>
               </arr>
               <arr name="iris.instrument.title">
                  <str>Picture sequencing task</str>
               </arr>
               <arr name="iris.instrument.typeOfFile">
                  <str>Still Image</str>
               </arr>
               <arr name="iris.participants.firstLanguage">
                  <str>Japanese</str>
                  <str>Chinese</str>
                  <str>French</str>
                  <str>Korean</str>
                  <str>Portuguese</str>
                  <str>Thai</str>
                  <str>Spanish</str>
               </arr>
               <arr name="iris.participants.participantType">
                  <str>Foreign language learners</str>
                  <str/>
               </arr>
               <arr name="iris.participants.targetLanguage">
                  <str>English</str>
               </arr>
               <arr name="iris.referenceid">
                  <str>2009_Nassaji_Effects of recasts and elicitations in dyadic interaction and the role of feedback explicitness</str>
               </arr>
               <str name="iris.references.allauthors">Nassaji (2009)</str>
               <arr name="iris.references.author">
                  <str>Nassaji, Hossein</str>
               </arr>
               <str name="iris.references.author.lastnames">nassaji</str>
               <arr name="iris.references.author.noack">
                  <str>Nassaji, Hossein</str>
               </arr>
               <arr name="iris.references.journal">
                  <str>Language Learning</str>
               </arr>
               <arr name="iris.references.publicationDate">
                  <str>2009</str>
               </arr>
               <arr name="iris.references.publicationLatestDate">
                  <str>2009</str>
               </arr>
               <arr name="iris.references.publicationType">
                  <str>Journal Article</str>
               </arr>
               <arr name="iris2.email">
                  <str>nassaji@uvic.ca</str>
               </arr>
               <arr name="iris2.feedback.count">
                  <str>0</str>
               </arr>
               <str name="iris2.hasmaterials">Records with information only (materials not yet held)</str>
               <arr name="iris2.instrument.author">
                  <str>Nassaji, Hossein</str>
               </arr>
               <arr name="iris2.instrument.instrumentType">
                  <str>Writing test</str>
                  <str>Speaking test / Oral production test</str>
                  <str>Narration / Story retelling </str>
                  <str>Speaking test / Oral production test</str>
                  <str>Picture description</str>
               </arr>
               <str name="iris2.instrument.instrumentType.alltypes">writing test narration / story retelling  picture description </str>
               <arr name="iris2.instrument.licence">
                  <str>Attribution-NonCommercial-ShareAlike</str>
               </arr>
               <str name="iris2.instrument.primaryInstrumentType">Speaking test / Oral production test &gt; Picture description</str>
               <arr name="iris2.instrument.researchArea">
                  <str>Acquisition</str>
                  <str>Error correction / Corrective feedback</str>
                  <str>Speaking / Oral production</str>
                  <str>Teaching methods (style, approach, technique)</str>
               </arr>
               <arr name="iris2.instrument.secondaryInstrumentType">
                  <str>Writing test</str>
                  <str>Speaking test / Oral production test &gt; Narration / Story retelling </str>
               </arr>
               <arr name="iris2.instrument.typeOfFile">
                  <str>Still Image</str>
               </arr>
               <arr name="iris2.participants.firstLanguage">
                  <str>Japanese</str>
                  <str>Chinese</str>
                  <str>French</str>
                  <str>Korean</str>
                  <str>Portuguese</str>
                  <str>Thai</str>
                  <str>Spanish</str>
               </arr>
               <arr name="iris2.participants.participantType">
                  <str>Foreign language learners</str>
                  <str/>
               </arr>
               <arr name="iris2.participants.targetLanguage">
                  <str>English</str>
               </arr>
               <arr name="iris2.referenceid">
                  <str>2009_Nassaji_Effects of recasts and elicitations in dyadic interaction and the role of feedback explicitness</str>
               </arr>
               <str name="iris2.references.allauthors">Nassaji (2009)</str>
               <arr name="iris2.references.author">
                  <str>Nassaji, Hossein</str>
               </arr>
               <str name="iris2.references.author.lastnames">nassaji</str>
               <arr name="iris2.references.journal">
                  <str>Language Learning</str>
               </arr>
               <arr name="iris2.references.publicationDate">
                  <str>2009</str>
               </arr>
               <arr name="iris2.references.publicationLatestDate">
                  <str>2009</str>
               </arr>
               <arr name="iris2.references.publicationType">
                  <str>Journal Article</str>
               </arr>
               <arr name="oai_dc.dc_xsi:schemaLocation">
                  <str>http://www.openarchives.org/OAI/2.0/oai_dc/ http://www.openarchives.org/OAI/2.0/oai_dc.xsd</str>
                  <str>http://www.openarchives.org/OAI/2.0/oai_dc/ http://www.openarchives.org/OAI/2.0/oai_dc.xsd</str>
                  <str>http://www.openarchives.org/OAI/2.0/oai_dc/ http://www.openarchives.org/OAI/2.0/oai_dc.xsd</str>
                  <str>http://www.openarchives.org/OAI/2.0/oai_dc/ http://www.openarchives.org/OAI/2.0/oai_dc.xsd</str>
               </arr>
            </doc>
         </result>
      </response>
   </solr>
   <files/>
</record>
