<?xml version="1.0" encoding="ISO-8859-1"?>

<record pid="york:807106">
   <solr>
      <response>
         <lst name="responseHeader">
            <int name="status">0</int>
            <int name="QTime">1634</int>
            <lst name="params">
               <str name="q">PID:york?807106</str>
            </lst>
         </lst>
         <result name="response" numfound="1" start="0">
            <doc>
               <str name="PID">york:807106</str>
               <arr name="dc.creator">
                  <str>Cadierno, Teresa</str>
               </arr>
               <arr name="dc.date">
                  <str>1993</str>
                  <str>1993</str>
               </arr>
               <arr name="dc.subject">
                  <str>Processing instruction</str>
                  <str>Effectiveness of teaching</str>
                  <str>Morphosyntax (grammar)</str>
                  <str>Teaching methods (style, approach, technique)</str>
               </arr>
               <str name="dc.title">Sentence-level production task (pretest/posttest)</str>
               <str name="dc.title.sort">Sentence-level production task (pretest/posttest)</str>
               <arr name="dc.type">
                  <str>Gap-fill ('fill-in-the-blank'/cloze) task</str>
                  <str>Productive grammar test</str>
                  <str>Reading test</str>
                  <str>http://www.iris-database.org/Instruments</str>
               </arr>
               <arr name="dc2.creator">
                  <str>Cadierno, Teresa</str>
               </arr>
               <arr name="dc2.date">
                  <str>1993</str>
                  <str>1993</str>
               </arr>
               <arr name="dc2.subject">
                  <str>Processing instruction</str>
                  <str>Effectiveness of teaching</str>
                  <str>Morphosyntax (grammar)</str>
                  <str>Teaching methods (style, approach, technique)</str>
               </arr>
               <str name="dc2.title">Sentence-level production task (pretest/posttest)</str>
               <arr name="dc2.type">
                  <str>Gap-fill ('fill-in-the-blank'/cloze) task</str>
                  <str>Productive grammar test</str>
                  <str>Reading test</str>
                  <str>http://www.iris-database.org/Instruments</str>
               </arr>
               <arr name="dc3.creator">
                  <str>Cadierno, Teresa</str>
               </arr>
               <arr name="dc3.subject">
                  <str>Processing instruction</str>
                  <str>Effectiveness of teaching</str>
                  <str>Morphosyntax (grammar)</str>
                  <str>Teaching methods (style, approach, technique)</str>
               </arr>
               <str name="dc3.title">Sentence-level production task (pretest/posttest)</str>
               <date name="fgs.createdDate">2012-11-20T15:08:47.711Z</date>
               <date name="fgs.dateCreated.sort">2012-11-20T15:08:47.711Z</date>
               <str name="fgs.label">IRIS Instrument created by YODL workflow.</str>
               <date name="fgs.lastModifiedDate">2016-05-07T20:55:28.631Z</date>
               <str name="fgs.ownerId">iris-580a9f0f-ed9e-4f5f-be7e-877243bddfd0</str>
               <str name="fgs.state">Active</str>
               <arr name="iris.email">
                  <str>cadierno@language.sdu.dk</str>
               </arr>
               <arr name="iris.feedback.count">
                  <str>2</str>
               </arr>
               <arr name="iris.feedback.email_1">
                  <str>a.j.dekorte@driestar-educatief.nl</str>
               </arr>
               <arr name="iris.feedback.email_2">
                  <str>a.j.dekorte@driestar-educatief.nl</str>
               </arr>
               <arr name="iris.feedback.published_1">
                  <str>false</str>
               </arr>
               <arr name="iris.feedback.published_2">
                  <str>false</str>
               </arr>
               <arr name="iris.feedback.time_1">
                  <str>18 Jul 2014 13:28:38 GMT</str>
               </arr>
               <arr name="iris.feedback.time_2">
                  <str>18 Jul 2014 13:28:47 GMT</str>
               </arr>
               <str name="iris.hasmaterials">Records with materials</str>
               <arr name="iris.instrument.author">
                  <str>Cadierno, Teresa</str>
               </arr>
               <arr name="iris.instrument.dataType">
                  <str>Written production</str>
               </arr>
               <arr name="iris.instrument.instrumentType">
                  <str>Gap-fill / Cloze test / Fill in the blank</str>
                  <str>Grammar test / Morphosyntax test</str>
                  <str>Productive</str>
                  <str>Reading test</str>
               </arr>
               <str name="iris.instrument.instrumentType.alltypes">gap-fill / cloze test / fill in the blank productive reading test </str>
               <arr name="iris.instrument.licence">
                  <str>Attribution-NonCommercial-ShareAlike</str>
               </arr>
               <arr name="iris.instrument.linguisticTarget">
                  <str>Gender</str>
                  <str>Tense</str>
                  <str>Case</str>
                  <str>Syntax</str>
               </arr>
               <str name="iris.instrument.primaryInstrumentType">Grammar test / Morphosyntax test &gt; Productive</str>
               <arr name="iris.instrument.researchArea">
                  <str>Processing instruction</str>
                  <str>Effectiveness of teaching</str>
                  <str>Morphosyntax (grammar)</str>
                  <str>Teaching methods (style, approach, technique)</str>
               </arr>
               <arr name="iris.instrument.secondaryInstrumentType">
                  <str>Gap-fill / Cloze test / Fill in the blank</str>
                  <str>Reading test</str>
               </arr>
               <arr name="iris.instrument.title">
                  <str>Sentence-level production task (pretest/posttest)</str>
               </arr>
               <arr name="iris.instrument.typeOfFile">
                  <str>Text</str>
               </arr>
               <arr name="iris.participants.firstLanguage">
                  <str>English</str>
               </arr>
               <arr name="iris.participants.gender">
                  <str>mixed</str>
               </arr>
               <arr name="iris.participants.participantType">
                  <str>Foreign language learners</str>
                  <str>Second language learners</str>
               </arr>
               <arr name="iris.participants.proficiencyLearner">
                  <str>Advanced</str>
               </arr>
               <arr name="iris.participants.targetLanguage">
                  <str>Spanish</str>
               </arr>
               <arr name="iris.referenceid">
                  <str>Cadierno_Explicit instruction in grammar: A comparison of input-based and output-based instruction in second language acquisition</str>
                  <str>1993_Cadierno_VanPatten_Explicit instruction and input processing</str>
                  <str>1993_Cadierno_VanPatten_Input processing and second language acquisition: A role for instruction</str>
               </arr>
               <str name="iris.references.allauthors">Cadierno (1992); Cadierno &amp; VanPatten (1993); Cadierno &amp; VanPatten (1993)</str>
               <arr name="iris.references.author">
                  <str>Cadierno, Teresa</str>
                  <str>Cadierno, Teresa</str>
                  <str>VanPatten, Bill</str>
                  <str>Cadierno, Teresa</str>
                  <str>VanPatten, Bill</str>
               </arr>
               <str name="iris.references.author.lastnames">cadiernocadiernovanpattencadiernovanpatten</str>
               <arr name="iris.references.author.noack">
                  <str>Cadierno, Teresa</str>
                  <str>Cadierno, Teresa</str>
                  <str>VanPatten, Bill</str>
                  <str>Cadierno, Teresa</str>
                  <str>VanPatten, Bill</str>
               </arr>
               <arr name="iris.references.journal">
                  <str>Studies in Second Language Acquisition</str>
                  <str>The Modern Language Journal</str>
               </arr>
               <arr name="iris.references.publicationDate">
                  <str>1993</str>
                  <str>1993</str>
                  <str>1992</str>
               </arr>
               <arr name="iris.references.publicationLatestDate">
                  <str>1993</str>
                  <str>1993</str>
               </arr>
               <arr name="iris.references.publicationType">
                  <str>Thesis</str>
                  <str>Journal Article</str>
                  <str>Journal Article</str>
               </arr>
               <arr name="iris2.email">
                  <str>cadierno@language.sdu.dk</str>
               </arr>
               <arr name="iris2.feedback.count">
                  <str>2</str>
               </arr>
               <arr name="iris2.feedback.email_1">
                  <str>a.j.dekorte@driestar-educatief.nl</str>
               </arr>
               <arr name="iris2.feedback.email_2">
                  <str>a.j.dekorte@driestar-educatief.nl</str>
               </arr>
               <arr name="iris2.feedback.published_1">
                  <str>false</str>
               </arr>
               <arr name="iris2.feedback.published_2">
                  <str>false</str>
               </arr>
               <arr name="iris2.feedback.time_1">
                  <str>18 Jul 2014 13:28:38 GMT</str>
               </arr>
               <arr name="iris2.feedback.time_2">
                  <str>18 Jul 2014 13:28:47 GMT</str>
               </arr>
               <str name="iris2.hasmaterials">Records with materials</str>
               <arr name="iris2.instrument.author">
                  <str>Cadierno, Teresa</str>
               </arr>
               <arr name="iris2.instrument.dataType">
                  <str>Written production</str>
               </arr>
               <arr name="iris2.instrument.instrumentType">
                  <str>Gap-fill / Cloze test / Fill in the blank</str>
                  <str>Grammar test / Morphosyntax test</str>
                  <str>Productive</str>
                  <str>Reading test</str>
               </arr>
               <str name="iris2.instrument.instrumentType.alltypes">gap-fill / cloze test / fill in the blank productive reading test </str>
               <arr name="iris2.instrument.licence">
                  <str>Attribution-NonCommercial-ShareAlike</str>
               </arr>
               <arr name="iris2.instrument.linguisticTarget">
                  <str>Gender</str>
                  <str>Tense</str>
                  <str>Case</str>
                  <str>Syntax</str>
               </arr>
               <str name="iris2.instrument.primaryInstrumentType">Grammar test / Morphosyntax test &gt; Productive</str>
               <arr name="iris2.instrument.researchArea">
                  <str>Processing instruction</str>
                  <str>Effectiveness of teaching</str>
                  <str>Morphosyntax (grammar)</str>
                  <str>Teaching methods (style, approach, technique)</str>
               </arr>
               <arr name="iris2.instrument.secondaryInstrumentType">
                  <str>Gap-fill / Cloze test / Fill in the blank</str>
                  <str>Reading test</str>
               </arr>
               <arr name="iris2.instrument.typeOfFile">
                  <str>Text</str>
               </arr>
               <arr name="iris2.participants.firstLanguage">
                  <str>English</str>
               </arr>
               <arr name="iris2.participants.gender">
                  <str>mixed</str>
               </arr>
               <arr name="iris2.participants.participantType">
                  <str>Foreign language learners</str>
                  <str>Second language learners</str>
               </arr>
               <arr name="iris2.participants.proficiencyLearner">
                  <str>Advanced</str>
               </arr>
               <arr name="iris2.participants.targetLanguage">
                  <str>Spanish</str>
               </arr>
               <arr name="iris2.referenceid">
                  <str>Cadierno_Explicit instruction in grammar: A comparison of input-based and output-based instruction in second language acquisition</str>
                  <str>1993_Cadierno_VanPatten_Explicit instruction and input processing</str>
                  <str>1993_Cadierno_VanPatten_Input processing and second language acquisition: A role for instruction</str>
               </arr>
               <str name="iris2.references.allauthors">Cadierno (1992); Cadierno &amp; VanPatten (1993); Cadierno &amp; VanPatten (1993)</str>
               <arr name="iris2.references.author">
                  <str>Cadierno, Teresa</str>
                  <str>Cadierno, Teresa</str>
                  <str>VanPatten, Bill</str>
                  <str>Cadierno, Teresa</str>
                  <str>VanPatten, Bill</str>
               </arr>
               <str name="iris2.references.author.lastnames">cadiernocadiernovanpattencadiernovanpatten</str>
               <arr name="iris2.references.journal">
                  <str>Studies in Second Language Acquisition</str>
                  <str>The Modern Language Journal</str>
               </arr>
               <arr name="iris2.references.publicationDate">
                  <str>1993</str>
                  <str>1993</str>
                  <str>1992</str>
               </arr>
               <arr name="iris2.references.publicationLatestDate">
                  <str>1993</str>
                  <str>1993</str>
               </arr>
               <arr name="iris2.references.publicationType">
                  <str>Thesis</str>
                  <str>Journal Article</str>
                  <str>Journal Article</str>
               </arr>
               <arr name="oai_dc.dc_xsi:schemaLocation">
                  <str>http://www.openarchives.org/OAI/2.0/oai_dc/ http://www.openarchives.org/OAI/2.0/oai_dc.xsd</str>
               </arr>
            </doc>
         </result>
      </response>
   </solr>
   <files>
      <file id="INSTRUMENT" mime="application/pdf" url="http://www.iris-database.org/iris/api/resource/york:807106/asset/INSTRUMENT?download=true"/>
   </files>
</record>
