<?xml version="1.0" encoding="ISO-8859-1"?>

<record pid="york:823617">
   <solr>
      <response>
         <lst name="responseHeader">
            <int name="status">0</int>
            <int name="QTime">514</int>
            <lst name="params">
               <str name="q">PID:york?823617</str>
            </lst>
         </lst>
         <result name="response" numfound="1" start="0">
            <doc>
               <str name="PID">york:823617</str>
               <arr name="dc.creator">
                  <str>Akakura, Motoko</str>
               </arr>
               <arr name="dc.date">
                  <str>2012</str>
                  <str>2005</str>
                  <str>2006</str>
               </arr>
               <arr name="dc.description">
                  <str>This Elicited Production test uses the pictures from the book "Frog, where are you?", Mayer, M. (1969). New York: The Dial Press Inc.</str>
               </arr>
               <arr name="dc.format">
                  <str>English</str>
               </arr>
               <arr name="dc.identifier">
                  <str>york:823617</str>
               </arr>
               <arr name="dc.type">
                  <str>Elicited imitation protocol / Sentence repetition task</str>
                  <str>http://www.iris-database.org/Instruments</str>
               </arr>
               <arr name="dc2.creator">
                  <str>Akakura, Motoko</str>
               </arr>
               <arr name="dc2.date">
                  <str>2012</str>
                  <str>2005</str>
                  <str>2006</str>
               </arr>
               <arr name="dc2.description">
                  <str>This Elicited Production test uses the pictures from the book "Frog, where are you?", Mayer, M. (1969). New York: The Dial Press Inc.</str>
               </arr>
               <arr name="dc2.format">
                  <str>English</str>
               </arr>
               <arr name="dc2.identifier">
                  <str>york:823617</str>
               </arr>
               <arr name="dc2.type">
                  <str>Elicited imitation protocol / Sentence repetition task</str>
                  <str>http://www.iris-database.org/Instruments</str>
               </arr>
               <arr name="dc3.creator">
                  <str>Akakura, Motoko</str>
               </arr>
               <date name="fgs.createdDate">2014-09-08T19:33:22.245Z</date>
               <date name="fgs.dateCreated.sort">2014-09-08T19:33:22.245Z</date>
               <str name="fgs.label">IRIS Instrument created by YODL workflow.</str>
               <date name="fgs.lastModifiedDate">2015-12-07T13:11:41.887Z</date>
               <str name="fgs.ownerId">iris-580a9f0f-ed9e-4f5f-be7e-877243bddfd0</str>
               <str name="fgs.state">Active</str>
               <arr name="iris.email">
                  <str>r.erlam@auckland.ac.nz</str>
               </arr>
               <arr name="iris.feedback.count">
                  <str>0</str>
               </arr>
               <str name="iris.hasmaterials">Records with materials</str>
               <arr name="iris.instrument.author">
                  <str>Akakura, Motoko</str>
               </arr>
               <arr name="iris.instrument.dataType">
                  <str>Oral production</str>
               </arr>
               <arr name="iris.instrument.instrumentType">
                  <str>Elicited imitation protocol / Sentence repetition task</str>
               </arr>
               <str name="iris.instrument.instrumentType.alltypes">elicited imitation protocol / sentence repetition task </str>
               <arr name="iris.instrument.licence">
                  <str>Attribution-NonCommercial-ShareAlike</str>
               </arr>
               <arr name="iris.instrument.linguisticTarget">
                  <str>Articles</str>
               </arr>
               <str name="iris.instrument.primaryInstrumentType">Elicited imitation protocol / Sentence repetition task</str>
               <arr name="iris.instrument.researchArea">
                  <str>Acquisition</str>
                  <str>Teaching methods (style, approach, technique)</str>
                  <str>Computer-assisted language learning</str>
                  <str>Effectiveness of teaching</str>
                  <str>Morphosyntax (grammar)</str>
                  <str>Speaking / Oral production</str>
               </arr>
               <arr name="iris.instrument.sourceLanguage">
                  <str>English</str>
               </arr>
               <arr name="iris.instrument.typeOfFile">
                  <str>Sound</str>
               </arr>
               <arr name="iris.participants.firstLanguage">
                  <str>Other</str>
               </arr>
               <arr name="iris.participants.participantType">
                  <str>Second language learners</str>
               </arr>
               <arr name="iris.participants.targetLanguage">
                  <str>English</str>
               </arr>
               <arr name="iris.referenceid">
                  <str>2012_Akakura_Evaluating the effectiveness of explicit instruction on implicit and explicit L2 knowledge</str>
                  <str>2005_Ellis_Measuring implicit and explicit knowledge of a second language: A psychometric study</str>
                  <str>2006_Erlam_Elcited imitation as a measure of L2 implicit knowledge: An empirical validation study</str>
               </arr>
               <str name="iris.references.allauthors">Akakura (2012); </str>
               <arr name="iris.references.author">
                  <str>Akakura, Motoko</str>
                  <str>Ellis, R</str>
                  <str>Erlam, Rosemary</str>
               </arr>
               <str name="iris.references.author.lastnames">akakuraelliserlam</str>
               <arr name="iris.references.author.noack">
                  <str>Akakura, Motoko</str>
               </arr>
               <arr name="iris.references.journal">
                  <str>Language Teaching Research</str>
               </arr>
               <arr name="iris.references.publicationDate">
                  <str>2012</str>
                  <str>2005</str>
                  <str>2006</str>
               </arr>
               <arr name="iris.references.publicationLatestDate">
                  <str>2012</str>
               </arr>
               <arr name="iris.references.publicationType">
                  <str>Journal Article</str>
                  <str>Journal Article</str>
                  <str>Journal Article</str>
               </arr>
               <arr name="iris2.email">
                  <str>r.erlam@auckland.ac.nz</str>
               </arr>
               <arr name="iris2.feedback.count">
                  <str>0</str>
               </arr>
               <str name="iris2.hasmaterials">Records with materials</str>
               <arr name="iris2.instrument.author">
                  <str>Akakura, Motoko</str>
               </arr>
               <arr name="iris2.instrument.dataType">
                  <str>Oral production</str>
               </arr>
               <arr name="iris2.instrument.instrumentType">
                  <str>Elicited imitation protocol / Sentence repetition task</str>
               </arr>
               <str name="iris2.instrument.instrumentType.alltypes">elicited imitation protocol / sentence repetition task </str>
               <arr name="iris2.instrument.licence">
                  <str>Attribution-NonCommercial-ShareAlike</str>
               </arr>
               <arr name="iris2.instrument.linguisticTarget">
                  <str>Articles</str>
               </arr>
               <str name="iris2.instrument.primaryInstrumentType">Elicited imitation protocol / Sentence repetition task</str>
               <arr name="iris2.instrument.researchArea">
                  <str>Acquisition</str>
                  <str>Teaching methods (style, approach, technique)</str>
                  <str>Computer-assisted language learning</str>
                  <str>Effectiveness of teaching</str>
                  <str>Morphosyntax (grammar)</str>
                  <str>Speaking / Oral production</str>
               </arr>
               <arr name="iris2.instrument.sourceLanguage">
                  <str>English</str>
               </arr>
               <arr name="iris2.instrument.typeOfFile">
                  <str>Sound</str>
               </arr>
               <arr name="iris2.participants.firstLanguage">
                  <str>Other</str>
               </arr>
               <arr name="iris2.participants.participantType">
                  <str>Second language learners</str>
               </arr>
               <arr name="iris2.participants.targetLanguage">
                  <str>English</str>
               </arr>
               <arr name="iris2.referenceid">
                  <str>2012_Akakura_Evaluating the effectiveness of explicit instruction on implicit and explicit L2 knowledge</str>
                  <str>2005_Ellis_Measuring implicit and explicit knowledge of a second language: A psychometric study</str>
                  <str>2006_Erlam_Elcited imitation as a measure of L2 implicit knowledge: An empirical validation study</str>
               </arr>
               <str name="iris2.references.allauthors">Akakura (2012); </str>
               <arr name="iris2.references.author">
                  <str>Akakura, Motoko</str>
                  <str>Ellis, R</str>
                  <str>Erlam, Rosemary</str>
               </arr>
               <str name="iris2.references.author.lastnames">akakuraelliserlam</str>
               <arr name="iris2.references.journal">
                  <str>Language Teaching Research</str>
               </arr>
               <arr name="iris2.references.publicationDate">
                  <str>2012</str>
                  <str>2005</str>
                  <str>2006</str>
               </arr>
               <arr name="iris2.references.publicationLatestDate">
                  <str>2012</str>
               </arr>
               <arr name="iris2.references.publicationType">
                  <str>Journal Article</str>
                  <str>Journal Article</str>
                  <str>Journal Article</str>
               </arr>
               <arr name="oai_dc.dc_xsi:schemaLocation">
                  <str>http://www.openarchives.org/OAI/2.0/oai_dc/ http://www.openarchives.org/OAI/2.0/oai_dc.xsd</str>
                  <str>http://www.openarchives.org/OAI/2.0/oai_dc/ http://www.openarchives.org/OAI/2.0/oai_dc.xsd</str>
                  <str>http://www.openarchives.org/OAI/2.0/oai_dc/ http://www.openarchives.org/OAI/2.0/oai_dc.xsd</str>
                  <str>http://www.openarchives.org/OAI/2.0/oai_dc/ http://www.openarchives.org/OAI/2.0/oai_dc.xsd</str>
               </arr>
            </doc>
         </result>
      </response>
   </solr>
   <files>
      <file id="INSTRUMENT" mime="audio/mpeg" url="http://www.iris-database.org/iris/api/resource/york:823617/asset/INSTRUMENT?download=true"/>
   </files>
</record>
