<?xml version="1.0" encoding="ISO-8859-1"?>

<record pid="york:851814">
   <solr>
      <response>
         <lst name="responseHeader">
            <int name="status">0</int>
            <int name="QTime">536</int>
            <lst name="params">
               <str name="q">PID:york?851814</str>
            </lst>
         </lst>
         <result name="response" numfound="1" start="0">
            <doc>
               <str name="PID">york:851814</str>
               <arr name="dc.creator">
                  <str>Taylor, Florentina</str>
                  <str>Marsden, Emma</str>
               </arr>
               <arr name="dc.date">
                  <str>2014</str>
               </arr>
               <arr name="dc.format">
                  <str>English</str>
               </arr>
               <arr name="dc.identifier">
                  <str>york:851814</str>
               </arr>
               <arr name="dc.type">
                  <str>Attitude questionnaire</str>
                  <str>http://www.iris-database.org/Instruments</str>
               </arr>
               <arr name="dc2.creator">
                  <str>Taylor, Florentina</str>
                  <str>Marsden, Emma</str>
               </arr>
               <arr name="dc2.date">
                  <str>2014</str>
               </arr>
               <arr name="dc2.format">
                  <str>English</str>
               </arr>
               <arr name="dc2.identifier">
                  <str>york:851814</str>
               </arr>
               <arr name="dc2.type">
                  <str>Attitude questionnaire</str>
                  <str>http://www.iris-database.org/Instruments</str>
               </arr>
               <arr name="dc3.creator">
                  <str>Taylor, Florentina</str>
                  <str>Marsden, Emma</str>
               </arr>
               <date name="fgs.createdDate">2015-03-11T15:51:02.028Z</date>
               <date name="fgs.dateCreated.sort">2015-03-11T15:51:02.028Z</date>
               <str name="fgs.label">IRIS Instrument created by YODL workflow.</str>
               <date name="fgs.lastModifiedDate">2016-04-23T19:03:01.232Z</date>
               <str name="fgs.ownerId">iris-0cd3f4a4-62c5-4c7a-852c-9585ac79dab6</str>
               <str name="fgs.state">Active</str>
               <arr name="iris.email">
                  <str>florentina.taylor@gmail.com</str>
               </arr>
               <arr name="iris.feedback.count">
                  <str>0</str>
               </arr>
               <str name="iris.hasmaterials">Records with materials</str>
               <arr name="iris.instrument.author">
                  <str>Taylor, Florentina</str>
                  <str>Marsden, Emma</str>
               </arr>
               <arr name="iris.instrument.dataType">
                  <str>Closed response format</str>
                  <str>Open response</str>
                  <str>Qualitative</str>
               </arr>
               <arr name="iris.instrument.funder">
                  <str>The British Academy</str>
               </arr>
               <arr name="iris.instrument.instrumentType">
                  <str>Questionnaire</str>
                  <str>Attitude questionnaire</str>
               </arr>
               <str name="iris.instrument.instrumentType.alltypes">attitude questionnaire </str>
               <arr name="iris.instrument.licence">
                  <str>Attribution-NonCommercial-ShareAlike</str>
               </arr>
               <str name="iris.instrument.primaryInstrumentType">Questionnaire &gt; Attitude questionnaire</str>
               <arr name="iris.instrument.researchArea">
                  <str>Learner attitudes</str>
                  <str>Motivation</str>
                  <str>Research methods</str>
                  <str>Teaching methods (style, approach, technique)</str>
               </arr>
               <arr name="iris.instrument.sourceLanguage">
                  <str>English</str>
               </arr>
               <arr name="iris.instrument.typeOfFile">
                  <str>Text</str>
               </arr>
               <arr name="iris.participants.domainOfUse">
                  <str>Academic</str>
                  <str>Home</str>
                  <str>School - subject(s) other than language</str>
                  <str>With wider family</str>
                  <str>With friends</str>
               </arr>
               <arr name="iris.participants.firstLanguage">
                  <str>English</str>
               </arr>
               <arr name="iris.participants.gender">
                  <str>mixed</str>
               </arr>
               <arr name="iris.participants.participantType">
                  <str>Adolescent learners</str>
                  <str>Foreign language learners</str>
                  <str>Second language learners</str>
                  <str>Young learners</str>
               </arr>
               <arr name="iris.participants.proficiencyLearner">
                  <str>Complete beginner</str>
                  <str>Near beginner</str>
                  <str>Pre-intermediate</str>
                  <str>Intermediate</str>
               </arr>
               <arr name="iris.participants.targetLanguage">
                  <str>French</str>
                  <str>German</str>
                  <str>Spanish</str>
               </arr>
               <arr name="iris.referenceid">
                  <str>2014_Taylor_Marsden_Perceptions, Attitudes, and Choosing to Study Foreign Languages in England: An Experimental Intervention</str>
               </arr>
               <str name="iris.references.allauthors">Taylor &amp; Marsden (2014)</str>
               <arr name="iris.references.author">
                  <str>Taylor, Florentina</str>
                  <str>Marsden, Emma</str>
               </arr>
               <str name="iris.references.author.lastnames">taylormarsden</str>
               <arr name="iris.references.author.noack">
                  <str>Taylor, Florentina</str>
                  <str>Marsden, Emma</str>
               </arr>
               <arr name="iris.references.journal">
                  <str>The Modern Language Journal</str>
               </arr>
               <arr name="iris.references.publicationDate">
                  <str>2014</str>
               </arr>
               <arr name="iris.references.publicationLatestDate">
                  <str>2014</str>
               </arr>
               <arr name="iris.references.publicationType">
                  <str>Journal Article</str>
               </arr>
               <arr name="iris2.email">
                  <str>florentina.taylor@gmail.com</str>
               </arr>
               <arr name="iris2.feedback.count">
                  <str>0</str>
               </arr>
               <str name="iris2.hasmaterials">Records with materials</str>
               <arr name="iris2.instrument.author">
                  <str>Taylor, Florentina</str>
                  <str>Marsden, Emma</str>
               </arr>
               <arr name="iris2.instrument.dataType">
                  <str>Closed response format</str>
                  <str>Open response</str>
                  <str>Qualitative</str>
               </arr>
               <arr name="iris2.instrument.funder">
                  <str>The British Academy</str>
               </arr>
               <arr name="iris2.instrument.instrumentType">
                  <str>Questionnaire</str>
                  <str>Attitude questionnaire</str>
               </arr>
               <str name="iris2.instrument.instrumentType.alltypes">attitude questionnaire </str>
               <arr name="iris2.instrument.licence">
                  <str>Attribution-NonCommercial-ShareAlike</str>
               </arr>
               <str name="iris2.instrument.primaryInstrumentType">Questionnaire &gt; Attitude questionnaire</str>
               <arr name="iris2.instrument.researchArea">
                  <str>Learner attitudes</str>
                  <str>Motivation</str>
                  <str>Research methods</str>
                  <str>Teaching methods (style, approach, technique)</str>
               </arr>
               <arr name="iris2.instrument.sourceLanguage">
                  <str>English</str>
               </arr>
               <arr name="iris2.instrument.typeOfFile">
                  <str>Text</str>
               </arr>
               <arr name="iris2.participants.domainOfUse">
                  <str>Academic</str>
                  <str>Home</str>
                  <str>School - subject(s) other than language</str>
                  <str>With wider family</str>
                  <str>With friends</str>
               </arr>
               <arr name="iris2.participants.firstLanguage">
                  <str>English</str>
               </arr>
               <arr name="iris2.participants.gender">
                  <str>mixed</str>
               </arr>
               <arr name="iris2.participants.participantType">
                  <str>Adolescent learners</str>
                  <str>Foreign language learners</str>
                  <str>Second language learners</str>
                  <str>Young learners</str>
               </arr>
               <arr name="iris2.participants.proficiencyLearner">
                  <str>Complete beginner</str>
                  <str>Near beginner</str>
                  <str>Pre-intermediate</str>
                  <str>Intermediate</str>
               </arr>
               <arr name="iris2.participants.targetLanguage">
                  <str>French</str>
                  <str>German</str>
                  <str>Spanish</str>
               </arr>
               <arr name="iris2.referenceid">
                  <str>2014_Taylor_Marsden_Perceptions, Attitudes, and Choosing to Study Foreign Languages in England: An Experimental Intervention</str>
               </arr>
               <str name="iris2.references.allauthors">Taylor &amp; Marsden (2014)</str>
               <arr name="iris2.references.author">
                  <str>Taylor, Florentina</str>
                  <str>Marsden, Emma</str>
               </arr>
               <str name="iris2.references.author.lastnames">taylormarsden</str>
               <arr name="iris2.references.journal">
                  <str>The Modern Language Journal</str>
               </arr>
               <arr name="iris2.references.publicationDate">
                  <str>2014</str>
               </arr>
               <arr name="iris2.references.publicationLatestDate">
                  <str>2014</str>
               </arr>
               <arr name="iris2.references.publicationType">
                  <str>Journal Article</str>
               </arr>
               <arr name="oai_dc.dc_xsi:schemaLocation">
                  <str>http://www.openarchives.org/OAI/2.0/oai_dc/ http://www.openarchives.org/OAI/2.0/oai_dc.xsd</str>
                  <str>http://www.openarchives.org/OAI/2.0/oai_dc/ http://www.openarchives.org/OAI/2.0/oai_dc.xsd</str>
                  <str>http://www.openarchives.org/OAI/2.0/oai_dc/ http://www.openarchives.org/OAI/2.0/oai_dc.xsd</str>
               </arr>
            </doc>
         </result>
      </response>
   </solr>
   <files>
      <file id="INSTRUMENT" mime="application/pdf" url="http://www.iris-database.org/iris/api/resource/york:851814/asset/INSTRUMENT?download=true"/>
      <file id="INSTRUMENT1" mime="application/pdf" url="http://www.iris-database.org/iris/api/resource/york:851814/asset/INSTRUMENT1?download=true"/>
   </files>
</record>
