<?xml version="1.0" encoding="ISO-8859-1"?>

<record pid="york:815062">
   <solr>
      <response>
         <lst name="responseHeader">
            <int name="status">0</int>
            <int name="QTime">506</int>
            <lst name="params">
               <str name="q">PID:york?815062</str>
            </lst>
         </lst>
         <result name="response" numfound="1" start="0">
            <doc>
               <str name="PID">york:815062</str>
               <arr name="dc.creator">
                  <str>Winke, Paula</str>
               </arr>
               <arr name="dc.date">
                  <str>2013</str>
               </arr>
               <arr name="dc.description">
                  <str>These self-assessment items were adapted from the TOEIC Can-Do Guide, downloaded January 19, 2007 from http://www.ets.org/Media/Tests/Test_of_English_for_International_Communication/TOEIC_Can_Do.pdf. Participants are required to give Likert-Scale (1 to 5) ratings to assess their listening, speaking and interactive skills.</str>
               </arr>
               <arr name="dc.format">
                  <str>English</str>
               </arr>
               <arr name="dc.identifier">
                  <str>york:815062</str>
               </arr>
               <str name="dc.title">Self-Assessment of Listening and Speaking Skills (Can-do Statements)</str>
               <str name="dc.title.sort">Self-Assessment of Listening and Speaking Skills (Can-do Statements)</str>
               <arr name="dc.type">
                  <str>Listening / Aural test</str>
                  <str>Proficiency questionnaire</str>
                  <str>Rating guidelines / Criteria</str>
                  <str>http://www.iris-database.org/Instruments</str>
               </arr>
               <arr name="dc2.creator">
                  <str>Winke, Paula</str>
               </arr>
               <arr name="dc2.date">
                  <str>2013</str>
               </arr>
               <arr name="dc2.description">
                  <str>These self-assessment items were adapted from the TOEIC Can-Do Guide, downloaded January 19, 2007 from http://www.ets.org/Media/Tests/Test_of_English_for_International_Communication/TOEIC_Can_Do.pdf. Participants are required to give Likert-Scale (1 to 5) ratings to assess their listening, speaking and interactive skills.</str>
               </arr>
               <arr name="dc2.format">
                  <str>English</str>
               </arr>
               <arr name="dc2.identifier">
                  <str>york:815062</str>
               </arr>
               <str name="dc2.title">Self-Assessment of Listening and Speaking Skills (Can-do Statements)</str>
               <arr name="dc2.type">
                  <str>Listening / Aural test</str>
                  <str>Proficiency questionnaire</str>
                  <str>Rating guidelines / Criteria</str>
                  <str>http://www.iris-database.org/Instruments</str>
               </arr>
               <arr name="dc3.creator">
                  <str>Winke, Paula</str>
               </arr>
               <str name="dc3.title">Self-Assessment of Listening and Speaking Skills (Can-do Statements)</str>
               <date name="fgs.createdDate">2013-07-31T16:59:00.185Z</date>
               <date name="fgs.dateCreated.sort">2013-07-31T16:59:00.185Z</date>
               <str name="fgs.label">IRIS Instrument created by YODL workflow.</str>
               <date name="fgs.lastModifiedDate">2016-05-09T08:48:11.365Z</date>
               <str name="fgs.ownerId">iris-247c16cf-5d80-4c45-9865-3f27ada1471f</str>
               <str name="fgs.state">Active</str>
               <arr name="iris.email">
                  <str>winke@msu.edu</str>
               </arr>
               <arr name="iris.feedback.count">
                  <str>0</str>
               </arr>
               <str name="iris.hasmaterials">Records with materials</str>
               <arr name="iris.instrument.author">
                  <str>Winke, Paula</str>
               </arr>
               <arr name="iris.instrument.dataType">
                  <str>Closed response format</str>
               </arr>
               <arr name="iris.instrument.instrumentType">
                  <str>Listening / Aural test</str>
                  <str>Questionnaire</str>
                  <str>Proficiency questionnaire</str>
                  <str>Speaking test / Oral production test</str>
                  <str>Rating guidelines / Criteria</str>
               </arr>
               <str name="iris.instrument.instrumentType.alltypes">listening / aural test proficiency questionnaire rating guidelines / criteria </str>
               <arr name="iris.instrument.licence">
                  <str>Attribution-NonCommercial-ShareAlike</str>
               </arr>
               <str name="iris.instrument.primaryInstrumentType">Questionnaire &gt; Proficiency questionnaire</str>
               <arr name="iris.instrument.researchArea">
                  <str>Testing</str>
                  <str>Listening</str>
                  <str>Speaking / Oral production</str>
                  <str>Proficiency</str>
               </arr>
               <arr name="iris.instrument.secondaryInstrumentType">
                  <str>Listening / Aural test</str>
                  <str>Speaking test / Oral production test &gt; Rating guidelines / Criteria</str>
               </arr>
               <arr name="iris.instrument.sourceLanguage">
                  <str>English</str>
               </arr>
               <arr name="iris.instrument.title">
                  <str>Self-Assessment of Listening and Speaking Skills (Can-do Statements)</str>
               </arr>
               <arr name="iris.instrument.typeOfFile">
                  <str>Text</str>
               </arr>
               <arr name="iris.participants.participantType">
                  <str>Foreign language learners</str>
                  <str>Second language learners</str>
               </arr>
               <arr name="iris.participants.proficiencyLearner">
                  <str>Pre-intermediate</str>
                  <str>Intermediate</str>
                  <str>Intermediate/advanced</str>
                  <str>Advanced</str>
                  <str>Near native</str>
               </arr>
               <arr name="iris.participants.targetLanguage">
                  <str>English</str>
               </arr>
               <arr name="iris.referenceid">
                  <str>2013_Winke_The effectiveness of interactive group orals for placement testing</str>
               </arr>
               <str name="iris.references.allauthors">Winke (2013)</str>
               <arr name="iris.references.author">
                  <str>Winke, Paula</str>
               </arr>
               <str name="iris.references.author.lastnames">winke</str>
               <arr name="iris.references.author.noack">
                  <str>Winke, Paula</str>
               </arr>
               <arr name="iris.references.booktitle">
                  <str>The effectiveness of interactive group orals for placement testing</str>
                  <str>Second language interaction in diverse educational contexts</str>
               </arr>
               <arr name="iris.references.editor">
                  <str>McDonough, Kim</str>
                  <str>Mackey, Alison</str>
               </arr>
               <arr name="iris.references.publicationDate">
                  <str>2013</str>
               </arr>
               <arr name="iris.references.publicationLatestDate">
                  <str>2013</str>
               </arr>
               <arr name="iris.references.publicationType">
                  <str>Chapter</str>
               </arr>
               <arr name="iris2.email">
                  <str>winke@msu.edu</str>
               </arr>
               <arr name="iris2.feedback.count">
                  <str>0</str>
               </arr>
               <str name="iris2.hasmaterials">Records with materials</str>
               <arr name="iris2.instrument.author">
                  <str>Winke, Paula</str>
               </arr>
               <arr name="iris2.instrument.dataType">
                  <str>Closed response format</str>
               </arr>
               <arr name="iris2.instrument.instrumentType">
                  <str>Listening / Aural test</str>
                  <str>Questionnaire</str>
                  <str>Proficiency questionnaire</str>
                  <str>Speaking test / Oral production test</str>
                  <str>Rating guidelines / Criteria</str>
               </arr>
               <str name="iris2.instrument.instrumentType.alltypes">listening / aural test proficiency questionnaire rating guidelines / criteria </str>
               <arr name="iris2.instrument.licence">
                  <str>Attribution-NonCommercial-ShareAlike</str>
               </arr>
               <str name="iris2.instrument.primaryInstrumentType">Questionnaire &gt; Proficiency questionnaire</str>
               <arr name="iris2.instrument.researchArea">
                  <str>Testing</str>
                  <str>Listening</str>
                  <str>Speaking / Oral production</str>
                  <str>Proficiency</str>
               </arr>
               <arr name="iris2.instrument.secondaryInstrumentType">
                  <str>Listening / Aural test</str>
                  <str>Speaking test / Oral production test &gt; Rating guidelines / Criteria</str>
               </arr>
               <arr name="iris2.instrument.sourceLanguage">
                  <str>English</str>
               </arr>
               <arr name="iris2.instrument.typeOfFile">
                  <str>Text</str>
               </arr>
               <arr name="iris2.participants.participantType">
                  <str>Foreign language learners</str>
                  <str>Second language learners</str>
               </arr>
               <arr name="iris2.participants.proficiencyLearner">
                  <str>Pre-intermediate</str>
                  <str>Intermediate</str>
                  <str>Intermediate/advanced</str>
                  <str>Advanced</str>
                  <str>Near native</str>
               </arr>
               <arr name="iris2.participants.targetLanguage">
                  <str>English</str>
               </arr>
               <arr name="iris2.referenceid">
                  <str>2013_Winke_The effectiveness of interactive group orals for placement testing</str>
               </arr>
               <str name="iris2.references.allauthors">Winke (2013)</str>
               <arr name="iris2.references.author">
                  <str>Winke, Paula</str>
               </arr>
               <str name="iris2.references.author.lastnames">winke</str>
               <arr name="iris2.references.booktitle">
                  <str>The effectiveness of interactive group orals for placement testing</str>
                  <str>Second language interaction in diverse educational contexts</str>
               </arr>
               <arr name="iris2.references.editor">
                  <str>McDonough, Kim</str>
                  <str>Mackey, Alison</str>
               </arr>
               <arr name="iris2.references.publicationDate">
                  <str>2013</str>
               </arr>
               <arr name="iris2.references.publicationLatestDate">
                  <str>2013</str>
               </arr>
               <arr name="iris2.references.publicationType">
                  <str>Chapter</str>
               </arr>
               <arr name="oai_dc.dc_xsi:schemaLocation">
                  <str>http://www.openarchives.org/OAI/2.0/oai_dc/ http://www.openarchives.org/OAI/2.0/oai_dc.xsd</str>
                  <str>http://www.openarchives.org/OAI/2.0/oai_dc/ http://www.openarchives.org/OAI/2.0/oai_dc.xsd</str>
                  <str>http://www.openarchives.org/OAI/2.0/oai_dc/ http://www.openarchives.org/OAI/2.0/oai_dc.xsd</str>
                  <str>http://www.openarchives.org/OAI/2.0/oai_dc/ http://www.openarchives.org/OAI/2.0/oai_dc.xsd</str>
               </arr>
            </doc>
         </result>
      </response>
   </solr>
   <files>
      <file id="INSTRUMENT" mime="application/msword" url="http://www.iris-database.org/iris/api/resource/york:815062/asset/INSTRUMENT?download=true"/>
      <file id="INSTRUMENT1" mime="application/pdf" url="http://www.iris-database.org/iris/api/resource/york:815062/asset/INSTRUMENT1?download=true"/>
   </files>
</record>
