<?xml version="1.0" encoding="ISO-8859-1"?>

<record pid="york:807201">
   <solr>
      <response>
         <lst name="responseHeader">
            <int name="status">0</int>
            <int name="QTime">542</int>
            <lst name="params">
               <str name="q">PID:york?807201</str>
            </lst>
         </lst>
         <result name="response" numfound="1" start="0">
            <doc>
               <str name="PID">york:807201</str>
               <arr name="dc.creator">
                  <str>Taylor, R L</str>
               </arr>
               <arr name="dc.format">
                  <str>English</str>
                  <str>Japanese</str>
               </arr>
               <arr name="dc.identifier">
                  <str>york:807201</str>
               </arr>
               <arr name="dc.type">
                  <str>Word list</str>
                  <str>Identification task</str>
                  <str>http://www.iris-database.org/Instruments</str>
               </arr>
               <arr name="dc2.creator">
                  <str>Taylor, R L</str>
               </arr>
               <arr name="dc2.format">
                  <str>English</str>
                  <str>Japanese</str>
               </arr>
               <arr name="dc2.identifier">
                  <str>york:807201</str>
               </arr>
               <arr name="dc2.type">
                  <str>Word list</str>
                  <str>Identification task</str>
                  <str>http://www.iris-database.org/Instruments</str>
               </arr>
               <arr name="dc3.creator">
                  <str>Taylor, R L</str>
               </arr>
               <date name="fgs.createdDate">2012-11-22T14:50:40.411Z</date>
               <date name="fgs.dateCreated.sort">2012-11-22T14:50:40.411Z</date>
               <str name="fgs.label">IRIS Instrument created by YODL workflow.</str>
               <date name="fgs.lastModifiedDate">2015-11-07T20:59:16.788Z</date>
               <str name="fgs.ownerId">iris-43da4819-0ee9-44f5-91fc-ce40de4ef571</str>
               <str name="fgs.state">Active</str>
               <arr name="iris.email">
                  <str>becky.taylor@york.ac.uk</str>
               </arr>
               <arr name="iris.feedback.count">
                  <str>0</str>
               </arr>
               <str name="iris.hasmaterials">Records with materials</str>
               <arr name="iris.instrument.author">
                  <str>Taylor, R L</str>
               </arr>
               <arr name="iris.instrument.dataType">
                  <str>Oral production</str>
                  <str>The accent types (initial, medial, final, unaccented) of the words that the participants produced</str>
               </arr>
               <arr name="iris.instrument.funder">
                  <str>Japan Student Services Organisation; Nagoya University; The Daiko Foundation</str>
               </arr>
               <arr name="iris.instrument.instrumentType">
                  <str>Word list</str>
                  <str>Speech perception / rating</str>
                  <str>Identification task</str>
               </arr>
               <str name="iris.instrument.instrumentType.alltypes">word list identification task </str>
               <arr name="iris.instrument.licence">
                  <str>Attribution-NonCommercial-ShareAlike</str>
               </arr>
               <arr name="iris.instrument.linguisticTarget">
                  <str>Stress</str>
               </arr>
               <str name="iris.instrument.primaryInstrumentType">Speech perception / rating &gt; Identification task</str>
               <arr name="iris.instrument.researchArea">
                  <str>Phonology</str>
                  <str>Prosody</str>
                  <str>Pronunciation</str>
               </arr>
               <arr name="iris.instrument.secondaryInstrumentType">
                  <str>Word list</str>
               </arr>
               <arr name="iris.instrument.sourceLanguage">
                  <str>English</str>
                  <str>Japanese</str>
               </arr>
               <arr name="iris.instrument.typeOfFile">
                  <str>Text</str>
               </arr>
               <arr name="iris.participants.firstLanguage">
                  <str>English</str>
               </arr>
               <arr name="iris.participants.gender">
                  <str>mixed</str>
               </arr>
               <arr name="iris.participants.participantType">
                  <str>Foreign language learners</str>
               </arr>
               <arr name="iris.participants.proficiencyLearner">
                  <str>Less-experienced group (1st/2nd year studying Japanese at university, less than 3 months in Japan); More-experienced group (Completed a 4 year degree in Japanese, spent at least 10 months in Japan)</str>
               </arr>
               <arr name="iris.participants.targetLanguage">
                  <str>Japanese</str>
               </arr>
               <arr name="iris.referenceid">
                  <str>Taylor_The acquisition of Japanese lexical accent by English speakers [in Japanese]</str>
               </arr>
               <str name="iris.references.allauthors">Taylor (2012)</str>
               <arr name="iris.references.author">
                  <str>Taylor, R L</str>
               </arr>
               <str name="iris.references.author.lastnames">taylor</str>
               <arr name="iris.references.author.noack">
                  <str>Taylor, R L</str>
               </arr>
               <arr name="iris.references.publicationDate">
                  <str>2012</str>
               </arr>
               <arr name="iris.references.publicationLatestDate">
                  <str>2012</str>
               </arr>
               <arr name="iris.references.publicationType">
                  <str>Thesis</str>
               </arr>
               <arr name="iris2.email">
                  <str>becky.taylor@york.ac.uk</str>
               </arr>
               <arr name="iris2.feedback.count">
                  <str>0</str>
               </arr>
               <str name="iris2.hasmaterials">Records with materials</str>
               <arr name="iris2.instrument.author">
                  <str>Taylor, R L</str>
               </arr>
               <arr name="iris2.instrument.dataType">
                  <str>Oral production</str>
                  <str>The accent types (initial, medial, final, unaccented) of the words that the participants produced</str>
               </arr>
               <arr name="iris2.instrument.funder">
                  <str>Japan Student Services Organisation; Nagoya University; The Daiko Foundation</str>
               </arr>
               <arr name="iris2.instrument.instrumentType">
                  <str>Word list</str>
                  <str>Speech perception / rating</str>
                  <str>Identification task</str>
               </arr>
               <str name="iris2.instrument.instrumentType.alltypes">word list identification task </str>
               <arr name="iris2.instrument.licence">
                  <str>Attribution-NonCommercial-ShareAlike</str>
               </arr>
               <arr name="iris2.instrument.linguisticTarget">
                  <str>Stress</str>
               </arr>
               <str name="iris2.instrument.primaryInstrumentType">Speech perception / rating &gt; Identification task</str>
               <arr name="iris2.instrument.researchArea">
                  <str>Phonology</str>
                  <str>Prosody</str>
                  <str>Pronunciation</str>
               </arr>
               <arr name="iris2.instrument.secondaryInstrumentType">
                  <str>Word list</str>
               </arr>
               <arr name="iris2.instrument.sourceLanguage">
                  <str>English</str>
                  <str>Japanese</str>
               </arr>
               <arr name="iris2.instrument.typeOfFile">
                  <str>Text</str>
               </arr>
               <arr name="iris2.participants.firstLanguage">
                  <str>English</str>
               </arr>
               <arr name="iris2.participants.gender">
                  <str>mixed</str>
               </arr>
               <arr name="iris2.participants.participantType">
                  <str>Foreign language learners</str>
               </arr>
               <arr name="iris2.participants.proficiencyLearner">
                  <str>Less-experienced group (1st/2nd year studying Japanese at university, less than 3 months in Japan); More-experienced group (Completed a 4 year degree in Japanese, spent at least 10 months in Japan)</str>
               </arr>
               <arr name="iris2.participants.targetLanguage">
                  <str>Japanese</str>
               </arr>
               <arr name="iris2.referenceid">
                  <str>Taylor_The acquisition of Japanese lexical accent by English speakers [in Japanese]</str>
               </arr>
               <str name="iris2.references.allauthors">Taylor (2012)</str>
               <arr name="iris2.references.author">
                  <str>Taylor, R L</str>
               </arr>
               <str name="iris2.references.author.lastnames">taylor</str>
               <arr name="iris2.references.publicationDate">
                  <str>2012</str>
               </arr>
               <arr name="iris2.references.publicationLatestDate">
                  <str>2012</str>
               </arr>
               <arr name="iris2.references.publicationType">
                  <str>Thesis</str>
               </arr>
               <arr name="oai_dc.dc_xsi:schemaLocation">
                  <str>http://www.openarchives.org/OAI/2.0/oai_dc/ http://www.openarchives.org/OAI/2.0/oai_dc.xsd</str>
                  <str>http://www.openarchives.org/OAI/2.0/oai_dc/ http://www.openarchives.org/OAI/2.0/oai_dc.xsd</str>
                  <str>http://www.openarchives.org/OAI/2.0/oai_dc/ http://www.openarchives.org/OAI/2.0/oai_dc.xsd</str>
               </arr>
            </doc>
         </result>
      </response>
   </solr>
   <files>
      <file id="INSTRUMENT" mime="application/pdf" url="http://www.iris-database.org/iris/api/resource/york:807201/asset/INSTRUMENT?download=true"/>
      <file id="INSTRUMENT1" mime="application/pdf" url="http://www.iris-database.org/iris/api/resource/york:807201/asset/INSTRUMENT1?download=true"/>
      <file id="INSTRUMENT2" mime="application/pdf" url="http://www.iris-database.org/iris/api/resource/york:807201/asset/INSTRUMENT2?download=true"/>
      <file id="INSTRUMENT3" mime="application/pdf" url="http://www.iris-database.org/iris/api/resource/york:807201/asset/INSTRUMENT3?download=true"/>
      <file id="INSTRUMENT4" mime="application/pdf" url="http://www.iris-database.org/iris/api/resource/york:807201/asset/INSTRUMENT4?download=true"/>
   </files>
</record>
