<?xml version="1.0" encoding="ISO-8859-1"?>

<record pid="york:852246">
   <solr>
      <response>
         <lst name="responseHeader">
            <int name="status">0</int>
            <int name="QTime">852</int>
            <lst name="params">
               <str name="q">PID:york?852246</str>
            </lst>
         </lst>
         <result name="response" numfound="1" start="0">
            <doc>
               <str name="PID">york:852246</str>
               <arr name="dc.creator">
                  <str>Lamb, Martin</str>
                  <str>Wedell, Martin</str>
               </arr>
               <arr name="dc.date">
                  <str>2015</str>
               </arr>
               <arr name="dc.identifier">
                  <str>york:852246</str>
               </arr>
               <arr name="dc.type">
                  <str>Attitude questionnaire</str>
                  <str>Questionnaire</str>
                  <str>Learning strategy questionnaire</str>
                  <str>http://www.iris-database.org/Instruments</str>
               </arr>
               <arr name="dc2.creator">
                  <str>Lamb, Martin</str>
                  <str>Wedell, Martin</str>
               </arr>
               <arr name="dc2.date">
                  <str>2015</str>
               </arr>
               <arr name="dc2.identifier">
                  <str>york:852246</str>
               </arr>
               <arr name="dc2.type">
                  <str>Attitude questionnaire</str>
                  <str>Questionnaire</str>
                  <str>Learning strategy questionnaire</str>
                  <str>http://www.iris-database.org/Instruments</str>
               </arr>
               <arr name="dc3.creator">
                  <str>Lamb, Martin</str>
                  <str>Wedell, Martin</str>
               </arr>
               <date name="fgs.createdDate">2015-03-23T10:38:57.958Z</date>
               <date name="fgs.dateCreated.sort">2015-03-23T10:38:57.958Z</date>
               <str name="fgs.label">IRIS Instrument created by YODL workflow.</str>
               <date name="fgs.lastModifiedDate">2016-03-04T03:34:17.712Z</date>
               <str name="fgs.ownerId">iris-580a9f0f-ed9e-4f5f-be7e-877243bddfd0</str>
               <str name="fgs.state">Active</str>
               <arr name="iris.email">
                  <str>m.v.lamb@education.leeds.ac.uk</str>
               </arr>
               <arr name="iris.feedback.count">
                  <str>0</str>
               </arr>
               <str name="iris.hasmaterials">Records with materials</str>
               <arr name="iris.instrument.author">
                  <str>Lamb, Martin</str>
                  <str>Wedell, Martin</str>
               </arr>
               <arr name="iris.instrument.instrumentType">
                  <str>Questionnaire</str>
                  <str>Attitude questionnaire</str>
                  <str>Questionnaire</str>
                  <str>Other questionnaire</str>
                  <str>Questionnaire</str>
                  <str>Learning strategy questionnaire</str>
               </arr>
               <str name="iris.instrument.instrumentType.alltypes">attitude questionnaire other questionnaire learning strategy questionnaire </str>
               <arr name="iris.instrument.licence">
                  <str>Attribution-NonCommercial-ShareAlike</str>
               </arr>
               <str name="iris.instrument.primaryInstrumentType">Questionnaire &gt; Attitude questionnaire</str>
               <arr name="iris.instrument.researchArea">
                  <str>Teaching methods (style, approach, technique)</str>
                  <str>Motivation</str>
                  <str>Learner attitudes</str>
                  <str>Effectiveness of teaching</str>
               </arr>
               <arr name="iris.instrument.secondaryInstrumentType">
                  <str>Questionnaire &gt; Other questionnaire</str>
                  <str>Questionnaire &gt; Learning strategy questionnaire</str>
               </arr>
               <arr name="iris.instrument.typeOfFile">
                  <str>Text</str>
               </arr>
               <arr name="iris.participants.participantType">
                  <str>Foreign language learners</str>
               </arr>
               <arr name="iris.participants.targetLanguage">
                  <str>English</str>
               </arr>
               <arr name="iris.referenceid">
                  <str>2015_Lamb_Wedell_Cultural contrasts and commonalities in inspiring language teaching</str>
               </arr>
               <str name="iris.references.allauthors">Lamb &amp; Wedell (2015)</str>
               <arr name="iris.references.author">
                  <str>Lamb, Martin</str>
                  <str>Wedell, Martin</str>
               </arr>
               <str name="iris.references.author.lastnames">lambwedell</str>
               <arr name="iris.references.author.noack">
                  <str>Lamb, Martin</str>
                  <str>Wedell, Martin</str>
               </arr>
               <arr name="iris.references.journal">
                  <str>Language Teaching Research</str>
               </arr>
               <arr name="iris.references.publicationDate">
                  <str>2015</str>
               </arr>
               <arr name="iris.references.publicationLatestDate">
                  <str>2015</str>
               </arr>
               <arr name="iris.references.publicationType">
                  <str>Journal Article</str>
               </arr>
               <arr name="iris2.email">
                  <str>m.v.lamb@education.leeds.ac.uk</str>
               </arr>
               <arr name="iris2.feedback.count">
                  <str>0</str>
               </arr>
               <str name="iris2.hasmaterials">Records with materials</str>
               <arr name="iris2.instrument.author">
                  <str>Lamb, Martin</str>
                  <str>Wedell, Martin</str>
               </arr>
               <arr name="iris2.instrument.instrumentType">
                  <str>Questionnaire</str>
                  <str>Attitude questionnaire</str>
                  <str>Questionnaire</str>
                  <str>Other questionnaire</str>
                  <str>Questionnaire</str>
                  <str>Learning strategy questionnaire</str>
               </arr>
               <str name="iris2.instrument.instrumentType.alltypes">attitude questionnaire other questionnaire learning strategy questionnaire </str>
               <arr name="iris2.instrument.licence">
                  <str>Attribution-NonCommercial-ShareAlike</str>
               </arr>
               <str name="iris2.instrument.primaryInstrumentType">Questionnaire &gt; Attitude questionnaire</str>
               <arr name="iris2.instrument.researchArea">
                  <str>Teaching methods (style, approach, technique)</str>
                  <str>Motivation</str>
                  <str>Learner attitudes</str>
                  <str>Effectiveness of teaching</str>
               </arr>
               <arr name="iris2.instrument.secondaryInstrumentType">
                  <str>Questionnaire &gt; Other questionnaire</str>
                  <str>Questionnaire &gt; Learning strategy questionnaire</str>
               </arr>
               <arr name="iris2.instrument.typeOfFile">
                  <str>Text</str>
               </arr>
               <arr name="iris2.participants.participantType">
                  <str>Foreign language learners</str>
               </arr>
               <arr name="iris2.participants.targetLanguage">
                  <str>English</str>
               </arr>
               <arr name="iris2.referenceid">
                  <str>2015_Lamb_Wedell_Cultural contrasts and commonalities in inspiring language teaching</str>
               </arr>
               <str name="iris2.references.allauthors">Lamb &amp; Wedell (2015)</str>
               <arr name="iris2.references.author">
                  <str>Lamb, Martin</str>
                  <str>Wedell, Martin</str>
               </arr>
               <str name="iris2.references.author.lastnames">lambwedell</str>
               <arr name="iris2.references.journal">
                  <str>Language Teaching Research</str>
               </arr>
               <arr name="iris2.references.publicationDate">
                  <str>2015</str>
               </arr>
               <arr name="iris2.references.publicationLatestDate">
                  <str>2015</str>
               </arr>
               <arr name="iris2.references.publicationType">
                  <str>Journal Article</str>
               </arr>
               <arr name="oai_dc.dc_xsi:schemaLocation">
                  <str>http://www.openarchives.org/OAI/2.0/oai_dc/ http://www.openarchives.org/OAI/2.0/oai_dc.xsd</str>
                  <str>http://www.openarchives.org/OAI/2.0/oai_dc/ http://www.openarchives.org/OAI/2.0/oai_dc.xsd</str>
               </arr>
            </doc>
         </result>
      </response>
   </solr>
   <files>
      <file id="INSTRUMENT" mime="application/vnd.openxmlformats-officedocument.wordprocessingml.document" url="http://www.iris-database.org/iris/api/resource/york:852246/asset/INSTRUMENT?download=true"/>
   </files>
</record>
