<?xml version="1.0" encoding="ISO-8859-1"?>

<record pid="york:852223">
   <solr>
      <response>
         <lst name="responseHeader">
            <int name="status">0</int>
            <int name="QTime">827</int>
            <lst name="params">
               <str name="q">PID:york?852223</str>
            </lst>
         </lst>
         <result name="response" numfound="1" start="0">
            <doc>
               <str name="PID">york:852223</str>
               <arr name="dc.creator">
                  <str>Khalsi, Ines</str>
               </arr>
               <arr name="dc.description">
                  <str>The attached instrument includes: APPENDIX A Observations Checklist for Online Interactive learning (p. 3), Appendix B Questionnaire A - Students' attitudes towards the usage of Internet for learning (p. 10), and Appendix C Questionnaire B - Assessing Students' skills in Information Technology. All three were used in the author's PhD thesis.</str>
               </arr>
               <arr name="dc.identifier">
                  <str>york:852223</str>
               </arr>
               <str name="dc.title">Observation checklist and attitude questionnaires</str>
               <str name="dc.title.sort">Observation checklist and attitude questionnaires</str>
               <arr name="dc.type">
                  <str>Attitude questionnaire</str>
                  <str>Observation protocol/schedule</str>
                  <str>http://www.iris-database.org/Instruments</str>
               </arr>
               <arr name="dc2.creator">
                  <str>Khalsi, Ines</str>
               </arr>
               <arr name="dc2.description">
                  <str>The attached instrument includes: APPENDIX A Observations Checklist for Online Interactive learning (p. 3), Appendix B Questionnaire A - Students' attitudes towards the usage of Internet for learning (p. 10), and Appendix C Questionnaire B - Assessing Students' skills in Information Technology. All three were used in the author's PhD thesis.</str>
               </arr>
               <arr name="dc2.identifier">
                  <str>york:852223</str>
               </arr>
               <str name="dc2.title">Observation checklist and attitude questionnaires</str>
               <arr name="dc2.type">
                  <str>Attitude questionnaire</str>
                  <str>Observation protocol/schedule</str>
                  <str>http://www.iris-database.org/Instruments</str>
               </arr>
               <arr name="dc3.creator">
                  <str>Khalsi, Ines</str>
               </arr>
               <str name="dc3.title">Observation checklist and attitude questionnaires</str>
               <date name="fgs.createdDate">2015-03-20T15:35:38.875Z</date>
               <date name="fgs.dateCreated.sort">2015-03-20T15:35:38.875Z</date>
               <str name="fgs.label">IRIS Instrument created by YODL workflow.</str>
               <date name="fgs.lastModifiedDate">2016-05-05T18:16:48.316Z</date>
               <str name="fgs.ownerId">iris-580a9f0f-ed9e-4f5f-be7e-877243bddfd0</str>
               <str name="fgs.state">Active</str>
               <arr name="iris.email">
                  <str>ines.khalsi@gmail.com</str>
               </arr>
               <arr name="iris.feedback.count">
                  <str>0</str>
               </arr>
               <str name="iris.hasmaterials">Records with materials</str>
               <arr name="iris.instrument.author">
                  <str>Khalsi, Ines</str>
               </arr>
               <arr name="iris.instrument.instrumentType">
                  <str>Questionnaire</str>
                  <str>Attitude questionnaire</str>
                  <str>Observation protocol / schedule</str>
               </arr>
               <str name="iris.instrument.instrumentType.alltypes">attitude questionnaire observation protocol / schedule </str>
               <arr name="iris.instrument.licence">
                  <str>Attribution-NonCommercial-ShareAlike</str>
               </arr>
               <str name="iris.instrument.primaryInstrumentType">Questionnaire &gt; Attitude questionnaire</str>
               <arr name="iris.instrument.researchArea">
                  <str>Computer-assisted language learning</str>
                  <str>Learner attitudes</str>
               </arr>
               <arr name="iris.instrument.secondaryInstrumentType">
                  <str>Observation protocol / schedule</str>
               </arr>
               <arr name="iris.instrument.title">
                  <str>Observation checklist and attitude questionnaires</str>
               </arr>
               <arr name="iris.instrument.typeOfFile">
                  <str>Text</str>
               </arr>
               <arr name="iris.participants.participantType">
                  <str/>
                  <str>Foreign language learners</str>
               </arr>
               <arr name="iris.referenceid">
                  <str>Khalsi_Online debates, examining social construction of knowledge in computer conferencing</str>
               </arr>
               <str name="iris.references.allauthors">Khalsi (2015)</str>
               <arr name="iris.references.author">
                  <str>Khalsi, Ines</str>
               </arr>
               <str name="iris.references.author.lastnames">khalsi</str>
               <arr name="iris.references.author.noack">
                  <str>Khalsi, Ines</str>
               </arr>
               <arr name="iris.references.publicationDate">
                  <str>2015</str>
               </arr>
               <arr name="iris.references.publicationLatestDate">
                  <str>2015</str>
               </arr>
               <arr name="iris.references.publicationType">
                  <str>Thesis</str>
               </arr>
               <arr name="iris2.email">
                  <str>ines.khalsi@gmail.com</str>
               </arr>
               <arr name="iris2.feedback.count">
                  <str>0</str>
               </arr>
               <str name="iris2.hasmaterials">Records with materials</str>
               <arr name="iris2.instrument.author">
                  <str>Khalsi, Ines</str>
               </arr>
               <arr name="iris2.instrument.instrumentType">
                  <str>Questionnaire</str>
                  <str>Attitude questionnaire</str>
                  <str>Observation protocol / schedule</str>
               </arr>
               <str name="iris2.instrument.instrumentType.alltypes">attitude questionnaire observation protocol / schedule </str>
               <arr name="iris2.instrument.licence">
                  <str>Attribution-NonCommercial-ShareAlike</str>
               </arr>
               <str name="iris2.instrument.primaryInstrumentType">Questionnaire &gt; Attitude questionnaire</str>
               <arr name="iris2.instrument.researchArea">
                  <str>Computer-assisted language learning</str>
                  <str>Learner attitudes</str>
               </arr>
               <arr name="iris2.instrument.secondaryInstrumentType">
                  <str>Observation protocol / schedule</str>
               </arr>
               <arr name="iris2.instrument.typeOfFile">
                  <str>Text</str>
               </arr>
               <arr name="iris2.participants.participantType">
                  <str/>
                  <str>Foreign language learners</str>
               </arr>
               <arr name="iris2.referenceid">
                  <str>Khalsi_Online debates, examining social construction of knowledge in computer conferencing</str>
               </arr>
               <str name="iris2.references.allauthors">Khalsi (2015)</str>
               <arr name="iris2.references.author">
                  <str>Khalsi, Ines</str>
               </arr>
               <str name="iris2.references.author.lastnames">khalsi</str>
               <arr name="iris2.references.publicationDate">
                  <str>2015</str>
               </arr>
               <arr name="iris2.references.publicationLatestDate">
                  <str>2015</str>
               </arr>
               <arr name="iris2.references.publicationType">
                  <str>Thesis</str>
               </arr>
               <arr name="oai_dc.dc_xsi:schemaLocation">
                  <str>http://www.openarchives.org/OAI/2.0/oai_dc/ http://www.openarchives.org/OAI/2.0/oai_dc.xsd</str>
                  <str>http://www.openarchives.org/OAI/2.0/oai_dc/ http://www.openarchives.org/OAI/2.0/oai_dc.xsd</str>
               </arr>
            </doc>
         </result>
      </response>
   </solr>
   <files>
      <file id="INSTRUMENT" mime="application/vnd.openxmlformats-officedocument.wordprocessingml.document" url="http://www.iris-database.org/iris/api/resource/york:852223/asset/INSTRUMENT?download=true"/>
   </files>
</record>
