<?xml version="1.0" encoding="ISO-8859-1"?>

<record pid="york:851826">
   <solr>
      <response>
         <lst name="responseHeader">
            <int name="status">0</int>
            <int name="QTime">548</int>
            <lst name="params">
               <str name="q">PID:york?851826</str>
            </lst>
         </lst>
         <result name="response" numfound="1" start="0">
            <doc>
               <str name="PID">york:851826</str>
               <arr name="dc.creator">
                  <str>Ren, Wei</str>
               </arr>
               <arr name="dc.date">
                  <str>2014</str>
               </arr>
               <arr name="dc.description">
                  <str>The multimedia elicitation tasks (MET) and retrospective verbal report task (RVR) used in this study are linked in IRIS.</str>
               </arr>
               <arr name="dc.identifier">
                  <str>york:851826</str>
               </arr>
               <str name="dc.title">Retrospective verbal report task</str>
               <str name="dc.title.sort">Retrospective verbal report task</str>
               <arr name="dc.type">
                  <str>Verbal protocol (other)</str>
                  <str>Stimulated recall</str>
                  <str>http://www.iris-database.org/Instruments</str>
               </arr>
               <arr name="dc2.creator">
                  <str>Ren, Wei</str>
               </arr>
               <arr name="dc2.date">
                  <str>2014</str>
               </arr>
               <arr name="dc2.description">
                  <str>The multimedia elicitation tasks (MET) and retrospective verbal report task (RVR) used in this study are linked in IRIS.</str>
               </arr>
               <arr name="dc2.identifier">
                  <str>york:851826</str>
               </arr>
               <str name="dc2.title">Retrospective verbal report task</str>
               <arr name="dc2.type">
                  <str>Verbal protocol (other)</str>
                  <str>Stimulated recall</str>
                  <str>http://www.iris-database.org/Instruments</str>
               </arr>
               <arr name="dc3.creator">
                  <str>Ren, Wei</str>
               </arr>
               <str name="dc3.title">Retrospective verbal report task</str>
               <date name="fgs.createdDate">2015-03-13T13:34:45.913Z</date>
               <date name="fgs.dateCreated.sort">2015-03-13T13:34:45.913Z</date>
               <str name="fgs.label">IRIS Instrument created by YODL workflow.</str>
               <date name="fgs.lastModifiedDate">2015-03-13T13:35:00.142Z</date>
               <str name="fgs.ownerId">iris-580a9f0f-ed9e-4f5f-be7e-877243bddfd0</str>
               <str name="fgs.state">Active</str>
               <arr name="iris.email">
                  <str>renweixz@yahoo.com</str>
               </arr>
               <arr name="iris.feedback.count">
                  <str>0</str>
               </arr>
               <str name="iris.hasmaterials">Records with information only (materials not yet held)</str>
               <arr name="iris.instrument.author">
                  <str>Ren, Wei</str>
               </arr>
               <arr name="iris.instrument.instrumentType">
                  <str>Verbal protocol</str>
                  <str>Other verbal protocol</str>
                  <str>Stimulated recall</str>
               </arr>
               <str name="iris.instrument.instrumentType.alltypes">other verbal protocol stimulated recall </str>
               <arr name="iris.instrument.licence">
                  <str>Attribution-NonCommercial-ShareAlike</str>
               </arr>
               <str name="iris.instrument.primaryInstrumentType">Stimulated recall</str>
               <arr name="iris.instrument.researchArea">
                  <str>Discourse</str>
                  <str>Learner strategies</str>
                  <str>Pragmatic competence</str>
                  <str>Speaking / Oral production</str>
               </arr>
               <arr name="iris.instrument.secondaryInstrumentType">
                  <str>Verbal protocol &gt; Other verbal protocol</str>
               </arr>
               <arr name="iris.instrument.title">
                  <str>Retrospective verbal report task</str>
               </arr>
               <arr name="iris.instrument.typeOfFile">
                  <str>Text</str>
               </arr>
               <arr name="iris.participants.firstLanguage">
                  <str>Chinese</str>
               </arr>
               <arr name="iris.participants.participantType">
                  <str/>
                  <str>Foreign language learners</str>
               </arr>
               <arr name="iris.participants.targetLanguage">
                  <str>English</str>
               </arr>
               <arr name="iris.referenceid">
                  <str>2014_Ren_A longitudinal investigation into L2 learners' cognitive processes during study aborad</str>
               </arr>
               <str name="iris.references.allauthors">Ren (2014)</str>
               <arr name="iris.references.author">
                  <str>Ren, Wei</str>
               </arr>
               <str name="iris.references.author.lastnames">ren</str>
               <arr name="iris.references.author.noack">
                  <str>Ren, Wei</str>
               </arr>
               <arr name="iris.references.journal">
                  <str>Applied Linguistics</str>
               </arr>
               <arr name="iris.references.publicationDate">
                  <str>2014</str>
               </arr>
               <arr name="iris.references.publicationLatestDate">
                  <str>2014</str>
               </arr>
               <arr name="iris.references.publicationType">
                  <str>Journal Article</str>
               </arr>
               <arr name="iris2.email">
                  <str>renweixz@yahoo.com</str>
               </arr>
               <arr name="iris2.feedback.count">
                  <str>0</str>
               </arr>
               <str name="iris2.hasmaterials">Records with information only (materials not yet held)</str>
               <arr name="iris2.instrument.author">
                  <str>Ren, Wei</str>
               </arr>
               <arr name="iris2.instrument.instrumentType">
                  <str>Verbal protocol</str>
                  <str>Other verbal protocol</str>
                  <str>Stimulated recall</str>
               </arr>
               <str name="iris2.instrument.instrumentType.alltypes">other verbal protocol stimulated recall </str>
               <arr name="iris2.instrument.licence">
                  <str>Attribution-NonCommercial-ShareAlike</str>
               </arr>
               <str name="iris2.instrument.primaryInstrumentType">Stimulated recall</str>
               <arr name="iris2.instrument.researchArea">
                  <str>Discourse</str>
                  <str>Learner strategies</str>
                  <str>Pragmatic competence</str>
                  <str>Speaking / Oral production</str>
               </arr>
               <arr name="iris2.instrument.secondaryInstrumentType">
                  <str>Verbal protocol &gt; Other verbal protocol</str>
               </arr>
               <arr name="iris2.instrument.typeOfFile">
                  <str>Text</str>
               </arr>
               <arr name="iris2.participants.firstLanguage">
                  <str>Chinese</str>
               </arr>
               <arr name="iris2.participants.participantType">
                  <str/>
                  <str>Foreign language learners</str>
               </arr>
               <arr name="iris2.participants.targetLanguage">
                  <str>English</str>
               </arr>
               <arr name="iris2.referenceid">
                  <str>2014_Ren_A longitudinal investigation into L2 learners' cognitive processes during study aborad</str>
               </arr>
               <str name="iris2.references.allauthors">Ren (2014)</str>
               <arr name="iris2.references.author">
                  <str>Ren, Wei</str>
               </arr>
               <str name="iris2.references.author.lastnames">ren</str>
               <arr name="iris2.references.journal">
                  <str>Applied Linguistics</str>
               </arr>
               <arr name="iris2.references.publicationDate">
                  <str>2014</str>
               </arr>
               <arr name="iris2.references.publicationLatestDate">
                  <str>2014</str>
               </arr>
               <arr name="iris2.references.publicationType">
                  <str>Journal Article</str>
               </arr>
               <arr name="oai_dc.dc_xsi:schemaLocation">
                  <str>http://www.openarchives.org/OAI/2.0/oai_dc/ http://www.openarchives.org/OAI/2.0/oai_dc.xsd</str>
                  <str>http://www.openarchives.org/OAI/2.0/oai_dc/ http://www.openarchives.org/OAI/2.0/oai_dc.xsd</str>
               </arr>
            </doc>
         </result>
      </response>
   </solr>
   <files/>
</record>
