<?xml version="1.0" encoding="ISO-8859-1"?>

<record pid="york:807014">
   <solr>
      <response>
         <lst name="responseHeader">
            <int name="status">0</int>
            <int name="QTime">498</int>
            <lst name="params">
               <str name="q">PID:york?807014</str>
            </lst>
         </lst>
         <result name="response" numfound="1" start="0">
            <doc>
               <str name="PID">york:807014</str>
               <arr name="dc.creator">
                  <str>Cao, Yiqian</str>
               </arr>
               <arr name="dc.date">
                  <str>2006</str>
               </arr>
               <arr name="dc.description">
                  <str>The related WTC questionnaire and classroom observation schedule are also held on IRIS.</str>
               </arr>
               <arr name="dc.format">
                  <str>English</str>
               </arr>
               <arr name="dc.subject">
                  <str>Motivation</str>
                  <str>Learner attitudes</str>
               </arr>
               <str name="dc.title">Participant interview questions - willingness to communicate (WTC)</str>
               <str name="dc.title.sort">Participant interview questions - willingness to communicate (WTC)</str>
               <arr name="dc.type">
                  <str>Interview protocol</str>
                  <str>http://www.iris-database.org/Instruments</str>
               </arr>
               <arr name="dc2.creator">
                  <str>Cao, Yiqian</str>
               </arr>
               <arr name="dc2.date">
                  <str>2006</str>
               </arr>
               <arr name="dc2.description">
                  <str>The related WTC questionnaire and classroom observation schedule are also held on IRIS.</str>
               </arr>
               <arr name="dc2.format">
                  <str>English</str>
               </arr>
               <arr name="dc2.subject">
                  <str>Motivation</str>
                  <str>Learner attitudes</str>
               </arr>
               <str name="dc2.title">Participant interview questions - willingness to communicate (WTC)</str>
               <arr name="dc2.type">
                  <str>Interview protocol</str>
                  <str>http://www.iris-database.org/Instruments</str>
               </arr>
               <arr name="dc3.creator">
                  <str>Cao, Yiqian</str>
               </arr>
               <arr name="dc3.subject">
                  <str>Motivation</str>
                  <str>Learner attitudes</str>
               </arr>
               <str name="dc3.title">Participant interview questions - willingness to communicate (WTC)</str>
               <date name="fgs.createdDate">2012-11-14T14:43:24.956Z</date>
               <date name="fgs.dateCreated.sort">2012-11-14T14:43:24.956Z</date>
               <str name="fgs.label">IRIS Instrument created by YODL workflow.</str>
               <date name="fgs.lastModifiedDate">2016-05-22T22:52:21.99Z</date>
               <str name="fgs.ownerId">iris-580a9f0f-ed9e-4f5f-be7e-877243bddfd0</str>
               <str name="fgs.state">Active</str>
               <arr name="iris.email">
                  <str>Yiqian.Cao@xjtlu.edu.cn</str>
               </arr>
               <arr name="iris.feedback.count">
                  <str>0</str>
               </arr>
               <str name="iris.hasmaterials">Records with materials</str>
               <arr name="iris.instrument.author">
                  <str>Cao, Yiqian</str>
               </arr>
               <arr name="iris.instrument.dataType">
                  <str>Open response</str>
                  <str>Oral production</str>
               </arr>
               <arr name="iris.instrument.instrumentType">
                  <str>Interview protocol / schedule</str>
               </arr>
               <str name="iris.instrument.instrumentType.alltypes">interview protocol / schedule </str>
               <arr name="iris.instrument.licence">
                  <str>Attribution-NonCommercial-ShareAlike</str>
               </arr>
               <str name="iris.instrument.primaryInstrumentType">Interview protocol / schedule</str>
               <arr name="iris.instrument.researchArea">
                  <str>Motivation</str>
                  <str>Learner attitudes</str>
               </arr>
               <arr name="iris.instrument.sourceLanguage">
                  <str>English</str>
               </arr>
               <arr name="iris.instrument.title">
                  <str>Participant interview questions - willingness to communicate (WTC)</str>
               </arr>
               <arr name="iris.instrument.typeOfFile">
                  <str>Text</str>
               </arr>
               <arr name="iris.participants.gender">
                  <str>mixed</str>
               </arr>
               <arr name="iris.participants.participantType">
                  <str>Foreign language learners</str>
                  <str>Second language learners</str>
               </arr>
               <arr name="iris.participants.targetLanguage">
                  <str>English</str>
               </arr>
               <arr name="iris.referenceid">
                  <str>2006_Cao_Philp_Interactional context and willingness to communicate: A comparison of behaviour in whole class, group and dyadic interaction</str>
               </arr>
               <str name="iris.references.allauthors">Cao &amp; Philp (2006)</str>
               <arr name="iris.references.author">
                  <str>Cao, Yiqian</str>
                  <str>Philp, Jenefer</str>
               </arr>
               <str name="iris.references.author.lastnames">caophilp</str>
               <arr name="iris.references.author.noack">
                  <str>Cao, Yiqian</str>
                  <str>Philp, Jenefer</str>
               </arr>
               <arr name="iris.references.journal">
                  <str>System</str>
               </arr>
               <arr name="iris.references.publicationDate">
                  <str>2006</str>
               </arr>
               <arr name="iris.references.publicationLatestDate">
                  <str>2006</str>
               </arr>
               <arr name="iris.references.publicationType">
                  <str>Journal Article</str>
               </arr>
               <arr name="iris2.email">
                  <str>Yiqian.Cao@xjtlu.edu.cn</str>
               </arr>
               <arr name="iris2.feedback.count">
                  <str>0</str>
               </arr>
               <str name="iris2.hasmaterials">Records with materials</str>
               <arr name="iris2.instrument.author">
                  <str>Cao, Yiqian</str>
               </arr>
               <arr name="iris2.instrument.dataType">
                  <str>Open response</str>
                  <str>Oral production</str>
               </arr>
               <arr name="iris2.instrument.instrumentType">
                  <str>Interview protocol / schedule</str>
               </arr>
               <str name="iris2.instrument.instrumentType.alltypes">interview protocol / schedule </str>
               <arr name="iris2.instrument.licence">
                  <str>Attribution-NonCommercial-ShareAlike</str>
               </arr>
               <str name="iris2.instrument.primaryInstrumentType">Interview protocol / schedule</str>
               <arr name="iris2.instrument.researchArea">
                  <str>Motivation</str>
                  <str>Learner attitudes</str>
               </arr>
               <arr name="iris2.instrument.sourceLanguage">
                  <str>English</str>
               </arr>
               <arr name="iris2.instrument.typeOfFile">
                  <str>Text</str>
               </arr>
               <arr name="iris2.participants.gender">
                  <str>mixed</str>
               </arr>
               <arr name="iris2.participants.participantType">
                  <str>Foreign language learners</str>
                  <str>Second language learners</str>
               </arr>
               <arr name="iris2.participants.targetLanguage">
                  <str>English</str>
               </arr>
               <arr name="iris2.referenceid">
                  <str>2006_Cao_Philp_Interactional context and willingness to communicate: A comparison of behaviour in whole class, group and dyadic interaction</str>
               </arr>
               <str name="iris2.references.allauthors">Cao &amp; Philp (2006)</str>
               <arr name="iris2.references.author">
                  <str>Cao, Yiqian</str>
                  <str>Philp, Jenefer</str>
               </arr>
               <str name="iris2.references.author.lastnames">caophilp</str>
               <arr name="iris2.references.journal">
                  <str>System</str>
               </arr>
               <arr name="iris2.references.publicationDate">
                  <str>2006</str>
               </arr>
               <arr name="iris2.references.publicationLatestDate">
                  <str>2006</str>
               </arr>
               <arr name="iris2.references.publicationType">
                  <str>Journal Article</str>
               </arr>
               <arr name="oai_dc.dc_xsi:schemaLocation">
                  <str>http://www.openarchives.org/OAI/2.0/oai_dc/ http://www.openarchives.org/OAI/2.0/oai_dc.xsd</str>
               </arr>
            </doc>
         </result>
      </response>
   </solr>
   <files>
      <file id="INSTRUMENT" mime="application/vnd.openxmlformats-officedocument.wordprocessingml.document" url="http://www.iris-database.org/iris/api/resource/york:807014/asset/INSTRUMENT?download=true"/>
   </files>
</record>
