<?xml version="1.0" encoding="ISO-8859-1"?>

<record pid="york:806933">
   <solr>
      <response>
         <lst name="responseHeader">
            <int name="status">0</int>
            <int name="QTime">1240</int>
            <lst name="params">
               <str name="q">PID:york?806933</str>
            </lst>
         </lst>
         <result name="response" numfound="1" start="0">
            <doc>
               <str name="PID">york:806933</str>
               <arr name="dc.creator">
                  <str>Peiser, Gillian</str>
               </arr>
               <arr name="dc.date">
                  <str>2013</str>
               </arr>
               <arr name="dc.description">
                  <str>This questionnaire was used to conduct research for a PhD study on the significance of intercultural understanding in the Key Stage 3 MFL curriculum in England. The study explored three perspectives, one of which was the pupil perspective. The pupil perspective was investigated using mixed methods (questionnaire (n=765) and group interviews (n=6)). The research with pupils was concerned with the following questions: - How interesting or enjoyable do pupils perceive their current experience of (inter)cultural aspects of the MFL curriculum? Would a greater emphasis be welcomed? - Do pupils think it is important that school education encourages them to develop openness to other cultures? - Do pupils consider the acquisition of IU beneficial to their (future) lives outside school? - How might pupils' perceptions vary according to gender / socio-economic group / type of school attended? The questionnaire was constructed on the basis of some of the research on motivation in Second Langauge Acquisition in addition to the researcher's extensive professional experience as a MFL secondary school teacher and teacher educator. With hindsight, the researcher would have liked to have included a question about pupils' experiences / level of enjoyment of their CURRENT cultural learning. She would also have liked to have asked whether this learning took place in English or the target language.</str>
               </arr>
               <arr name="dc.format">
                  <str>English</str>
               </arr>
               <arr name="dc.type">
                  <str>Attitude questionnaire</str>
                  <str>Language Awareness questionnaire</str>
                  <str>Biographical questionnaire</str>
                  <str>Language background questionnaire</str>
                  <str>http://www.iris-database.org/Instruments</str>
               </arr>
               <arr name="dc2.creator">
                  <str>Peiser, Gillian</str>
               </arr>
               <arr name="dc2.date">
                  <str>2013</str>
               </arr>
               <arr name="dc2.description">
                  <str>This questionnaire was used to conduct research for a PhD study on the significance of intercultural understanding in the Key Stage 3 MFL curriculum in England. The study explored three perspectives, one of which was the pupil perspective. The pupil perspective was investigated using mixed methods (questionnaire (n=765) and group interviews (n=6)). The research with pupils was concerned with the following questions: - How interesting or enjoyable do pupils perceive their current experience of (inter)cultural aspects of the MFL curriculum? Would a greater emphasis be welcomed? - Do pupils think it is important that school education encourages them to develop openness to other cultures? - Do pupils consider the acquisition of IU beneficial to their (future) lives outside school? - How might pupils' perceptions vary according to gender / socio-economic group / type of school attended? The questionnaire was constructed on the basis of some of the research on motivation in Second Langauge Acquisition in addition to the researcher's extensive professional experience as a MFL secondary school teacher and teacher educator. With hindsight, the researcher would have liked to have included a question about pupils' experiences / level of enjoyment of their CURRENT cultural learning. She would also have liked to have asked whether this learning took place in English or the target language.</str>
               </arr>
               <arr name="dc2.format">
                  <str>English</str>
               </arr>
               <arr name="dc2.type">
                  <str>Attitude questionnaire</str>
                  <str>Language Awareness questionnaire</str>
                  <str>Biographical questionnaire</str>
                  <str>Language background questionnaire</str>
                  <str>http://www.iris-database.org/Instruments</str>
               </arr>
               <arr name="dc3.creator">
                  <str>Peiser, Gillian</str>
               </arr>
               <date name="fgs.createdDate">2012-11-12T11:15:09.669Z</date>
               <date name="fgs.dateCreated.sort">2012-11-12T11:15:09.669Z</date>
               <str name="fgs.label">IRIS Instrument created by YODL workflow.</str>
               <date name="fgs.lastModifiedDate">2016-05-07T10:53:35.097Z</date>
               <str name="fgs.ownerId">iris-7cbe0f33-8a9d-4400-9360-3b38d0e4b415</str>
               <str name="fgs.state">Active</str>
               <arr name="iris.email">
                  <str>g.peiser@ljmu.ac.uk</str>
               </arr>
               <arr name="iris.feedback.count">
                  <str>1</str>
               </arr>
               <arr name="iris.feedback.email_1">
                  <str>mariaiosifina@yahoo.co.uk</str>
               </arr>
               <arr name="iris.feedback.published_1">
                  <str>false</str>
               </arr>
               <arr name="iris.feedback.time_1">
                  <str>10 Jul 2014 07:23:02 GMT</str>
               </arr>
               <str name="iris.hasmaterials">Records with materials</str>
               <arr name="iris.instrument.author">
                  <str>Peiser, Gillian</str>
               </arr>
               <arr name="iris.instrument.dataType">
                  <str>Closed response format</str>
               </arr>
               <arr name="iris.instrument.instrumentType">
                  <str>Questionnaire</str>
                  <str>Attitude questionnaire</str>
                  <str>Questionnaire</str>
                  <str>Language awareness questionnaire</str>
                  <str>Questionnaire</str>
                  <str>Biographical questionnaire</str>
                  <str>Questionnaire</str>
                  <str>Language background questionnaire</str>
               </arr>
               <str name="iris.instrument.instrumentType.alltypes">attitude questionnaire language awareness questionnaire biographical questionnaire language background questionnaire </str>
               <arr name="iris.instrument.licence">
                  <str>Attribution-NonCommercial-ShareAlike</str>
               </arr>
               <str name="iris.instrument.primaryInstrumentType">Questionnaire &gt; Attitude questionnaire</str>
               <arr name="iris.instrument.researchArea">
                  <str>Culture</str>
                  <str>Motivation</str>
                  <str>Learner attitudes</str>
                  <str>Intercultural understanding</str>
               </arr>
               <arr name="iris.instrument.secondaryInstrumentType">
                  <str>Questionnaire &gt; Language awareness questionnaire</str>
                  <str>Questionnaire &gt; Biographical questionnaire</str>
                  <str>Questionnaire &gt; Language background questionnaire</str>
               </arr>
               <arr name="iris.instrument.sourceLanguage">
                  <str>English</str>
               </arr>
               <arr name="iris.instrument.typeOfFile">
                  <str>Text</str>
               </arr>
               <arr name="iris.participants.firstLanguage">
                  <str>English</str>
               </arr>
               <arr name="iris.participants.gender">
                  <str>mixed</str>
               </arr>
               <arr name="iris.participants.participantType">
                  <str>Foreign language learners</str>
               </arr>
               <arr name="iris.participants.targetLanguage">
                  <str>French</str>
                  <str>German</str>
                  <str>Spanish</str>
               </arr>
               <arr name="iris.referenceid">
                  <str>Peiser_The significance of intercultural understanding in the key stage 3 curriculum: The perspectives of policy makers, teachers and pupils</str>
                  <str>2013_Peiser_Jones_The significance of intercultural understanding (IU) in the English mfl curriculum: A pupil perspective</str>
               </arr>
               <str name="iris.references.allauthors">Peiser (2012); Peiser &amp; Jones (2013)</str>
               <arr name="iris.references.author">
                  <str>Peiser, Gillian</str>
                  <str>Peiser, Gillian</str>
                  <str>Jones, Marion</str>
               </arr>
               <str name="iris.references.author.lastnames">peiserpeiserjones</str>
               <arr name="iris.references.author.noack">
                  <str>Peiser, Gillian</str>
                  <str>Peiser, Gillian</str>
                  <str>Jones, Marion</str>
               </arr>
               <arr name="iris.references.journal">
                  <str>The Language Learning Journal</str>
               </arr>
               <arr name="iris.references.publicationDate">
                  <str>2013</str>
                  <str>2012</str>
               </arr>
               <arr name="iris.references.publicationLatestDate">
                  <str>2013</str>
               </arr>
               <arr name="iris.references.publicationType">
                  <str>Thesis</str>
                  <str>Journal Article</str>
               </arr>
               <arr name="iris2.email">
                  <str>g.peiser@ljmu.ac.uk</str>
               </arr>
               <arr name="iris2.feedback.count">
                  <str>1</str>
               </arr>
               <arr name="iris2.feedback.email_1">
                  <str>mariaiosifina@yahoo.co.uk</str>
               </arr>
               <arr name="iris2.feedback.published_1">
                  <str>false</str>
               </arr>
               <arr name="iris2.feedback.time_1">
                  <str>10 Jul 2014 07:23:02 GMT</str>
               </arr>
               <str name="iris2.hasmaterials">Records with materials</str>
               <arr name="iris2.instrument.author">
                  <str>Peiser, Gillian</str>
               </arr>
               <arr name="iris2.instrument.dataType">
                  <str>Closed response format</str>
               </arr>
               <arr name="iris2.instrument.instrumentType">
                  <str>Questionnaire</str>
                  <str>Attitude questionnaire</str>
                  <str>Questionnaire</str>
                  <str>Language awareness questionnaire</str>
                  <str>Questionnaire</str>
                  <str>Biographical questionnaire</str>
                  <str>Questionnaire</str>
                  <str>Language background questionnaire</str>
               </arr>
               <str name="iris2.instrument.instrumentType.alltypes">attitude questionnaire language awareness questionnaire biographical questionnaire language background questionnaire </str>
               <arr name="iris2.instrument.licence">
                  <str>Attribution-NonCommercial-ShareAlike</str>
               </arr>
               <str name="iris2.instrument.primaryInstrumentType">Questionnaire &gt; Attitude questionnaire</str>
               <arr name="iris2.instrument.researchArea">
                  <str>Culture</str>
                  <str>Motivation</str>
                  <str>Learner attitudes</str>
                  <str>Intercultural understanding</str>
               </arr>
               <arr name="iris2.instrument.secondaryInstrumentType">
                  <str>Questionnaire &gt; Language awareness questionnaire</str>
                  <str>Questionnaire &gt; Biographical questionnaire</str>
                  <str>Questionnaire &gt; Language background questionnaire</str>
               </arr>
               <arr name="iris2.instrument.sourceLanguage">
                  <str>English</str>
               </arr>
               <arr name="iris2.instrument.typeOfFile">
                  <str>Text</str>
               </arr>
               <arr name="iris2.participants.firstLanguage">
                  <str>English</str>
               </arr>
               <arr name="iris2.participants.gender">
                  <str>mixed</str>
               </arr>
               <arr name="iris2.participants.participantType">
                  <str>Foreign language learners</str>
               </arr>
               <arr name="iris2.participants.targetLanguage">
                  <str>French</str>
                  <str>German</str>
                  <str>Spanish</str>
               </arr>
               <arr name="iris2.referenceid">
                  <str>Peiser_The significance of intercultural understanding in the key stage 3 curriculum: The perspectives of policy makers, teachers and pupils</str>
                  <str>2013_Peiser_Jones_The significance of intercultural understanding (IU) in the English mfl curriculum: A pupil perspective</str>
               </arr>
               <str name="iris2.references.allauthors">Peiser (2012); Peiser &amp; Jones (2013)</str>
               <arr name="iris2.references.author">
                  <str>Peiser, Gillian</str>
                  <str>Peiser, Gillian</str>
                  <str>Jones, Marion</str>
               </arr>
               <str name="iris2.references.author.lastnames">peiserpeiserjones</str>
               <arr name="iris2.references.journal">
                  <str>The Language Learning Journal</str>
               </arr>
               <arr name="iris2.references.publicationDate">
                  <str>2013</str>
                  <str>2012</str>
               </arr>
               <arr name="iris2.references.publicationLatestDate">
                  <str>2013</str>
               </arr>
               <arr name="iris2.references.publicationType">
                  <str>Thesis</str>
                  <str>Journal Article</str>
               </arr>
               <arr name="oai_dc.dc_xsi:schemaLocation">
                  <str>http://www.openarchives.org/OAI/2.0/oai_dc/ http://www.openarchives.org/OAI/2.0/oai_dc.xsd</str>
               </arr>
            </doc>
         </result>
      </response>
   </solr>
   <files>
      <file id="INSTRUMENT" mime="application/msword" url="http://www.iris-database.org/iris/api/resource/york:806933/asset/INSTRUMENT?download=true"/>
   </files>
</record>
