<?xml version="1.0" encoding="ISO-8859-1"?>

<record pid="york:826973">
   <solr>
      <response>
         <lst name="responseHeader">
            <int name="status">0</int>
            <int name="QTime">1127</int>
            <lst name="params">
               <str name="q">PID:york?826973</str>
            </lst>
         </lst>
         <result name="response" numfound="1" start="0">
            <doc>
               <str name="PID">york:826973</str>
               <arr name="dc.creator">
                  <str>Toth, Paul D.</str>
               </arr>
               <arr name="dc.date">
                  <str>2006</str>
               </arr>
               <arr name="dc.format">
                  <str>English</str>
                  <str>Spanish</str>
               </arr>
               <arr name="dc.identifier">
                  <str>york:826973</str>
               </arr>
               <arr name="dc.type">
                  <str>Instructional / Intervention / Teaching / Training materials</str>
                  <str>Picture matching test</str>
                  <str>Receptive grammar test</str>
                  <str>http://www.iris-database.org/Instruments</str>
               </arr>
               <arr name="dc2.creator">
                  <str>Toth, Paul D.</str>
               </arr>
               <arr name="dc2.date">
                  <str>2006</str>
               </arr>
               <arr name="dc2.format">
                  <str>English</str>
                  <str>Spanish</str>
               </arr>
               <arr name="dc2.identifier">
                  <str>york:826973</str>
               </arr>
               <arr name="dc2.type">
                  <str>Instructional / Intervention / Teaching / Training materials</str>
                  <str>Picture matching test</str>
                  <str>Receptive grammar test</str>
                  <str>http://www.iris-database.org/Instruments</str>
               </arr>
               <arr name="dc3.creator">
                  <str>Toth, Paul D.</str>
               </arr>
               <date name="fgs.createdDate">2014-09-27T20:45:47.589Z</date>
               <date name="fgs.dateCreated.sort">2014-09-27T20:45:47.589Z</date>
               <str name="fgs.label">IRIS Instrument created by YODL workflow.</str>
               <date name="fgs.lastModifiedDate">2016-03-17T18:16:29.008Z</date>
               <str name="fgs.ownerId">iris-95774ca7-03e1-4cd1-9cce-db3b59237b4a</str>
               <str name="fgs.state">Active</str>
               <arr name="iris.email">
                  <str>ptoth@temple.edu</str>
               </arr>
               <arr name="iris.feedback.count">
                  <str>0</str>
               </arr>
               <str name="iris.hasmaterials">Records with materials</str>
               <arr name="iris.instrument.author">
                  <str>Toth, Paul D.</str>
               </arr>
               <arr name="iris.instrument.instrumentType">
                  <str>Instructional / Intervention / Teaching / Training materials</str>
                  <str>Picture matching test</str>
                  <str>Grammar test / Morphosyntax test</str>
                  <str>Receptive</str>
               </arr>
               <str name="iris.instrument.instrumentType.alltypes">instructional / intervention / teaching / training materials picture matching test receptive </str>
               <arr name="iris.instrument.licence">
                  <str>Attribution-NonCommercial-ShareAlike</str>
               </arr>
               <arr name="iris.instrument.linguisticTarget">
                  <str>Syntax</str>
                  <str>Pronouns</str>
                  <str>Suffixes</str>
               </arr>
               <str name="iris.instrument.primaryInstrumentType">Instructional / Intervention / Teaching / Training materials</str>
               <arr name="iris.instrument.researchArea">
                  <str>Processing instruction</str>
                  <str>Acquisition</str>
                  <str>Comprehension</str>
                  <str>Effectiveness of teaching</str>
                  <str>Morphosyntax (grammar)</str>
                  <str>Sentence processing</str>
               </arr>
               <arr name="iris.instrument.secondaryInstrumentType">
                  <str>Picture matching test</str>
                  <str>Grammar test / Morphosyntax test &gt; Receptive</str>
               </arr>
               <arr name="iris.instrument.sourceLanguage">
                  <str>English</str>
                  <str>Spanish</str>
               </arr>
               <arr name="iris.instrument.typeOfFile">
                  <str>Still Image</str>
                  <str>Text</str>
               </arr>
               <arr name="iris.participants.domainOfUse">
                  <str>Academic</str>
                  <str>School - language instruction only</str>
                  <str>Higher Education</str>
               </arr>
               <arr name="iris.participants.firstLanguage">
                  <str>English</str>
               </arr>
               <arr name="iris.participants.gender">
                  <str>mixed</str>
               </arr>
               <arr name="iris.participants.participantType">
                  <str>Foreign language learners</str>
                  <str/>
               </arr>
               <arr name="iris.participants.proficiencyLearner">
                  <str>Pre-intermediate</str>
                  <str>ACTFL - Novice High</str>
               </arr>
               <arr name="iris.participants.targetLanguage">
                  <str>Spanish</str>
               </arr>
               <arr name="iris.referenceid">
                  <str>2006_Toth_Processing Instruction and a role for output in second language acquisition</str>
               </arr>
               <str name="iris.references.allauthors">Toth (2006)</str>
               <arr name="iris.references.author">
                  <str>Toth, Paul D.</str>
               </arr>
               <str name="iris.references.author.lastnames">toth</str>
               <arr name="iris.references.author.noack">
                  <str>Toth, Paul D.</str>
               </arr>
               <arr name="iris.references.journal">
                  <str>Language Learning</str>
               </arr>
               <arr name="iris.references.publicationDate">
                  <str>2006</str>
               </arr>
               <arr name="iris.references.publicationLatestDate">
                  <str>2006</str>
               </arr>
               <arr name="iris.references.publicationType">
                  <str>Journal Article</str>
               </arr>
               <arr name="iris2.email">
                  <str>ptoth@temple.edu</str>
               </arr>
               <arr name="iris2.feedback.count">
                  <str>0</str>
               </arr>
               <str name="iris2.hasmaterials">Records with materials</str>
               <arr name="iris2.instrument.author">
                  <str>Toth, Paul D.</str>
               </arr>
               <arr name="iris2.instrument.instrumentType">
                  <str>Instructional / Intervention / Teaching / Training materials</str>
                  <str>Picture matching test</str>
                  <str>Grammar test / Morphosyntax test</str>
                  <str>Receptive</str>
               </arr>
               <str name="iris2.instrument.instrumentType.alltypes">instructional / intervention / teaching / training materials picture matching test receptive </str>
               <arr name="iris2.instrument.licence">
                  <str>Attribution-NonCommercial-ShareAlike</str>
               </arr>
               <arr name="iris2.instrument.linguisticTarget">
                  <str>Syntax</str>
                  <str>Pronouns</str>
                  <str>Suffixes</str>
               </arr>
               <str name="iris2.instrument.primaryInstrumentType">Instructional / Intervention / Teaching / Training materials</str>
               <arr name="iris2.instrument.researchArea">
                  <str>Processing instruction</str>
                  <str>Acquisition</str>
                  <str>Comprehension</str>
                  <str>Effectiveness of teaching</str>
                  <str>Morphosyntax (grammar)</str>
                  <str>Sentence processing</str>
               </arr>
               <arr name="iris2.instrument.secondaryInstrumentType">
                  <str>Picture matching test</str>
                  <str>Grammar test / Morphosyntax test &gt; Receptive</str>
               </arr>
               <arr name="iris2.instrument.sourceLanguage">
                  <str>English</str>
                  <str>Spanish</str>
               </arr>
               <arr name="iris2.instrument.typeOfFile">
                  <str>Still Image</str>
                  <str>Text</str>
               </arr>
               <arr name="iris2.participants.domainOfUse">
                  <str>Academic</str>
                  <str>School - language instruction only</str>
                  <str>Higher Education</str>
               </arr>
               <arr name="iris2.participants.firstLanguage">
                  <str>English</str>
               </arr>
               <arr name="iris2.participants.gender">
                  <str>mixed</str>
               </arr>
               <arr name="iris2.participants.participantType">
                  <str>Foreign language learners</str>
                  <str/>
               </arr>
               <arr name="iris2.participants.proficiencyLearner">
                  <str>Pre-intermediate</str>
                  <str>ACTFL - Novice High</str>
               </arr>
               <arr name="iris2.participants.targetLanguage">
                  <str>Spanish</str>
               </arr>
               <arr name="iris2.referenceid">
                  <str>2006_Toth_Processing Instruction and a role for output in second language acquisition</str>
               </arr>
               <str name="iris2.references.allauthors">Toth (2006)</str>
               <arr name="iris2.references.author">
                  <str>Toth, Paul D.</str>
               </arr>
               <str name="iris2.references.author.lastnames">toth</str>
               <arr name="iris2.references.journal">
                  <str>Language Learning</str>
               </arr>
               <arr name="iris2.references.publicationDate">
                  <str>2006</str>
               </arr>
               <arr name="iris2.references.publicationLatestDate">
                  <str>2006</str>
               </arr>
               <arr name="iris2.references.publicationType">
                  <str>Journal Article</str>
               </arr>
               <arr name="oai_dc.dc_xsi:schemaLocation">
                  <str>http://www.openarchives.org/OAI/2.0/oai_dc/ http://www.openarchives.org/OAI/2.0/oai_dc.xsd</str>
                  <str>http://www.openarchives.org/OAI/2.0/oai_dc/ http://www.openarchives.org/OAI/2.0/oai_dc.xsd</str>
                  <str>http://www.openarchives.org/OAI/2.0/oai_dc/ http://www.openarchives.org/OAI/2.0/oai_dc.xsd</str>
                  <str>http://www.openarchives.org/OAI/2.0/oai_dc/ http://www.openarchives.org/OAI/2.0/oai_dc.xsd</str>
                  <str>http://www.openarchives.org/OAI/2.0/oai_dc/ http://www.openarchives.org/OAI/2.0/oai_dc.xsd</str>
                  <str>http://www.openarchives.org/OAI/2.0/oai_dc/ http://www.openarchives.org/OAI/2.0/oai_dc.xsd</str>
               </arr>
            </doc>
         </result>
      </response>
   </solr>
   <files>
      <file id="INSTRUMENT" mime="application/pdf" url="http://www.iris-database.org/iris/api/resource/york:826973/asset/INSTRUMENT?download=true"/>
   </files>
</record>
