<?xml version="1.0" encoding="ISO-8859-1"?>

<record pid="york:806635">
   <solr>
      <response>
         <lst name="responseHeader">
            <int name="status">0</int>
            <int name="QTime">1084</int>
            <lst name="params">
               <str name="q">PID:york?806635</str>
            </lst>
         </lst>
         <result name="response" numfound="1" start="0">
            <doc>
               <str name="PID">york:806635</str>
               <arr name="dc.creator">
                  <str>Marsden, Heather</str>
               </arr>
               <arr name="dc.date">
                  <str>2008</str>
               </arr>
               <arr name="dc.format">
                  <str>Japanese</str>
               </arr>
               <arr name="dc.subject">
                  <str>Acquisition</str>
                  <str>Morphosyntax (grammar)</str>
               </arr>
               <arr name="dc.type">
                  <str>Grammaticality judgement sentences or acceptability judgement</str>
                  <str>http://www.iris-database.org/Instruments</str>
               </arr>
               <arr name="dc2.creator">
                  <str>Marsden, Heather</str>
               </arr>
               <arr name="dc2.date">
                  <str>2008</str>
               </arr>
               <arr name="dc2.format">
                  <str>Japanese</str>
               </arr>
               <arr name="dc2.subject">
                  <str>Acquisition</str>
                  <str>Morphosyntax (grammar)</str>
               </arr>
               <arr name="dc2.type">
                  <str>Grammaticality judgement sentences or acceptability judgement</str>
                  <str>http://www.iris-database.org/Instruments</str>
               </arr>
               <arr name="dc3.creator">
                  <str>Marsden, Heather</str>
               </arr>
               <arr name="dc3.subject">
                  <str>Acquisition</str>
                  <str>Morphosyntax (grammar)</str>
               </arr>
               <date name="fgs.createdDate">2012-10-16T10:11:21.253Z</date>
               <date name="fgs.dateCreated.sort">2012-10-16T10:11:21.253Z</date>
               <str name="fgs.label">IRIS Instrument created by YODL workflow.</str>
               <date name="fgs.lastModifiedDate">2016-03-23T12:08:57.966Z</date>
               <str name="fgs.ownerId">iris-d4c90490-e417-4489-a177-844862d681fe</str>
               <str name="fgs.state">Active</str>
               <arr name="iris.email">
                  <str>heather.marsden@york.ac.uk</str>
               </arr>
               <arr name="iris.feedback.count">
                  <str>1</str>
               </arr>
               <arr name="iris.feedback.email_1">
                  <str>julie.allinson@york.ac.uk</str>
               </arr>
               <arr name="iris.feedback.name_1">
                  <str>Julie Allinson</str>
               </arr>
               <arr name="iris.feedback.notes_1">
                  <str>Test feedback; don't approve it.</str>
               </arr>
               <arr name="iris.feedback.published_1">
                  <str>false</str>
               </arr>
               <arr name="iris.feedback.time_1">
                  <str>19 Feb 2013 15:02:13 GMT</str>
               </arr>
               <arr name="iris.feedback.usage_1">
                  <str>1</str>
               </arr>
               <str name="iris.hasmaterials">Records with materials</str>
               <arr name="iris.instrument.author">
                  <str>Marsden, Heather</str>
               </arr>
               <arr name="iris.instrument.dataType">
                  <str>Judgements</str>
               </arr>
               <arr name="iris.instrument.instrumentType">
                  <str>Grammaticality / Acceptability judgement test</str>
               </arr>
               <str name="iris.instrument.instrumentType.alltypes">grammaticality / acceptability judgement test </str>
               <arr name="iris.instrument.licence">
                  <str>Attribution-NonCommercial-ShareAlike</str>
               </arr>
               <arr name="iris.instrument.linguisticTarget">
                  <str>Syntax</str>
                  <str>Quantifier scope and interpretation</str>
                  <str>Morphology</str>
               </arr>
               <str name="iris.instrument.primaryInstrumentType">Grammaticality / Acceptability judgement test</str>
               <arr name="iris.instrument.researchArea">
                  <str>Acquisition</str>
                  <str>Morphosyntax (grammar)</str>
               </arr>
               <arr name="iris.instrument.sourceLanguage">
                  <str>Japanese</str>
               </arr>
               <arr name="iris.instrument.typeOfFile">
                  <str>Still Image</str>
                  <str>Text</str>
               </arr>
               <arr name="iris.participants.firstLanguage">
                  <str>English</str>
                  <str>Korean</str>
                  <str>Chinese</str>
               </arr>
               <arr name="iris.participants.gender">
                  <str>mixed</str>
               </arr>
               <arr name="iris.participants.participantType">
                  <str>Foreign language learners</str>
                  <str>Native speakers</str>
               </arr>
               <arr name="iris.participants.proficiencyLearner">
                  <str>Intermediate</str>
                  <str>Advanced</str>
               </arr>
               <arr name="iris.participants.targetLanguage">
                  <str>Japanese</str>
               </arr>
               <arr name="iris.referenceid">
                  <str>Marsden_Quantifier scope in non-native Japanese: A comparative interlanguage study of Chinese, English, and Korean-speaking learners</str>
                  <str>2008_Marsden_Pair-list readings in Korean-Japanese, Chinese-Japanese, and English-Japanese interlanguage</str>
               </arr>
               <str name="iris.references.allauthors">Marsden (2004); Marsden (2008)</str>
               <arr name="iris.references.author">
                  <str>Marsden, Heather</str>
                  <str>Marsden, Heather</str>
               </arr>
               <str name="iris.references.author.lastnames">marsdenmarsden</str>
               <arr name="iris.references.author.noack">
                  <str>Marsden, Heather</str>
                  <str>Marsden, Heather</str>
               </arr>
               <arr name="iris.references.journal">
                  <str>Second Language Research</str>
               </arr>
               <arr name="iris.references.publicationDate">
                  <str>2008</str>
                  <str>2004</str>
               </arr>
               <arr name="iris.references.publicationLatestDate">
                  <str>2008</str>
               </arr>
               <arr name="iris.references.publicationType">
                  <str>Thesis</str>
                  <str>Journal Article</str>
               </arr>
               <arr name="iris2.email">
                  <str>heather.marsden@york.ac.uk</str>
               </arr>
               <arr name="iris2.feedback.count">
                  <str>1</str>
               </arr>
               <arr name="iris2.feedback.email_1">
                  <str>julie.allinson@york.ac.uk</str>
               </arr>
               <arr name="iris2.feedback.name_1">
                  <str>Julie Allinson</str>
               </arr>
               <arr name="iris2.feedback.notes_1">
                  <str>Test feedback; don't approve it.</str>
               </arr>
               <arr name="iris2.feedback.published_1">
                  <str>false</str>
               </arr>
               <arr name="iris2.feedback.time_1">
                  <str>19 Feb 2013 15:02:13 GMT</str>
               </arr>
               <arr name="iris2.feedback.usage_1">
                  <str>1</str>
               </arr>
               <str name="iris2.hasmaterials">Records with materials</str>
               <arr name="iris2.instrument.author">
                  <str>Marsden, Heather</str>
               </arr>
               <arr name="iris2.instrument.dataType">
                  <str>Judgements</str>
               </arr>
               <arr name="iris2.instrument.instrumentType">
                  <str>Grammaticality / Acceptability judgement test</str>
               </arr>
               <str name="iris2.instrument.instrumentType.alltypes">grammaticality / acceptability judgement test </str>
               <arr name="iris2.instrument.licence">
                  <str>Attribution-NonCommercial-ShareAlike</str>
               </arr>
               <arr name="iris2.instrument.linguisticTarget">
                  <str>Syntax</str>
                  <str>Quantifier scope and interpretation</str>
                  <str>Morphology</str>
               </arr>
               <str name="iris2.instrument.primaryInstrumentType">Grammaticality / Acceptability judgement test</str>
               <arr name="iris2.instrument.researchArea">
                  <str>Acquisition</str>
                  <str>Morphosyntax (grammar)</str>
               </arr>
               <arr name="iris2.instrument.sourceLanguage">
                  <str>Japanese</str>
               </arr>
               <arr name="iris2.instrument.typeOfFile">
                  <str>Still Image</str>
                  <str>Text</str>
               </arr>
               <arr name="iris2.participants.firstLanguage">
                  <str>English</str>
                  <str>Korean</str>
                  <str>Chinese</str>
               </arr>
               <arr name="iris2.participants.gender">
                  <str>mixed</str>
               </arr>
               <arr name="iris2.participants.participantType">
                  <str>Foreign language learners</str>
                  <str>Native speakers</str>
               </arr>
               <arr name="iris2.participants.proficiencyLearner">
                  <str>Intermediate</str>
                  <str>Advanced</str>
               </arr>
               <arr name="iris2.participants.targetLanguage">
                  <str>Japanese</str>
               </arr>
               <arr name="iris2.referenceid">
                  <str>Marsden_Quantifier scope in non-native Japanese: A comparative interlanguage study of Chinese, English, and Korean-speaking learners</str>
                  <str>2008_Marsden_Pair-list readings in Korean-Japanese, Chinese-Japanese, and English-Japanese interlanguage</str>
               </arr>
               <str name="iris2.references.allauthors">Marsden (2004); Marsden (2008)</str>
               <arr name="iris2.references.author">
                  <str>Marsden, Heather</str>
                  <str>Marsden, Heather</str>
               </arr>
               <str name="iris2.references.author.lastnames">marsdenmarsden</str>
               <arr name="iris2.references.journal">
                  <str>Second Language Research</str>
               </arr>
               <arr name="iris2.references.publicationDate">
                  <str>2008</str>
                  <str>2004</str>
               </arr>
               <arr name="iris2.references.publicationLatestDate">
                  <str>2008</str>
               </arr>
               <arr name="iris2.references.publicationType">
                  <str>Thesis</str>
                  <str>Journal Article</str>
               </arr>
               <arr name="oai_dc.dc_xsi:schemaLocation">
                  <str>http://www.openarchives.org/OAI/2.0/oai_dc/ http://www.openarchives.org/OAI/2.0/oai_dc.xsd</str>
               </arr>
            </doc>
         </result>
      </response>
   </solr>
   <files>
      <file id="INSTRUMENT" mime="image/jpg" url="http://www.iris-database.org/iris/api/resource/york:806635/asset/INSTRUMENT?download=true"/>
      <file id="INSTRUMENT1" mime="application/octet-stream" url="http://www.iris-database.org/iris/api/resource/york:806635/asset/INSTRUMENT1?download=true"/>
      <file id="INSTRUMENT2" mime="image/jpg" url="http://www.iris-database.org/iris/api/resource/york:806635/asset/INSTRUMENT2?download=true"/>
      <file id="INSTRUMENT3" mime="image/jpg" url="http://www.iris-database.org/iris/api/resource/york:806635/asset/INSTRUMENT3?download=true"/>
      <file id="INSTRUMENT4" mime="image/jpg" url="http://www.iris-database.org/iris/api/resource/york:806635/asset/INSTRUMENT4?download=true"/>
      <file id="INSTRUMENT5" mime="image/tiff" url="http://www.iris-database.org/iris/api/resource/york:806635/asset/INSTRUMENT5?download=true"/>
      <file id="INSTRUMENT6" mime="application/octet-stream" url="http://www.iris-database.org/iris/api/resource/york:806635/asset/INSTRUMENT6?download=true"/>
      <file id="INSTRUMENT7" mime="image/jpg" url="http://www.iris-database.org/iris/api/resource/york:806635/asset/INSTRUMENT7?download=true"/>
      <file id="INSTRUMENT8" mime="image/jpg" url="http://www.iris-database.org/iris/api/resource/york:806635/asset/INSTRUMENT8?download=true"/>
      <file id="INSTRUMENT9" mime="image/jpg" url="http://www.iris-database.org/iris/api/resource/york:806635/asset/INSTRUMENT9?download=true"/>
      <file id="INSTRUMENT10" mime="image/jpg" url="http://www.iris-database.org/iris/api/resource/york:806635/asset/INSTRUMENT10?download=true"/>
      <file id="INSTRUMENT11" mime="image/jpg" url="http://www.iris-database.org/iris/api/resource/york:806635/asset/INSTRUMENT11?download=true"/>
      <file id="INSTRUMENT12" mime="image/jpg" url="http://www.iris-database.org/iris/api/resource/york:806635/asset/INSTRUMENT12?download=true"/>
   </files>
</record>
