<?xml version="1.0" encoding="ISO-8859-1"?>

<record pid="york:841167">
   <solr>
      <response>
         <lst name="responseHeader">
            <int name="status">0</int>
            <int name="QTime">1306</int>
            <lst name="params">
               <str name="q">PID:york?841167</str>
            </lst>
         </lst>
         <result name="response" numfound="1" start="0">
            <doc>
               <str name="PID">york:841167</str>
               <arr name="dc.creator">
                  <str>De Groot, Annette M. B.</str>
                  <str>Smedinga, Hilde E.</str>
               </arr>
               <arr name="dc.date">
                  <str>2014</str>
               </arr>
               <arr name="dc.description">
                  <str>The paired-associates stimuli for the learning sessions, recall tests used for the practice session, learning + recall sessions and delayed recall sessions as well as the questionnaires used in this study are all linked in IRIS.</str>
               </arr>
               <arr name="dc.identifier">
                  <str>york:841167</str>
               </arr>
               <str name="dc.title">Post-learning + recall rounds questionnaires</str>
               <str name="dc.title.sort">Post-learning + recall rounds questionnaires</str>
               <arr name="dc.type">
                  <str>Learning style questionnaire</str>
                  <str>Learning strategy questionnaire</str>
                  <str>Questionnaire</str>
                  <str>http://www.iris-database.org/Instruments</str>
               </arr>
               <arr name="dc2.creator">
                  <str>De Groot, Annette M. B.</str>
                  <str>Smedinga, Hilde E.</str>
               </arr>
               <arr name="dc2.date">
                  <str>2014</str>
               </arr>
               <arr name="dc2.description">
                  <str>The paired-associates stimuli for the learning sessions, recall tests used for the practice session, learning + recall sessions and delayed recall sessions as well as the questionnaires used in this study are all linked in IRIS.</str>
               </arr>
               <arr name="dc2.identifier">
                  <str>york:841167</str>
               </arr>
               <str name="dc2.title">Post-learning + recall rounds questionnaires</str>
               <arr name="dc2.type">
                  <str>Learning style questionnaire</str>
                  <str>Learning strategy questionnaire</str>
                  <str>Questionnaire</str>
                  <str>http://www.iris-database.org/Instruments</str>
               </arr>
               <arr name="dc3.creator">
                  <str>De Groot, Annette M. B.</str>
                  <str>Smedinga, Hilde E.</str>
               </arr>
               <str name="dc3.title">Post-learning + recall rounds questionnaires</str>
               <date name="fgs.createdDate">2014-12-10T16:38:14.877Z</date>
               <date name="fgs.dateCreated.sort">2014-12-10T16:38:14.877Z</date>
               <str name="fgs.label">IRIS Instrument created by YODL workflow.</str>
               <date name="fgs.lastModifiedDate">2015-05-01T16:21:41.157Z</date>
               <str name="fgs.ownerId">iris-580a9f0f-ed9e-4f5f-be7e-877243bddfd0</str>
               <str name="fgs.state">Active</str>
               <arr name="iris.feedback.count">
                  <str>0</str>
               </arr>
               <str name="iris.hasmaterials">Records with information only (materials not yet held)</str>
               <arr name="iris.instrument.author">
                  <str>De Groot, Annette M. B.</str>
                  <str>Smedinga, Hilde E.</str>
               </arr>
               <arr name="iris.instrument.instrumentType">
                  <str>Questionnaire</str>
                  <str>Learning style questionnaire</str>
                  <str>Questionnaire</str>
                  <str>Learning strategy questionnaire</str>
                  <str>Questionnaire</str>
                  <str>Other questionnaire</str>
               </arr>
               <str name="iris.instrument.instrumentType.alltypes">learning style questionnaire learning strategy questionnaire other questionnaire </str>
               <arr name="iris.instrument.licence">
                  <str>Attribution-NonCommercial-ShareAlike</str>
               </arr>
               <str name="iris.instrument.primaryInstrumentType">Questionnaire &gt; Other questionnaire</str>
               <arr name="iris.instrument.researchArea">
                  <str>Learner strategies</str>
                  <str>Learning style</str>
                  <str>Lexicon (vocabulary)</str>
               </arr>
               <arr name="iris.instrument.secondaryInstrumentType">
                  <str>Questionnaire &gt; Learning style questionnaire</str>
                  <str>Questionnaire &gt; Learning strategy questionnaire</str>
               </arr>
               <arr name="iris.instrument.title">
                  <str>Post-learning + recall rounds questionnaires</str>
               </arr>
               <arr name="iris.instrument.typeOfFile">
                  <str>Text</str>
               </arr>
               <arr name="iris.participants.firstLanguage">
                  <str>Dutch</str>
               </arr>
               <arr name="iris.participants.participantType">
                  <str>Foreign language learners</str>
                  <str/>
               </arr>
               <arr name="iris.participants.targetLanguage">
                  <str>Artificial language</str>
               </arr>
               <arr name="iris.referenceid">
                  <str>2014_De Groot_Smedinga_Let the music play! A short-term but no long-term detrimental effect of vocal background music with familiar language lyrics on foreign language vocabulary learning</str>
               </arr>
               <str name="iris.references.allauthors">De Groot &amp; Smedinga (2014)</str>
               <arr name="iris.references.author">
                  <str>De Groot, Annette M. B.</str>
                  <str>Smedinga, Hilde E.</str>
               </arr>
               <str name="iris.references.author.lastnames">de grootsmedinga</str>
               <arr name="iris.references.author.noack">
                  <str>De Groot, Annette M. B.</str>
                  <str>Smedinga, Hilde E.</str>
               </arr>
               <arr name="iris.references.journal">
                  <str>Studies in Second Language Acquisition</str>
               </arr>
               <arr name="iris.references.publicationDate">
                  <str>2014</str>
               </arr>
               <arr name="iris.references.publicationLatestDate">
                  <str>2014</str>
               </arr>
               <arr name="iris.references.publicationType">
                  <str>Journal Article</str>
               </arr>
               <arr name="iris2.feedback.count">
                  <str>0</str>
               </arr>
               <str name="iris2.hasmaterials">Records with information only (materials not yet held)</str>
               <arr name="iris2.instrument.author">
                  <str>De Groot, Annette M. B.</str>
                  <str>Smedinga, Hilde E.</str>
               </arr>
               <arr name="iris2.instrument.instrumentType">
                  <str>Questionnaire</str>
                  <str>Learning style questionnaire</str>
                  <str>Questionnaire</str>
                  <str>Learning strategy questionnaire</str>
                  <str>Questionnaire</str>
                  <str>Other questionnaire</str>
               </arr>
               <str name="iris2.instrument.instrumentType.alltypes">learning style questionnaire learning strategy questionnaire other questionnaire </str>
               <arr name="iris2.instrument.licence">
                  <str>Attribution-NonCommercial-ShareAlike</str>
               </arr>
               <str name="iris2.instrument.primaryInstrumentType">Questionnaire &gt; Other questionnaire</str>
               <arr name="iris2.instrument.researchArea">
                  <str>Learner strategies</str>
                  <str>Learning style</str>
                  <str>Lexicon (vocabulary)</str>
               </arr>
               <arr name="iris2.instrument.secondaryInstrumentType">
                  <str>Questionnaire &gt; Learning style questionnaire</str>
                  <str>Questionnaire &gt; Learning strategy questionnaire</str>
               </arr>
               <arr name="iris2.instrument.typeOfFile">
                  <str>Text</str>
               </arr>
               <arr name="iris2.participants.firstLanguage">
                  <str>Dutch</str>
               </arr>
               <arr name="iris2.participants.participantType">
                  <str>Foreign language learners</str>
                  <str/>
               </arr>
               <arr name="iris2.participants.targetLanguage">
                  <str>Artificial language</str>
               </arr>
               <arr name="iris2.referenceid">
                  <str>2014_De Groot_Smedinga_Let the music play! A short-term but no long-term detrimental effect of vocal background music with familiar language lyrics on foreign language vocabulary learning</str>
               </arr>
               <str name="iris2.references.allauthors">De Groot &amp; Smedinga (2014)</str>
               <arr name="iris2.references.author">
                  <str>De Groot, Annette M. B.</str>
                  <str>Smedinga, Hilde E.</str>
               </arr>
               <str name="iris2.references.author.lastnames">de grootsmedinga</str>
               <arr name="iris2.references.journal">
                  <str>Studies in Second Language Acquisition</str>
               </arr>
               <arr name="iris2.references.publicationDate">
                  <str>2014</str>
               </arr>
               <arr name="iris2.references.publicationLatestDate">
                  <str>2014</str>
               </arr>
               <arr name="iris2.references.publicationType">
                  <str>Journal Article</str>
               </arr>
               <arr name="oai_dc.dc_xsi:schemaLocation">
                  <str>http://www.openarchives.org/OAI/2.0/oai_dc/ http://www.openarchives.org/OAI/2.0/oai_dc.xsd</str>
                  <str>http://www.openarchives.org/OAI/2.0/oai_dc/ http://www.openarchives.org/OAI/2.0/oai_dc.xsd</str>
                  <str>http://www.openarchives.org/OAI/2.0/oai_dc/ http://www.openarchives.org/OAI/2.0/oai_dc.xsd</str>
               </arr>
            </doc>
         </result>
      </response>
   </solr>
   <files/>
</record>
