<?xml version="1.0" encoding="ISO-8859-1"?>

<record pid="york:807436">
   <solr>
      <response>
         <lst name="responseHeader">
            <int name="status">0</int>
            <int name="QTime">557</int>
            <lst name="params">
               <str name="q">PID:york?807436</str>
            </lst>
         </lst>
         <result name="response" numfound="1" start="0">
            <doc>
               <str name="PID">york:807436</str>
               <arr name="dc.creator">
                  <str>Brannen, Kathleen</str>
               </arr>
               <arr name="dc.format">
                  <str>English</str>
               </arr>
               <arr name="dc.identifier">
                  <str>york:807436</str>
               </arr>
               <arr name="dc.subject">
                  <str>Phonology</str>
               </arr>
               <arr name="dc.type">
                  <str>Listening test</str>
                  <str>Discrimination task</str>
                  <str>http://www.iris-database.org/Instruments</str>
               </arr>
               <arr name="dc2.creator">
                  <str>Brannen, Kathleen</str>
               </arr>
               <arr name="dc2.format">
                  <str>English</str>
               </arr>
               <arr name="dc2.identifier">
                  <str>york:807436</str>
               </arr>
               <arr name="dc2.subject">
                  <str>Phonology</str>
               </arr>
               <arr name="dc2.type">
                  <str>Listening test</str>
                  <str>Discrimination task</str>
                  <str>http://www.iris-database.org/Instruments</str>
               </arr>
               <arr name="dc3.creator">
                  <str>Brannen, Kathleen</str>
               </arr>
               <arr name="dc3.subject">
                  <str>Phonology</str>
               </arr>
               <date name="fgs.createdDate">2012-12-02T04:31:28.63Z</date>
               <date name="fgs.dateCreated.sort">2012-12-02T04:31:28.63Z</date>
               <str name="fgs.label">IRIS Instrument created by YODL workflow.</str>
               <date name="fgs.lastModifiedDate">2016-01-07T14:37:55.057Z</date>
               <str name="fgs.ownerId">iris-ee89f938-08f1-454b-951c-e4d24935a514</str>
               <str name="fgs.state">Active</str>
               <arr name="iris.email">
                  <str>brannen.kathleen@uqam.ca</str>
               </arr>
               <arr name="iris.feedback.count">
                  <str>1</str>
               </arr>
               <arr name="iris.feedback.email_1">
                  <str>bouchhioua_nadu@yahoo.fr</str>
               </arr>
               <arr name="iris.feedback.published_1">
                  <str>false</str>
               </arr>
               <arr name="iris.feedback.time_1">
                  <str>10 Jul 2014 11:31:46 GMT</str>
               </arr>
               <str name="iris.hasmaterials">Records with materials</str>
               <arr name="iris.instrument.author">
                  <str>Brannen, Kathleen</str>
               </arr>
               <arr name="iris.instrument.dataType">
                  <str>Closed response format</str>
                  <str>Reaction times</str>
               </arr>
               <arr name="iris.instrument.instrumentType">
                  <str>Listening / Aural test</str>
                  <str>Speech perception / rating</str>
                  <str>Discrimination task</str>
               </arr>
               <str name="iris.instrument.instrumentType.alltypes">listening / aural test discrimination task </str>
               <arr name="iris.instrument.licence">
                  <str>Attribution-NonCommercial-ShareAlike</str>
               </arr>
               <str name="iris.instrument.primaryInstrumentType">Speech perception / rating &gt; Discrimination task</str>
               <arr name="iris.instrument.researchArea">
                  <str>Phonology</str>
               </arr>
               <arr name="iris.instrument.secondaryInstrumentType">
                  <str>Listening / Aural test</str>
               </arr>
               <arr name="iris.instrument.sourceLanguage">
                  <str>English</str>
               </arr>
               <arr name="iris.instrument.typeOfFile">
                  <str>Text</str>
               </arr>
               <arr name="iris.participants.firstLanguage">
                  <str>French</str>
                  <str>Japanese</str>
                  <str>Russian</str>
               </arr>
               <arr name="iris.participants.gender">
                  <str>mixed</str>
               </arr>
               <arr name="iris.participants.participantType">
                  <str>Second language learners</str>
                  <str>Native speakers</str>
               </arr>
               <arr name="iris.participants.proficiencyLearner">
                  <str>Intermediate</str>
                  <str>Advanced</str>
                  <str>Pre-intermediate</str>
                  <str>Near beginner</str>
                  <str>Native</str>
                  <str>Near native</str>
               </arr>
               <arr name="iris.participants.targetLanguage">
                  <str>English</str>
               </arr>
               <arr name="iris.referenceid">
                  <str>Brannen_The perception and production of interdental fricatives in second language acquisition</str>
               </arr>
               <str name="iris.references.allauthors">Brannen (2011)</str>
               <arr name="iris.references.author">
                  <str>Brannen, Kathleen</str>
               </arr>
               <str name="iris.references.author.lastnames">brannen</str>
               <arr name="iris.references.author.noack">
                  <str>Brannen, Kathleen</str>
               </arr>
               <arr name="iris.references.publicationDate">
                  <str>2011</str>
               </arr>
               <arr name="iris.references.publicationLatestDate">
                  <str>2011</str>
               </arr>
               <arr name="iris.references.publicationType">
                  <str>Thesis</str>
               </arr>
               <arr name="iris2.email">
                  <str>brannen.kathleen@uqam.ca</str>
               </arr>
               <arr name="iris2.feedback.count">
                  <str>1</str>
               </arr>
               <arr name="iris2.feedback.email_1">
                  <str>bouchhioua_nadu@yahoo.fr</str>
               </arr>
               <arr name="iris2.feedback.published_1">
                  <str>false</str>
               </arr>
               <arr name="iris2.feedback.time_1">
                  <str>10 Jul 2014 11:31:46 GMT</str>
               </arr>
               <str name="iris2.hasmaterials">Records with materials</str>
               <arr name="iris2.instrument.author">
                  <str>Brannen, Kathleen</str>
               </arr>
               <arr name="iris2.instrument.dataType">
                  <str>Closed response format</str>
                  <str>Reaction times</str>
               </arr>
               <arr name="iris2.instrument.instrumentType">
                  <str>Listening / Aural test</str>
                  <str>Speech perception / rating</str>
                  <str>Discrimination task</str>
               </arr>
               <str name="iris2.instrument.instrumentType.alltypes">listening / aural test discrimination task </str>
               <arr name="iris2.instrument.licence">
                  <str>Attribution-NonCommercial-ShareAlike</str>
               </arr>
               <str name="iris2.instrument.primaryInstrumentType">Speech perception / rating &gt; Discrimination task</str>
               <arr name="iris2.instrument.researchArea">
                  <str>Phonology</str>
               </arr>
               <arr name="iris2.instrument.secondaryInstrumentType">
                  <str>Listening / Aural test</str>
               </arr>
               <arr name="iris2.instrument.sourceLanguage">
                  <str>English</str>
               </arr>
               <arr name="iris2.instrument.typeOfFile">
                  <str>Text</str>
               </arr>
               <arr name="iris2.participants.firstLanguage">
                  <str>French</str>
                  <str>Japanese</str>
                  <str>Russian</str>
               </arr>
               <arr name="iris2.participants.gender">
                  <str>mixed</str>
               </arr>
               <arr name="iris2.participants.participantType">
                  <str>Second language learners</str>
                  <str>Native speakers</str>
               </arr>
               <arr name="iris2.participants.proficiencyLearner">
                  <str>Intermediate</str>
                  <str>Advanced</str>
                  <str>Pre-intermediate</str>
                  <str>Near beginner</str>
                  <str>Native</str>
                  <str>Near native</str>
               </arr>
               <arr name="iris2.participants.targetLanguage">
                  <str>English</str>
               </arr>
               <arr name="iris2.referenceid">
                  <str>Brannen_The perception and production of interdental fricatives in second language acquisition</str>
               </arr>
               <str name="iris2.references.allauthors">Brannen (2011)</str>
               <arr name="iris2.references.author">
                  <str>Brannen, Kathleen</str>
               </arr>
               <str name="iris2.references.author.lastnames">brannen</str>
               <arr name="iris2.references.publicationDate">
                  <str>2011</str>
               </arr>
               <arr name="iris2.references.publicationLatestDate">
                  <str>2011</str>
               </arr>
               <arr name="iris2.references.publicationType">
                  <str>Thesis</str>
               </arr>
               <arr name="oai_dc.dc_xsi:schemaLocation">
                  <str>http://www.openarchives.org/OAI/2.0/oai_dc/ http://www.openarchives.org/OAI/2.0/oai_dc.xsd</str>
                  <str>http://www.openarchives.org/OAI/2.0/oai_dc/ http://www.openarchives.org/OAI/2.0/oai_dc.xsd</str>
               </arr>
            </doc>
         </result>
      </response>
   </solr>
   <files>
      <file id="INSTRUMENT" mime="application/octet-stream" url="http://www.iris-database.org/iris/api/resource/york:807436/asset/INSTRUMENT?download=true"/>
   </files>
</record>
