<?xml version="1.0" encoding="ISO-8859-1"?>

<record pid="york:852225">
   <solr>
      <response>
         <lst name="responseHeader">
            <int name="status">0</int>
            <int name="QTime">1168</int>
            <lst name="params">
               <str name="q">PID:york?852225</str>
            </lst>
         </lst>
         <result name="response" numfound="1" start="0">
            <doc>
               <str name="PID">york:852225</str>
               <arr name="dc.creator">
                  <str>Kelly, Niamh</str>
                  <str>Bruen, Jennifer</str>
               </arr>
               <arr name="dc.date">
                  <str>2015</str>
               </arr>
               <arr name="dc.description">
                  <str>The interview questions and student questionnaire used in this study are linked in IRIS.</str>
               </arr>
               <arr name="dc.identifier">
                  <str>york:852225</str>
               </arr>
               <arr name="dc.type">
                  <str>Attitude questionnaire</str>
                  <str>Learning style questionnaire</str>
                  <str>http://www.iris-database.org/Instruments</str>
               </arr>
               <arr name="dc2.creator">
                  <str>Kelly, Niamh</str>
                  <str>Bruen, Jennifer</str>
               </arr>
               <arr name="dc2.date">
                  <str>2015</str>
               </arr>
               <arr name="dc2.description">
                  <str>The interview questions and student questionnaire used in this study are linked in IRIS.</str>
               </arr>
               <arr name="dc2.identifier">
                  <str>york:852225</str>
               </arr>
               <arr name="dc2.type">
                  <str>Attitude questionnaire</str>
                  <str>Learning style questionnaire</str>
                  <str>http://www.iris-database.org/Instruments</str>
               </arr>
               <arr name="dc3.creator">
                  <str>Kelly, Niamh</str>
                  <str>Bruen, Jennifer</str>
               </arr>
               <date name="fgs.createdDate">2015-03-20T18:17:31.583Z</date>
               <date name="fgs.dateCreated.sort">2015-03-20T18:17:31.583Z</date>
               <str name="fgs.label">IRIS Instrument created by YODL workflow.</str>
               <date name="fgs.lastModifiedDate">2016-05-22T19:04:57.646Z</date>
               <str name="fgs.ownerId">iris-580a9f0f-ed9e-4f5f-be7e-877243bddfd0</str>
               <str name="fgs.state">Active</str>
               <arr name="iris.email">
                  <str>niamh.kelly@dcu.ie</str>
               </arr>
               <arr name="iris.feedback.count">
                  <str>0</str>
               </arr>
               <str name="iris.hasmaterials">Records with materials</str>
               <arr name="iris.instrument.author">
                  <str>Kelly, Niamh</str>
                  <str>Bruen, Jennifer</str>
               </arr>
               <arr name="iris.instrument.instrumentType">
                  <str>Questionnaire</str>
                  <str>Attitude questionnaire</str>
                  <str>Questionnaire</str>
                  <str>Learning style questionnaire</str>
               </arr>
               <str name="iris.instrument.instrumentType.alltypes">attitude questionnaire learning style questionnaire </str>
               <arr name="iris.instrument.licence">
                  <str>Attribution-NonCommercial-ShareAlike</str>
               </arr>
               <str name="iris.instrument.primaryInstrumentType">Questionnaire &gt; Attitude questionnaire</str>
               <arr name="iris.instrument.researchArea">
                  <str>Effectiveness of teaching</str>
                  <str>Learner attitudes</str>
                  <str>Teaching methods (style, approach, technique)</str>
                  <str>Teaching policy</str>
               </arr>
               <arr name="iris.instrument.secondaryInstrumentType">
                  <str>Questionnaire &gt; Learning style questionnaire</str>
               </arr>
               <arr name="iris.instrument.typeOfFile">
                  <str>Text</str>
               </arr>
               <arr name="iris.participants.firstLanguage">
                  <str>English</str>
               </arr>
               <arr name="iris.participants.participantType">
                  <str>Foreign language learners</str>
                  <str>Teachers</str>
               </arr>
               <arr name="iris.referenceid">
                  <str>2015_Kelly_Bruen_Translation as a pedagogical tool in the foreign language classroom: A qualitative study of attitudes and behaviours</str>
               </arr>
               <str name="iris.references.allauthors">Kelly &amp; Bruen (2015)</str>
               <arr name="iris.references.author">
                  <str>Kelly, Niamh</str>
                  <str>Bruen, Jennifer</str>
               </arr>
               <str name="iris.references.author.lastnames">kellybruen</str>
               <arr name="iris.references.author.noack">
                  <str>Kelly, Niamh</str>
                  <str>Bruen, Jennifer</str>
               </arr>
               <arr name="iris.references.journal">
                  <str>Language Teaching Research</str>
               </arr>
               <arr name="iris.references.publicationDate">
                  <str>2015</str>
               </arr>
               <arr name="iris.references.publicationLatestDate">
                  <str>2015</str>
               </arr>
               <arr name="iris.references.publicationType">
                  <str>Journal Article</str>
               </arr>
               <arr name="iris2.email">
                  <str>niamh.kelly@dcu.ie</str>
               </arr>
               <arr name="iris2.feedback.count">
                  <str>0</str>
               </arr>
               <str name="iris2.hasmaterials">Records with materials</str>
               <arr name="iris2.instrument.author">
                  <str>Kelly, Niamh</str>
                  <str>Bruen, Jennifer</str>
               </arr>
               <arr name="iris2.instrument.instrumentType">
                  <str>Questionnaire</str>
                  <str>Attitude questionnaire</str>
                  <str>Questionnaire</str>
                  <str>Learning style questionnaire</str>
               </arr>
               <str name="iris2.instrument.instrumentType.alltypes">attitude questionnaire learning style questionnaire </str>
               <arr name="iris2.instrument.licence">
                  <str>Attribution-NonCommercial-ShareAlike</str>
               </arr>
               <str name="iris2.instrument.primaryInstrumentType">Questionnaire &gt; Attitude questionnaire</str>
               <arr name="iris2.instrument.researchArea">
                  <str>Effectiveness of teaching</str>
                  <str>Learner attitudes</str>
                  <str>Teaching methods (style, approach, technique)</str>
                  <str>Teaching policy</str>
               </arr>
               <arr name="iris2.instrument.secondaryInstrumentType">
                  <str>Questionnaire &gt; Learning style questionnaire</str>
               </arr>
               <arr name="iris2.instrument.typeOfFile">
                  <str>Text</str>
               </arr>
               <arr name="iris2.participants.firstLanguage">
                  <str>English</str>
               </arr>
               <arr name="iris2.participants.participantType">
                  <str>Foreign language learners</str>
                  <str>Teachers</str>
               </arr>
               <arr name="iris2.referenceid">
                  <str>2015_Kelly_Bruen_Translation as a pedagogical tool in the foreign language classroom: A qualitative study of attitudes and behaviours</str>
               </arr>
               <str name="iris2.references.allauthors">Kelly &amp; Bruen (2015)</str>
               <arr name="iris2.references.author">
                  <str>Kelly, Niamh</str>
                  <str>Bruen, Jennifer</str>
               </arr>
               <str name="iris2.references.author.lastnames">kellybruen</str>
               <arr name="iris2.references.journal">
                  <str>Language Teaching Research</str>
               </arr>
               <arr name="iris2.references.publicationDate">
                  <str>2015</str>
               </arr>
               <arr name="iris2.references.publicationLatestDate">
                  <str>2015</str>
               </arr>
               <arr name="iris2.references.publicationType">
                  <str>Journal Article</str>
               </arr>
               <arr name="oai_dc.dc_xsi:schemaLocation">
                  <str>http://www.openarchives.org/OAI/2.0/oai_dc/ http://www.openarchives.org/OAI/2.0/oai_dc.xsd</str>
                  <str>http://www.openarchives.org/OAI/2.0/oai_dc/ http://www.openarchives.org/OAI/2.0/oai_dc.xsd</str>
               </arr>
            </doc>
         </result>
      </response>
   </solr>
   <files>
      <file id="INSTRUMENT" mime="application/vnd.openxmlformats-officedocument.wordprocessingml.document" url="http://www.iris-database.org/iris/api/resource/york:852225/asset/INSTRUMENT?download=true"/>
   </files>
</record>
