<?xml version="1.0" encoding="ISO-8859-1"?>

<record pid="york:819321">
   <solr>
      <response>
         <lst name="responseHeader">
            <int name="status">0</int>
            <int name="QTime">514</int>
            <lst name="params">
               <str name="q">PID:york?819321</str>
            </lst>
         </lst>
         <result name="response" numfound="1" start="0">
            <doc>
               <str name="PID">york:819321</str>
               <arr name="dc.creator">
                  <str>Perera, Natsuko S</str>
               </arr>
               <arr name="dc.date">
                  <str>1992</str>
               </arr>
               <arr name="dc.format">
                  <str>English</str>
               </arr>
               <arr name="dc.identifier">
                  <str>york:819321</str>
               </arr>
               <arr name="dc.subject">
                  <str>Acquisition</str>
               </arr>
               <arr name="dc.type">
                  <str>Formulaic language</str>
                  <str>http://www.iris-database.org/Instruments</str>
               </arr>
               <arr name="dc2.creator">
                  <str>Perera, Natsuko S</str>
               </arr>
               <arr name="dc2.date">
                  <str>1992</str>
               </arr>
               <arr name="dc2.format">
                  <str>English</str>
               </arr>
               <arr name="dc2.identifier">
                  <str>york:819321</str>
               </arr>
               <arr name="dc2.subject">
                  <str>Acquisition</str>
               </arr>
               <arr name="dc2.type">
                  <str>Formulaic language</str>
                  <str>http://www.iris-database.org/Instruments</str>
               </arr>
               <arr name="dc3.creator">
                  <str>Perera, Natsuko S</str>
               </arr>
               <arr name="dc3.subject">
                  <str>Acquisition</str>
               </arr>
               <date name="fgs.createdDate">2014-01-19T13:22:54.256Z</date>
               <date name="fgs.dateCreated.sort">2014-01-19T13:22:54.256Z</date>
               <str name="fgs.label">IRIS Instrument created by YODL workflow.</str>
               <date name="fgs.lastModifiedDate">2016-02-07T14:45:53.257Z</date>
               <str name="fgs.ownerId">ris-f8e5b4aa-1ead-4aab-8776-b4857f1622e1</str>
               <str name="fgs.state">Active</str>
               <arr name="iris.email">
                  <str>pereran@georgetown.edu</str>
               </arr>
               <arr name="iris.feedback.count">
                  <str>0</str>
               </arr>
               <str name="iris.hasmaterials">Records with materials</str>
               <arr name="iris.instrument.author">
                  <str>Perera, Natsuko S</str>
               </arr>
               <arr name="iris.instrument.instrumentType">
                  <str>Coding scheme</str>
                  <str>Formulaic language</str>
               </arr>
               <str name="iris.instrument.instrumentType.alltypes">formulaic language </str>
               <arr name="iris.instrument.licence">
                  <str>Attribution-NonCommercial-ShareAlike</str>
               </arr>
               <arr name="iris.instrument.linguisticTarget">
                  <str>Collocations/lexical chunks</str>
               </arr>
               <str name="iris.instrument.primaryInstrumentType">Coding scheme &gt; Formulaic language</str>
               <arr name="iris.instrument.researchArea">
                  <str>Acquisition</str>
               </arr>
               <arr name="iris.instrument.sourceLanguage">
                  <str>English</str>
               </arr>
               <arr name="iris.instrument.typeOfFile">
                  <str>Text</str>
               </arr>
               <arr name="iris.participants.domainOfUse">
                  <str>With friends</str>
                  <str>School - subject(s) other than language</str>
               </arr>
               <arr name="iris.participants.firstLanguage">
                  <str>Japanese</str>
               </arr>
               <arr name="iris.participants.gender">
                  <str>mixed</str>
               </arr>
               <arr name="iris.participants.participantType">
                  <str>Second language learners</str>
                  <str>Teachers</str>
                  <str>Young learners</str>
                  <str>Native speakers</str>
               </arr>
               <arr name="iris.participants.proficiencyLearner">
                  <str>Complete beginner</str>
               </arr>
               <arr name="iris.participants.targetLanguage">
                  <str>English</str>
               </arr>
               <arr name="iris.referenceid">
                  <str>1992_Lieven_Pine_Dresner-Barnes_Individual differences in early vocabulary development: Redefining the referential-expressive distinction</str>
                  <str>Perera_The role of prefabricated language in young children's second language acquisition</str>
               </arr>
               <str name="iris.references.allauthors">Perera (2000); </str>
               <arr name="iris.references.author">
                  <str>Lieven, E. V.</str>
                  <str>Pine, J.</str>
                  <str>Dresner-Barnes, H.</str>
                  <str>Perera, Natsuko S</str>
               </arr>
               <str name="iris.references.author.lastnames">lievenpinedresner-barnesperera</str>
               <arr name="iris.references.author.noack">
                  <str>Perera, Natsuko S</str>
               </arr>
               <arr name="iris.references.publicationDate">
                  <str>1992</str>
                  <str>2000</str>
               </arr>
               <arr name="iris.references.publicationLatestDate">
                  <str>2000</str>
               </arr>
               <arr name="iris.references.publicationType">
                  <str>Journal Article</str>
                  <str>Thesis</str>
               </arr>
               <arr name="iris2.email">
                  <str>pereran@georgetown.edu</str>
               </arr>
               <arr name="iris2.feedback.count">
                  <str>0</str>
               </arr>
               <str name="iris2.hasmaterials">Records with materials</str>
               <arr name="iris2.instrument.author">
                  <str>Perera, Natsuko S</str>
               </arr>
               <arr name="iris2.instrument.instrumentType">
                  <str>Coding scheme</str>
                  <str>Formulaic language</str>
               </arr>
               <str name="iris2.instrument.instrumentType.alltypes">formulaic language </str>
               <arr name="iris2.instrument.licence">
                  <str>Attribution-NonCommercial-ShareAlike</str>
               </arr>
               <arr name="iris2.instrument.linguisticTarget">
                  <str>Collocations/lexical chunks</str>
               </arr>
               <str name="iris2.instrument.primaryInstrumentType">Coding scheme &gt; Formulaic language</str>
               <arr name="iris2.instrument.researchArea">
                  <str>Acquisition</str>
               </arr>
               <arr name="iris2.instrument.sourceLanguage">
                  <str>English</str>
               </arr>
               <arr name="iris2.instrument.typeOfFile">
                  <str>Text</str>
               </arr>
               <arr name="iris2.participants.domainOfUse">
                  <str>With friends</str>
                  <str>School - subject(s) other than language</str>
               </arr>
               <arr name="iris2.participants.firstLanguage">
                  <str>Japanese</str>
               </arr>
               <arr name="iris2.participants.gender">
                  <str>mixed</str>
               </arr>
               <arr name="iris2.participants.participantType">
                  <str>Second language learners</str>
                  <str>Teachers</str>
                  <str>Young learners</str>
                  <str>Native speakers</str>
               </arr>
               <arr name="iris2.participants.proficiencyLearner">
                  <str>Complete beginner</str>
               </arr>
               <arr name="iris2.participants.targetLanguage">
                  <str>English</str>
               </arr>
               <arr name="iris2.referenceid">
                  <str>1992_Lieven_Pine_Dresner-Barnes_Individual differences in early vocabulary development: Redefining the referential-expressive distinction</str>
                  <str>Perera_The role of prefabricated language in young children's second language acquisition</str>
               </arr>
               <str name="iris2.references.allauthors">Perera (2000); </str>
               <arr name="iris2.references.author">
                  <str>Lieven, E. V.</str>
                  <str>Pine, J.</str>
                  <str>Dresner-Barnes, H.</str>
                  <str>Perera, Natsuko S</str>
               </arr>
               <str name="iris2.references.author.lastnames">lievenpinedresner-barnesperera</str>
               <arr name="iris2.references.publicationDate">
                  <str>1992</str>
                  <str>2000</str>
               </arr>
               <arr name="iris2.references.publicationLatestDate">
                  <str>2000</str>
               </arr>
               <arr name="iris2.references.publicationType">
                  <str>Journal Article</str>
                  <str>Thesis</str>
               </arr>
               <arr name="oai_dc.dc_xsi:schemaLocation">
                  <str>http://www.openarchives.org/OAI/2.0/oai_dc/ http://www.openarchives.org/OAI/2.0/oai_dc.xsd</str>
                  <str>http://www.openarchives.org/OAI/2.0/oai_dc/ http://www.openarchives.org/OAI/2.0/oai_dc.xsd</str>
               </arr>
            </doc>
         </result>
      </response>
   </solr>
   <files>
      <file id="INSTRUMENT" mime="application/pdf" url="http://www.iris-database.org/iris/api/resource/york:819321/asset/INSTRUMENT?download=true"/>
   </files>
</record>
