<?xml version="1.0" encoding="ISO-8859-1"?>

<record pid="york:818893">
   <solr>
      <response>
         <lst name="responseHeader">
            <int name="status">0</int>
            <int name="QTime">1099</int>
            <lst name="params">
               <str name="q">PID:york?818893</str>
            </lst>
         </lst>
         <result name="response" numfound="1" start="0">
            <doc>
               <str name="PID">york:818893</str>
               <arr name="dc.creator">
                  <str>Blom, Elma</str>
               </arr>
               <arr name="dc.date">
                  <str>2013</str>
                  <str>in press</str>
                  <str>2011</str>
                  <str>in press</str>
                  <str>2012</str>
               </arr>
               <arr name="dc.description">
                  <str>The Script for psycholinguistic techniques (self-paced listening) links to two other of the author's instruments in IRIS: (Primary label) Gap-fill / Cloze test and (Primary label) Non-word repetition. All three instruments belong together and were used together in the listed publications.</str>
               </arr>
               <arr name="dc.identifier">
                  <str>york:818893</str>
               </arr>
               <arr name="dc.type">
                  <str>Script for psycholinguistic techniques (self-paced listening)</str>
                  <str>http://www.iris-database.org/Instruments</str>
               </arr>
               <arr name="dc2.creator">
                  <str>Blom, Elma</str>
               </arr>
               <arr name="dc2.date">
                  <str>2013</str>
                  <str>in press</str>
                  <str>2011</str>
                  <str>in press</str>
                  <str>2012</str>
               </arr>
               <arr name="dc2.description">
                  <str>The Script for psycholinguistic techniques (self-paced listening) links to two other of the author's instruments in IRIS: (Primary label) Gap-fill / Cloze test and (Primary label) Non-word repetition. All three instruments belong together and were used together in the listed publications.</str>
               </arr>
               <arr name="dc2.identifier">
                  <str>york:818893</str>
               </arr>
               <arr name="dc2.type">
                  <str>Script for psycholinguistic techniques (self-paced listening)</str>
                  <str>http://www.iris-database.org/Instruments</str>
               </arr>
               <arr name="dc3.creator">
                  <str>Blom, Elma</str>
               </arr>
               <date name="fgs.createdDate">2013-11-28T23:24:54.311Z</date>
               <date name="fgs.dateCreated.sort">2013-11-28T23:24:54.311Z</date>
               <str name="fgs.label">IRIS Instrument created by YODL workflow.</str>
               <date name="fgs.lastModifiedDate">2016-04-02T19:15:25.958Z</date>
               <str name="fgs.ownerId">iris-47817ead-9306-44b9-aa19-a80fa2eb07ea</str>
               <str name="fgs.state">Active</str>
               <arr name="iris.email">
                  <str>w.b.t.blom@uu.nl</str>
               </arr>
               <arr name="iris.feedback.count">
                  <str>0</str>
               </arr>
               <str name="iris.hasmaterials">Records with materials</str>
               <arr name="iris.instrument.author">
                  <str>Blom, Elma</str>
               </arr>
               <arr name="iris.instrument.dataType">
                  <str>Reaction times</str>
                  <str>Oral production</str>
               </arr>
               <arr name="iris.instrument.funder">
                  <str>Netherlands Organisation for Scientific Research (NWO)</str>
               </arr>
               <arr name="iris.instrument.instrumentType">
                  <str>Script for psycholinguistic techniques</str>
                  <str>Self-paced listening</str>
               </arr>
               <str name="iris.instrument.instrumentType.alltypes">self-paced listening </str>
               <arr name="iris.instrument.licence">
                  <str>Attribution-NonCommercial-ShareAlike</str>
               </arr>
               <arr name="iris.instrument.linguisticTarget">
                  <str>Articles</str>
                  <str>Gender</str>
                  <str>Number</str>
                  <str>Tense</str>
                  <str>Nonwords</str>
                  <str>Codas</str>
               </arr>
               <str name="iris.instrument.primaryInstrumentType">Script for psycholinguistic techniques &gt; Self-paced listening</str>
               <arr name="iris.instrument.researchArea">
                  <str>Acquisition</str>
                  <str>Bilingualism</str>
                  <str>Morphosyntax (grammar)</str>
                  <str>Speaking / Oral production</str>
                  <str>Processing</str>
               </arr>
               <arr name="iris.instrument.software">
                  <str>EPrime</str>
               </arr>
               <arr name="iris.instrument.typeOfFile">
                  <str>Sound</str>
                  <str>Software</str>
                  <str>Still Image</str>
                  <str>Text</str>
               </arr>
               <arr name="iris.participants.participantType">
                  <str>Bilinguals</str>
                  <str>Monolinguals</str>
                  <str>First language learners</str>
                  <str>Second language learners</str>
               </arr>
               <arr name="iris.referenceid">
                  <str>2013_Blom_De Jong_Vasic_Processing and production of verb inflection in Dutch SLI</str>
                  <str>in press_Blom_De Jong_Vasic_Production and processing of subject-verb agreement in monolingual Dutch children with Specific Language Impairment</str>
                  <str>2011_Blom_Vasic_The production and processing of determiner-noun agreement in child L2 Dutch</str>
                  <str>in press_Blom_Vasic_The influence of phonological factors on the expression of finiteness by children learning Dutch as their first and second language</str>
                  <str>2012_Vasic_Chondrogianni_Marinis_Blom_Processing of gender in Turkish-Dutch and Turkish-Greek child L2 learners</str>
               </arr>
               <str name="iris.references.allauthors">Blom, De Jong, et al. (2013); Blom, De Jong, et al. (in press); Blom &amp; Vasic (2011); Blom &amp; Vasic (in press); Vasic, Chondrogianni, et al. (2012)</str>
               <arr name="iris.references.author">
                  <str>Blom, Elma</str>
                  <str>De Jong, Jan</str>
                  <str>Vasic, Nada</str>
                  <str>Blom, Elma</str>
                  <str>De Jong, Jan</str>
                  <str>Vasic, Nada</str>
                  <str>Blom, Elma</str>
                  <str>Vasic, Nada</str>
                  <str>Blom, Elma</str>
                  <str>Vasic, Nada</str>
                  <str>Vasic, Nada</str>
                  <str>Chondrogianni, Vasiliki</str>
                  <str>Marinis, Theodoros</str>
                  <str>Blom, Elma</str>
               </arr>
               <str name="iris.references.author.lastnames">blomde jongvasicblomde jongvasicblomvasicblomvasicvasicchondrogiannimarinisblom</str>
               <arr name="iris.references.author.noack">
                  <str>Blom, Elma</str>
                  <str>De Jong, Jan</str>
                  <str>Vasic, Nada</str>
                  <str>Blom, Elma</str>
                  <str>De Jong, Jan</str>
                  <str>Vasic, Nada</str>
                  <str>Blom, Elma</str>
                  <str>Vasic, Nada</str>
                  <str>Blom, Elma</str>
                  <str>Vasic, Nada</str>
                  <str>Vasic, Nada</str>
                  <str>Chondrogianni, Vasiliki</str>
                  <str>Marinis, Theodoros</str>
                  <str>Blom, Elma</str>
               </arr>
               <arr name="iris.references.booktitle">
                  <str>The influence of phonological factors on the expression of finiteness by children learning Dutch as their first and second language</str>
                  <str>Volume on finiteness</str>
               </arr>
               <arr name="iris.references.conferenceName">
                  <str>BUCLD 37</str>
                  <str>BUCLD 36</str>
               </arr>
               <arr name="iris.references.editor">
                  <str>Eide, Kristin Melum</str>
               </arr>
               <arr name="iris.references.journal">
                  <str>Journal of Speech, Language, and Hearing Research</str>
                  <str>Linguistic Approaches to Bilingualism</str>
               </arr>
               <arr name="iris.references.publicationDate">
                  <str>2013</str>
                  <str>in press</str>
                  <str>2011</str>
                  <str>in press</str>
                  <str>2012</str>
               </arr>
               <arr name="iris.references.publicationLatestDate">
                  <str>2013</str>
                  <str>in press</str>
                  <str>in press</str>
               </arr>
               <arr name="iris.references.publicationType">
                  <str>Proceedings</str>
                  <str>Journal Article</str>
                  <str>Journal Article</str>
                  <str>Chapter</str>
                  <str>Proceedings</str>
               </arr>
               <arr name="iris2.email">
                  <str>w.b.t.blom@uu.nl</str>
               </arr>
               <arr name="iris2.feedback.count">
                  <str>0</str>
               </arr>
               <str name="iris2.hasmaterials">Records with materials</str>
               <arr name="iris2.instrument.author">
                  <str>Blom, Elma</str>
               </arr>
               <arr name="iris2.instrument.dataType">
                  <str>Reaction times</str>
                  <str>Oral production</str>
               </arr>
               <arr name="iris2.instrument.funder">
                  <str>Netherlands Organisation for Scientific Research (NWO)</str>
               </arr>
               <arr name="iris2.instrument.instrumentType">
                  <str>Script for psycholinguistic techniques</str>
                  <str>Self-paced listening</str>
               </arr>
               <str name="iris2.instrument.instrumentType.alltypes">self-paced listening </str>
               <arr name="iris2.instrument.licence">
                  <str>Attribution-NonCommercial-ShareAlike</str>
               </arr>
               <arr name="iris2.instrument.linguisticTarget">
                  <str>Articles</str>
                  <str>Gender</str>
                  <str>Number</str>
                  <str>Tense</str>
                  <str>Nonwords</str>
                  <str>Codas</str>
               </arr>
               <str name="iris2.instrument.primaryInstrumentType">Script for psycholinguistic techniques &gt; Self-paced listening</str>
               <arr name="iris2.instrument.researchArea">
                  <str>Acquisition</str>
                  <str>Bilingualism</str>
                  <str>Morphosyntax (grammar)</str>
                  <str>Speaking / Oral production</str>
                  <str>Processing</str>
               </arr>
               <arr name="iris2.instrument.software">
                  <str>EPrime</str>
               </arr>
               <arr name="iris2.instrument.typeOfFile">
                  <str>Sound</str>
                  <str>Software</str>
                  <str>Still Image</str>
                  <str>Text</str>
               </arr>
               <arr name="iris2.participants.participantType">
                  <str>Bilinguals</str>
                  <str>Monolinguals</str>
                  <str>First language learners</str>
                  <str>Second language learners</str>
               </arr>
               <arr name="iris2.referenceid">
                  <str>2013_Blom_De Jong_Vasic_Processing and production of verb inflection in Dutch SLI</str>
                  <str>in press_Blom_De Jong_Vasic_Production and processing of subject-verb agreement in monolingual Dutch children with Specific Language Impairment</str>
                  <str>2011_Blom_Vasic_The production and processing of determiner-noun agreement in child L2 Dutch</str>
                  <str>in press_Blom_Vasic_The influence of phonological factors on the expression of finiteness by children learning Dutch as their first and second language</str>
                  <str>2012_Vasic_Chondrogianni_Marinis_Blom_Processing of gender in Turkish-Dutch and Turkish-Greek child L2 learners</str>
               </arr>
               <str name="iris2.references.allauthors">Blom, De Jong, et al. (2013); Blom, De Jong, et al. (in press); Blom &amp; Vasic (2011); Blom &amp; Vasic (in press); Vasic, Chondrogianni, et al. (2012)</str>
               <arr name="iris2.references.author">
                  <str>Blom, Elma</str>
                  <str>De Jong, Jan</str>
                  <str>Vasic, Nada</str>
                  <str>Blom, Elma</str>
                  <str>De Jong, Jan</str>
                  <str>Vasic, Nada</str>
                  <str>Blom, Elma</str>
                  <str>Vasic, Nada</str>
                  <str>Blom, Elma</str>
                  <str>Vasic, Nada</str>
                  <str>Vasic, Nada</str>
                  <str>Chondrogianni, Vasiliki</str>
                  <str>Marinis, Theodoros</str>
                  <str>Blom, Elma</str>
               </arr>
               <str name="iris2.references.author.lastnames">blomde jongvasicblomde jongvasicblomvasicblomvasicvasicchondrogiannimarinisblom</str>
               <arr name="iris2.references.booktitle">
                  <str>The influence of phonological factors on the expression of finiteness by children learning Dutch as their first and second language</str>
                  <str>Volume on finiteness</str>
               </arr>
               <arr name="iris2.references.conferenceName">
                  <str>BUCLD 37</str>
                  <str>BUCLD 36</str>
               </arr>
               <arr name="iris2.references.editor">
                  <str>Eide, Kristin Melum</str>
               </arr>
               <arr name="iris2.references.journal">
                  <str>Journal of Speech, Language, and Hearing Research</str>
                  <str>Linguistic Approaches to Bilingualism</str>
               </arr>
               <arr name="iris2.references.publicationDate">
                  <str>2013</str>
                  <str>in press</str>
                  <str>2011</str>
                  <str>in press</str>
                  <str>2012</str>
               </arr>
               <arr name="iris2.references.publicationLatestDate">
                  <str>2013</str>
                  <str>in press</str>
                  <str>in press</str>
               </arr>
               <arr name="iris2.references.publicationType">
                  <str>Proceedings</str>
                  <str>Journal Article</str>
                  <str>Journal Article</str>
                  <str>Chapter</str>
                  <str>Proceedings</str>
               </arr>
               <arr name="oai_dc.dc_xsi:schemaLocation">
                  <str>http://www.openarchives.org/OAI/2.0/oai_dc/ http://www.openarchives.org/OAI/2.0/oai_dc.xsd</str>
                  <str>http://www.openarchives.org/OAI/2.0/oai_dc/ http://www.openarchives.org/OAI/2.0/oai_dc.xsd</str>
               </arr>
            </doc>
         </result>
      </response>
   </solr>
   <files>
      <file id="INSTRUMENT1" mime="application/octet-stream" url="http://www.iris-database.org/iris/api/resource/york:818893/asset/INSTRUMENT1?download=true"/>
   </files>
</record>
