<?xml version="1.0" encoding="ISO-8859-1"?>

<record pid="york:847233">
   <solr>
      <response>
         <lst name="responseHeader">
            <int name="status">0</int>
            <int name="QTime">1127</int>
            <lst name="params">
               <str name="q">PID:york?847233</str>
            </lst>
         </lst>
         <result name="response" numfound="1" start="0">
            <doc>
               <str name="PID">york:847233</str>
               <arr name="dc.creator">
                  <str>Shoemaker, Ellenor</str>
               </arr>
               <arr name="dc.date">
                  <str>2009</str>
                  <str>2014</str>
               </arr>
               <arr name="dc.description">
                  <str>The task used audio recordings from Ito, K and Strange, W (2009) Perception of allophonic cues to English word boundaries by Japanese second language learners of English. Journal of the Acoustical Society of America 125, 2348 - 2360.</str>
               </arr>
               <arr name="dc.identifier">
                  <str>york:847233</str>
               </arr>
               <arr name="dc.subject">
                  <str>Phonology</str>
               </arr>
               <str name="dc.title">Word Identification Task</str>
               <str name="dc.title.sort">Word Identification Task</str>
               <arr name="dc.type">
                  <str>Listening test</str>
                  <str>Vocabulary test</str>
                  <str>Identification task</str>
                  <str>http://www.iris-database.org/Instruments</str>
               </arr>
               <arr name="dc2.creator">
                  <str>Shoemaker, Ellenor</str>
               </arr>
               <arr name="dc2.date">
                  <str>2009</str>
                  <str>2014</str>
               </arr>
               <arr name="dc2.description">
                  <str>The task used audio recordings from Ito, K and Strange, W (2009) Perception of allophonic cues to English word boundaries by Japanese second language learners of English. Journal of the Acoustical Society of America 125, 2348 - 2360.</str>
               </arr>
               <arr name="dc2.identifier">
                  <str>york:847233</str>
               </arr>
               <arr name="dc2.subject">
                  <str>Phonology</str>
               </arr>
               <str name="dc2.title">Word Identification Task</str>
               <arr name="dc2.type">
                  <str>Listening test</str>
                  <str>Vocabulary test</str>
                  <str>Identification task</str>
                  <str>http://www.iris-database.org/Instruments</str>
               </arr>
               <arr name="dc3.creator">
                  <str>Shoemaker, Ellenor</str>
               </arr>
               <arr name="dc3.subject">
                  <str>Phonology</str>
               </arr>
               <str name="dc3.title">Word Identification Task</str>
               <date name="fgs.createdDate">2015-01-02T14:25:18.505Z</date>
               <date name="fgs.dateCreated.sort">2015-01-02T14:25:18.505Z</date>
               <str name="fgs.label">IRIS Instrument created by YODL workflow.</str>
               <date name="fgs.lastModifiedDate">2015-01-14T11:18:31.752Z</date>
               <str name="fgs.ownerId">iris-580a9f0f-ed9e-4f5f-be7e-877243bddfd0</str>
               <str name="fgs.state">Active</str>
               <arr name="iris.email">
                  <str>ellenor.shoemaker@univ-paris3.fr</str>
               </arr>
               <arr name="iris.feedback.count">
                  <str>0</str>
               </arr>
               <str name="iris.hasmaterials">Records with information only (materials not yet held)</str>
               <arr name="iris.instrument.author">
                  <str>Shoemaker, Ellenor</str>
               </arr>
               <arr name="iris.instrument.instrumentType">
                  <str>Listening / Aural test</str>
                  <str>Vocabulary test</str>
                  <str>Other vocabulary test</str>
                  <str>Speech perception / rating</str>
                  <str>Identification task</str>
               </arr>
               <str name="iris.instrument.instrumentType.alltypes">listening / aural test other vocabulary test identification task </str>
               <arr name="iris.instrument.licence">
                  <str>Attribution-NonCommercial-ShareAlike</str>
               </arr>
               <str name="iris.instrument.primaryInstrumentType">Speech perception / rating &gt; Identification task</str>
               <arr name="iris.instrument.researchArea">
                  <str>Phonology</str>
               </arr>
               <arr name="iris.instrument.secondaryInstrumentType">
                  <str>Listening / Aural test</str>
                  <str>Vocabulary test &gt; Other vocabulary test</str>
               </arr>
               <arr name="iris.instrument.title">
                  <str>Word Identification Task</str>
               </arr>
               <arr name="iris.instrument.typeOfFile">
                  <str>Text</str>
               </arr>
               <arr name="iris.participants.firstLanguage">
                  <str>French</str>
               </arr>
               <arr name="iris.participants.participantType">
                  <str>Foreign language learners</str>
                  <str/>
               </arr>
               <arr name="iris.participants.targetLanguage">
                  <str>English</str>
               </arr>
               <arr name="iris.referenceid">
                  <str>2009_Ito_Strange_Perception of allophonic cues to English word boundaries by Japanese second language learners of English.</str>
                  <str>2014_Shoemaker_The exploitation of subphonemic acoustic detail in L2 speech segementation</str>
               </arr>
               <str name="iris.references.allauthors">Shoemaker (2014); </str>
               <arr name="iris.references.author">
                  <str>Ito, K</str>
                  <str>Strange, W</str>
                  <str>Shoemaker, Ellenor</str>
               </arr>
               <str name="iris.references.author.lastnames">itostrangeshoemaker</str>
               <arr name="iris.references.author.noack">
                  <str>Shoemaker, Ellenor</str>
               </arr>
               <arr name="iris.references.journal">
                  <str>Studies in Second Language Acquisition</str>
               </arr>
               <arr name="iris.references.publicationDate">
                  <str>2009</str>
                  <str>2014</str>
               </arr>
               <arr name="iris.references.publicationLatestDate">
                  <str>2014</str>
               </arr>
               <arr name="iris.references.publicationType">
                  <str>Journal Article</str>
                  <str>Journal Article</str>
               </arr>
               <arr name="iris2.email">
                  <str>ellenor.shoemaker@univ-paris3.fr</str>
               </arr>
               <arr name="iris2.feedback.count">
                  <str>0</str>
               </arr>
               <str name="iris2.hasmaterials">Records with information only (materials not yet held)</str>
               <arr name="iris2.instrument.author">
                  <str>Shoemaker, Ellenor</str>
               </arr>
               <arr name="iris2.instrument.instrumentType">
                  <str>Listening / Aural test</str>
                  <str>Vocabulary test</str>
                  <str>Other vocabulary test</str>
                  <str>Speech perception / rating</str>
                  <str>Identification task</str>
               </arr>
               <str name="iris2.instrument.instrumentType.alltypes">listening / aural test other vocabulary test identification task </str>
               <arr name="iris2.instrument.licence">
                  <str>Attribution-NonCommercial-ShareAlike</str>
               </arr>
               <str name="iris2.instrument.primaryInstrumentType">Speech perception / rating &gt; Identification task</str>
               <arr name="iris2.instrument.researchArea">
                  <str>Phonology</str>
               </arr>
               <arr name="iris2.instrument.secondaryInstrumentType">
                  <str>Listening / Aural test</str>
                  <str>Vocabulary test &gt; Other vocabulary test</str>
               </arr>
               <arr name="iris2.instrument.typeOfFile">
                  <str>Text</str>
               </arr>
               <arr name="iris2.participants.firstLanguage">
                  <str>French</str>
               </arr>
               <arr name="iris2.participants.participantType">
                  <str>Foreign language learners</str>
                  <str/>
               </arr>
               <arr name="iris2.participants.targetLanguage">
                  <str>English</str>
               </arr>
               <arr name="iris2.referenceid">
                  <str>2009_Ito_Strange_Perception of allophonic cues to English word boundaries by Japanese second language learners of English.</str>
                  <str>2014_Shoemaker_The exploitation of subphonemic acoustic detail in L2 speech segementation</str>
               </arr>
               <str name="iris2.references.allauthors">Shoemaker (2014); </str>
               <arr name="iris2.references.author">
                  <str>Ito, K</str>
                  <str>Strange, W</str>
                  <str>Shoemaker, Ellenor</str>
               </arr>
               <str name="iris2.references.author.lastnames">itostrangeshoemaker</str>
               <arr name="iris2.references.journal">
                  <str>Studies in Second Language Acquisition</str>
               </arr>
               <arr name="iris2.references.publicationDate">
                  <str>2009</str>
                  <str>2014</str>
               </arr>
               <arr name="iris2.references.publicationLatestDate">
                  <str>2014</str>
               </arr>
               <arr name="iris2.references.publicationType">
                  <str>Journal Article</str>
                  <str>Journal Article</str>
               </arr>
               <arr name="oai_dc.dc_xsi:schemaLocation">
                  <str>http://www.openarchives.org/OAI/2.0/oai_dc/ http://www.openarchives.org/OAI/2.0/oai_dc.xsd</str>
                  <str>http://www.openarchives.org/OAI/2.0/oai_dc/ http://www.openarchives.org/OAI/2.0/oai_dc.xsd</str>
                  <str>http://www.openarchives.org/OAI/2.0/oai_dc/ http://www.openarchives.org/OAI/2.0/oai_dc.xsd</str>
                  <str>http://www.openarchives.org/OAI/2.0/oai_dc/ http://www.openarchives.org/OAI/2.0/oai_dc.xsd</str>
               </arr>
            </doc>
         </result>
      </response>
   </solr>
   <files/>
</record>
