<?xml version="1.0" encoding="ISO-8859-1"?>

<record pid="york:804086">
   <solr>
      <response>
         <lst name="responseHeader">
            <int name="status">0</int>
            <int name="QTime">1255</int>
            <lst name="params">
               <str name="q">PID:york?804086</str>
            </lst>
         </lst>
         <result name="response" numfound="1" start="0">
            <doc>
               <str name="PID">york:804086</str>
               <arr name="dc.creator">
                  <str>Plonsky, Luke</str>
               </arr>
               <arr name="dc.date">
                  <str>2011</str>
               </arr>
               <arr name="dc.format">
                  <str>English</str>
               </arr>
               <arr name="dc.subject">
                  <str>Learner strategies</str>
                  <str>Meta-analysis</str>
               </arr>
               <str name="dc.title">Coding scheme for meta-analysis of L2 strategy instruction</str>
               <str name="dc.title.sort">Coding scheme for meta-analysis of L2 strategy instruction</str>
               <arr name="dc.type">
                  <str>Meta-analysis assessment</str>
                  <str>http://www.iris-database.org/Instruments</str>
               </arr>
               <arr name="dc2.creator">
                  <str>Plonsky, Luke</str>
               </arr>
               <arr name="dc2.date">
                  <str>2011</str>
               </arr>
               <arr name="dc2.format">
                  <str>English</str>
               </arr>
               <arr name="dc2.subject">
                  <str>Learner strategies</str>
                  <str>Meta-analysis</str>
               </arr>
               <str name="dc2.title">Coding scheme for meta-analysis of L2 strategy instruction</str>
               <arr name="dc2.type">
                  <str>Meta-analysis assessment</str>
                  <str>http://www.iris-database.org/Instruments</str>
               </arr>
               <arr name="dc3.creator">
                  <str>Plonsky, Luke</str>
               </arr>
               <arr name="dc3.subject">
                  <str>Learner strategies</str>
                  <str>Meta-analysis</str>
               </arr>
               <str name="dc3.title">Coding scheme for meta-analysis of L2 strategy instruction</str>
               <date name="fgs.createdDate">2012-07-17T21:59:46.447Z</date>
               <date name="fgs.dateCreated.sort">2012-07-17T21:59:46.447Z</date>
               <str name="fgs.label">IRIS Instrument created by YODL workflow.</str>
               <date name="fgs.lastModifiedDate">2016-04-20T13:44:46.916Z</date>
               <str name="fgs.ownerId">fedoraAdmin</str>
               <str name="fgs.state">Active</str>
               <arr name="iris.email">
                  <str>luke.plonsky@nau.edu</str>
               </arr>
               <arr name="iris.feedback.count">
                  <str>0</str>
               </arr>
               <str name="iris.hasmaterials">Records with materials</str>
               <arr name="iris.instrument.author">
                  <str>Plonsky, Luke</str>
               </arr>
               <arr name="iris.instrument.dataType">
                  <str>Coding scheme for meta-analysis</str>
               </arr>
               <arr name="iris.instrument.instrumentType">
                  <str>Meta-analysis assessment</str>
               </arr>
               <str name="iris.instrument.instrumentType.alltypes">meta-analysis assessment </str>
               <arr name="iris.instrument.licence">
                  <str>Attribution-NonCommercial-ShareAlike</str>
               </arr>
               <str name="iris.instrument.primaryInstrumentType">Meta-analysis assessment</str>
               <arr name="iris.instrument.researchArea">
                  <str>Learner strategies</str>
                  <str>Meta-analysis</str>
               </arr>
               <arr name="iris.instrument.sourceLanguage">
                  <str>English</str>
               </arr>
               <arr name="iris.instrument.title">
                  <str>Coding scheme for meta-analysis of L2 strategy instruction</str>
               </arr>
               <arr name="iris.instrument.typeOfFile">
                  <str>Text</str>
               </arr>
               <arr name="iris.participants.participantType">
                  <str>Second language learners</str>
               </arr>
               <arr name="iris.referenceid">
                  <str>2011_Plonsky_The effectiveness of second language strategy instruction: a meta-analysis</str>
               </arr>
               <str name="iris.references.allauthors">Plonsky (2011)</str>
               <arr name="iris.references.author">
                  <str>Plonsky, Luke</str>
               </arr>
               <str name="iris.references.author.lastnames">plonsky</str>
               <arr name="iris.references.author.noack">
                  <str>Plonsky, Luke</str>
               </arr>
               <arr name="iris.references.journal">
                  <str>Language Learning</str>
               </arr>
               <arr name="iris.references.placeOfPublication">
                  <str>Cambridge</str>
               </arr>
               <arr name="iris.references.publicationDate">
                  <str>2011</str>
               </arr>
               <arr name="iris.references.publicationLatestDate">
                  <str>2011</str>
               </arr>
               <arr name="iris.references.publicationType">
                  <str>Journal Article</str>
               </arr>
               <arr name="iris.references.publisher">
                  <str>Cambridge University Press</str>
               </arr>
               <arr name="iris2.email">
                  <str>luke.plonsky@nau.edu</str>
               </arr>
               <arr name="iris2.feedback.count">
                  <str>0</str>
               </arr>
               <str name="iris2.hasmaterials">Records with materials</str>
               <arr name="iris2.instrument.author">
                  <str>Plonsky, Luke</str>
               </arr>
               <arr name="iris2.instrument.dataType">
                  <str>Coding scheme for meta-analysis</str>
               </arr>
               <arr name="iris2.instrument.instrumentType">
                  <str>Meta-analysis assessment</str>
               </arr>
               <str name="iris2.instrument.instrumentType.alltypes">meta-analysis assessment </str>
               <arr name="iris2.instrument.licence">
                  <str>Attribution-NonCommercial-ShareAlike</str>
               </arr>
               <str name="iris2.instrument.primaryInstrumentType">Meta-analysis assessment</str>
               <arr name="iris2.instrument.researchArea">
                  <str>Learner strategies</str>
                  <str>Meta-analysis</str>
               </arr>
               <arr name="iris2.instrument.sourceLanguage">
                  <str>English</str>
               </arr>
               <arr name="iris2.instrument.typeOfFile">
                  <str>Text</str>
               </arr>
               <arr name="iris2.participants.participantType">
                  <str>Second language learners</str>
               </arr>
               <arr name="iris2.referenceid">
                  <str>2011_Plonsky_The effectiveness of second language strategy instruction: a meta-analysis</str>
               </arr>
               <str name="iris2.references.allauthors">Plonsky (2011)</str>
               <arr name="iris2.references.author">
                  <str>Plonsky, Luke</str>
               </arr>
               <str name="iris2.references.author.lastnames">plonsky</str>
               <arr name="iris2.references.journal">
                  <str>Language Learning</str>
               </arr>
               <arr name="iris2.references.placeOfPublication">
                  <str>Cambridge</str>
               </arr>
               <arr name="iris2.references.publicationDate">
                  <str>2011</str>
               </arr>
               <arr name="iris2.references.publicationLatestDate">
                  <str>2011</str>
               </arr>
               <arr name="iris2.references.publicationType">
                  <str>Journal Article</str>
               </arr>
               <arr name="iris2.references.publisher">
                  <str>Cambridge University Press</str>
               </arr>
               <arr name="oai_dc.dc_xsi:schemaLocation">
                  <str>http://www.openarchives.org/OAI/2.0/oai_dc/ http://www.openarchives.org/OAI/2.0/oai_dc.xsd</str>
               </arr>
            </doc>
         </result>
      </response>
   </solr>
   <files>
      <file id="INSTRUMENT" mime="application/vnd.ms-excel" url="http://www.iris-database.org/iris/api/resource/york:804086/asset/INSTRUMENT?download=true"/>
   </files>
</record>
