<?xml version="1.0" encoding="ISO-8859-1"?>

<record pid="york:851761">
   <solr>
      <response>
         <lst name="responseHeader">
            <int name="status">0</int>
            <int name="QTime">533</int>
            <lst name="params">
               <str name="q">PID:york?851761</str>
            </lst>
         </lst>
         <result name="response" numfound="1" start="0">
            <doc>
               <str name="PID">york:851761</str>
               <arr name="dc.creator">
                  <str>Bueno, Steve</str>
                  <str>Frenck-Mestre, Cheryl</str>
               </arr>
               <arr name="dc.date">
                  <str>1966</str>
                  <str>1997</str>
               </arr>
               <arr name="dc.identifier">
                  <str>york:851761</str>
               </arr>
               <arr name="dc.type">
                  <str>Script for psycholinguistic techniques (eye tracking - reading)</str>
                  <str>http://www.iris-database.org/Instruments</str>
               </arr>
               <arr name="dc2.creator">
                  <str>Bueno, Steve</str>
                  <str>Frenck-Mestre, Cheryl</str>
               </arr>
               <arr name="dc2.date">
                  <str>1966</str>
                  <str>1997</str>
               </arr>
               <arr name="dc2.identifier">
                  <str>york:851761</str>
               </arr>
               <arr name="dc2.type">
                  <str>Script for psycholinguistic techniques (eye tracking - reading)</str>
                  <str>http://www.iris-database.org/Instruments</str>
               </arr>
               <arr name="dc3.creator">
                  <str>Bueno, Steve</str>
                  <str>Frenck-Mestre, Cheryl</str>
               </arr>
               <date name="fgs.createdDate">2015-03-06T19:39:31.976Z</date>
               <date name="fgs.dateCreated.sort">2015-03-06T19:39:31.976Z</date>
               <str name="fgs.label">IRIS Instrument created by YODL workflow.</str>
               <date name="fgs.lastModifiedDate">2016-04-30T09:10:57.385Z</date>
               <str name="fgs.ownerId">iris-580a9f0f-ed9e-4f5f-be7e-877243bddfd0</str>
               <str name="fgs.state">Active</str>
               <arr name="iris.feedback.count">
                  <str>0</str>
               </arr>
               <str name="iris.hasmaterials">Records with materials</str>
               <arr name="iris.instrument.author">
                  <str>Bueno, Steve</str>
                  <str>Frenck-Mestre, Cheryl</str>
               </arr>
               <arr name="iris.instrument.instrumentType">
                  <str>Script for psycholinguistic techniques</str>
                  <str>Eye tracking</str>
                  <str>Reading</str>
               </arr>
               <str name="iris.instrument.instrumentType.alltypes">reading </str>
               <arr name="iris.instrument.licence">
                  <str>Attribution-NonCommercial-ShareAlike</str>
               </arr>
               <arr name="iris.instrument.linguisticTarget">
                  <str>Semantics</str>
               </arr>
               <str name="iris.instrument.primaryInstrumentType">Script for psycholinguistic techniques &gt; Eye tracking &gt; Reading</str>
               <arr name="iris.instrument.researchArea">
                  <str>Processing</str>
                  <str>Reading</str>
               </arr>
               <arr name="iris.instrument.typeOfFile">
                  <str>Text</str>
               </arr>
               <arr name="iris.participants.firstLanguage">
                  <str>French</str>
                  <str>English</str>
               </arr>
               <arr name="iris.participants.participantType">
                  <str>Native speakers</str>
                  <str>Second language learners</str>
               </arr>
               <arr name="iris.participants.targetLanguage">
                  <str>French</str>
               </arr>
               <arr name="iris.referenceid">
                  <str>1966_Bescherel_L'art de conjuguer</str>
                  <str>1997_Frenck-Mestre_Pynte_Syntactic ambiguity resolution while reading in second and native languages</str>
               </arr>
               <str name="iris.references.allauthors">Frenck-Mestre &amp; Pynte (1997); </str>
               <arr name="iris.references.author">
                  <str>Bescherel, Les Fr�res</str>
                  <str>Frenck-Mestre, Cheryl</str>
                  <str>Pynte, J.</str>
               </arr>
               <str name="iris.references.author.lastnames">bescherelfrenck-mestrepynte</str>
               <arr name="iris.references.author.noack">
                  <str>Frenck-Mestre, Cheryl</str>
                  <str>Pynte, J.</str>
               </arr>
               <arr name="iris.references.journal">
                  <str>The Quarterly Journal of Experimental Psychology</str>
               </arr>
               <arr name="iris.references.placeOfPublication">
                  <str>Paris</str>
               </arr>
               <arr name="iris.references.publicationDate">
                  <str>1966</str>
                  <str>1997</str>
               </arr>
               <arr name="iris.references.publicationLatestDate">
                  <str>1997</str>
               </arr>
               <arr name="iris.references.publicationType">
                  <str>Book</str>
                  <str>Journal Article</str>
               </arr>
               <arr name="iris.references.publisher">
                  <str>Haiter</str>
               </arr>
               <arr name="iris2.feedback.count">
                  <str>0</str>
               </arr>
               <str name="iris2.hasmaterials">Records with materials</str>
               <arr name="iris2.instrument.author">
                  <str>Bueno, Steve</str>
                  <str>Frenck-Mestre, Cheryl</str>
               </arr>
               <arr name="iris2.instrument.instrumentType">
                  <str>Script for psycholinguistic techniques</str>
                  <str>Eye tracking</str>
                  <str>Reading</str>
               </arr>
               <str name="iris2.instrument.instrumentType.alltypes">reading </str>
               <arr name="iris2.instrument.licence">
                  <str>Attribution-NonCommercial-ShareAlike</str>
               </arr>
               <arr name="iris2.instrument.linguisticTarget">
                  <str>Semantics</str>
               </arr>
               <str name="iris2.instrument.primaryInstrumentType">Script for psycholinguistic techniques &gt; Eye tracking &gt; Reading</str>
               <arr name="iris2.instrument.researchArea">
                  <str>Processing</str>
                  <str>Reading</str>
               </arr>
               <arr name="iris2.instrument.typeOfFile">
                  <str>Text</str>
               </arr>
               <arr name="iris2.participants.firstLanguage">
                  <str>French</str>
                  <str>English</str>
               </arr>
               <arr name="iris2.participants.participantType">
                  <str>Native speakers</str>
                  <str>Second language learners</str>
               </arr>
               <arr name="iris2.participants.targetLanguage">
                  <str>French</str>
               </arr>
               <arr name="iris2.referenceid">
                  <str>1966_Bescherel_L'art de conjuguer</str>
                  <str>1997_Frenck-Mestre_Pynte_Syntactic ambiguity resolution while reading in second and native languages</str>
               </arr>
               <str name="iris2.references.allauthors">Frenck-Mestre &amp; Pynte (1997); </str>
               <arr name="iris2.references.author">
                  <str>Bescherel, Les Fr�res</str>
                  <str>Frenck-Mestre, Cheryl</str>
                  <str>Pynte, J.</str>
               </arr>
               <str name="iris2.references.author.lastnames">bescherelfrenck-mestrepynte</str>
               <arr name="iris2.references.journal">
                  <str>The Quarterly Journal of Experimental Psychology</str>
               </arr>
               <arr name="iris2.references.placeOfPublication">
                  <str>Paris</str>
               </arr>
               <arr name="iris2.references.publicationDate">
                  <str>1966</str>
                  <str>1997</str>
               </arr>
               <arr name="iris2.references.publicationLatestDate">
                  <str>1997</str>
               </arr>
               <arr name="iris2.references.publicationType">
                  <str>Book</str>
                  <str>Journal Article</str>
               </arr>
               <arr name="iris2.references.publisher">
                  <str>Haiter</str>
               </arr>
               <arr name="oai_dc.dc_xsi:schemaLocation">
                  <str>http://www.openarchives.org/OAI/2.0/oai_dc/ http://www.openarchives.org/OAI/2.0/oai_dc.xsd</str>
                  <str>http://www.openarchives.org/OAI/2.0/oai_dc/ http://www.openarchives.org/OAI/2.0/oai_dc.xsd</str>
               </arr>
            </doc>
         </result>
      </response>
   </solr>
   <files>
      <file id="INSTRUMENT" mime="application/vnd.openxmlformats-officedocument.wordprocessingml.document" url="http://www.iris-database.org/iris/api/resource/york:851761/asset/INSTRUMENT?download=true"/>
   </files>
</record>
