<?xml version="1.0" encoding="ISO-8859-1"?>

<record pid="york:832718">
   <solr>
      <response>
         <lst name="responseHeader">
            <int name="status">0</int>
            <int name="QTime">527</int>
            <lst name="params">
               <str name="q">PID:york?832718</str>
            </lst>
         </lst>
         <result name="response" numfound="1" start="0">
            <doc>
               <str name="PID">york:832718</str>
               <arr name="dc.creator">
                  <str>Derwing, Tracey</str>
                  <str>Munro, Murray</str>
                  <str>Foote, Jennifer A.</str>
                  <str>Waugh, Erin</str>
                  <str>Fleming, Jason</str>
               </arr>
               <arr name="dc.date">
                  <str>2014</str>
               </arr>
               <arr name="dc.description">
                  <str>The records for the L2 speaker perception tasks: 1) cloze task 2) sentence dictation task 3) oddity task 4) word stress perception in a sentence context 5) word stress recognition task and the L2 speaker production tasks 6) the suitcase narrative 7) a safety talk 8) true or false sentence reading task used in this study are all linked in IRIS.</str>
               </arr>
               <arr name="dc.identifier">
                  <str>york:832718</str>
               </arr>
               <str name="dc.title">L2 speaker perception: Cloze task</str>
               <str name="dc.title.sort">L2 speaker perception: Cloze task</str>
               <arr name="dc.type">
                  <str>Gap-fill / Cloze test</str>
                  <str>Vocabulary test</str>
                  <str>Identification task</str>
                  <str>Transcription task</str>
                  <str>Listening test</str>
                  <str>http://www.iris-database.org/Instruments</str>
               </arr>
               <arr name="dc2.creator">
                  <str>Derwing, Tracey</str>
                  <str>Munro, Murray</str>
                  <str>Foote, Jennifer A.</str>
                  <str>Waugh, Erin</str>
                  <str>Fleming, Jason</str>
               </arr>
               <arr name="dc2.date">
                  <str>2014</str>
               </arr>
               <arr name="dc2.description">
                  <str>The records for the L2 speaker perception tasks: 1) cloze task 2) sentence dictation task 3) oddity task 4) word stress perception in a sentence context 5) word stress recognition task and the L2 speaker production tasks 6) the suitcase narrative 7) a safety talk 8) true or false sentence reading task used in this study are all linked in IRIS.</str>
               </arr>
               <arr name="dc2.identifier">
                  <str>york:832718</str>
               </arr>
               <str name="dc2.title">L2 speaker perception: Cloze task</str>
               <arr name="dc2.type">
                  <str>Gap-fill / Cloze test</str>
                  <str>Vocabulary test</str>
                  <str>Identification task</str>
                  <str>Transcription task</str>
                  <str>Listening test</str>
                  <str>http://www.iris-database.org/Instruments</str>
               </arr>
               <arr name="dc3.creator">
                  <str>Derwing, Tracey</str>
                  <str>Munro, Murray</str>
                  <str>Foote, Jennifer A.</str>
                  <str>Waugh, Erin</str>
                  <str>Fleming, Jason</str>
               </arr>
               <str name="dc3.title">L2 speaker perception: Cloze task</str>
               <date name="fgs.createdDate">2014-10-30T13:04:23.618Z</date>
               <date name="fgs.dateCreated.sort">2014-10-30T13:04:23.618Z</date>
               <str name="fgs.label">IRIS Instrument created by YODL workflow.</str>
               <date name="fgs.lastModifiedDate">2015-07-30T16:03:46.885Z</date>
               <str name="fgs.ownerId">iris-580a9f0f-ed9e-4f5f-be7e-877243bddfd0</str>
               <str name="fgs.state">Active</str>
               <arr name="iris.email">
                  <str>tracey.derwing@ualberta.ca</str>
               </arr>
               <arr name="iris.feedback.count">
                  <str>0</str>
               </arr>
               <str name="iris.hasmaterials">Records with information only (materials not yet held)</str>
               <arr name="iris.instrument.author">
                  <str>Derwing, Tracey</str>
                  <str>Munro, Murray</str>
                  <str>Foote, Jennifer A.</str>
                  <str>Waugh, Erin</str>
                  <str>Fleming, Jason</str>
               </arr>
               <arr name="iris.instrument.instrumentType">
                  <str>Gap-fill / Cloze test / Fill in the blank</str>
                  <str>Vocabulary test</str>
                  <str>Other vocabulary test</str>
                  <str>Speech perception / rating</str>
                  <str>Identification task</str>
                  <str>Speech perception / rating</str>
                  <str>Transcription task</str>
                  <str>Listening / Aural test</str>
               </arr>
               <str name="iris.instrument.instrumentType.alltypes">gap-fill / cloze test / fill in the blank other vocabulary test identification task transcription task listening / aural test </str>
               <arr name="iris.instrument.licence">
                  <str>Attribution-NonCommercial-ShareAlike</str>
               </arr>
               <str name="iris.instrument.primaryInstrumentType">Gap-fill / Cloze test / Fill in the blank</str>
               <arr name="iris.instrument.researchArea">
                  <str>Pronunciation</str>
                  <str>Fluency</str>
                  <str>Proficiency</str>
                  <str>Speaking / Oral production</str>
               </arr>
               <arr name="iris.instrument.secondaryInstrumentType">
                  <str>Vocabulary test &gt; Other vocabulary test</str>
                  <str>Speech perception / rating &gt; Identification task</str>
                  <str>Speech perception / rating &gt; Transcription task</str>
                  <str>Listening / Aural test</str>
               </arr>
               <arr name="iris.instrument.title">
                  <str>L2 speaker perception: Cloze task</str>
               </arr>
               <arr name="iris.instrument.typeOfFile">
                  <str>Text</str>
                  <str>Sound</str>
               </arr>
               <arr name="iris.participants.domainOfUse">
                  <str>Work</str>
               </arr>
               <arr name="iris.participants.participantType">
                  <str>Second language learners</str>
               </arr>
               <arr name="iris.participants.targetLanguage">
                  <str>English</str>
               </arr>
               <arr name="iris.referenceid">
                  <str>2014_Derwing_Munro_Foote_Waugh_Fleming_Opening the window on comprehensible pronunciation after 19 years: A workplace training study</str>
               </arr>
               <str name="iris.references.allauthors">Derwing, Munro, et al. (2014)</str>
               <arr name="iris.references.author">
                  <str>Derwing, Tracey</str>
                  <str>Munro, Murray</str>
                  <str>Foote, Jennifer A.</str>
                  <str>Waugh, Erin</str>
                  <str>Fleming, Jason</str>
               </arr>
               <str name="iris.references.author.lastnames">derwingmunrofootewaughfleming</str>
               <arr name="iris.references.author.noack">
                  <str>Derwing, Tracey</str>
                  <str>Munro, Murray</str>
                  <str>Foote, Jennifer A.</str>
                  <str>Waugh, Erin</str>
                  <str>Fleming, Jason</str>
               </arr>
               <arr name="iris.references.journal">
                  <str>Language Learning</str>
               </arr>
               <arr name="iris.references.publicationDate">
                  <str>2014</str>
               </arr>
               <arr name="iris.references.publicationLatestDate">
                  <str>2014</str>
               </arr>
               <arr name="iris.references.publicationType">
                  <str>Journal Article</str>
               </arr>
               <arr name="iris2.email">
                  <str>tracey.derwing@ualberta.ca</str>
               </arr>
               <arr name="iris2.feedback.count">
                  <str>0</str>
               </arr>
               <str name="iris2.hasmaterials">Records with information only (materials not yet held)</str>
               <arr name="iris2.instrument.author">
                  <str>Derwing, Tracey</str>
                  <str>Munro, Murray</str>
                  <str>Foote, Jennifer A.</str>
                  <str>Waugh, Erin</str>
                  <str>Fleming, Jason</str>
               </arr>
               <arr name="iris2.instrument.instrumentType">
                  <str>Gap-fill / Cloze test / Fill in the blank</str>
                  <str>Vocabulary test</str>
                  <str>Other vocabulary test</str>
                  <str>Speech perception / rating</str>
                  <str>Identification task</str>
                  <str>Speech perception / rating</str>
                  <str>Transcription task</str>
                  <str>Listening / Aural test</str>
               </arr>
               <str name="iris2.instrument.instrumentType.alltypes">gap-fill / cloze test / fill in the blank other vocabulary test identification task transcription task listening / aural test </str>
               <arr name="iris2.instrument.licence">
                  <str>Attribution-NonCommercial-ShareAlike</str>
               </arr>
               <str name="iris2.instrument.primaryInstrumentType">Gap-fill / Cloze test / Fill in the blank</str>
               <arr name="iris2.instrument.researchArea">
                  <str>Pronunciation</str>
                  <str>Fluency</str>
                  <str>Proficiency</str>
                  <str>Speaking / Oral production</str>
               </arr>
               <arr name="iris2.instrument.secondaryInstrumentType">
                  <str>Vocabulary test &gt; Other vocabulary test</str>
                  <str>Speech perception / rating &gt; Identification task</str>
                  <str>Speech perception / rating &gt; Transcription task</str>
                  <str>Listening / Aural test</str>
               </arr>
               <arr name="iris2.instrument.typeOfFile">
                  <str>Text</str>
                  <str>Sound</str>
               </arr>
               <arr name="iris2.participants.domainOfUse">
                  <str>Work</str>
               </arr>
               <arr name="iris2.participants.participantType">
                  <str>Second language learners</str>
               </arr>
               <arr name="iris2.participants.targetLanguage">
                  <str>English</str>
               </arr>
               <arr name="iris2.referenceid">
                  <str>2014_Derwing_Munro_Foote_Waugh_Fleming_Opening the window on comprehensible pronunciation after 19 years: A workplace training study</str>
               </arr>
               <str name="iris2.references.allauthors">Derwing, Munro, et al. (2014)</str>
               <arr name="iris2.references.author">
                  <str>Derwing, Tracey</str>
                  <str>Munro, Murray</str>
                  <str>Foote, Jennifer A.</str>
                  <str>Waugh, Erin</str>
                  <str>Fleming, Jason</str>
               </arr>
               <str name="iris2.references.author.lastnames">derwingmunrofootewaughfleming</str>
               <arr name="iris2.references.journal">
                  <str>Language Learning</str>
               </arr>
               <arr name="iris2.references.publicationDate">
                  <str>2014</str>
               </arr>
               <arr name="iris2.references.publicationLatestDate">
                  <str>2014</str>
               </arr>
               <arr name="iris2.references.publicationType">
                  <str>Journal Article</str>
               </arr>
               <arr name="oai_dc.dc_xsi:schemaLocation">
                  <str>http://www.openarchives.org/OAI/2.0/oai_dc/ http://www.openarchives.org/OAI/2.0/oai_dc.xsd</str>
                  <str>http://www.openarchives.org/OAI/2.0/oai_dc/ http://www.openarchives.org/OAI/2.0/oai_dc.xsd</str>
                  <str>http://www.openarchives.org/OAI/2.0/oai_dc/ http://www.openarchives.org/OAI/2.0/oai_dc.xsd</str>
                  <str>http://www.openarchives.org/OAI/2.0/oai_dc/ http://www.openarchives.org/OAI/2.0/oai_dc.xsd</str>
                  <str>http://www.openarchives.org/OAI/2.0/oai_dc/ http://www.openarchives.org/OAI/2.0/oai_dc.xsd</str>
                  <str>http://www.openarchives.org/OAI/2.0/oai_dc/ http://www.openarchives.org/OAI/2.0/oai_dc.xsd</str>
               </arr>
            </doc>
         </result>
      </response>
   </solr>
   <files/>
</record>
