<?xml version="1.0" encoding="ISO-8859-1"?>

<record pid="york:795644">
   <solr>
      <response>
         <lst name="responseHeader">
            <int name="status">0</int>
            <int name="QTime">855</int>
            <lst name="params">
               <str name="q">PID:york?795644</str>
            </lst>
         </lst>
         <result name="response" numfound="1" start="0">
            <doc>
               <str name="PID">york:795644</str>
               <arr name="dc.creator">
                  <str>Loewen, S</str>
                  <str>Ellis, R</str>
                  <str>Erlam, Rosemary</str>
                  <str>Elder, Catherine</str>
                  <str>Philp, Jenefer</str>
               </arr>
               <arr name="dc.date">
                  <str>2009</str>
               </arr>
               <arr name="dc.format">
                  <str>English</str>
               </arr>
               <arr name="dc.identifier">
                  <str>york:795644</str>
               </arr>
               <arr name="dc.type">
                  <str>Grammaticality judgement sentences or acceptability judgement</str>
                  <str>http://www.iris-database.org/Instruments</str>
               </arr>
               <arr name="dc2.creator">
                  <str>Loewen, S</str>
                  <str>Ellis, R</str>
                  <str>Erlam, Rosemary</str>
                  <str>Elder, Catherine</str>
                  <str>Philp, Jenefer</str>
               </arr>
               <arr name="dc2.date">
                  <str>2009</str>
               </arr>
               <arr name="dc2.format">
                  <str>English</str>
               </arr>
               <arr name="dc2.identifier">
                  <str>york:795644</str>
               </arr>
               <arr name="dc2.type">
                  <str>Grammaticality judgement sentences or acceptability judgement</str>
                  <str>http://www.iris-database.org/Instruments</str>
               </arr>
               <arr name="dc3.creator">
                  <str>Loewen, S</str>
                  <str>Ellis, R</str>
                  <str>Erlam, Rosemary</str>
                  <str>Elder, Catherine</str>
                  <str>Philp, Jenefer</str>
               </arr>
               <date name="fgs.createdDate">2012-04-04T04:55:25.783Z</date>
               <date name="fgs.dateCreated.sort">2012-04-04T04:55:25.783Z</date>
               <str name="fgs.label">IRIS Instrument created by YODL workflow.</str>
               <date name="fgs.lastModifiedDate">2016-05-13T05:17:50.383Z</date>
               <str name="fgs.ownerId">fedoraAdmin</str>
               <str name="fgs.state">Active</str>
               <arr name="iris.email">
                  <str>loewens@msu.edu</str>
               </arr>
               <arr name="iris.feedback.count">
                  <str>2</str>
               </arr>
               <arr name="iris.feedback.email_1">
                  <str>A.Revesz@ioe.ac.uk</str>
               </arr>
               <arr name="iris.feedback.email_2">
                  <str>A.Revesz@ioe.ac.uk</str>
               </arr>
               <arr name="iris.feedback.published_1">
                  <str>false</str>
               </arr>
               <arr name="iris.feedback.published_2">
                  <str>false</str>
               </arr>
               <arr name="iris.feedback.time_1">
                  <str>9 Jul 2014 14:37:48 GMT</str>
               </arr>
               <arr name="iris.feedback.time_2">
                  <str>9 Jul 2014 14:38:24 GMT</str>
               </arr>
               <str name="iris.hasmaterials">Records with materials</str>
               <arr name="iris.instrument.author">
                  <str>Loewen, S</str>
                  <str>Ellis, R</str>
                  <str>Erlam, Rosemary</str>
                  <str>Elder, Catherine</str>
                  <str>Philp, Jenefer</str>
               </arr>
               <arr name="iris.instrument.dataType">
                  <str>Judgements</str>
               </arr>
               <arr name="iris.instrument.funder">
                  <str>Marsden grant</str>
               </arr>
               <arr name="iris.instrument.instrumentType">
                  <str>Grammaticality / Acceptability judgement test</str>
               </arr>
               <str name="iris.instrument.instrumentType.alltypes">grammaticality / acceptability judgement test </str>
               <arr name="iris.instrument.licence">
                  <str>Attribution-NonCommercial-ShareAlike</str>
               </arr>
               <str name="iris.instrument.primaryInstrumentType">Grammaticality / Acceptability judgement test</str>
               <arr name="iris.instrument.researchArea">
                  <str>Acquisition</str>
                  <str>Morphosyntax (grammar)</str>
               </arr>
               <arr name="iris.instrument.sourceLanguage">
                  <str>English</str>
               </arr>
               <arr name="iris.instrument.typeOfFile">
                  <str>Text</str>
               </arr>
               <arr name="iris.participants.participantType">
                  <str>Second language learners</str>
               </arr>
               <arr name="iris.participants.targetLanguage">
                  <str>English</str>
               </arr>
               <arr name="iris.referenceid">
                  <str>2009_Ellis_Loewen_Elder_Erlam_Philp_Reinders_Implicit and explicit knowledge in second language learning, testing and teaching</str>
               </arr>
               <str name="iris.references.allauthors">Ellis, Loewen, et al. (2009)</str>
               <arr name="iris.references.author">
                  <str>Ellis, R</str>
                  <str>Loewen, S</str>
                  <str>Elder, Catherine</str>
                  <str>Erlam, Rosemary</str>
                  <str>Philp, Jenefer</str>
                  <str>Reinders, H</str>
               </arr>
               <str name="iris.references.author.lastnames">ellisloeweneldererlamphilpreinders</str>
               <arr name="iris.references.author.noack">
                  <str>Ellis, R</str>
                  <str>Loewen, S</str>
                  <str>Elder, Catherine</str>
                  <str>Erlam, Rosemary</str>
                  <str>Philp, Jenefer</str>
                  <str>Reinders, H</str>
               </arr>
               <arr name="iris.references.placeOfPublication">
                  <str>Bristol</str>
               </arr>
               <arr name="iris.references.publicationDate">
                  <str>2009</str>
               </arr>
               <arr name="iris.references.publicationLatestDate">
                  <str>2009</str>
               </arr>
               <arr name="iris.references.publicationType">
                  <str>Book</str>
               </arr>
               <arr name="iris.references.publisher">
                  <str>Multilingual Matters</str>
               </arr>
               <arr name="iris2.email">
                  <str>loewens@msu.edu</str>
               </arr>
               <arr name="iris2.feedback.count">
                  <str>2</str>
               </arr>
               <arr name="iris2.feedback.email_1">
                  <str>A.Revesz@ioe.ac.uk</str>
               </arr>
               <arr name="iris2.feedback.email_2">
                  <str>A.Revesz@ioe.ac.uk</str>
               </arr>
               <arr name="iris2.feedback.published_1">
                  <str>false</str>
               </arr>
               <arr name="iris2.feedback.published_2">
                  <str>false</str>
               </arr>
               <arr name="iris2.feedback.time_1">
                  <str>9 Jul 2014 14:37:48 GMT</str>
               </arr>
               <arr name="iris2.feedback.time_2">
                  <str>9 Jul 2014 14:38:24 GMT</str>
               </arr>
               <str name="iris2.hasmaterials">Records with materials</str>
               <arr name="iris2.instrument.author">
                  <str>Loewen, S</str>
                  <str>Ellis, R</str>
                  <str>Erlam, Rosemary</str>
                  <str>Elder, Catherine</str>
                  <str>Philp, Jenefer</str>
               </arr>
               <arr name="iris2.instrument.dataType">
                  <str>Judgements</str>
               </arr>
               <arr name="iris2.instrument.funder">
                  <str>Marsden grant</str>
               </arr>
               <arr name="iris2.instrument.instrumentType">
                  <str>Grammaticality / Acceptability judgement test</str>
               </arr>
               <str name="iris2.instrument.instrumentType.alltypes">grammaticality / acceptability judgement test </str>
               <arr name="iris2.instrument.licence">
                  <str>Attribution-NonCommercial-ShareAlike</str>
               </arr>
               <str name="iris2.instrument.primaryInstrumentType">Grammaticality / Acceptability judgement test</str>
               <arr name="iris2.instrument.researchArea">
                  <str>Acquisition</str>
                  <str>Morphosyntax (grammar)</str>
               </arr>
               <arr name="iris2.instrument.sourceLanguage">
                  <str>English</str>
               </arr>
               <arr name="iris2.instrument.typeOfFile">
                  <str>Text</str>
               </arr>
               <arr name="iris2.participants.participantType">
                  <str>Second language learners</str>
               </arr>
               <arr name="iris2.participants.targetLanguage">
                  <str>English</str>
               </arr>
               <arr name="iris2.referenceid">
                  <str>2009_Ellis_Loewen_Elder_Erlam_Philp_Reinders_Implicit and explicit knowledge in second language learning, testing and teaching</str>
               </arr>
               <str name="iris2.references.allauthors">Ellis, Loewen, et al. (2009)</str>
               <arr name="iris2.references.author">
                  <str>Ellis, R</str>
                  <str>Loewen, S</str>
                  <str>Elder, Catherine</str>
                  <str>Erlam, Rosemary</str>
                  <str>Philp, Jenefer</str>
                  <str>Reinders, H</str>
               </arr>
               <str name="iris2.references.author.lastnames">ellisloeweneldererlamphilpreinders</str>
               <arr name="iris2.references.placeOfPublication">
                  <str>Bristol</str>
               </arr>
               <arr name="iris2.references.publicationDate">
                  <str>2009</str>
               </arr>
               <arr name="iris2.references.publicationLatestDate">
                  <str>2009</str>
               </arr>
               <arr name="iris2.references.publicationType">
                  <str>Book</str>
               </arr>
               <arr name="iris2.references.publisher">
                  <str>Multilingual Matters</str>
               </arr>
               <arr name="oai_dc.dc_xsi:schemaLocation">
                  <str>http://www.openarchives.org/OAI/2.0/oai_dc/ http://www.openarchives.org/OAI/2.0/oai_dc.xsd</str>
                  <str>http://www.openarchives.org/OAI/2.0/oai_dc/ http://www.openarchives.org/OAI/2.0/oai_dc.xsd</str>
               </arr>
            </doc>
         </result>
      </response>
   </solr>
   <files>
      <file id="INSTRUMENT" mime="application/pdf" url="http://www.iris-database.org/iris/api/resource/york:795644/asset/INSTRUMENT?download=true"/>
   </files>
</record>
