<?xml version="1.0" encoding="ISO-8859-1"?>

<record pid="york:806809">
   <solr>
      <response>
         <lst name="responseHeader">
            <int name="status">0</int>
            <int name="QTime">1268</int>
            <lst name="params">
               <str name="q">PID:york?806809</str>
            </lst>
         </lst>
         <result name="response" numfound="1" start="0">
            <doc>
               <str name="PID">york:806809</str>
               <arr name="dc.creator">
                  <str>McManus, Kevin</str>
               </arr>
               <arr name="dc.date">
                  <str>in press</str>
               </arr>
               <arr name="dc.format">
                  <str>English</str>
               </arr>
               <arr name="dc.subject">
                  <str>Acquisition</str>
               </arr>
               <str name="dc.title">C-Test</str>
               <str name="dc.title.sort">C-Test</str>
               <arr name="dc.type">
                  <str>Grammaticality judgement sentences or Acceptability judgement</str>
                  <str>http://www.iris-database.org/Instruments</str>
               </arr>
               <arr name="dc2.creator">
                  <str>McManus, Kevin</str>
               </arr>
               <arr name="dc2.date">
                  <str>in press</str>
               </arr>
               <arr name="dc2.format">
                  <str>English</str>
               </arr>
               <arr name="dc2.subject">
                  <str>Acquisition</str>
               </arr>
               <str name="dc2.title">C-Test</str>
               <arr name="dc2.type">
                  <str>Grammaticality judgement sentences or Acceptability judgement</str>
                  <str>http://www.iris-database.org/Instruments</str>
               </arr>
               <arr name="dc3.creator">
                  <str>McManus, Kevin</str>
               </arr>
               <arr name="dc3.subject">
                  <str>Acquisition</str>
               </arr>
               <str name="dc3.title">C-Test</str>
               <date name="fgs.createdDate">2012-10-29T13:49:40.039Z</date>
               <date name="fgs.dateCreated.sort">2012-10-29T13:49:40.039Z</date>
               <str name="fgs.label">IRIS Instrument created by YODL workflow.</str>
               <date name="fgs.lastModifiedDate">2016-02-15T10:42:29.534Z</date>
               <str name="fgs.ownerId">iris-945c419d-9858-4887-ac14-b61e3573bd7b</str>
               <str name="fgs.state">Active</str>
               <arr name="iris.email">
                  <str>k.mcmanus@soton.ac.uk</str>
               </arr>
               <arr name="iris.feedback.count">
                  <str>0</str>
               </arr>
               <str name="iris.hasmaterials">Records with materials</str>
               <arr name="iris.instrument.author">
                  <str>McManus, Kevin</str>
               </arr>
               <arr name="iris.instrument.dataType">
                  <str>Written production</str>
               </arr>
               <arr name="iris.instrument.funder">
                  <str>Fonds Wetenschappelijk Onderzoek (FWO)</str>
                  <str>Newcastle University</str>
               </arr>
               <arr name="iris.instrument.instrumentType">
                  <str>Grammaticality / Acceptability judgement test</str>
               </arr>
               <str name="iris.instrument.instrumentType.alltypes">grammaticality / acceptability judgement test </str>
               <arr name="iris.instrument.licence">
                  <str>Attribution-NonCommercial-ShareAlike</str>
               </arr>
               <arr name="iris.instrument.linguisticTarget">
                  <str>Morphosyntax (grammar)</str>
                  <str>Aspect</str>
                  <str>Case</str>
                  <str>Determiners</str>
                  <str>Gender</str>
                  <str>Number</str>
                  <str>Tense</str>
                  <str>Lexis (vocabulary)</str>
                  <str>Closed class</str>
                  <str>Open class</str>
                  <str>Morphology</str>
               </arr>
               <str name="iris.instrument.primaryInstrumentType">Grammaticality / Acceptability judgement test</str>
               <arr name="iris.instrument.researchArea">
                  <str>Acquisition</str>
               </arr>
               <arr name="iris.instrument.sourceLanguage">
                  <str>English</str>
               </arr>
               <arr name="iris.instrument.title">
                  <str>C-Test</str>
               </arr>
               <arr name="iris.instrument.typeOfFile">
                  <str>Text</str>
               </arr>
               <arr name="iris.participants.firstLanguage">
                  <str>English</str>
                  <str>German</str>
               </arr>
               <arr name="iris.participants.participantType">
                  <str>Second language learners</str>
               </arr>
               <arr name="iris.participants.proficiencyLearner">
                  <str>Intermediate/advanced</str>
                  <str>Advanced</str>
               </arr>
               <arr name="iris.participants.targetLanguage">
                  <str>French</str>
               </arr>
               <arr name="iris.referenceid">
                  <str>McManus_The development of aspect in a second language</str>
                  <str>in press_McManus_The development of aspect in a second language: What now for the aspect hypothesis?</str>
               </arr>
               <str name="iris.references.allauthors">McManus (2011); McManus (in press); </str>
               <arr name="iris.references.author">
                  <str>McManus, Kevin</str>
                  <str>McManus, Kevin</str>
               </arr>
               <str name="iris.references.author.lastnames">mcmanusmcmanus</str>
               <arr name="iris.references.author.noack">
                  <str>McManus, Kevin</str>
                  <str>McManus, Kevin</str>
               </arr>
               <arr name="iris.references.journal">
                  <str>International Review of Applied Linguistics</str>
               </arr>
               <arr name="iris.references.publicationDate">
                  <str>in press</str>
                  <str>2011</str>
               </arr>
               <arr name="iris.references.publicationLatestDate">
                  <str>in press</str>
                  <str>2011</str>
               </arr>
               <arr name="iris.references.publicationType">
                  <str/>
                  <str>Thesis</str>
                  <str>Journal Article</str>
               </arr>
               <arr name="iris2.email">
                  <str>k.mcmanus@soton.ac.uk</str>
               </arr>
               <arr name="iris2.feedback.count">
                  <str>0</str>
               </arr>
               <str name="iris2.hasmaterials">Records with materials</str>
               <arr name="iris2.instrument.author">
                  <str>McManus, Kevin</str>
               </arr>
               <arr name="iris2.instrument.dataType">
                  <str>Written production</str>
               </arr>
               <arr name="iris2.instrument.funder">
                  <str>Fonds Wetenschappelijk Onderzoek (FWO)</str>
                  <str>Newcastle University</str>
               </arr>
               <arr name="iris2.instrument.instrumentType">
                  <str>Grammaticality / Acceptability judgement test</str>
               </arr>
               <str name="iris2.instrument.instrumentType.alltypes">grammaticality / acceptability judgement test </str>
               <arr name="iris2.instrument.licence">
                  <str>Attribution-NonCommercial-ShareAlike</str>
               </arr>
               <arr name="iris2.instrument.linguisticTarget">
                  <str>Morphosyntax (grammar)</str>
                  <str>Aspect</str>
                  <str>Case</str>
                  <str>Determiners</str>
                  <str>Gender</str>
                  <str>Number</str>
                  <str>Tense</str>
                  <str>Lexis (vocabulary)</str>
                  <str>Closed class</str>
                  <str>Open class</str>
                  <str>Morphology</str>
               </arr>
               <str name="iris2.instrument.primaryInstrumentType">Grammaticality / Acceptability judgement test</str>
               <arr name="iris2.instrument.researchArea">
                  <str>Acquisition</str>
               </arr>
               <arr name="iris2.instrument.sourceLanguage">
                  <str>English</str>
               </arr>
               <arr name="iris2.instrument.typeOfFile">
                  <str>Text</str>
               </arr>
               <arr name="iris2.participants.firstLanguage">
                  <str>English</str>
                  <str>German</str>
               </arr>
               <arr name="iris2.participants.participantType">
                  <str>Second language learners</str>
               </arr>
               <arr name="iris2.participants.proficiencyLearner">
                  <str>Intermediate/advanced</str>
                  <str>Advanced</str>
               </arr>
               <arr name="iris2.participants.targetLanguage">
                  <str>French</str>
               </arr>
               <arr name="iris2.referenceid">
                  <str>McManus_The development of aspect in a second language</str>
                  <str>in press_McManus_The development of aspect in a second language: What now for the aspect hypothesis?</str>
               </arr>
               <str name="iris2.references.allauthors">McManus (2011); McManus (in press); </str>
               <arr name="iris2.references.author">
                  <str>McManus, Kevin</str>
                  <str>McManus, Kevin</str>
               </arr>
               <str name="iris2.references.author.lastnames">mcmanusmcmanus</str>
               <arr name="iris2.references.journal">
                  <str>International Review of Applied Linguistics</str>
               </arr>
               <arr name="iris2.references.publicationDate">
                  <str>in press</str>
                  <str>2011</str>
               </arr>
               <arr name="iris2.references.publicationLatestDate">
                  <str>in press</str>
                  <str>2011</str>
               </arr>
               <arr name="iris2.references.publicationType">
                  <str/>
                  <str>Thesis</str>
                  <str>Journal Article</str>
               </arr>
               <arr name="oai_dc.dc_xsi:schemaLocation">
                  <str>http://www.openarchives.org/OAI/2.0/oai_dc/ http://www.openarchives.org/OAI/2.0/oai_dc.xsd</str>
               </arr>
            </doc>
         </result>
      </response>
   </solr>
   <files>
      <file id="INSTRUMENT" mime="application/octet-stream" url="http://www.iris-database.org/iris/api/resource/york:806809/asset/INSTRUMENT?download=true"/>
   </files>
</record>
