<?xml version="1.0" encoding="ISO-8859-1"?>

<record pid="york:29264">
   <solr>
      <response>
         <lst name="responseHeader">
            <int name="status">0</int>
            <int name="QTime">525</int>
            <lst name="params">
               <str name="q">PID:york?29264</str>
            </lst>
         </lst>
         <result name="response" numfound="1" start="0">
            <doc>
               <str name="PID">york:29264</str>
               <arr name="dc.creator">
                  <str>Mackey, Alison</str>
               </arr>
               <arr name="dc.date">
                  <str>1994</str>
                  <str>2002</str>
                  <str>2005</str>
               </arr>
               <arr name="dc.format">
                  <str>English</str>
               </arr>
               <arr name="dc.identifier">
                  <str>york:29264</str>
               </arr>
               <arr name="dc.subject">
                  <str>Interaction</str>
               </arr>
               <arr name="dc.type">
                  <str>Information exchange tasks</str>
                  <str>http://www.iris-database.org/Instruments</str>
               </arr>
               <arr name="dc2.creator">
                  <str>Mackey, Alison</str>
               </arr>
               <arr name="dc2.date">
                  <str>1994</str>
                  <str>2002</str>
                  <str>2005</str>
               </arr>
               <arr name="dc2.format">
                  <str>English</str>
               </arr>
               <arr name="dc2.identifier">
                  <str>york:29264</str>
               </arr>
               <arr name="dc2.subject">
                  <str>Interaction</str>
               </arr>
               <arr name="dc2.type">
                  <str>Information exchange tasks</str>
                  <str>http://www.iris-database.org/Instruments</str>
               </arr>
               <arr name="dc3.creator">
                  <str>Mackey, Alison</str>
               </arr>
               <arr name="dc3.subject">
                  <str>Interaction</str>
               </arr>
               <date name="fgs.createdDate">2012-01-10T14:39:14.997Z</date>
               <date name="fgs.dateCreated.sort">2012-01-10T14:39:14.997Z</date>
               <str name="fgs.label">IRIS Instrument created by YODL workflow.</str>
               <date name="fgs.lastModifiedDate">2016-05-14T19:34:21.302Z</date>
               <str name="fgs.ownerId">fedoraAdmin</str>
               <str name="fgs.state">Active</str>
               <arr name="iris.email">
                  <str>mackeya@georgetown.edu</str>
               </arr>
               <arr name="iris.feedback.count">
                  <str>1</str>
               </arr>
               <arr name="iris.feedback.email_1">
                  <str>mariapilar.garciamayo@ehu.es</str>
               </arr>
               <arr name="iris.feedback.published_1">
                  <str>false</str>
               </arr>
               <arr name="iris.feedback.time_1">
                  <str>10 Jun 2013 18:18:48 GMT</str>
               </arr>
               <str name="iris.hasmaterials">Records with materials</str>
               <arr name="iris.instrument.author">
                  <str>Mackey, Alison</str>
               </arr>
               <arr name="iris.instrument.dataType">
                  <str>Oral production</str>
               </arr>
               <arr name="iris.instrument.instrumentType">
                  <str>Communicative / Interactive task</str>
                  <str>Information exchange</str>
               </arr>
               <str name="iris.instrument.instrumentType.alltypes">information exchange </str>
               <arr name="iris.instrument.licence">
                  <str>Attribution-NonCommercial-ShareAlike</str>
               </arr>
               <str name="iris.instrument.primaryInstrumentType">Communicative / Interactive task &gt; Information exchange</str>
               <arr name="iris.instrument.researchArea">
                  <str>Interaction</str>
               </arr>
               <arr name="iris.instrument.sourceLanguage">
                  <str>English</str>
               </arr>
               <arr name="iris.instrument.typeOfFile">
                  <str>Still Image</str>
               </arr>
               <arr name="iris.participants.gender">
                  <str>mixed</str>
               </arr>
               <arr name="iris.participants.participantType">
                  <str>Foreign language learners</str>
                  <str>Second language learners</str>
               </arr>
               <arr name="iris.referenceid">
                  <str>1994_Mackey_Targeting morpho-syntax in children's ESL: An empirical study of the use of interactive goal-based tasks</str>
                  <str>2002_Oliver_Mackey_Interactional feedback and children's L2 development</str>
                  <str>2005_Silver_Mackey_Interactional tasks and English L2 learning by immigrant children in Singapore</str>
               </arr>
               <str name="iris.references.allauthors">Mackey (1994); Oliver &amp; Mackey (2002); Silver &amp; Mackey (2005)</str>
               <arr name="iris.references.author">
                  <str>Mackey, Alison</str>
                  <str>Oliver, Rhonda</str>
                  <str>Mackey, Alison</str>
                  <str>Silver, Rita Elaine</str>
                  <str>Mackey, Alison</str>
               </arr>
               <str name="iris.references.author.lastnames">mackeyolivermackeysilvermackey</str>
               <arr name="iris.references.author.noack">
                  <str>Mackey, Alison</str>
                  <str>Oliver, Rhonda</str>
                  <str>Mackey, Alison</str>
                  <str>Silver, Rita Elaine</str>
                  <str>Mackey, Alison</str>
               </arr>
               <arr name="iris.references.journal">
                  <str>Working Papers in Educational Linguistics</str>
                  <str>System</str>
                  <str>System</str>
               </arr>
               <arr name="iris.references.publicationDate">
                  <str>1994</str>
                  <str>2002</str>
                  <str>2005</str>
               </arr>
               <arr name="iris.references.publicationLatestDate">
                  <str>2005</str>
               </arr>
               <arr name="iris.references.publicationType">
                  <str>Journal Article</str>
                  <str>Journal Article</str>
                  <str>Journal Article</str>
               </arr>
               <arr name="iris2.email">
                  <str>mackeya@georgetown.edu</str>
               </arr>
               <arr name="iris2.feedback.count">
                  <str>1</str>
               </arr>
               <arr name="iris2.feedback.email_1">
                  <str>mariapilar.garciamayo@ehu.es</str>
               </arr>
               <arr name="iris2.feedback.published_1">
                  <str>false</str>
               </arr>
               <arr name="iris2.feedback.time_1">
                  <str>10 Jun 2013 18:18:48 GMT</str>
               </arr>
               <str name="iris2.hasmaterials">Records with materials</str>
               <arr name="iris2.instrument.author">
                  <str>Mackey, Alison</str>
               </arr>
               <arr name="iris2.instrument.dataType">
                  <str>Oral production</str>
               </arr>
               <arr name="iris2.instrument.instrumentType">
                  <str>Communicative / Interactive task</str>
                  <str>Information exchange</str>
               </arr>
               <str name="iris2.instrument.instrumentType.alltypes">information exchange </str>
               <arr name="iris2.instrument.licence">
                  <str>Attribution-NonCommercial-ShareAlike</str>
               </arr>
               <str name="iris2.instrument.primaryInstrumentType">Communicative / Interactive task &gt; Information exchange</str>
               <arr name="iris2.instrument.researchArea">
                  <str>Interaction</str>
               </arr>
               <arr name="iris2.instrument.sourceLanguage">
                  <str>English</str>
               </arr>
               <arr name="iris2.instrument.typeOfFile">
                  <str>Still Image</str>
               </arr>
               <arr name="iris2.participants.gender">
                  <str>mixed</str>
               </arr>
               <arr name="iris2.participants.participantType">
                  <str>Foreign language learners</str>
                  <str>Second language learners</str>
               </arr>
               <arr name="iris2.referenceid">
                  <str>1994_Mackey_Targeting morpho-syntax in children's ESL: An empirical study of the use of interactive goal-based tasks</str>
                  <str>2002_Oliver_Mackey_Interactional feedback and children's L2 development</str>
                  <str>2005_Silver_Mackey_Interactional tasks and English L2 learning by immigrant children in Singapore</str>
               </arr>
               <str name="iris2.references.allauthors">Mackey (1994); Oliver &amp; Mackey (2002); Silver &amp; Mackey (2005)</str>
               <arr name="iris2.references.author">
                  <str>Mackey, Alison</str>
                  <str>Oliver, Rhonda</str>
                  <str>Mackey, Alison</str>
                  <str>Silver, Rita Elaine</str>
                  <str>Mackey, Alison</str>
               </arr>
               <str name="iris2.references.author.lastnames">mackeyolivermackeysilvermackey</str>
               <arr name="iris2.references.journal">
                  <str>Working Papers in Educational Linguistics</str>
                  <str>System</str>
                  <str>System</str>
               </arr>
               <arr name="iris2.references.publicationDate">
                  <str>1994</str>
                  <str>2002</str>
                  <str>2005</str>
               </arr>
               <arr name="iris2.references.publicationLatestDate">
                  <str>2005</str>
               </arr>
               <arr name="iris2.references.publicationType">
                  <str>Journal Article</str>
                  <str>Journal Article</str>
                  <str>Journal Article</str>
               </arr>
               <arr name="oai_dc.dc_xsi:schemaLocation">
                  <str>http://www.openarchives.org/OAI/2.0/oai_dc/ http://www.openarchives.org/OAI/2.0/oai_dc.xsd</str>
                  <str>http://www.openarchives.org/OAI/2.0/oai_dc/ http://www.openarchives.org/OAI/2.0/oai_dc.xsd</str>
               </arr>
            </doc>
         </result>
      </response>
   </solr>
   <files>
      <file id="INSTRUMENT" mime="application/pdf" url="http://www.iris-database.org/iris/api/resource/york:29264/asset/INSTRUMENT?download=true"/>
   </files>
</record>
