<?xml version="1.0" encoding="ISO-8859-1"?>

<record pid="york:805159">
   <solr>
      <response>
         <lst name="responseHeader">
            <int name="status">0</int>
            <int name="QTime">1020</int>
            <lst name="params">
               <str name="q">PID:york?805159</str>
            </lst>
         </lst>
         <result name="response" numfound="1" start="0">
            <doc>
               <str name="PID">york:805159</str>
               <arr name="dc.creator">
                  <str>Rogers, Vivienne</str>
               </arr>
               <arr name="dc.date">
                  <str>2005</str>
               </arr>
               <arr name="dc.description">
                  <str>Tests were a battery looking at the development of verb movement in English learners of French. They were used with learners after 1 year of instruction through to learners in their final year of university study (approx 10 years of study) and represent beginners to advanced learners.</str>
               </arr>
               <arr name="dc.format">
                  <str>French</str>
                  <str>English</str>
               </arr>
               <arr name="dc.subject">
                  <str>Morphosyntax (grammar)</str>
               </arr>
               <arr name="dc.type">
                  <str>Listening comprehension test</str>
                  <str>Grammaticality judgement sentences or Acceptability judgement</str>
                  <str>Speaking test</str>
                  <str>http://www.iris-database.org/Instruments</str>
               </arr>
               <arr name="dc2.creator">
                  <str>Rogers, Vivienne</str>
               </arr>
               <arr name="dc2.date">
                  <str>2005</str>
               </arr>
               <arr name="dc2.description">
                  <str>Tests were a battery looking at the development of verb movement in English learners of French. They were used with learners after 1 year of instruction through to learners in their final year of university study (approx 10 years of study) and represent beginners to advanced learners.</str>
               </arr>
               <arr name="dc2.format">
                  <str>French</str>
                  <str>English</str>
               </arr>
               <arr name="dc2.subject">
                  <str>Morphosyntax (grammar)</str>
               </arr>
               <arr name="dc2.type">
                  <str>Listening comprehension test</str>
                  <str>Grammaticality judgement sentences or Acceptability judgement</str>
                  <str>Speaking test</str>
                  <str>http://www.iris-database.org/Instruments</str>
               </arr>
               <arr name="dc3.creator">
                  <str>Rogers, Vivienne</str>
               </arr>
               <arr name="dc3.subject">
                  <str>Morphosyntax (grammar)</str>
               </arr>
               <date name="fgs.createdDate">2012-08-21T08:56:42.223Z</date>
               <date name="fgs.dateCreated.sort">2012-08-21T08:56:42.223Z</date>
               <str name="fgs.label">IRIS Instrument created by YODL workflow.</str>
               <date name="fgs.lastModifiedDate">2016-02-01T14:44:22.347Z</date>
               <str name="fgs.ownerId">fedoraAdmin</str>
               <str name="fgs.state">Active</str>
               <arr name="iris.email">
                  <str>v.e.rogers@swansea.ac.uk</str>
               </arr>
               <arr name="iris.feedback.count">
                  <str>0</str>
               </arr>
               <str name="iris.hasmaterials">Records with materials</str>
               <arr name="iris.instrument.author">
                  <str>Rogers, Vivienne</str>
               </arr>
               <arr name="iris.instrument.dataType">
                  <str>Judgements</str>
                  <str>Oral production</str>
                  <str>Oral comprehension</str>
               </arr>
               <arr name="iris.instrument.funder">
                  <str>Arts and Humanities Research Council (AHRC)</str>
               </arr>
               <arr name="iris.instrument.instrumentType">
                  <str>Comprehension test</str>
                  <str>Listening</str>
                  <str>Grammaticality / Acceptability judgement test</str>
                  <str>Speaking test / Oral production test</str>
               </arr>
               <str name="iris.instrument.instrumentType.alltypes">listening grammaticality / acceptability judgement test speaking test / oral production test </str>
               <arr name="iris.instrument.licence">
                  <str>Attribution-NonCommercial-ShareAlike</str>
               </arr>
               <arr name="iris.instrument.linguisticTarget">
                  <str>Tense</str>
               </arr>
               <str name="iris.instrument.primaryInstrumentType">Speaking test / Oral production test</str>
               <arr name="iris.instrument.researchArea">
                  <str>Morphosyntax (grammar)</str>
               </arr>
               <arr name="iris.instrument.secondaryInstrumentType">
                  <str>Comprehension test &gt; Listening</str>
                  <str>Grammaticality / Acceptability judgement test</str>
               </arr>
               <arr name="iris.instrument.sourceLanguage">
                  <str>French</str>
                  <str>English</str>
               </arr>
               <arr name="iris.instrument.typeOfFile">
                  <str>Text</str>
                  <str>Still Image</str>
               </arr>
               <arr name="iris.participants.firstLanguage">
                  <str>English</str>
               </arr>
               <arr name="iris.participants.gender">
                  <str>mixed</str>
               </arr>
               <arr name="iris.participants.participantType">
                  <str>Foreign language learners</str>
               </arr>
               <arr name="iris.participants.proficiencyLearner">
                  <str>Complete beginner</str>
                  <str>Near beginner</str>
                  <str>Pre-intermediate</str>
                  <str>Intermediate</str>
                  <str>Intermediate/advanced</str>
               </arr>
               <arr name="iris.participants.targetLanguage">
                  <str>French</str>
               </arr>
               <arr name="iris.referenceid">
                  <str>2005_Grueter_Comprehension and production of French object clitics by child second language learners and children with specific language impairment</str>
                  <str>Rogers_Syntactic development in the second language acquisition of French by instructed English learners</str>
               </arr>
               <str name="iris.references.allauthors">Rogers (2010); </str>
               <arr name="iris.references.author">
                  <str>Grueter, Theres</str>
                  <str>Rogers, Vivienne</str>
               </arr>
               <str name="iris.references.author.lastnames">grueterrogers</str>
               <arr name="iris.references.author.noack">
                  <str>Rogers, Vivienne</str>
               </arr>
               <arr name="iris.references.publicationDate">
                  <str>2005</str>
                  <str>2010</str>
               </arr>
               <arr name="iris.references.publicationLatestDate">
                  <str>2010</str>
               </arr>
               <arr name="iris.references.publicationType">
                  <str>Journal Article</str>
                  <str>Thesis</str>
               </arr>
               <arr name="iris2.email">
                  <str>v.e.rogers@swansea.ac.uk</str>
               </arr>
               <arr name="iris2.feedback.count">
                  <str>0</str>
               </arr>
               <str name="iris2.hasmaterials">Records with materials</str>
               <arr name="iris2.instrument.author">
                  <str>Rogers, Vivienne</str>
               </arr>
               <arr name="iris2.instrument.dataType">
                  <str>Judgements</str>
                  <str>Oral production</str>
                  <str>Oral comprehension</str>
               </arr>
               <arr name="iris2.instrument.funder">
                  <str>Arts and Humanities Research Council (AHRC)</str>
               </arr>
               <arr name="iris2.instrument.instrumentType">
                  <str>Comprehension test</str>
                  <str>Listening</str>
                  <str>Grammaticality / Acceptability judgement test</str>
                  <str>Speaking test / Oral production test</str>
               </arr>
               <str name="iris2.instrument.instrumentType.alltypes">listening grammaticality / acceptability judgement test speaking test / oral production test </str>
               <arr name="iris2.instrument.licence">
                  <str>Attribution-NonCommercial-ShareAlike</str>
               </arr>
               <arr name="iris2.instrument.linguisticTarget">
                  <str>Tense</str>
               </arr>
               <str name="iris2.instrument.primaryInstrumentType">Speaking test / Oral production test</str>
               <arr name="iris2.instrument.researchArea">
                  <str>Morphosyntax (grammar)</str>
               </arr>
               <arr name="iris2.instrument.secondaryInstrumentType">
                  <str>Comprehension test &gt; Listening</str>
                  <str>Grammaticality / Acceptability judgement test</str>
               </arr>
               <arr name="iris2.instrument.sourceLanguage">
                  <str>French</str>
                  <str>English</str>
               </arr>
               <arr name="iris2.instrument.typeOfFile">
                  <str>Text</str>
                  <str>Still Image</str>
               </arr>
               <arr name="iris2.participants.firstLanguage">
                  <str>English</str>
               </arr>
               <arr name="iris2.participants.gender">
                  <str>mixed</str>
               </arr>
               <arr name="iris2.participants.participantType">
                  <str>Foreign language learners</str>
               </arr>
               <arr name="iris2.participants.proficiencyLearner">
                  <str>Complete beginner</str>
                  <str>Near beginner</str>
                  <str>Pre-intermediate</str>
                  <str>Intermediate</str>
                  <str>Intermediate/advanced</str>
               </arr>
               <arr name="iris2.participants.targetLanguage">
                  <str>French</str>
               </arr>
               <arr name="iris2.referenceid">
                  <str>2005_Grueter_Comprehension and production of French object clitics by child second language learners and children with specific language impairment</str>
                  <str>Rogers_Syntactic development in the second language acquisition of French by instructed English learners</str>
               </arr>
               <str name="iris2.references.allauthors">Rogers (2010); </str>
               <arr name="iris2.references.author">
                  <str>Grueter, Theres</str>
                  <str>Rogers, Vivienne</str>
               </arr>
               <str name="iris2.references.author.lastnames">grueterrogers</str>
               <arr name="iris2.references.publicationDate">
                  <str>2005</str>
                  <str>2010</str>
               </arr>
               <arr name="iris2.references.publicationLatestDate">
                  <str>2010</str>
               </arr>
               <arr name="iris2.references.publicationType">
                  <str>Journal Article</str>
                  <str>Thesis</str>
               </arr>
               <arr name="oai_dc.dc_xsi:schemaLocation">
                  <str>http://www.openarchives.org/OAI/2.0/oai_dc/ http://www.openarchives.org/OAI/2.0/oai_dc.xsd</str>
               </arr>
            </doc>
         </result>
      </response>
   </solr>
   <files>
      <file id="INSTRUMENT" mime="application/msword" url="http://www.iris-database.org/iris/api/resource/york:805159/asset/INSTRUMENT?download=true"/>
      <file id="INSTRUMENT1" mime="application/msword" url="http://www.iris-database.org/iris/api/resource/york:805159/asset/INSTRUMENT1?download=true"/>
      <file id="INSTRUMENT2" mime="application/msword" url="http://www.iris-database.org/iris/api/resource/york:805159/asset/INSTRUMENT2?download=true"/>
      <file id="INSTRUMENT3" mime="application/msword" url="http://www.iris-database.org/iris/api/resource/york:805159/asset/INSTRUMENT3?download=true"/>
      <file id="INSTRUMENT4" mime="application/pdf" url="http://www.iris-database.org/iris/api/resource/york:805159/asset/INSTRUMENT4?download=true"/>
      <file id="INSTRUMENT5" mime="application/msword" url="http://www.iris-database.org/iris/api/resource/york:805159/asset/INSTRUMENT5?download=true"/>
      <file id="INSTRUMENT6" mime="application/pdf" url="http://www.iris-database.org/iris/api/resource/york:805159/asset/INSTRUMENT6?download=true"/>
      <file id="INSTRUMENT7" mime="application/msword" url="http://www.iris-database.org/iris/api/resource/york:805159/asset/INSTRUMENT7?download=true"/>
      <file id="INSTRUMENT8" mime="application/msword" url="http://www.iris-database.org/iris/api/resource/york:805159/asset/INSTRUMENT8?download=true"/>
   </files>
</record>
