<?xml version="1.0" encoding="ISO-8859-1"?>

<record pid="york:851827">
   <solr>
      <response>
         <lst name="responseHeader">
            <int name="status">0</int>
            <int name="QTime">556</int>
            <lst name="params">
               <str name="q">PID:york?851827</str>
            </lst>
         </lst>
         <result name="response" numfound="1" start="0">
            <doc>
               <str name="PID">york:851827</str>
               <arr name="dc.creator">
                  <str>Meara, Paul</str>
                  <str>Miralpeix, Imma</str>
               </arr>
               <arr name="dc.date">
                  <str>2008</str>
                  <str>2005</str>
               </arr>
               <arr name="dc.description">
                  <str>The programme can be run by clicking on the V_Quint icon in the V_Quint folder. Page 8 of the manual contains the following information from its developers: V_Quint is freely available to bona fide researchers, in exchange for evaluations and comments. V_Quint is postcardware. i.e. you are free to use it without charge, but we would be grateful if you could send us a picture postcard of your location if you do. (It helps us raise sponsorship for the site.) Send your cards to 23 Kimberley Road Swansea SA2 9DP, UK You are free to copy the programs to other researchers and students, as long as you do not charge for them. We can also make the software code available to people who know what they are doing with it. Comments for improvements are welcome. Please read the small print about this program on http://www.lognostics.co.uk. No liability that arises from the use or misuse of this program is accepted by the author, and you use the programs at your own risk.</str>
               </arr>
               <arr name="dc.identifier">
                  <str>york:851827</str>
               </arr>
               <arr name="dc.subject">
                  <str>Lexicon (vocabulary)</str>
               </arr>
               <str name="dc.title">V_Quint v1.0</str>
               <str name="dc.title.sort">V_Quint v1.0</str>
               <arr name="dc.type">
                  <str>Vocabulary test (productive)</str>
                  <str>http://www.iris-database.org/Instruments</str>
               </arr>
               <arr name="dc2.creator">
                  <str>Meara, Paul</str>
                  <str>Miralpeix, Imma</str>
               </arr>
               <arr name="dc2.date">
                  <str>2008</str>
                  <str>2005</str>
               </arr>
               <arr name="dc2.description">
                  <str>The programme can be run by clicking on the V_Quint icon in the V_Quint folder. Page 8 of the manual contains the following information from its developers: V_Quint is freely available to bona fide researchers, in exchange for evaluations and comments. V_Quint is postcardware. i.e. you are free to use it without charge, but we would be grateful if you could send us a picture postcard of your location if you do. (It helps us raise sponsorship for the site.) Send your cards to 23 Kimberley Road Swansea SA2 9DP, UK You are free to copy the programs to other researchers and students, as long as you do not charge for them. We can also make the software code available to people who know what they are doing with it. Comments for improvements are welcome. Please read the small print about this program on http://www.lognostics.co.uk. No liability that arises from the use or misuse of this program is accepted by the author, and you use the programs at your own risk.</str>
               </arr>
               <arr name="dc2.identifier">
                  <str>york:851827</str>
               </arr>
               <arr name="dc2.subject">
                  <str>Lexicon (vocabulary)</str>
               </arr>
               <str name="dc2.title">V_Quint v1.0</str>
               <arr name="dc2.type">
                  <str>Vocabulary test (productive)</str>
                  <str>http://www.iris-database.org/Instruments</str>
               </arr>
               <arr name="dc3.creator">
                  <str>Meara, Paul</str>
                  <str>Miralpeix, Imma</str>
               </arr>
               <arr name="dc3.subject">
                  <str>Lexicon (vocabulary)</str>
               </arr>
               <str name="dc3.title">V_Quint v1.0</str>
               <date name="fgs.createdDate">2015-03-13T18:51:52.116Z</date>
               <date name="fgs.dateCreated.sort">2015-03-13T18:51:52.116Z</date>
               <str name="fgs.label">IRIS Instrument created by YODL workflow.</str>
               <date name="fgs.lastModifiedDate">2015-10-04T12:04:58.166Z</date>
               <str name="fgs.ownerId">iris-580a9f0f-ed9e-4f5f-be7e-877243bddfd0</str>
               <str name="fgs.state">Active</str>
               <arr name="iris.email">
                  <str>p.m.meara@swansea.ac.uk</str>
               </arr>
               <arr name="iris.feedback.count">
                  <str>0</str>
               </arr>
               <str name="iris.hasmaterials">Records with materials</str>
               <arr name="iris.instrument.author">
                  <str>Meara, Paul</str>
                  <str>Miralpeix, Imma</str>
               </arr>
               <arr name="iris.instrument.instrumentType">
                  <str>Vocabulary test</str>
                  <str>Productive</str>
               </arr>
               <str name="iris.instrument.instrumentType.alltypes">productive </str>
               <arr name="iris.instrument.licence">
                  <str>Attribution-NonCommercial-ShareAlike</str>
               </arr>
               <str name="iris.instrument.primaryInstrumentType">Vocabulary test &gt; Productive</str>
               <arr name="iris.instrument.researchArea">
                  <str>Lexicon (vocabulary)</str>
               </arr>
               <arr name="iris.instrument.title">
                  <str>V_Quint v1.0</str>
               </arr>
               <arr name="iris.instrument.typeOfFile">
                  <str>Software</str>
               </arr>
               <arr name="iris.participants.participantType">
                  <str>Native speakers</str>
                  <str>Foreign language learners</str>
                  <str>Second language learners</str>
               </arr>
               <arr name="iris.referenceid">
                  <str>2008_Meara_Connected Words: Word Associations and Second Language Vocabulary Acquisition</str>
                  <str>2005_Wilks_Meara_Wolter_A further note on simulating word association behaviour in an L2</str>
               </arr>
               <str name="iris.references.allauthors">Meara (2008); Wilks, Meara, et al. (2005)</str>
               <arr name="iris.references.author">
                  <str>Meara, Paul</str>
                  <str>Wilks, C</str>
                  <str>Meara, Paul</str>
                  <str>Wolter, B.</str>
               </arr>
               <str name="iris.references.author.lastnames">mearawilksmearawolter</str>
               <arr name="iris.references.author.noack">
                  <str>Meara, Paul</str>
                  <str>Wilks, C</str>
                  <str>Meara, Paul</str>
                  <str>Wolter, B.</str>
               </arr>
               <arr name="iris.references.journal">
                  <str>Second Language Research</str>
               </arr>
               <arr name="iris.references.placeOfPublication">
                  <str>Amsterdam</str>
               </arr>
               <arr name="iris.references.publicationDate">
                  <str>2008</str>
                  <str>2005</str>
               </arr>
               <arr name="iris.references.publicationLatestDate">
                  <str>2008</str>
               </arr>
               <arr name="iris.references.publicationType">
                  <str>Book</str>
                  <str>Journal Article</str>
               </arr>
               <arr name="iris.references.publisher">
                  <str>John Benjamins</str>
               </arr>
               <arr name="iris2.email">
                  <str>p.m.meara@swansea.ac.uk</str>
               </arr>
               <arr name="iris2.feedback.count">
                  <str>0</str>
               </arr>
               <str name="iris2.hasmaterials">Records with materials</str>
               <arr name="iris2.instrument.author">
                  <str>Meara, Paul</str>
                  <str>Miralpeix, Imma</str>
               </arr>
               <arr name="iris2.instrument.instrumentType">
                  <str>Vocabulary test</str>
                  <str>Productive</str>
               </arr>
               <str name="iris2.instrument.instrumentType.alltypes">productive </str>
               <arr name="iris2.instrument.licence">
                  <str>Attribution-NonCommercial-ShareAlike</str>
               </arr>
               <str name="iris2.instrument.primaryInstrumentType">Vocabulary test &gt; Productive</str>
               <arr name="iris2.instrument.researchArea">
                  <str>Lexicon (vocabulary)</str>
               </arr>
               <arr name="iris2.instrument.typeOfFile">
                  <str>Software</str>
               </arr>
               <arr name="iris2.participants.participantType">
                  <str>Native speakers</str>
                  <str>Foreign language learners</str>
                  <str>Second language learners</str>
               </arr>
               <arr name="iris2.referenceid">
                  <str>2008_Meara_Connected Words: Word Associations and Second Language Vocabulary Acquisition</str>
                  <str>2005_Wilks_Meara_Wolter_A further note on simulating word association behaviour in an L2</str>
               </arr>
               <str name="iris2.references.allauthors">Meara (2008); Wilks, Meara, et al. (2005)</str>
               <arr name="iris2.references.author">
                  <str>Meara, Paul</str>
                  <str>Wilks, C</str>
                  <str>Meara, Paul</str>
                  <str>Wolter, B.</str>
               </arr>
               <str name="iris2.references.author.lastnames">mearawilksmearawolter</str>
               <arr name="iris2.references.journal">
                  <str>Second Language Research</str>
               </arr>
               <arr name="iris2.references.placeOfPublication">
                  <str>Amsterdam</str>
               </arr>
               <arr name="iris2.references.publicationDate">
                  <str>2008</str>
                  <str>2005</str>
               </arr>
               <arr name="iris2.references.publicationLatestDate">
                  <str>2008</str>
               </arr>
               <arr name="iris2.references.publicationType">
                  <str>Book</str>
                  <str>Journal Article</str>
               </arr>
               <arr name="iris2.references.publisher">
                  <str>John Benjamins</str>
               </arr>
               <arr name="oai_dc.dc_xsi:schemaLocation">
                  <str>http://www.openarchives.org/OAI/2.0/oai_dc/ http://www.openarchives.org/OAI/2.0/oai_dc.xsd</str>
                  <str>http://www.openarchives.org/OAI/2.0/oai_dc/ http://www.openarchives.org/OAI/2.0/oai_dc.xsd</str>
               </arr>
            </doc>
         </result>
      </response>
   </solr>
   <files>
      <file id="INSTRUMENT" mime="application/octet-stream" url="http://www.iris-database.org/iris/api/resource/york:851827/asset/INSTRUMENT?download=true"/>
   </files>
</record>
