<?xml version="1.0" encoding="ISO-8859-1"?>

<record pid="york:809040">
   <solr>
      <response>
         <lst name="responseHeader">
            <int name="status">0</int>
            <int name="QTime">518</int>
            <lst name="params">
               <str name="q">PID:york?809040</str>
            </lst>
         </lst>
         <result name="response" numfound="1" start="0">
            <doc>
               <str name="PID">york:809040</str>
               <arr name="dc.creator">
                  <str>Meara, Paul</str>
               </arr>
               <arr name="dc.date">
                  <str>2008</str>
                  <str>2008</str>
               </arr>
               <arr name="dc.description">
                  <str>Please cite this test as: PM Meara X_Lex: the Swansea Vocabulary Levels Test. v2.05. Swansea: Lognostics. 2005.</str>
               </arr>
               <arr name="dc.subject">
                  <str>Lexicon (vocabulary)</str>
               </arr>
               <str name="dc.title">X_Lex: the Swansea Vocabulary Levels Test</str>
               <str name="dc.title.sort">X_Lex: the Swansea Vocabulary Levels Test</str>
               <arr name="dc.type">
                  <str>Vocabulary test (receptive)</str>
                  <str>http://www.iris-database.org/Instruments</str>
               </arr>
               <arr name="dc2.creator">
                  <str>Meara, Paul</str>
               </arr>
               <arr name="dc2.date">
                  <str>2008</str>
                  <str>2008</str>
               </arr>
               <arr name="dc2.description">
                  <str>Please cite this test as: PM Meara X_Lex: the Swansea Vocabulary Levels Test. v2.05. Swansea: Lognostics. 2005.</str>
               </arr>
               <arr name="dc2.subject">
                  <str>Lexicon (vocabulary)</str>
               </arr>
               <str name="dc2.title">X_Lex: the Swansea Vocabulary Levels Test</str>
               <arr name="dc2.type">
                  <str>Vocabulary test (receptive)</str>
                  <str>http://www.iris-database.org/Instruments</str>
               </arr>
               <arr name="dc3.creator">
                  <str>Meara, Paul</str>
               </arr>
               <arr name="dc3.subject">
                  <str>Lexicon (vocabulary)</str>
               </arr>
               <str name="dc3.title">X_Lex: the Swansea Vocabulary Levels Test</str>
               <date name="fgs.createdDate">2013-03-25T12:19:04.733Z</date>
               <date name="fgs.dateCreated.sort">2013-03-25T12:19:04.733Z</date>
               <str name="fgs.label">IRIS Instrument created by YODL workflow.</str>
               <date name="fgs.lastModifiedDate">2016-04-19T11:58:57.815Z</date>
               <str name="fgs.ownerId">fedoraAdmin</str>
               <str name="fgs.state">Active</str>
               <arr name="iris.email">
                  <str>becky.taylor@york.ac.uk</str>
               </arr>
               <arr name="iris.feedback.count">
                  <str>0</str>
               </arr>
               <str name="iris.hasmaterials">Records with materials</str>
               <arr name="iris.instrument.author">
                  <str>Meara, Paul</str>
               </arr>
               <arr name="iris.instrument.instrumentType">
                  <str>Vocabulary test</str>
                  <str>Receptive</str>
               </arr>
               <str name="iris.instrument.instrumentType.alltypes">receptive </str>
               <arr name="iris.instrument.licence">
                  <str>Attribution-NonCommercial-ShareAlike</str>
               </arr>
               <str name="iris.instrument.primaryInstrumentType">Vocabulary test &gt; Receptive</str>
               <arr name="iris.instrument.researchArea">
                  <str>Lexicon (vocabulary)</str>
               </arr>
               <arr name="iris.instrument.title">
                  <str>X_Lex: the Swansea Vocabulary Levels Test</str>
               </arr>
               <arr name="iris.instrument.typeOfFile">
                  <str>Software</str>
               </arr>
               <arr name="iris.participants.participantType">
                  <str>Foreign language learners</str>
               </arr>
               <arr name="iris.referenceid">
                  <str>2008_David_Vocabulary breadth in French L2 learners</str>
                  <str>2008_Graham_Richards_Malvern_Progress in learning French vocabulary in a one-year advanced course at school</str>
               </arr>
               <str name="iris.references.allauthors">David (2008); Graham, Richards, et al. (2008)</str>
               <arr name="iris.references.author">
                  <str>David, Annabelle</str>
                  <str>Graham, Suzanne</str>
                  <str>Richards, Brian</str>
                  <str>Malvern, David</str>
               </arr>
               <str name="iris.references.author.lastnames">davidgrahamrichardsmalvern</str>
               <arr name="iris.references.author.noack">
                  <str>David, Annabelle</str>
                  <str>Graham, Suzanne</str>
                  <str>Richards, Brian</str>
                  <str>Malvern, David</str>
               </arr>
               <arr name="iris.references.journal">
                  <str>The Language Learning Journal</str>
                  <str>Journal of French Language Studies</str>
               </arr>
               <arr name="iris.references.publicationDate">
                  <str>2008</str>
                  <str>2008</str>
               </arr>
               <arr name="iris.references.publicationLatestDate">
                  <str>2008</str>
                  <str>2008</str>
               </arr>
               <arr name="iris.references.publicationType">
                  <str>Journal Article</str>
                  <str>Journal Article</str>
               </arr>
               <arr name="iris2.email">
                  <str>becky.taylor@york.ac.uk</str>
               </arr>
               <arr name="iris2.feedback.count">
                  <str>0</str>
               </arr>
               <str name="iris2.hasmaterials">Records with materials</str>
               <arr name="iris2.instrument.author">
                  <str>Meara, Paul</str>
               </arr>
               <arr name="iris2.instrument.instrumentType">
                  <str>Vocabulary test</str>
                  <str>Receptive</str>
               </arr>
               <str name="iris2.instrument.instrumentType.alltypes">receptive </str>
               <arr name="iris2.instrument.licence">
                  <str>Attribution-NonCommercial-ShareAlike</str>
               </arr>
               <str name="iris2.instrument.primaryInstrumentType">Vocabulary test &gt; Receptive</str>
               <arr name="iris2.instrument.researchArea">
                  <str>Lexicon (vocabulary)</str>
               </arr>
               <arr name="iris2.instrument.typeOfFile">
                  <str>Software</str>
               </arr>
               <arr name="iris2.participants.participantType">
                  <str>Foreign language learners</str>
               </arr>
               <arr name="iris2.referenceid">
                  <str>2008_David_Vocabulary breadth in French L2 learners</str>
                  <str>2008_Graham_Richards_Malvern_Progress in learning French vocabulary in a one-year advanced course at school</str>
               </arr>
               <str name="iris2.references.allauthors">David (2008); Graham, Richards, et al. (2008)</str>
               <arr name="iris2.references.author">
                  <str>David, Annabelle</str>
                  <str>Graham, Suzanne</str>
                  <str>Richards, Brian</str>
                  <str>Malvern, David</str>
               </arr>
               <str name="iris2.references.author.lastnames">davidgrahamrichardsmalvern</str>
               <arr name="iris2.references.journal">
                  <str>The Language Learning Journal</str>
                  <str>Journal of French Language Studies</str>
               </arr>
               <arr name="iris2.references.publicationDate">
                  <str>2008</str>
                  <str>2008</str>
               </arr>
               <arr name="iris2.references.publicationLatestDate">
                  <str>2008</str>
                  <str>2008</str>
               </arr>
               <arr name="iris2.references.publicationType">
                  <str>Journal Article</str>
                  <str>Journal Article</str>
               </arr>
               <arr name="oai_dc.dc_xsi:schemaLocation">
                  <str>http://www.openarchives.org/OAI/2.0/oai_dc/ http://www.openarchives.org/OAI/2.0/oai_dc.xsd</str>
               </arr>
            </doc>
         </result>
      </response>
   </solr>
   <files>
      <file id="INSTRUMENT" mime="application/octet-stream" url="http://www.iris-database.org/iris/api/resource/york:809040/asset/INSTRUMENT?download=true"/>
   </files>
</record>
