<?xml version="1.0" encoding="ISO-8859-1"?>

<record pid="york:818081">
   <solr>
      <response>
         <lst name="responseHeader">
            <int name="status">0</int>
            <int name="QTime">526</int>
            <lst name="params">
               <str name="q">PID:york?818081</str>
            </lst>
         </lst>
         <result name="response" numfound="1" start="0">
            <doc>
               <str name="PID">york:818081</str>
               <arr name="dc.creator">
                  <str>Tolentino, Leida</str>
                  <str>Tokowicz, Natasha</str>
               </arr>
               <arr name="dc.date">
                  <str>in press</str>
               </arr>
               <arr name="dc.format">
                  <str>Not Applicable</str>
               </arr>
               <arr name="dc.subject">
                  <str>Bilingualism</str>
               </arr>
               <arr name="dc.type">
                  <str>Stimuli for laboratory studies (visual - verbal)</str>
                  <str>http://www.iris-database.org/Instruments</str>
               </arr>
               <arr name="dc2.creator">
                  <str>Tolentino, Leida</str>
                  <str>Tokowicz, Natasha</str>
               </arr>
               <arr name="dc2.date">
                  <str>in press</str>
               </arr>
               <arr name="dc2.format">
                  <str>Not Applicable</str>
               </arr>
               <arr name="dc2.subject">
                  <str>Bilingualism</str>
               </arr>
               <arr name="dc2.type">
                  <str>Stimuli for laboratory studies (visual - verbal)</str>
                  <str>http://www.iris-database.org/Instruments</str>
               </arr>
               <arr name="dc3.creator">
                  <str>Tolentino, Leida</str>
                  <str>Tokowicz, Natasha</str>
               </arr>
               <arr name="dc3.subject">
                  <str>Bilingualism</str>
               </arr>
               <date name="fgs.createdDate">2013-10-31T21:00:52.429Z</date>
               <date name="fgs.dateCreated.sort">2013-10-31T21:00:52.429Z</date>
               <str name="fgs.label">IRIS Instrument created by YODL workflow.</str>
               <date name="fgs.lastModifiedDate">2016-05-11T17:05:00.609Z</date>
               <str name="fgs.ownerId">iris-a964f936-bc51-4282-a55a-85166acb7998</str>
               <str name="fgs.state">Active</str>
               <arr name="iris.email">
                  <str>tokowicz@pitt.edu</str>
               </arr>
               <arr name="iris.feedback.count">
                  <str>0</str>
               </arr>
               <str name="iris.hasmaterials">Records with materials</str>
               <arr name="iris.instrument.author">
                  <str>Tolentino, Leida</str>
                  <str>Tokowicz, Natasha</str>
               </arr>
               <arr name="iris.instrument.instrumentType">
                  <str>Stimuli for laboratory studies</str>
                  <str>Visual</str>
                  <str>Verbal</str>
               </arr>
               <str name="iris.instrument.instrumentType.alltypes">verbal </str>
               <arr name="iris.instrument.licence">
                  <str>Attribution-NonCommercial-ShareAlike</str>
               </arr>
               <arr name="iris.instrument.linguisticTarget">
                  <str>Closed class</str>
                  <str>Open class</str>
                  <str>Determiners</str>
                  <str>Gender</str>
                  <str>Number</str>
                  <str>Articles</str>
               </arr>
               <str name="iris.instrument.primaryInstrumentType">Stimuli for laboratory studies &gt; Visual &gt; Verbal</str>
               <arr name="iris.instrument.researchArea">
                  <str>Bilingualism</str>
               </arr>
               <arr name="iris.instrument.typeOfFile">
                  <str>Text</str>
               </arr>
               <arr name="iris.participants.firstLanguage">
                  <str>English</str>
               </arr>
               <arr name="iris.participants.participantType">
                  <str>Second language learners</str>
               </arr>
               <arr name="iris.participants.proficiencyLearner">
                  <str>Complete beginner</str>
               </arr>
               <arr name="iris.participants.targetLanguage">
                  <str>Swedish</str>
               </arr>
               <arr name="iris.referenceid">
                  <str>in press_Tolentino_Tokowicz_Cross-language similarity modulates effectiveness of second language grammar instruction</str>
               </arr>
               <str name="iris.references.allauthors">Tolentino &amp; Tokowicz (in press)</str>
               <arr name="iris.references.author">
                  <str>Tolentino, Leida</str>
                  <str>Tokowicz, Natasha</str>
               </arr>
               <str name="iris.references.author.lastnames">tolentinotokowicz</str>
               <arr name="iris.references.author.noack">
                  <str>Tolentino, Leida</str>
                  <str>Tokowicz, Natasha</str>
               </arr>
               <arr name="iris.references.journal">
                  <str>Language Learning</str>
               </arr>
               <arr name="iris.references.publicationDate">
                  <str>in press</str>
               </arr>
               <arr name="iris.references.publicationLatestDate">
                  <str>in press</str>
               </arr>
               <arr name="iris.references.publicationType">
                  <str>Journal Article</str>
               </arr>
               <arr name="iris2.email">
                  <str>tokowicz@pitt.edu</str>
               </arr>
               <arr name="iris2.feedback.count">
                  <str>0</str>
               </arr>
               <str name="iris2.hasmaterials">Records with materials</str>
               <arr name="iris2.instrument.author">
                  <str>Tolentino, Leida</str>
                  <str>Tokowicz, Natasha</str>
               </arr>
               <arr name="iris2.instrument.instrumentType">
                  <str>Stimuli for laboratory studies</str>
                  <str>Visual</str>
                  <str>Verbal</str>
               </arr>
               <str name="iris2.instrument.instrumentType.alltypes">verbal </str>
               <arr name="iris2.instrument.licence">
                  <str>Attribution-NonCommercial-ShareAlike</str>
               </arr>
               <arr name="iris2.instrument.linguisticTarget">
                  <str>Closed class</str>
                  <str>Open class</str>
                  <str>Determiners</str>
                  <str>Gender</str>
                  <str>Number</str>
                  <str>Articles</str>
               </arr>
               <str name="iris2.instrument.primaryInstrumentType">Stimuli for laboratory studies &gt; Visual &gt; Verbal</str>
               <arr name="iris2.instrument.researchArea">
                  <str>Bilingualism</str>
               </arr>
               <arr name="iris2.instrument.typeOfFile">
                  <str>Text</str>
               </arr>
               <arr name="iris2.participants.firstLanguage">
                  <str>English</str>
               </arr>
               <arr name="iris2.participants.participantType">
                  <str>Second language learners</str>
               </arr>
               <arr name="iris2.participants.proficiencyLearner">
                  <str>Complete beginner</str>
               </arr>
               <arr name="iris2.participants.targetLanguage">
                  <str>Swedish</str>
               </arr>
               <arr name="iris2.referenceid">
                  <str>in press_Tolentino_Tokowicz_Cross-language similarity modulates effectiveness of second language grammar instruction</str>
               </arr>
               <str name="iris2.references.allauthors">Tolentino &amp; Tokowicz (in press)</str>
               <arr name="iris2.references.author">
                  <str>Tolentino, Leida</str>
                  <str>Tokowicz, Natasha</str>
               </arr>
               <str name="iris2.references.author.lastnames">tolentinotokowicz</str>
               <arr name="iris2.references.journal">
                  <str>Language Learning</str>
               </arr>
               <arr name="iris2.references.publicationDate">
                  <str>in press</str>
               </arr>
               <arr name="iris2.references.publicationLatestDate">
                  <str>in press</str>
               </arr>
               <arr name="iris2.references.publicationType">
                  <str>Journal Article</str>
               </arr>
               <arr name="oai_dc.dc_xsi:schemaLocation">
                  <str>http://www.openarchives.org/OAI/2.0/oai_dc/ http://www.openarchives.org/OAI/2.0/oai_dc.xsd</str>
               </arr>
            </doc>
         </result>
      </response>
   </solr>
   <files>
      <file id="INSTRUMENT" mime="application/vnd.openxmlformats-officedocument.wordprocessingml.document" url="http://www.iris-database.org/iris/api/resource/york:818081/asset/INSTRUMENT?download=true"/>
      <file id="INSTRUMENT1" mime="application/vnd.openxmlformats-officedocument.wordprocessingml.document" url="http://www.iris-database.org/iris/api/resource/york:818081/asset/INSTRUMENT1?download=true"/>
      <file id="INSTRUMENT2" mime="application/vnd.openxmlformats-officedocument.wordprocessingml.document" url="http://www.iris-database.org/iris/api/resource/york:818081/asset/INSTRUMENT2?download=true"/>
   </files>
</record>
