<?xml version="1.0" encoding="ISO-8859-1"?>

<record pid="york:851710">
   <solr>
      <response>
         <lst name="responseHeader">
            <int name="status">0</int>
            <int name="QTime">922</int>
            <lst name="params">
               <str name="q">PID:york?851710</str>
            </lst>
         </lst>
         <result name="response" numfound="1" start="0">
            <doc>
               <str name="PID">york:851710</str>
               <arr name="dc.creator">
                  <str>Verhoeven, L</str>
               </arr>
               <arr name="dc.date">
                  <str>2015</str>
                  <str>2014</str>
               </arr>
               <arr name="dc.description">
                  <str>The phonological working memory test; rapid naming test; receptive vocabulary test; speech decoding test; phonological awareness test and lexical specificity training task used in this study are all linked in IRIS. Some files require "Presentation" software.</str>
               </arr>
               <arr name="dc.identifier">
                  <str>york:851710</str>
               </arr>
               <str name="dc.title">The subtest Woordbenoemen [Word naming] of the standardized Screeningstest voor Taal - en Leesproblemen [Diagnostic Test for Language and Literacy Problems]</str>
               <str name="dc.title.sort">The subtest Woordbenoemen [Word naming] of the standardized Screeningstest voor Taal - en Leesproblemen [Diagnostic Test for Language and Literacy Problems]</str>
               <arr name="dc.type">
                  <str>Vocabulary test (receptive)</str>
                  <str>Picture description</str>
                  <str>http://www.iris-database.org/Instruments</str>
               </arr>
               <arr name="dc2.creator">
                  <str>Verhoeven, L</str>
               </arr>
               <arr name="dc2.date">
                  <str>2015</str>
                  <str>2014</str>
               </arr>
               <arr name="dc2.description">
                  <str>The phonological working memory test; rapid naming test; receptive vocabulary test; speech decoding test; phonological awareness test and lexical specificity training task used in this study are all linked in IRIS. Some files require "Presentation" software.</str>
               </arr>
               <arr name="dc2.identifier">
                  <str>york:851710</str>
               </arr>
               <str name="dc2.title">The subtest Woordbenoemen [Word naming] of the standardized Screeningstest voor Taal - en Leesproblemen [Diagnostic Test for Language and Literacy Problems]</str>
               <arr name="dc2.type">
                  <str>Vocabulary test (receptive)</str>
                  <str>Picture description</str>
                  <str>http://www.iris-database.org/Instruments</str>
               </arr>
               <arr name="dc3.creator">
                  <str>Verhoeven, L</str>
               </arr>
               <str name="dc3.title">The subtest Woordbenoemen [Word naming] of the standardized Screeningstest voor Taal - en Leesproblemen [Diagnostic Test for Language and Literacy Problems]</str>
               <date name="fgs.createdDate">2015-03-04T16:15:27.209Z</date>
               <date name="fgs.dateCreated.sort">2015-03-04T16:15:27.209Z</date>
               <str name="fgs.label">IRIS Instrument created by YODL workflow.</str>
               <date name="fgs.lastModifiedDate">2016-04-26T07:05:23.745Z</date>
               <str name="fgs.ownerId">iris-a24a89bf-4c33-4fde-99ff-5f2121a5ba0f</str>
               <str name="fgs.state">Active</str>
               <arr name="iris.email">
                  <str>c.janssen@pwo.ru.nl</str>
               </arr>
               <arr name="iris.feedback.count">
                  <str>0</str>
               </arr>
               <str name="iris.hasmaterials">Records with materials</str>
               <arr name="iris.instrument.author">
                  <str>Verhoeven, L</str>
               </arr>
               <arr name="iris.instrument.instrumentType">
                  <str>Vocabulary test</str>
                  <str>Receptive</str>
                  <str>Speaking test / Oral production test</str>
                  <str>Picture description</str>
               </arr>
               <str name="iris.instrument.instrumentType.alltypes">receptive picture description </str>
               <arr name="iris.instrument.licence">
                  <str>Attribution-NonCommercial-ShareAlike</str>
               </arr>
               <str name="iris.instrument.primaryInstrumentType">Speaking test / Oral production test &gt; Picture description</str>
               <arr name="iris.instrument.researchArea">
                  <str>Acquisition</str>
                  <str>Bilingualism</str>
                  <str>Cross-linguistic influence</str>
               </arr>
               <arr name="iris.instrument.secondaryInstrumentType">
                  <str>Vocabulary test &gt; Receptive</str>
               </arr>
               <arr name="iris.instrument.title">
                  <str>The subtest Woordbenoemen [Word naming] of the standardized Screeningstest voor Taal - en Leesproblemen [Diagnostic Test for Language and Literacy Problems]</str>
               </arr>
               <arr name="iris.instrument.typeOfFile">
                  <str>Sound</str>
                  <str>Still Image</str>
                  <str>Software</str>
                  <str>Text</str>
               </arr>
               <arr name="iris.participants.firstLanguage">
                  <str>Turkish</str>
                  <str>Dutch</str>
               </arr>
               <arr name="iris.participants.gender">
                  <str>mixed</str>
               </arr>
               <arr name="iris.participants.participantType">
                  <str>Second language learners</str>
                  <str>Young learners</str>
                  <str>First language learners</str>
               </arr>
               <arr name="iris.participants.targetLanguage">
                  <str>Dutch</str>
               </arr>
               <arr name="iris.referenceid">
                  <str>2015_Janssen_Segers_McQueen_Verhoeven_Lexical specificity training effects in second language learners</str>
                  <str>2014_Van Goch_McQueen_Verhoeven_Learning Phonologically Specific New Words Fosters Rhyme Awareness in Dutch Preliterate Children</str>
               </arr>
               <str name="iris.references.allauthors">Janssen, Segers, et al. (2015); </str>
               <arr name="iris.references.author">
                  <str>Janssen, Caressa</str>
                  <str>Segers, Eliane</str>
                  <str>McQueen, James</str>
                  <str>Verhoeven, Ludo</str>
                  <str>Van Goch, Merel</str>
                  <str>McQueen, James</str>
                  <str>Verhoeven, Ludo</str>
               </arr>
               <str name="iris.references.author.lastnames">janssensegersmcqueenverhoevenvan gochmcqueenverhoeven</str>
               <arr name="iris.references.author.noack">
                  <str>Janssen, Caressa</str>
                  <str>Segers, Eliane</str>
                  <str>McQueen, James</str>
                  <str>Verhoeven, Ludo</str>
               </arr>
               <arr name="iris.references.journal">
                  <str>Language Learning</str>
               </arr>
               <arr name="iris.references.publicationDate">
                  <str>2015</str>
                  <str>2014</str>
               </arr>
               <arr name="iris.references.publicationLatestDate">
                  <str>2015</str>
               </arr>
               <arr name="iris.references.publicationType">
                  <str>Journal Article</str>
                  <str>Journal Article</str>
               </arr>
               <arr name="iris2.email">
                  <str>c.janssen@pwo.ru.nl</str>
               </arr>
               <arr name="iris2.feedback.count">
                  <str>0</str>
               </arr>
               <str name="iris2.hasmaterials">Records with materials</str>
               <arr name="iris2.instrument.author">
                  <str>Verhoeven, L</str>
               </arr>
               <arr name="iris2.instrument.instrumentType">
                  <str>Vocabulary test</str>
                  <str>Receptive</str>
                  <str>Speaking test / Oral production test</str>
                  <str>Picture description</str>
               </arr>
               <str name="iris2.instrument.instrumentType.alltypes">receptive picture description </str>
               <arr name="iris2.instrument.licence">
                  <str>Attribution-NonCommercial-ShareAlike</str>
               </arr>
               <str name="iris2.instrument.primaryInstrumentType">Speaking test / Oral production test &gt; Picture description</str>
               <arr name="iris2.instrument.researchArea">
                  <str>Acquisition</str>
                  <str>Bilingualism</str>
                  <str>Cross-linguistic influence</str>
               </arr>
               <arr name="iris2.instrument.secondaryInstrumentType">
                  <str>Vocabulary test &gt; Receptive</str>
               </arr>
               <arr name="iris2.instrument.typeOfFile">
                  <str>Sound</str>
                  <str>Still Image</str>
                  <str>Software</str>
                  <str>Text</str>
               </arr>
               <arr name="iris2.participants.firstLanguage">
                  <str>Turkish</str>
                  <str>Dutch</str>
               </arr>
               <arr name="iris2.participants.gender">
                  <str>mixed</str>
               </arr>
               <arr name="iris2.participants.participantType">
                  <str>Second language learners</str>
                  <str>Young learners</str>
                  <str>First language learners</str>
               </arr>
               <arr name="iris2.participants.targetLanguage">
                  <str>Dutch</str>
               </arr>
               <arr name="iris2.referenceid">
                  <str>2015_Janssen_Segers_McQueen_Verhoeven_Lexical specificity training effects in second language learners</str>
                  <str>2014_Van Goch_McQueen_Verhoeven_Learning Phonologically Specific New Words Fosters Rhyme Awareness in Dutch Preliterate Children</str>
               </arr>
               <str name="iris2.references.allauthors">Janssen, Segers, et al. (2015); </str>
               <arr name="iris2.references.author">
                  <str>Janssen, Caressa</str>
                  <str>Segers, Eliane</str>
                  <str>McQueen, James</str>
                  <str>Verhoeven, Ludo</str>
                  <str>Van Goch, Merel</str>
                  <str>McQueen, James</str>
                  <str>Verhoeven, Ludo</str>
               </arr>
               <str name="iris2.references.author.lastnames">janssensegersmcqueenverhoevenvan gochmcqueenverhoeven</str>
               <arr name="iris2.references.journal">
                  <str>Language Learning</str>
               </arr>
               <arr name="iris2.references.publicationDate">
                  <str>2015</str>
                  <str>2014</str>
               </arr>
               <arr name="iris2.references.publicationLatestDate">
                  <str>2015</str>
               </arr>
               <arr name="iris2.references.publicationType">
                  <str>Journal Article</str>
                  <str>Journal Article</str>
               </arr>
               <arr name="oai_dc.dc_xsi:schemaLocation">
                  <str>http://www.openarchives.org/OAI/2.0/oai_dc/ http://www.openarchives.org/OAI/2.0/oai_dc.xsd</str>
                  <str>http://www.openarchives.org/OAI/2.0/oai_dc/ http://www.openarchives.org/OAI/2.0/oai_dc.xsd</str>
                  <str>http://www.openarchives.org/OAI/2.0/oai_dc/ http://www.openarchives.org/OAI/2.0/oai_dc.xsd</str>
                  <str>http://www.openarchives.org/OAI/2.0/oai_dc/ http://www.openarchives.org/OAI/2.0/oai_dc.xsd</str>
                  <str>http://www.openarchives.org/OAI/2.0/oai_dc/ http://www.openarchives.org/OAI/2.0/oai_dc.xsd</str>
               </arr>
            </doc>
         </result>
      </response>
   </solr>
   <files>
      <file id="INSTRUMENT" mime="application/zip" url="http://www.iris-database.org/iris/api/resource/york:851710/asset/INSTRUMENT?download=true"/>
   </files>
</record>
