<?xml version="1.0" encoding="ISO-8859-1"?>

<record pid="york:818862">
   <solr>
      <response>
         <lst name="responseHeader">
            <int name="status">0</int>
            <int name="QTime">789</int>
            <lst name="params">
               <str name="q">PID:york?818862</str>
            </lst>
         </lst>
         <result name="response" numfound="1" start="0">
            <doc>
               <str name="PID">york:818862</str>
               <arr name="dc.creator">
                  <str>Setyaningsih, Yudi</str>
               </arr>
               <arr name="dc.date">
                  <str>1990</str>
                  <str>2012</str>
                  <str>1987</str>
               </arr>
               <arr name="dc.subject">
                  <str>Teacher education</str>
               </arr>
               <arr name="dc.type">
                  <str>Instructional material / Intervention activities / Teaching activities</str>
                  <str>Communicative task</str>
                  <str>Communicative task</str>
                  <str>Information exchange tasks</str>
                  <str>Information gap tasks (e.g. spot difference, map task)</str>
                  <str>http://www.iris-database.org/Instruments</str>
               </arr>
               <arr name="dc2.creator">
                  <str>Setyaningsih, Yudi</str>
               </arr>
               <arr name="dc2.date">
                  <str>1990</str>
                  <str>2012</str>
                  <str>1987</str>
               </arr>
               <arr name="dc2.subject">
                  <str>Teacher education</str>
               </arr>
               <arr name="dc2.type">
                  <str>Instructional material / Intervention activities / Teaching activities</str>
                  <str>Communicative task</str>
                  <str>Communicative task</str>
                  <str>Information exchange tasks</str>
                  <str>Information gap tasks (e.g. spot difference, map task)</str>
                  <str>http://www.iris-database.org/Instruments</str>
               </arr>
               <arr name="dc3.creator">
                  <str>Setyaningsih, Yudi</str>
               </arr>
               <arr name="dc3.subject">
                  <str>Teacher education</str>
               </arr>
               <date name="fgs.createdDate">2013-11-24T08:58:49.289Z</date>
               <date name="fgs.dateCreated.sort">2013-11-24T08:58:49.289Z</date>
               <str name="fgs.label">IRIS Instrument created by YODL workflow.</str>
               <date name="fgs.lastModifiedDate">2015-12-02T01:38:54.833Z</date>
               <str name="fgs.ownerId">iris-580a9f0f-ed9e-4f5f-be7e-877243bddfd0</str>
               <str name="fgs.state">Active</str>
               <arr name="iris.email">
                  <str>ninoyudi2000@gmail.com</str>
               </arr>
               <arr name="iris.feedback.count">
                  <str>0</str>
               </arr>
               <str name="iris.hasmaterials">Records with materials</str>
               <arr name="iris.instrument.author">
                  <str>Setyaningsih, Yudi</str>
               </arr>
               <arr name="iris.instrument.instrumentType">
                  <str>Instructional / Intervention / Teaching / Training materials</str>
                  <str>Communicative / Interactive task</str>
                  <str>Communicative / Interactive task</str>
                  <str>Other communicative / interactive task</str>
                  <str>Communicative / Interactive task</str>
                  <str>Information exchange</str>
                  <str>Communicative / Interactive task</str>
                  <str>Information gap</str>
               </arr>
               <str name="iris.instrument.instrumentType.alltypes">instructional / intervention / teaching / training materials communicative / interactive task other communicative / interactive task information exchange information gap </str>
               <arr name="iris.instrument.licence">
                  <str>Attribution-NonCommercial-ShareAlike</str>
               </arr>
               <str name="iris.instrument.primaryInstrumentType">Instructional / Intervention / Teaching / Training materials</str>
               <arr name="iris.instrument.researchArea">
                  <str>Teacher education</str>
               </arr>
               <arr name="iris.instrument.secondaryInstrumentType">
                  <str>Communicative / Interactive task</str>
                  <str>Communicative / Interactive task &gt; Other communicative / interactive task</str>
                  <str>Communicative / Interactive task &gt; Information exchange</str>
                  <str>Communicative / Interactive task &gt; Information gap</str>
               </arr>
               <arr name="iris.instrument.typeOfFile">
                  <str>Text</str>
               </arr>
               <arr name="iris.participants.participantType">
                  <str>Foreign language learners</str>
               </arr>
               <arr name="iris.referenceid">
                  <str>1990_Beech_Thank You for Flying with Us</str>
                  <str>2012_Setyaningsih_Developing English Communicative Syllabus for Pre-service Flight Attendant Training</str>
                  <str>1987_Yalden_The Communicative Syllabus: Evolution, design, and implementation</str>
               </arr>
               <str name="iris.references.allauthors">Beech (1990); Setyaningsih (2009); </str>
               <arr name="iris.references.author">
                  <str>Beech, John</str>
                  <str>Setyaningsih, Yudi</str>
                  <str>Yalden, Janice</str>
               </arr>
               <str name="iris.references.author.lastnames">beechsetyaningsihyalden</str>
               <arr name="iris.references.author.noack">
                  <str>Beech, John</str>
                  <str>Setyaningsih, Yudi</str>
               </arr>
               <arr name="iris.references.placeOfPublication">
                  <str>Hertfordshire</str>
                  <str>Oxford</str>
               </arr>
               <arr name="iris.references.publicationDate">
                  <str>1990</str>
                  <str>1987</str>
                  <str>2009</str>
               </arr>
               <arr name="iris.references.publicationLatestDate">
                  <str>2009</str>
               </arr>
               <arr name="iris.references.publicationType">
                  <str>Book</str>
                  <str>Thesis</str>
                  <str>Book</str>
               </arr>
               <arr name="iris.references.publisher">
                  <str>Prentice Hall International (UK) Ltd</str>
                  <str>Pergamon</str>
               </arr>
               <arr name="iris2.email">
                  <str>ninoyudi2000@gmail.com</str>
               </arr>
               <arr name="iris2.feedback.count">
                  <str>0</str>
               </arr>
               <str name="iris2.hasmaterials">Records with materials</str>
               <arr name="iris2.instrument.author">
                  <str>Setyaningsih, Yudi</str>
               </arr>
               <arr name="iris2.instrument.instrumentType">
                  <str>Instructional / Intervention / Teaching / Training materials</str>
                  <str>Communicative / Interactive task</str>
                  <str>Communicative / Interactive task</str>
                  <str>Other communicative / interactive task</str>
                  <str>Communicative / Interactive task</str>
                  <str>Information exchange</str>
                  <str>Communicative / Interactive task</str>
                  <str>Information gap</str>
               </arr>
               <str name="iris2.instrument.instrumentType.alltypes">instructional / intervention / teaching / training materials communicative / interactive task other communicative / interactive task information exchange information gap </str>
               <arr name="iris2.instrument.licence">
                  <str>Attribution-NonCommercial-ShareAlike</str>
               </arr>
               <str name="iris2.instrument.primaryInstrumentType">Instructional / Intervention / Teaching / Training materials</str>
               <arr name="iris2.instrument.researchArea">
                  <str>Teacher education</str>
               </arr>
               <arr name="iris2.instrument.secondaryInstrumentType">
                  <str>Communicative / Interactive task</str>
                  <str>Communicative / Interactive task &gt; Other communicative / interactive task</str>
                  <str>Communicative / Interactive task &gt; Information exchange</str>
                  <str>Communicative / Interactive task &gt; Information gap</str>
               </arr>
               <arr name="iris2.instrument.typeOfFile">
                  <str>Text</str>
               </arr>
               <arr name="iris2.participants.participantType">
                  <str>Foreign language learners</str>
               </arr>
               <arr name="iris2.referenceid">
                  <str>1990_Beech_Thank You for Flying with Us</str>
                  <str>2012_Setyaningsih_Developing English Communicative Syllabus for Pre-service Flight Attendant Training</str>
                  <str>1987_Yalden_The Communicative Syllabus: Evolution, design, and implementation</str>
               </arr>
               <str name="iris2.references.allauthors">Beech (1990); Setyaningsih (2009); </str>
               <arr name="iris2.references.author">
                  <str>Beech, John</str>
                  <str>Setyaningsih, Yudi</str>
                  <str>Yalden, Janice</str>
               </arr>
               <str name="iris2.references.author.lastnames">beechsetyaningsihyalden</str>
               <arr name="iris2.references.placeOfPublication">
                  <str>Hertfordshire</str>
                  <str>Oxford</str>
               </arr>
               <arr name="iris2.references.publicationDate">
                  <str>1990</str>
                  <str>1987</str>
                  <str>2009</str>
               </arr>
               <arr name="iris2.references.publicationLatestDate">
                  <str>2009</str>
               </arr>
               <arr name="iris2.references.publicationType">
                  <str>Book</str>
                  <str>Thesis</str>
                  <str>Book</str>
               </arr>
               <arr name="iris2.references.publisher">
                  <str>Prentice Hall International (UK) Ltd</str>
                  <str>Pergamon</str>
               </arr>
               <arr name="oai_dc.dc_xsi:schemaLocation">
                  <str>http://www.openarchives.org/OAI/2.0/oai_dc/ http://www.openarchives.org/OAI/2.0/oai_dc.xsd</str>
               </arr>
            </doc>
         </result>
      </response>
   </solr>
   <files>
      <file id="INSTRUMENT" mime="application/pdf" url="http://www.iris-database.org/iris/api/resource/york:818862/asset/INSTRUMENT?download=true"/>
   </files>
</record>
